movie_id,genre
19995,Science Fiction
19995,Adventure
19995,Fantasy
19995,Action
285,Adventure
285,Fantasy
285,Action
206647,Adventure
206647,Action
206647,Crime
49026,Thriller
49026,Action
49026,Crime
49026,Drama
49529,Science Fiction
49529,Adventure
49529,Action
559,Adventure
559,Fantasy
559,Action
38757,Animation
38757,Family
99861,Science Fiction
99861,Adventure
99861,Action
767,Adventure
767,Fantasy
767,Family
209112,Adventure
209112,Fantasy
209112,Action
1452,Science Fiction
1452,Adventure
1452,Fantasy
1452,Action
10764,Adventure
10764,Thriller
10764,Action
10764,Crime
58,Adventure
58,Fantasy
58,Action
57201,Adventure
57201,Western
57201,Action
49521,Science Fiction
49521,Adventure
49521,Fantasy
49521,Action
2454,Adventure
2454,Fantasy
2454,Family
24428,Science Fiction
24428,Adventure
24428,Action
1865,Adventure
1865,Fantasy
1865,Action
41154,Science Fiction
41154,Action
41154,Comedy
122917,Adventure
122917,Fantasy
122917,Action
1930,Adventure
1930,Fantasy
1930,Action
20662,Adventure
20662,Action
57158,Adventure
57158,Fantasy
2268,Adventure
2268,Fantasy
254,Adventure
254,Action
254,Drama
597,Thriller
597,Romance
597,Drama
271110,Science Fiction
271110,Adventure
271110,Action
44833,Science Fiction
44833,Adventure
44833,Thriller
44833,Action
135397,Science Fiction
135397,Adventure
135397,Thriller
135397,Action
37724,Adventure
37724,Thriller
37724,Action
558,Adventure
558,Fantasy
558,Action
68721,Science Fiction
68721,Adventure
68721,Action
12155,Adventure
12155,Fantasy
12155,Family
36668,Science Fiction
36668,Adventure
36668,Thriller
36668,Action
62211,Animation
62211,Family
8373,Science Fiction
8373,Adventure
8373,Action
91314,Science Fiction
91314,Adventure
91314,Action
68728,Adventure
68728,Fantasy
68728,Family
102382,Adventure
102382,Fantasy
102382,Action
20526,Science Fiction
20526,Adventure
20526,Action
49013,Adventure
49013,Animation
49013,Comedy
49013,Family
44912,Science Fiction
44912,Adventure
44912,Thriller
44912,Action
10193,Animation
10193,Comedy
10193,Family
534,Science Fiction
534,Thriller
534,Action
168259,Action
72190,Science Fiction
72190,Thriller
72190,Action
72190,Horror
72190,Drama
127585,Science Fiction
127585,Adventure
127585,Fantasy
127585,Action
54138,Science Fiction
54138,Adventure
54138,Action
81005,Fantasy
81005,Action
81005,Family
64682,Romance
64682,Drama
9543,Adventure
9543,Fantasy
9543,Romance
9543,Action
68726,Science Fiction
68726,Adventure
68726,Action
38356,Science Fiction
38356,Adventure
38356,Action
217,Adventure
217,Action
105864,Adventure
105864,Animation
105864,Family
62177,Adventure
62177,Animation
62177,Action
62177,Comedy
62177,Family
188927,Science Fiction
188927,Adventure
188927,Action
10681,Animation
10681,Family
5174,Thriller
5174,Action
5174,Comedy
5174,Crime
14161,Science Fiction
14161,Adventure
14161,Action
17979,Animation
17979,Drama
76757,Science Fiction
76757,Adventure
76757,Fantasy
76757,Action
258489,Adventure
258489,Action
411,Adventure
411,Fantasy
411,Family
246655,Science Fiction
155,Thriller
155,Action
155,Crime
155,Drama
14160,Adventure
14160,Animation
14160,Comedy
14160,Family
15512,Science Fiction
15512,Adventure
15512,Animation
15512,Family
1726,Science Fiction
1726,Adventure
1726,Action
44826,Adventure
44826,Family
44826,Drama
8487,Science Fiction
8487,Adventure
8487,Western
8487,Action
8487,Comedy
1735,Adventure
1735,Fantasy
1735,Action
297761,Science Fiction
297761,Adventure
297761,Fantasy
297761,Action
297761,Crime
2698,Fantasy
2698,Comedy
2698,Family
137113,Science Fiction
137113,Action
9804,Adventure
9804,Action
14869,Science Fiction
14869,Adventure
14869,Thriller
14869,Action
150540,Animation
150540,Comedy
150540,Family
150540,Drama
278927,Adventure
278927,Fantasy
278927,Family
278927,Drama
10138,Science Fiction
10138,Adventure
10138,Action
58595,Adventure
58595,Fantasy
58595,Drama
102651,Adventure
102651,Fantasy
102651,Romance
102651,Action
102651,Family
119450,Science Fiction
119450,Thriller
119450,Action
119450,Drama
79698,Science Fiction
79698,Adventure
79698,Romance
79698,Action
64686,Adventure
64686,Fantasy
64686,Action
64686,Drama
100402,Science Fiction
100402,Adventure
100402,Action
10192,Adventure
10192,Animation
10192,Fantasy
10192,Comedy
10192,Family
158852,Science Fiction
158852,Adventure
158852,Mystery
158852,Family
177572,Adventure
177572,Animation
177572,Action
177572,Comedy
177572,Family
82690,Adventure
82690,Animation
82690,Comedy
82690,Family
5255,Adventure
5255,Animation
5255,Fantasy
5255,Family
47933,Science Fiction
47933,Adventure
47933,Action
10191,Adventure
10191,Animation
10191,Fantasy
10191,Family
296,Science Fiction
296,Thriller
296,Action
118340,Science Fiction
118340,Adventure
118340,Action
157336,Science Fiction
157336,Adventure
157336,Drama
27205,Science Fiction
27205,Adventure
27205,Thriller
27205,Mystery
27205,Action
315011,Science Fiction
315011,Adventure
315011,Action
315011,Horror
315011,Drama
49051,Adventure
49051,Fantasy
49051,Action
9799,Thriller
9799,Action
9799,Crime
4922,Thriller
4922,Fantasy
4922,Mystery
4922,Romance
4922,Drama
49538,Science Fiction
49538,Adventure
49538,Action
131634,Science Fiction
131634,Adventure
131634,Action
27022,Adventure
27022,Fantasy
27022,Action
27022,Comedy
27022,Drama
503,Adventure
503,Thriller
503,Action
503,Drama
241259,Fantasy
810,Adventure
810,Animation
810,Fantasy
810,Comedy
810,Family
68735,Adventure
68735,Fantasy
68735,Action
87101,Science Fiction
87101,Adventure
87101,Thriller
87101,Action
10140,Adventure
10140,Fantasy
10140,Family
676,History
676,Romance
676,War
1858,Science Fiction
1858,Adventure
1858,Action
1966,Adventure
1966,History
1966,Action
1966,Drama
1966,War
675,Adventure
675,Fantasy
675,Mystery
675,Family
674,Adventure
674,Fantasy
674,Family
8960,Fantasy
8960,Action
6479,Science Fiction
6479,Thriller
6479,Action
6479,Horror
6479,Drama
118,Adventure
118,Fantasy
118,Comedy
118,Family
2062,Animation
2062,Fantasy
2062,Comedy
2062,Family
272,Action
272,Crime
272,Drama
10527,Animation
10527,Family
18360,Adventure
18360,Fantasy
18360,Action
18360,Comedy
18360,Family
2080,Science Fiction
2080,Adventure
2080,Thriller
2080,Action
605,Science Fiction
605,Adventure
605,Thriller
605,Action
109445,Adventure
109445,Animation
109445,Family
604,Science Fiction
604,Adventure
604,Thriller
604,Action
76338,Adventure
76338,Fantasy
76338,Action
76341,Science Fiction
76341,Adventure
76341,Thriller
76341,Action
13448,Thriller
13448,Mystery
10195,Adventure
10195,Fantasy
10195,Action
13053,Adventure
13053,Animation
13053,Comedy
13053,Family
19585,Adventure
19585,Fantasy
19585,Action
19585,Comedy
19585,Family
57165,Adventure
62213,Fantasy
62213,Comedy
177677,Adventure
177677,Thriller
177677,Action
7978,Thriller
7978,Horror
7978,Drama
5559,Adventure
5559,Animation
5559,Comedy
5559,Family
49444,Animation
49444,Family
10196,Adventure
10196,Fantasy
10196,Action
10196,Family
956,Adventure
956,Thriller
956,Action
117251,Thriller
117251,Action
117251,Drama
50321,Adventure
50321,Animation
50321,Family
11619,Adventure
11619,Animation
11619,Comedy
11619,Family
266647,Adventure
266647,Fantasy
266647,Family
82703,Adventure
82703,Animation
82703,Family
652,Adventure
652,Drama
652,War
80321,Animation
80321,Family
36669,Adventure
36669,Thriller
36669,Action
43074,Fantasy
43074,Action
43074,Comedy
95,Science Fiction
95,Adventure
95,Thriller
95,Action
608,Science Fiction
608,Adventure
608,Action
608,Comedy
2310,Adventure
2310,Animation
2310,Action
140300,Adventure
140300,Animation
140300,Action
140300,Comedy
140300,Family
56292,Adventure
56292,Thriller
56292,Action
81188,Animation
81188,Fantasy
81188,Family
7552,Comedy
616,History
616,Action
616,Drama
616,War
147441,Adventure
147441,Action
147441,Drama
13475,Science Fiction
13475,Adventure
13475,Action
557,Fantasy
557,Action
82702,Adventure
82702,Animation
82702,Fantasy
82702,Action
82702,Comedy
205584,Fantasy
10048,Action
13183,Science Fiction
13183,Mystery
13183,Action
944,Adventure
944,Thriller
944,Action
944,Comedy
944,Crime
1927,Science Fiction
1927,Action
1927,Drama
72559,Science Fiction
72559,Adventure
72559,Thriller
72559,Action
7364,Adventure
7364,Mystery
7364,Action
7364,Comedy
7364,Drama
2114,Science Fiction
2114,Adventure
2114,Animation
2114,Fantasy
2114,Action
1771,Science Fiction
1771,Adventure
1771,Action
36643,Adventure
36643,Thriller
36643,Action
8619,Adventure
50620,Adventure
50620,Fantasy
50620,Romance
50620,Drama
65759,Animation
65759,Comedy
65759,Family
1724,Science Fiction
1724,Adventure
1724,Action
267935,Adventure
267935,Fantasy
267935,Family
281957,Adventure
281957,Thriller
281957,Western
281957,Drama
77950,Animation
77950,Family
44896,Adventure
44896,Animation
44896,Western
44896,Comedy
44896,Family
270946,Adventure
270946,Animation
270946,Comedy
270946,Family
2503,Thriller
2503,Mystery
2503,Action
2503,Drama
9502,Adventure
9502,Animation
9502,Comedy
9502,Family
102899,Science Fiction
102899,Adventure
102899,Action
101299,Science Fiction
101299,Adventure
101299,Action
228161,Science Fiction
228161,Animation
228161,Fantasy
228161,Comedy
228161,Family
74,Science Fiction
74,Adventure
74,Thriller
8961,Adventure
8961,Thriller
8961,Action
8961,Comedy
8961,Crime
417859,Adventure
417859,Animation
417859,Fantasy
417859,Action
417859,Family
27576,Thriller
27576,Mystery
27576,Action
86834,Adventure
86834,Drama
17578,Adventure
17578,Animation
17578,Mystery
673,Adventure
673,Fantasy
673,Family
6972,Drama
82700,Science Fiction
82700,Adventure
82700,Action
10567,Animation
10567,Family
181533,Adventure
181533,Fantasy
181533,Comedy
181533,Family
38055,Science Fiction
38055,Animation
38055,Action
38055,Comedy
38055,Family
671,Adventure
671,Fantasy
671,Family
49524,Fantasy
49524,Action
49524,Comedy
49524,Crime
22,Adventure
22,Fantasy
22,Action
131631,Science Fiction
131631,Adventure
131631,Thriller
591,Thriller
591,Mystery
172385,Adventure
172385,Animation
172385,Comedy
172385,Family
36658,Science Fiction
36658,Adventure
36658,Thriller
36658,Action
51497,Thriller
51497,Action
51497,Crime
58574,Adventure
58574,Mystery
58574,Action
58574,Crime
18823,Adventure
18823,Fantasy
18823,Action
861,Science Fiction
861,Adventure
861,Action
1911,Adventure
1911,Fantasy
1911,Action
49040,Thriller
49040,Action
415,Fantasy
415,Action
415,Crime
8871,Fantasy
8871,Comedy
8871,Family
435,Science Fiction
435,Adventure
435,Thriller
435,Action
955,Adventure
955,Thriller
955,Action
2133,Drama
1979,Adventure
1979,Thriller
1979,Fantasy
1979,Action
87827,Adventure
87827,Action
87827,Drama
1250,Thriller
1250,Fantasy
1250,Action
1250,Horror
324668,Thriller
324668,Action
9471,Adventure
9471,Action
9471,Comedy
70981,Science Fiction
70981,Adventure
70981,Mystery
10996,Adventure
10996,Animation
10996,Comedy
10996,Family
68724,Science Fiction
68724,Thriller
68724,Action
68724,Drama
2789,Science Fiction
2789,Action
97020,Science Fiction
97020,Action
7459,Science Fiction
7459,Action
7459,Family
42888,Romance
42888,Comedy
42888,Drama
37834,Action
37834,Comedy
75612,Science Fiction
75612,Adventure
75612,Mystery
75612,Action
1895,Science Fiction
1895,Adventure
1895,Action
1894,Science Fiction
1894,Adventure
1894,Action
585,Animation
585,Comedy
585,Family
76170,Science Fiction
76170,Adventure
76170,Fantasy
76170,Action
1893,Science Fiction
1893,Adventure
1893,Action
49519,Adventure
49519,Animation
49519,Fantasy
49519,Comedy
49519,Family
2395,Adventure
2395,Fantasy
2395,Comedy
2395,Family
12100,History
12100,Action
12100,Drama
12100,War
290595,Adventure
290595,Action
290595,Drama
98566,Science Fiction
98566,Adventure
98566,Fantasy
98566,Action
98566,Comedy
49047,Science Fiction
49047,Thriller
49047,Drama
9619,Adventure
9619,Thriller
9619,Action
308531,Adventure
308531,Fantasy
308531,Action
308531,Comedy
166424,Science Fiction
166424,Adventure
166424,Action
1593,Adventure
1593,Fantasy
1593,Action
1593,Comedy
1593,Family
254128,Thriller
254128,Action
254128,Drama
714,Adventure
714,Thriller
714,Action
2024,History
2024,Action
2024,Drama
2024,War
163,Thriller
163,Crime
787,Thriller
787,Action
787,Comedy
787,Drama
262500,Science Fiction
262500,Adventure
262500,Thriller
2567,Drama
38745,Comedy
40805,Action
40805,Comedy
40805,Crime
53182,Action
53182,War
41513,Adventure
41513,Animation
41513,Fantasy
41513,Comedy
41513,Family
13700,Animation
13700,Family
262504,Science Fiction
262504,Adventure
39254,Science Fiction
39254,Action
39254,Drama
77931,Animation
77931,Fantasy
77931,Comedy
77931,Family
1639,Adventure
1639,Thriller
1639,Action
80274,Science Fiction
80274,Adventure
80274,Action
1571,Thriller
1571,Action
120,Adventure
120,Fantasy
120,Action
10204,Adventure
10204,Action
10204,Comedy
8489,Drama
10588,Fantasy
10588,Comedy
10588,Family
2048,Science Fiction
2048,Action
1495,Adventure
1495,History
1495,Action
1495,Drama
1495,War
10137,Animation
10137,Fantasy
10137,Comedy
10137,Family
10198,Animation
10198,Romance
10198,Family
10198,Music
286217,Science Fiction
286217,Adventure
286217,Drama
1635,Science Fiction
1635,Adventure
1635,Thriller
1635,Action
24113,Romance
24113,Comedy
9679,Thriller
9679,Action
9679,Crime
98,Adventure
98,Action
98,Drama
180,Science Fiction
180,Thriller
180,Mystery
180,Action
672,Adventure
672,Fantasy
672,Family
36557,Adventure
36557,Thriller
36557,Action
869,Science Fiction
869,Adventure
869,Thriller
869,Action
280,Science Fiction
280,Thriller
280,Action
11322,History
11322,Crime
11322,Drama
4982,Crime
4982,Drama
36955,Thriller
36955,Action
18487,Thriller
18487,Crime
18487,Drama
39451,Romance
39451,Comedy
27581,Action
27581,Comedy
27581,Crime
9268,Thriller
9268,Mystery
9268,Action
9268,Drama
68718,Western
68718,Drama
10545,Animation
10545,Family
10545,Drama
11688,Adventure
11688,Animation
11688,Fantasy
11688,Comedy
11688,Family
76163,Adventure
76163,Thriller
76163,Action
2059,Adventure
2059,Thriller
2059,Mystery
2059,Action
2486,Adventure
2486,Fantasy
2486,Action
2486,Family
16523,Fantasy
16523,Family
116711,Adventure
116711,Animation
116711,Fantasy
116711,Family
37710,Thriller
37710,Romance
37710,Action
9946,Fantasy
9946,Mystery
9946,Action
9946,Horror
1372,Thriller
1372,Action
1372,Drama
106646,Comedy
106646,Crime
106646,Drama
414,Fantasy
414,Action
414,Crime
563,Science Fiction
563,Adventure
563,Thriller
563,Action
83542,Science Fiction
83542,Drama
41216,Adventure
41216,Animation
41216,Fantasy
41216,Family
314,Action
314,Crime
184315,Adventure
184315,Action
9016,Science Fiction
9016,Adventure
9016,Animation
9016,Fantasy
9016,Family
18162,Science Fiction
18162,Adventure
18162,Comedy
138103,Adventure
138103,Thriller
138103,Action
257088,Thriller
257088,Action
257088,Crime
10214,Adventure
10214,Fantasy
10214,Comedy
10214,Family
205775,Adventure
205775,Thriller
205775,History
205775,Action
205775,Drama
11692,Science Fiction
11692,Action
11692,Comedy
22972,Adventure
22972,Thriller
22972,Action
22972,Drama
22972,War
227973,Animation
29193,Thriller
29193,Mystery
29193,Crime
29193,Drama
1734,Adventure
1734,Fantasy
1734,Action
3131,History
3131,Crime
3131,Drama
76758,History
76758,Drama
76758,War
9408,Animation
9408,Comedy
9408,Family
9890,Science Fiction
9890,Action
9890,Comedy
855,History
855,Action
855,War
77953,Comedy
18,Science Fiction
18,Adventure
18,Thriller
18,Fantasy
18,Action
37786,Romance
37786,Comedy
37786,Drama
10501,Adventure
10501,Animation
10501,Comedy
10501,Family
57800,Adventure
57800,Animation
57800,Comedy
57800,Family
150689,Fantasy
150689,Romance
150689,Family
150689,Drama
7980,Fantasy
7980,Drama
12,Animation
12,Family
122,Adventure
122,Fantasy
122,Action
121,Adventure
121,Fantasy
121,Action
68737,Adventure
68737,Fantasy
1995,Adventure
1995,Thriller
1995,Fantasy
1995,Action
157353,Science Fiction
157353,Thriller
157353,Mystery
157353,Drama
331,Science Fiction
331,Adventure
331,Thriller
331,Action
61791,Science Fiction
61791,Thriller
61791,Action
61791,Drama
8204,Adventure
8204,Fantasy
8204,Family
47964,Thriller
47964,Action
10733,History
10733,Western
10733,War
9806,Adventure
9806,Animation
9806,Action
9806,Family
1408,Adventure
1408,Action
32657,Adventure
32657,Fantasy
32657,Family
607,Science Fiction
607,Adventure
607,Action
607,Comedy
863,Animation
863,Comedy
863,Family
44048,Thriller
44048,Action
5175,Thriller
5175,Action
5175,Comedy
5175,Crime
2655,Thriller
2655,Mystery
2655,Horror
2655,Drama
22794,Animation
22794,Comedy
22794,Family
8355,Adventure
8355,Animation
8355,Comedy
8355,Family
116745,Adventure
116745,Fantasy
116745,Comedy
116745,Drama
4327,Adventure
4327,Thriller
4327,Action
4327,Comedy
4327,Crime
1422,Thriller
1422,Crime
1422,Drama
10674,Adventure
10674,Animation
10674,Family
7446,Action
7446,Comedy
65754,Thriller
65754,Mystery
65754,Crime
65754,Drama
1572,Thriller
1572,Action
10528,Adventure
10528,Mystery
10528,Action
10528,Crime
271969,Drama
10865,Science Fiction
10865,Adventure
10865,Animation
10865,Family
258509,Adventure
258509,Animation
258509,Comedy
258509,Family
2253,Thriller
2253,History
2253,Drama
2253,War
10661,Action
10661,Comedy
257344,Science Fiction
257344,Action
257344,Comedy
644,Science Fiction
644,Adventure
644,Drama
10756,Thriller
10756,Fantasy
10756,Mystery
10756,Comedy
10756,Family
686,Science Fiction
686,Mystery
686,Drama
9383,Science Fiction
9383,Thriller
9383,Action
179,Thriller
179,Crime
76285,Adventure
76285,Fantasy
76285,Family
1996,Adventure
1996,Thriller
1996,Fantasy
1996,Action
291805,Adventure
291805,Mystery
291805,Action
291805,Comedy
291805,Crime
10003,Science Fiction
10003,Adventure
10003,Thriller
10003,Romance
10003,Action
1535,Thriller
1535,Action
1535,Crime
2067,Science Fiction
46195,Adventure
46195,Animation
46195,Comedy
46195,Family
2277,Science Fiction
2277,Comedy
10357,Science Fiction
10357,Thriller
10357,Action
10357,Drama
4477,Thriller
4477,Crime
4477,Drama
8665,Thriller
8665,History
8665,Drama
9387,Adventure
9387,Fantasy
9387,Action
921,History
921,Romance
921,Drama
49852,Fantasy
49852,Action
49852,Family
4464,History
4464,Drama
664,Adventure
664,Action
664,Drama
8358,Adventure
8358,Drama
9836,Animation
9836,Comedy
2502,Thriller
2502,Action
2502,Drama
9772,Thriller
9772,Action
161,Thriller
161,Crime
52451,Adventure
52451,Thriller
52451,Action
76492,Animation
76492,Fantasy
76492,Comedy
76492,Family
4523,Fantasy
4523,Romance
4523,Comedy
4523,Family
59961,Thriller
59961,Action
10481,Comedy
10481,Family
59108,Action
59108,Comedy
1581,Romance
1581,Comedy
9798,Thriller
9798,Action
9798,Drama
22897,Romance
22897,Comedy
298,Thriller
298,Crime
7484,Adventure
7484,Animation
7484,Family
157350,Science Fiction
157350,Adventure
157350,Action
853,War
10159,Adventure
10159,Thriller
10159,Action
10159,Comedy
9593,Adventure
9593,Fantasy
9593,Action
9593,Comedy
9593,Family
1904,History
1904,Romance
1904,Drama
9615,Thriller
9615,Action
9615,Crime
9615,Drama
51052,Animation
51052,Comedy
51052,Family
51052,Drama
297,Fantasy
297,Mystery
297,Drama
9884,Thriller
9884,Action
9884,Drama
16858,Drama
16858,Music
62764,Science Fiction
62764,Adventure
62764,Fantasy
62764,Comedy
62764,Drama
22538,Adventure
22538,Action
22538,Comedy
9341,Science Fiction
9341,Adventure
9341,Thriller
9341,Action
12107,Science Fiction
12107,Fantasy
12107,Romance
12107,Comedy
9637,Adventure
9637,Mystery
9637,Comedy
49049,Science Fiction
49049,Action
9339,Fantasy
9339,Romance
9339,Comedy
9339,Drama
16281,Fantasy
16281,Comedy
16281,Horror
39691,Comedy
39691,Family
8247,Science Fiction
8247,Adventure
8247,Fantasy
11253,Science Fiction
11253,Adventure
11253,Fantasy
1949,Thriller
1949,Mystery
1949,Crime
1949,Drama
8452,Science Fiction
310,Fantasy
310,Comedy
27578,Adventure
27578,Thriller
27578,Action
954,Adventure
954,Thriller
954,Action
70160,Science Fiction
70160,Adventure
70160,Fantasy
45243,Comedy
364,Fantasy
364,Action
7518,Animation
7518,Comedy
7518,Family
11544,Animation
11544,Family
9986,Fantasy
9986,Comedy
9986,Family
8656,Romance
8656,Action
8656,Drama
146216,Thriller
146216,Action
146216,Comedy
146216,Crime
9291,Comedy
9291,Drama
55301,Animation
55301,Fantasy
55301,Comedy
55301,Family
55301,Music
109418,Comedy
11665,Thriller
11665,Action
11665,Comedy
6964,Romance
6964,Comedy
6964,Drama
11324,Thriller
11324,Mystery
11324,Drama
12193,Romance
12193,Comedy
12193,Drama
9928,Science Fiction
9928,Animation
9928,Comedy
9928,Family
754,Science Fiction
754,Thriller
754,Action
754,Crime
10202,Fantasy
10202,Romance
10202,Comedy
10202,Family
4147,Thriller
4147,Crime
4147,Drama
50546,Romance
50546,Comedy
1701,Thriller
1701,Action
1701,Crime
13027,Thriller
13027,Mystery
13027,Action
2289,Drama
20504,Science Fiction
20504,Thriller
20504,Action
9574,Science Fiction
9574,Comedy
9574,Family
11618,Thriller
11618,Fantasy
11618,Mystery
11618,Horror
2300,Animation
2300,Fantasy
2300,Comedy
2300,Family
2300,Drama
12096,Mystery
12096,Action
12096,Comedy
12096,Family
12096,Crime
10200,Science Fiction
10200,Thriller
10200,Drama
8834,Thriller
8834,Mystery
8834,Action
8834,Drama
228150,Action
228150,Drama
228150,War
6068,Adventure
6068,Romance
6068,Action
6068,Comedy
41515,Adventure
41515,Animation
41515,Comedy
41515,Family
9023,Adventure
9023,Animation
9023,Western
9023,Comedy
9023,Family
38317,Romance
38317,Comedy
38317,Family
2157,Science Fiction
2157,Adventure
2157,Family
14462,Thriller
14462,Mystery
14462,Drama
161795,Romance
161795,Drama
159824,Animation
159824,Comedy
159824,Family
49948,Animation
49948,Family
49948,Music
2135,Science Fiction
2135,Adventure
2135,Action
9822,Adventure
9822,Fantasy
9822,Action
9822,Family
9705,Thriller
9705,Action
9705,Crime
1656,Adventure
1656,Action
12159,Fantasy
12159,Romance
12159,Drama
9678,Fantasy
9678,Romance
9678,Comedy
4442,Adventure
4442,Thriller
4442,Fantasy
4442,Action
4442,Comedy
75,Science Fiction
75,Fantasy
75,Comedy
330770,Mystery
330770,Horror
330770,Drama
9433,Adventure
9433,Action
9433,Drama
19959,Science Fiction
19959,Thriller
19959,Action
11973,Thriller
11973,Drama
11228,Adventure
11228,Thriller
11228,Action
77951,Adventure
77951,Animation
77951,Family
5491,Science Fiction
5491,Action
5491,War
10715,Animation
10715,Comedy
10715,Family
10197,Romance
10197,Drama
10197,Music
9562,Science Fiction
9562,Adventure
9562,Action
9922,Adventure
9922,Drama
9447,Adventure
9447,Fantasy
9447,Comedy
9447,Family
9447,Drama
274854,Adventure
274854,Fantasy
274854,Action
8870,Science Fiction
8870,Thriller
8870,Action
9992,Adventure
9992,Animation
9992,Fantasy
9992,Family
36970,Documentary
36970,Family
10077,Science Fiction
10077,Adventure
10077,Thriller
10077,Action
76649,Adventure
76649,History
76649,Romance
76649,Action
76649,Drama
293644,Animation
293644,Comedy
453,Romance
453,Drama
8587,Animation
8587,Family
8587,Drama
72545,Science Fiction
72545,Adventure
72545,Action
109451,Animation
109451,Comedy
109451,Family
9533,Thriller
9533,Horror
9533,Crime
2023,Adventure
2023,Western
71880,Comedy
584,Thriller
584,Action
584,Crime
309809,Adventure
309809,Animation
309809,Fantasy
4858,Science Fiction
4858,Thriller
17711,Adventure
17711,Animation
17711,Action
17711,Comedy
17711,Family
328111,Animation
328111,Family
8698,Science Fiction
8698,Thriller
8698,Fantasy
8698,Action
93456,Animation
93456,Comedy
93456,Family
602,Science Fiction
602,Adventure
602,Action
330,Science Fiction
330,Adventure
330,Action
953,Animation
953,Family
9693,Science Fiction
9693,Thriller
9693,Action
9693,Drama
36657,Science Fiction
36657,Adventure
36657,Action
8909,Thriller
8909,Action
8909,Crime
9802,Adventure
9802,Thriller
9802,Action
950,Adventure
950,Animation
950,Comedy
950,Family
1824,Romance
1824,Comedy
2976,Romance
2976,Comedy
2976,Family
2976,Music
11026,Thriller
11026,Mystery
11026,Horror
332,Adventure
332,Action
332,Comedy
332,Family
75656,Thriller
75656,Crime
38365,Comedy
594,Comedy
594,Drama
15189,Comedy
15189,Family
11678,Adventure
11678,Thriller
11678,Action
6538,History
6538,Comedy
6538,Drama
10555,Animation
10555,Action
10555,Comedy
10555,Family
1125,Drama
4551,Comedy
4551,Crime
612,Thriller
612,History
612,Action
612,Drama
9567,Action
9567,Drama
9567,War
37821,Thriller
37821,Romance
37821,Action
37821,Comedy
203801,Adventure
203801,Action
203801,Comedy
2539,Comedy
9297,Animation
9297,Fantasy
9297,Comedy
9297,Family
3172,Romance
3172,Action
3172,Comedy
3172,Crime
6520,Adventure
6520,Romance
6520,Action
6520,Drama
1439,History
1439,Romance
1439,Drama
37958,Fantasy
37958,Action
37958,Drama
2026,Thriller
2026,Mystery
2026,Crime
2026,Drama
7450,Science Fiction
7450,Adventure
7450,Animation
7450,Action
7450,Family
11375,Adventure
11375,Thriller
11375,Action
11375,Comedy
9425,Science Fiction
9425,Action
9425,War
25769,Science Fiction
25769,Thriller
25769,Action
25769,Horror
25769,Drama
23685,Adventure
23685,Animation
23685,Fantasy
23685,Action
23685,Comedy
11866,Adventure
11866,Thriller
11866,Action
11866,Drama
9741,Science Fiction
9741,Thriller
9741,Drama
211672,Adventure
211672,Animation
211672,Comedy
211672,Family
23629,Thriller
23629,Fantasy
23629,Action
8688,Mystery
8688,Crime
10153,Science Fiction
153518,Animation
153518,Family
8676,Adventure
8676,Romance
8676,Comedy
20829,Comedy
20829,Drama
4349,Thriller
4349,Action
4349,Drama
9718,Comedy
10808,Fantasy
10808,Romance
10808,Comedy
10808,Family
197,History
197,Action
197,Drama
197,War
25,Drama
25,War
35,Animation
35,Comedy
35,Family
11086,Romance
11086,Drama
10477,Action
1997,Adventure
1997,Family
1997,Drama
6947,Thriller
6947,Mystery
6947,Drama
3050,Fantasy
3050,Comedy
3050,Family
2675,Science Fiction
2675,Thriller
2675,Mystery
2675,Drama
809,Adventure
809,Animation
809,Fantasy
809,Comedy
809,Family
920,Adventure
920,Animation
920,Comedy
920,Family
4806,Romance
4806,Comedy
7451,Adventure
7451,Thriller
7451,Action
228165,Adventure
228165,Animation
228165,Comedy
228165,Family
3595,Thriller
3595,Action
16869,Thriller
16869,Action
16869,Drama
16869,War
879,Adventure
879,Fantasy
879,Comedy
879,Family
1573,Thriller
1573,Action
9257,Thriller
9257,Action
9257,Crime
1903,Science Fiction
1903,Thriller
1903,Mystery
1903,Romance
1903,Drama
9697,Thriller
9697,Fantasy
9697,Mystery
9697,Drama
395,Science Fiction
395,Adventure
395,Action
23398,Animation
23398,Fantasy
23398,Comedy
23398,Family
23398,Music
10590,History
10590,Action
10590,War
117263,Thriller
117263,Action
200,Science Fiction
200,Adventure
200,Thriller
200,Action
44943,Science Fiction
44943,Action
587,Adventure
587,Fantasy
587,Drama
10395,Fantasy
57212,Drama
57212,War
152760,History
152760,Action
152760,Drama
152760,War
2756,Science Fiction
2756,Adventure
2756,Thriller
2756,Action
33909,Crime
33909,Drama
49017,Fantasy
49017,Action
49017,Horror
49017,Drama
49017,War
9882,Thriller
9882,Action
9882,Crime
9882,Drama
2270,Adventure
2270,Fantasy
2270,Romance
2270,Family
978,Adventure
978,History
978,Drama
44564,Comedy
44564,Drama
3132,Adventure
3132,Thriller
3132,Action
3132,Comedy
8814,Adventure
8814,Action
8814,Horror
8427,Adventure
8427,Thriller
8427,Action
8427,Comedy
52520,Fantasy
52520,Action
52520,Horror
80585,Romance
80585,Comedy
80585,Drama
80585,Music
10592,Drama
10592,War
49021,Adventure
49021,Thriller
49021,Action
11535,Science Fiction
11535,Thriller
11535,Action
10550,Adventure
10550,Thriller
10550,Action
11258,Thriller
12610,Adventure
12610,Animation
12610,Action
12610,Comedy
12610,Family
59981,Animation
59981,Family
59981,Music
201088,Mystery
201088,Crime
201088,Drama
5137,Science Fiction
5137,Adventure
5137,Thriller
5137,Mystery
5137,Action
3093,Thriller
3093,Mystery
3093,Crime
107846,Thriller
107846,Action
188207,Adventure
188207,Action
4614,Thriller
4614,Action
4614,Drama
24021,Adventure
24021,Fantasy
24021,Romance
24021,Drama
11371,Thriller
11371,Action
11371,Crime
20352,Animation
20352,Family
11517,Action
11517,Comedy
11517,Crime
214756,Comedy
26428,Adventure
26428,History
26428,Drama
9824,Science Fiction
9824,Adventure
9824,Fantasy
9824,Action
9824,Comedy
48988,Comedy
9008,Thriller
9008,Drama
300673,Thriller
300673,History
300673,Action
300673,Drama
12113,Thriller
12113,Action
12113,Drama
38778,Comedy
72331,Fantasy
72331,Action
72331,Horror
1844,Mystery
1844,Romance
1844,Drama
846,Science Fiction
846,Thriller
846,Mystery
9703,Adventure
9703,Fantasy
9703,Action
9703,War
857,History
857,Drama
857,War
136797,Thriller
136797,Action
136797,Crime
136797,Drama
3981,Romance
3981,Comedy
425,Adventure
425,Animation
425,Comedy
425,Family
6171,Science Fiction
6171,Thriller
6171,Horror
6171,Drama
72976,History
72976,Drama
603,Science Fiction
603,Action
568,Drama
9021,Fantasy
9021,Comedy
9021,Family
82695,Romance
82695,Drama
82695,Music
9489,Romance
9489,Comedy
12133,Comedy
9342,Adventure
9342,Action
41733,Comedy
41733,Drama
227306,Drama
227306,War
5551,Adventure
5551,Thriller
5551,Action
9350,Adventure
9350,Thriller
9350,Action
9208,Adventure
9208,Thriller
9208,Action
9208,Drama
4244,Fantasy
4244,Comedy
4244,Family
1852,Thriller
1852,History
1852,Drama
11820,Romance
11820,Drama
76493,Comedy
345,Mystery
345,Drama
196867,Comedy
196867,Family
196867,Drama
256591,Romance
256591,Comedy
256591,Crime
256591,Drama
59962,Romance
59962,Action
59962,Comedy
36648,Science Fiction
36648,Adventure
36648,Thriller
36648,Action
36648,Horror
1880,Thriller
1880,Action
9440,Comedy
9440,Drama
71679,Science Fiction
71679,Action
71679,Horror
10483,Science Fiction
10483,Thriller
10483,Action
11412,Thriller
11412,Mystery
11412,Action
11412,Crime
11983,Adventure
11983,Thriller
11983,Romance
11983,Action
11983,Drama
6795,Science Fiction
6795,Adventure
6795,Fantasy
6795,Family
550,Drama
11170,Drama
9292,Adventure
9292,Action
9292,Comedy
10783,Adventure
10783,Romance
10783,Action
10783,Comedy
10783,Crime
100241,Thriller
100241,Horror
257,Family
257,Crime
257,Drama
9947,Fantasy
9947,Action
189,Thriller
189,Crime
12618,Romance
12618,Drama
253412,Adventure
253412,Drama
1427,Fantasy
1427,Crime
1427,Drama
818,Science Fiction
818,Comedy
818,Crime
16577,Science Fiction
16577,Animation
16577,Action
16577,Family
329,Science Fiction
329,Adventure
12160,Western
12160,Action
12160,Drama
9331,Thriller
9331,Action
9331,Drama
300168,Adventure
300168,Action
300168,Drama
9072,Comedy
9072,Crime
3536,Thriller
3536,Action
3536,Drama
3536,War
9087,Romance
9087,Comedy
9087,Drama
12177,Romance
12177,Comedy
12138,Adventure
12138,Thriller
12138,Action
12138,Comedy
12138,Crime
273248,Mystery
273248,Western
273248,Crime
273248,Drama
9955,Action
9955,Comedy
9955,Drama
50359,Animation
50359,Comedy
50359,Family
1271,Adventure
1271,Action
1271,War
693,Romance
693,Comedy
14306,Comedy
14306,Family
497,Fantasy
497,Crime
497,Drama
11199,Adventure
11199,Action
11199,Comedy
9982,Animation
9982,Comedy
9982,Family
210577,Thriller
210577,Mystery
210577,Drama
2501,Thriller
2501,Mystery
2501,Action
2501,Drama
710,Adventure
710,Thriller
710,Action
2275,Thriller
2275,Mystery
2275,Crime
2275,Drama
37165,Comedy
37165,Drama
9837,Adventure
9837,Animation
9837,Family
9837,Drama
9837,Music
10708,Comedy
10708,Family
136400,Action
136400,Comedy
136400,Crime
10992,Comedy
10992,Family
9654,Action
9654,Crime
2642,Romance
2642,Comedy
8916,Adventure
8916,Animation
8916,Comedy
8916,Family
19899,Romance
19899,Comedy
2119,Adventure
9641,Comedy
294254,Action
38167,Drama
5994,Fantasy
5994,Romance
5994,Comedy
5994,Drama
39514,Adventure
39514,Thriller
39514,Action
39514,Comedy
39514,Crime
9563,Drama
547,Romance
547,Drama
1538,Thriller
1538,Crime
1538,Drama
9334,Adventure
9334,Fantasy
9334,Action
11128,Thriller
11128,Action
11128,Drama
75780,Thriller
75780,Crime
75780,Drama
8914,Science Fiction
8914,Thriller
8914,Action
13576,Documentary
13576,Music
39538,Science Fiction
39538,Thriller
39538,Drama
10628,Adventure
10628,Comedy
10628,Crime
14836,Animation
14836,Family
8645,Science Fiction
8645,Thriller
9509,Thriller
9509,Action
9509,Crime
9509,Drama
10067,Comedy
10067,Family
9384,Comedy
9384,Crime
9279,Comedy
9279,Family
1487,Science Fiction
1487,Fantasy
1487,Action
9422,Drama
77174,Adventure
77174,Animation
77174,Comedy
77174,Family
4824,Adventure
4824,Thriller
4824,Action
4824,Crime
9620,Science Fiction
9620,Adventure
9620,Thriller
9620,Mystery
9620,Action
9302,Romance
9302,Drama
10199,Adventure
10199,Animation
10199,Family
10771,Science Fiction
10771,Thriller
10771,Action
10771,Comedy
3512,Thriller
3512,Action
137094,Thriller
137094,Action
137094,Drama
274479,Comedy
274479,Drama
267860,Thriller
267860,Action
267860,Crime
8078,Science Fiction
8078,Action
8078,Horror
7485,Thriller
7485,Mystery
7485,Action
7485,Crime
7485,Drama
170687,Animation
170687,Fantasy
170687,Comedy
170687,Family
6435,Fantasy
6435,Comedy
6435,Drama
137106,Adventure
137106,Animation
137106,Fantasy
137106,Comedy
137106,Family
10040,Action
10040,Comedy
6278,Adventure
6278,Fantasy
6278,Action
82682,Thriller
82682,Action
82682,Crime
82682,Drama
17610,Adventure
17610,Comedy
22954,History
22954,Drama
16995,Action
16558,Romance
16558,Comedy
16558,Crime
9849,Science Fiction
9849,Comedy
9849,Family
9849,Drama
5820,Thriller
5820,Action
5820,Crime
16866,Science Fiction
16866,Adventure
16866,Animation
16866,Comedy
16866,Family
201,Science Fiction
201,Adventure
201,Thriller
201,Action
11775,Romance
11775,Comedy
11775,Crime
87825,Romance
87825,Drama
12201,Thriller
12201,Mystery
12201,Crime
12201,Drama
11015,Thriller
11015,Mystery
11015,Horror
9932,Comedy
9932,Crime
13389,Thriller
13389,Action
13389,Crime
13389,Drama
8838,Thriller
8838,Action
8838,Crime
8838,Drama
17332,Drama
4958,Fantasy
4958,Drama
786,Drama
786,Music
9513,Animation
9513,Comedy
9513,Family
11679,Adventure
11679,Mystery
11679,Action
11679,Crime
11679,Drama
38321,Science Fiction
38321,Thriller
38321,Fantasy
38321,Action
38321,Horror
14411,Adventure
14411,Animation
14411,Family
8413,Science Fiction
8413,Mystery
8413,Horror
10052,Drama
9676,Drama
9664,Adventure
9664,History
9664,Romance
9664,Action
9664,Drama
2100,Thriller
2100,Action
2100,Drama
10384,Science Fiction
10384,Thriller
10384,Horror
137321,Fantasy
137321,Mystery
137321,Romance
137321,Drama
123553,Adventure
123553,Mystery
123553,Romance
123553,Action
123553,Drama
11260,Science Fiction
11260,Adventure
11260,Comedy
11260,Family
9009,Thriller
9009,Horror
9009,Drama
11374,Comedy
2309,Adventure
2309,Fantasy
2309,Family
8285,Science Fiction
8285,Thriller
8285,Action
8285,Comedy
8285,Crime
210860,Adventure
210860,Comedy
2312,Adventure
2312,Fantasy
2312,Action
2312,Drama
9839,Adventure
9839,Romance
9839,Drama
9839,War
381902,Adventure
381902,Fantasy
381902,Action
13922,History
13922,Action
13922,War
293660,Adventure
293660,Action
293660,Comedy
9713,Comedy
9713,Drama
190859,Action
190859,War
257445,Adventure
257445,Comedy
257445,Horror
9007,Fantasy
9007,Romance
9007,Comedy
889,Science Fiction
889,Romance
889,Comedy
889,Family
1370,Adventure
1370,Thriller
1370,Action
1370,War
4942,Romance
4942,Comedy
4942,Drama
347969,Western
347969,Comedy
24438,Comedy
116741,Comedy
35791,Science Fiction
35791,Adventure
35791,Action
35791,Horror
72431,Adventure
72431,History
72431,Action
72431,Drama
72431,War
1813,Thriller
1813,Mystery
1813,Horror
1813,Drama
87428,Comedy
8840,Fantasy
10589,Action
10589,Comedy
10589,Crime
10589,Drama
71676,Thriller
71676,Fantasy
71676,Action
1722,History
1722,Romance
1722,Drama
10022,Thriller
10022,Action
10022,Comedy
10022,Family
10022,Drama
11358,Adventure
11358,Thriller
11358,Action
11358,Drama
13,Romance
13,Comedy
13,Drama
6477,Animation
6477,Fantasy
6477,Comedy
6477,Family
6477,Music
1597,Romance
1597,Comedy
10530,Adventure
10530,Animation
10530,Family
10530,Drama
1924,Science Fiction
1924,Adventure
1924,Fantasy
1924,Action
9327,Science Fiction
9327,Fantasy
9327,Romance
9327,Comedy
8488,Romance
8488,Comedy
8488,Drama
10603,Adventure
10603,Romance
10603,Comedy
10603,Family
8273,Romance
8273,Comedy
109424,Thriller
109424,Action
109424,Drama
35056,Comedy
8839,Fantasy
8839,Comedy
8839,Family
156022,Thriller
156022,Action
156022,Crime
7303,Romance
7303,Comedy
7303,Drama
8963,Thriller
8963,Action
8963,Drama
1402,Drama
9315,Thriller
9315,Mystery
9315,Drama
8984,Thriller
8984,Mystery
8984,Romance
8984,Crime
8984,Drama
795,Fantasy
795,Romance
795,Drama
24,Action
24,Crime
11353,Comedy
393,Thriller
393,Action
393,Crime
9618,Adventure
9618,Action
9618,Comedy
9374,Fantasy
9374,Comedy
8584,Adventure
8584,Western
8584,Action
8584,Comedy
2320,Adventure
2320,Thriller
2320,Action
2320,Drama
58224,Comedy
58224,Family
1729,Adventure
1729,Fantasy
1729,Action
175574,Animation
175574,Comedy
175574,Family
8077,Science Fiction
8077,Action
8077,Horror
8818,History
8818,Drama
8818,Music
8195,Adventure
8195,Thriller
8195,Action
8195,Crime
10586,Adventure
116149,Comedy
116149,Family
80035,Comedy
10632,Thriller
10632,Action
10632,Crime
10632,Drama
12117,Thriller
12117,Mystery
12117,Drama
1792,Comedy
13260,Comedy
72197,Adventure
72197,Animation
72197,Comedy
72197,Family
3580,Mystery
3580,Crime
3580,Drama
12123,Science Fiction
12123,Thriller
12123,Action
12123,Drama
9566,Thriller
9566,Mystery
9566,Drama
9833,Thriller
9833,Romance
9833,Drama
4517,History
4517,Romance
4517,Drama
8202,Science Fiction
8202,Action
16072,History
16072,Drama
16072,War
34314,Thriller
34314,Action
34314,Crime
19724,Comedy
145220,Adventure
145220,Comedy
145220,Family
145220,Crime
14623,Adventure
14623,Fantasy
14623,Action
14623,Comedy
14623,Family
42297,Romance
42297,Drama
2841,Drama
802,Romance
802,Drama
10375,Thriller
10375,Action
36586,Thriller
36586,Fantasy
36586,Action
36586,Horror
11321,Drama
70074,Thriller
70074,Action
70074,Crime
242,Thriller
242,Crime
242,Drama
9621,Romance
9621,Comedy
9621,Drama
1819,Romance
1819,Comedy
8536,Science Fiction
8536,Adventure
8536,Fantasy
8536,Action
8046,Drama
1717,Thriller
1717,Drama
479,Adventure
479,Thriller
479,Action
479,Crime
9444,Animation
9444,Family
824,Romance
824,Drama
824,Music
11456,Thriller
11456,Mystery
11456,Crime
261023,Crime
261023,Drama
3683,History
3683,Drama
3683,War
22803,Thriller
22803,Crime
22803,Drama
285923,Thriller
285923,Action
285923,Horror
39437,Thriller
39437,Drama
1950,Romance
1950,Drama
640,Crime
640,Drama
97630,Thriller
97630,History
97630,Drama
9767,Romance
9767,Comedy
11631,Romance
11631,Comedy
32856,Romance
32856,Comedy
6519,Adventure
6519,Action
6519,Comedy
8741,History
8741,Drama
8741,War
49520,Comedy
1850,Romance
1850,Comedy
1850,Drama
524,Crime
524,Drama
26389,Thriller
26389,Action
26389,Crime
11817,Fantasy
11817,Action
11817,Comedy
2123,Comedy
9907,Animation
9907,Comedy
9907,Family
9969,Comedy
9969,Family
18239,Adventure
18239,Fantasy
18239,Romance
18239,Drama
808,Adventure
808,Animation
808,Fantasy
808,Comedy
808,Family
38050,Science Fiction
38050,Thriller
38050,Romance
8367,Adventure
9390,Romance
9390,Comedy
9390,Drama
72105,Fantasy
72105,Comedy
2898,Romance
2898,Comedy
10312,Comedy
10312,Drama
109443,Comedy
2022,Romance
2022,Comedy
37686,Science Fiction
37686,Thriller
37686,Mystery
462,Drama
9919,Romance
9919,Comedy
187017,Action
187017,Comedy
187017,Crime
628,Romance
628,Horror
10201,Comedy
302699,Action
302699,Comedy
9441,Romance
9441,Drama
274167,Comedy
224141,Fantasy
224141,Comedy
224141,Music
388,Thriller
388,Crime
388,Drama
2112,Thriller
2112,Action
2112,Crime
2112,Drama
10329,Science Fiction
10329,Adventure
10329,Mystery
10329,Action
10329,Drama
74465,Comedy
74465,Family
74465,Drama
13811,Science Fiction
13811,Adventure
13811,Mystery
13811,Action
13811,Drama
6877,Comedy
10320,Thriller
10320,Horror
10320,Drama
50646,Romance
50646,Comedy
50646,Drama
8920,Animation
8920,Comedy
8920,Family
13673,Comedy
13673,Family
60308,Drama
6950,Science Fiction
6950,Thriller
6950,Action
6950,Drama
225574,Thriller
225574,Mystery
225574,Action
13836,Science Fiction
13836,Adventure
13836,Thriller
13836,Fantasy
13836,Family
752,Thriller
752,Fantasy
752,Action
6038,Adventure
6038,Western
6038,Action
6038,Comedy
9975,Adventure
9975,Animation
9975,Comedy
9975,Family
11451,Adventure
11451,Fantasy
11451,Romance
11451,Comedy
11451,Family
12103,Thriller
60304,Fantasy
60304,Action
60304,Horror
2251,Thriller
2251,Drama
46529,Science Fiction
46529,Adventure
46529,Thriller
46529,Action
231,Thriller
231,Drama
300671,Thriller
300671,History
300671,Action
300671,Drama
300671,War
228326,Adventure
228326,Animation
228326,Romance
228326,Comedy
228326,Family
9754,Thriller
66,Thriller
66,Crime
66,Drama
4421,Action
4421,Drama
2649,Thriller
2649,Mystery
2649,Drama
588,Mystery
588,Horror
10393,Comedy
71552,Comedy
9631,Adventure
9631,Mystery
9631,Action
9631,Crime
9631,Drama
216282,Thriller
216282,Action
306,Action
306,Comedy
306,Crime
928,Fantasy
928,Comedy
928,Horror
205587,Drama
6623,Thriller
6623,Action
1577,Science Fiction
1577,Action
1577,Horror
9801,Romance
9801,Comedy
2116,Thriller
2116,Crime
2116,Drama
9624,Thriller
9624,Action
14199,Science Fiction
14199,Adventure
14199,Family
1907,Adventure
1907,Thriller
1907,Romance
1907,Drama
4599,Romance
4599,Comedy
4599,Drama
22832,Thriller
22832,Action
22832,Crime
10390,Romance
10390,Drama
9879,Thriller
9879,Crime
9879,Drama
38579,Comedy
38579,Family
44603,Fantasy
44603,Drama
11892,Thriller
11892,Crime
11892,Drama
9691,Adventure
9691,Thriller
9691,Action
9691,Crime
1248,Thriller
1248,Crime
1248,Drama
12220,Romance
12220,Comedy
12220,Drama
72710,Science Fiction
72710,Adventure
72710,Thriller
72710,Romance
72710,Action
10782,Thriller
10782,Mystery
10782,Action
10782,Crime
10782,Drama
9573,Thriller
9573,Mystery
9573,Crime
9573,Drama
4959,Thriller
4959,Crime
4959,Drama
10061,Science Fiction
10061,Adventure
10061,Thriller
10061,Action
10386,Science Fiction
10386,Adventure
10386,Animation
10386,Fantasy
10386,Family
421,Adventure
421,Comedy
421,Drama
316152,Thriller
316152,History
316152,Action
316152,Drama
316152,War
11615,Thriller
11615,Crime
11615,Drama
13498,Action
13498,Comedy
241554,Thriller
241554,Mystery
241554,Action
241554,Crime
241554,Drama
2252,Thriller
2252,Mystery
2252,Crime
11968,Adventure
11968,Thriller
11968,Action
11968,Crime
10047,Adventure
10047,History
10047,Action
10047,Drama
10047,War
38319,Comedy
69668,Thriller
69668,Mystery
69668,Drama
9770,Thriller
9770,Action
9770,Drama
11212,Adventure
11212,Action
11212,Comedy
11212,Family
10533,History
10533,Romance
10533,Drama
38363,Thriller
38363,Drama
9923,Action
9923,Crime
11863,Thriller
11863,Mystery
11863,Romance
11863,Action
18501,Science Fiction
18501,Thriller
18501,Action
109491,Fantasy
109491,Romance
109491,Drama
9275,Thriller
9275,Comedy
9275,Crime
9275,Drama
329833,Comedy
12634,Comedy
12634,Crime
10416,Science Fiction
10416,Romance
10416,Comedy
10416,Drama
47327,Thriller
47327,Fantasy
47327,Action
47327,Crime
15268,Science Fiction
15268,Adventure
15268,Thriller
15268,Action
10796,Science Fiction
10796,Thriller
10796,Action
9548,Thriller
9548,Mystery
9548,Action
9548,Comedy
9548,Crime
18947,Comedy
18947,Drama
1900,Thriller
1900,Crime
1900,Drama
89,Adventure
89,Action
96724,Romance
96724,Drama
198184,Science Fiction
198184,Action
198184,Crime
9481,Thriller
9481,Mystery
9481,Crime
9481,Drama
4547,Thriller
4547,Crime
4547,Drama
53953,Horror
6415,Adventure
6415,Action
6415,Comedy
181283,Thriller
181283,Crime
9896,Adventure
9896,Comedy
167,Science Fiction
167,Drama
11232,Science Fiction
11232,Fantasy
11232,Romance
11232,Comedy
1636,Fantasy
1636,Romance
1636,Comedy
2148,Romance
2148,Crime
2148,Drama
2148,Music
5176,Western
260346,Thriller
260346,Action
1389,Romance
1389,Comedy
1389,Crime
9894,Thriller
9894,Comedy
9894,Drama
7504,Drama
8592,Adventure
8592,Thriller
8592,Action
8592,Comedy
8592,Crime
913,Romance
913,Crime
913,Drama
11091,Romance
11091,Comedy
11091,Drama
1368,Adventure
1368,Thriller
1368,Action
1368,War
593,Science Fiction
593,Adventure
593,Mystery
593,Drama
5393,Science Fiction
5393,Animation
5393,Fantasy
5393,Comedy
5393,Family
9095,Thriller
9095,Romance
9095,Horror
9095,Drama
8874,Romance
8874,Comedy
11467,Romance
11467,Comedy
320,Thriller
320,Mystery
320,Crime
199,Science Fiction
199,Adventure
199,Thriller
199,Action
20533,Thriller
20533,Fantasy
20533,Western
20533,Action
20533,Drama
10684,Thriller
10684,Mystery
10684,Drama
10684,War
1624,Comedy
325789,Thriller
325789,Crime
325789,Drama
113464,History
113464,Drama
113464,War
888,Fantasy
888,Comedy
888,Family
82675,Thriller
82675,Action
82675,Crime
4256,Comedy
1493,Action
1493,Comedy
1493,Crime
88751,Science Fiction
88751,Adventure
88751,Action
88751,Comedy
88751,Family
11130,Romance
11130,Comedy
11130,Family
11130,Drama
9944,Thriller
9944,Mystery
9944,Crime
9944,Drama
10731,Thriller
10731,Mystery
10731,Crime
10731,Drama
7350,Comedy
7350,Drama
9869,Thriller
9869,Action
9869,Crime
9869,Drama
4379,Romance
4379,Comedy
146233,Thriller
146233,Crime
146233,Drama
2034,Thriller
2034,Action
2034,Crime
2034,Drama
926,Science Fiction
926,Comedy
926,Family
4248,Comedy
64328,Comedy
64328,Family
64328,Music
36647,Action
36647,Horror
7214,Drama
1537,Adventure
1537,Thriller
1537,Action
1537,Crime
9360,Adventure
9360,Thriller
9360,Horror
6282,Comedy
508,Romance
508,Comedy
508,Drama
9487,Adventure
9487,Animation
9487,Comedy
9487,Family
768,Thriller
768,Mystery
768,Horror
2636,Thriller
2636,Action
10478,Romance
10478,Comedy
10478,Drama
27983,Comedy
27983,Family
27983,Drama
9981,Romance
9981,Comedy
9981,Family
7453,Science Fiction
7453,Adventure
7453,Comedy
7453,Family
15045,Comedy
15045,Family
15045,Drama
7737,Science Fiction
7737,Action
7737,Horror
232672,Comedy
17379,Adventure
17379,Comedy
17379,Drama
8987,Adventure
8987,Thriller
8987,Action
8987,Crime
11359,Adventure
11359,Fantasy
11359,Family
82525,Thriller
82525,Crime
82525,Drama
9759,Adventure
9759,Thriller
9759,Action
9759,Crime
9486,Adventure
9486,Action
9486,Comedy
9906,Adventure
9906,Animation
9906,Fantasy
9906,Comedy
9906,Family
841,Science Fiction
841,Adventure
841,Action
4688,Adventure
4688,Romance
4688,Drama
4688,Music
4148,Romance
4148,Drama
2207,Adventure
2207,Thriller
2207,Action
2207,Crime
9381,Science Fiction
9381,Adventure
9381,Thriller
9381,Action
9625,Adventure
9625,Thriller
9625,Action
9625,Crime
9625,Drama
9304,Science Fiction
9304,Fantasy
9304,Comedy
20856,Science Fiction
20856,Adventure
20856,Fantasy
20856,Comedy
20856,Family
5955,Thriller
5955,Mystery
5955,Crime
5955,Drama
9899,Comedy
9899,Music
9826,Adventure
9826,Action
21355,Romance
21355,Western
21355,Drama
10858,History
10858,Drama
11439,Thriller
11439,Mystery
9457,Science Fiction
9457,Adventure
9457,Action
9457,Horror
12412,Drama
12412,War
1494,Fantasy
1494,Action
1494,Drama
13184,Thriller
13184,Action
13184,Crime
2185,Thriller
2185,Action
2185,Comedy
6639,Romance
6639,Drama
38153,Thriller
38153,Action
58233,Adventure
58233,Thriller
58233,Action
58233,Comedy
58233,Crime
116977,Animation
116977,Action
116977,Comedy
116977,Family
68734,Thriller
68734,Drama
5503,Adventure
5503,Thriller
5503,Mystery
5503,Action
5503,Crime
27573,Action
819,Thriller
819,Crime
819,Drama
1369,Adventure
1369,Thriller
1369,Action
1369,War
9623,Thriller
9623,Drama
10895,Animation
10895,Family
10935,History
10935,Western
10935,Action
10935,Drama
834,Science Fiction
834,Thriller
834,Fantasy
834,Action
228066,Science Fiction
228066,Thriller
228066,Drama
711,Drama
10468,Comedy
10468,Drama
10027,Action
10027,Crime
11812,Romance
11812,Comedy
37233,Thriller
37233,Mystery
37233,Drama
37950,Drama
27582,Thriller
27582,Action
27582,Crime
64688,Action
64688,Comedy
64688,Crime
509,Romance
509,Comedy
509,Drama
7443,Animation
7443,Comedy
7443,Family
5966,Romance
5966,Comedy
11066,Romance
11066,Comedy
136795,Action
136795,Comedy
136795,Crime
8095,History
8095,Romance
8095,Drama
87826,Comedy
11560,Thriller
11560,Mystery
11560,Crime
11560,Drama
25189,Romance
25189,Comedy
25189,Drama
2637,Mystery
2637,Horror
2637,Drama
18480,Comedy
709,Adventure
709,Thriller
709,Action
49730,Thriller
49730,Fantasy
49730,Horror
2749,Thriller
2749,Action
2749,Crime
9607,Adventure
9607,Fantasy
9607,Comedy
9607,Family
1830,Thriller
1830,Crime
1830,Drama
79,Adventure
79,History
79,Action
79,Drama
54054,Action
54054,Comedy
54054,Crime
228967,Action
228967,Comedy
46528,Adventure
46528,Thriller
46528,Fantasy
46528,Western
46528,Action
27936,Action
27936,Comedy
27936,Crime
65,Drama
280391,Adventure
280391,Animation
280391,Comedy
9476,Adventure
9476,Romance
9476,Action
9476,Drama
10610,Thriller
10610,Fantasy
10610,Action
10610,Comedy
745,Thriller
745,Mystery
745,Drama
49527,Thriller
49527,Action
49527,Crime
73937,Comedy
1885,Drama
168672,Crime
168672,Drama
18240,Romance
18240,Comedy
18240,Drama
10398,Thriller
10398,Mystery
10398,Crime
10398,Drama
165,Science Fiction
165,Adventure
165,Comedy
165,Family
240832,Science Fiction
240832,Action
216015,Thriller
216015,Romance
216015,Drama
12279,Science Fiction
12279,Adventure
12279,Action
12279,Comedy
12279,Family
1645,Thriller
1645,Crime
1645,Drama
11007,Comedy
193756,Thriller
193756,Action
193756,Drama
193756,War
11287,Comedy
259693,Horror
37799,Drama
10184,Romance
10184,Comedy
10184,Drama
4257,Comedy
4234,Mystery
4234,Horror
196,Science Fiction
196,Adventure
196,Comedy
196,Family
257091,Comedy
6114,Romance
6114,Horror
24803,Romance
24803,Drama
109410,Drama
1213,Thriller
1213,Crime
1213,Drama
100042,Comedy
9036,Adventure
9036,Family
9036,Drama
257211,Comedy
323675,Action
323675,Comedy
9361,Adventure
9361,History
9361,Romance
9361,Action
9361,Drama
1677,Drama
1677,Music
187,Thriller
187,Action
187,Crime
7461,Thriller
7461,Action
7461,Crime
7461,Drama
16538,Comedy
9889,Romance
9889,Comedy
820,Thriller
820,History
820,Drama
11565,Comedy
11565,Crime
6073,Romance
6073,Action
6073,Comedy
6073,Crime
16996,Comedy
193610,Romance
193610,Comedy
19912,Mystery
19912,Horror
296098,Thriller
296098,Drama
8007,Thriller
8007,Action
8007,Drama
8007,War
32823,Comedy
4380,Romance
4380,Comedy
4380,Drama
11551,Science Fiction
11551,Adventure
11551,Fantasy
11551,Action
11551,Comedy
10336,Science Fiction
10336,Adventure
10336,Fantasy
10336,Action
10336,Horror
11362,Adventure
11362,Thriller
11362,Action
11362,Drama
50348,Thriller
50348,Crime
50348,Drama
48138,Thriller
48138,Mystery
48138,Action
1124,Thriller
1124,Mystery
1124,Drama
227159,Comedy
68179,Science Fiction
68179,Adventure
68179,Animation
68179,Comedy
68179,Family
1579,Adventure
1579,Thriller
1579,Action
1579,Drama
708,Adventure
708,Thriller
708,Action
34851,Science Fiction
34851,Adventure
34851,Thriller
34851,Action
9930,Thriller
9930,Romance
9930,Comedy
9930,Crime
9930,Drama
1586,Thriller
1586,Mystery
2044,Mystery
2044,Romance
2044,Drama
9913,Thriller
9913,Mystery
9913,Horror
9913,Drama
71864,Fantasy
71864,Comedy
71864,Family
71864,Drama
10761,Romance
10761,Comedy
209451,Drama
209451,Music
11975,Thriller
11975,Crime
11975,Drama
4970,Thriller
4970,Horror
11831,History
11831,Mystery
11831,Drama
9096,Adventure
440,Science Fiction
440,Thriller
440,Fantasy
440,Action
440,Horror
11011,Comedy
11011,Family
10641,Romance
10641,Drama
11172,Romance
11172,Comedy
11172,Music
39513,Science Fiction
39513,Adventure
39513,Comedy
82687,Comedy
41446,Mystery
41446,Horror
8224,Thriller
8224,Mystery
8224,Crime
10537,Drama
10537,Music
225886,Comedy
10385,Comedy
10385,Drama
55779,Mystery
55779,Horror
10154,Romance
10154,Comedy
10154,Crime
10647,Romance
10647,Drama
11431,Romance
11431,Comedy
11431,Drama
8457,Comedy
188161,Western
188161,Comedy
8850,Science Fiction
8850,Adventure
8850,Thriller
8850,Fantasy
8850,Action
64685,Drama
38357,Romance
38357,Comedy
38357,Drama
10060,Drama
11398,Adventure
11398,Action
11398,Crime
1833,Romance
1833,Drama
10391,Thriller
10391,Horror
10391,Crime
10391,Drama
8970,Comedy
9306,Science Fiction
9306,Fantasy
9306,Horror
11370,Adventure
11370,Action
11370,Drama
12184,Drama
1921,Romance
1921,Drama
1683,Horror
203,Crime
203,Drama
11858,Comedy
11858,War
62835,Thriller
62835,Action
62835,Crime
62835,Drama
18937,Animation
18937,Fantasy
18937,Romance
18937,Family
18937,Drama
13536,Mystery
13536,Crime
13536,Drama
15556,Romance
15556,Drama
10718,Action
11062,Thriller
11062,Drama
10802,Drama
1887,History
1887,Drama
6071,Thriller
6071,Action
6071,Crime
6071,Drama
10461,Thriller
10461,Action
10461,Crime
10461,Drama
80278,Thriller
80278,Drama
12704,Adventure
12704,Action
12704,Comedy
10315,Adventure
10315,Animation
10315,Comedy
10315,Family
16643,Romance
16643,Comedy
16643,Drama
2687,Science Fiction
2687,Fantasy
2687,Comedy
194,Romance
194,Comedy
11025,Comedy
8849,Comedy
78698,Adventure
78698,Romance
78698,Drama
30943,Mystery
30943,Drama
9544,Thriller
9544,Horror
24418,Adventure
24418,Thriller
24418,Fantasy
24418,Action
7288,Thriller
7288,Action
7288,Comedy
14655,Comedy
14655,Music
24575,Thriller
24575,Action
24575,Drama
10366,Science Fiction
10366,Action
19898,Science Fiction
19898,Thriller
19898,Mystery
19898,Action
19898,Horror
4965,Science Fiction
4965,Thriller
4965,Action
15074,Adventure
15074,Thriller
15074,Action
15074,Drama
56715,Science Fiction
56715,Fantasy
56715,Comedy
1272,Science Fiction
1272,Thriller
72358,Comedy
72358,Drama
20542,Science Fiction
20542,Adventure
20542,Animation
20542,Fantasy
20542,Comedy
266396,Action
266396,Crime
266396,Drama
9978,Adventure
9978,Action
9978,Family
8271,Thriller
8271,Mystery
8271,Drama
10428,Thriller
10428,Action
10428,Crime
10428,Drama
5353,Adventure
5353,Thriller
5353,Action
5353,Drama
11934,Comedy
11934,Drama
14392,History
14392,Action
14392,Drama
19495,History
19495,Action
19495,War
110415,Science Fiction
110415,Action
110415,Drama
77459,Adventure
77459,Animation
77459,Fantasy
77459,Comedy
77459,Family
26486,Action
26486,Comedy
9495,Thriller
9495,Fantasy
9495,Action
256040,Adventure
256040,History
256040,Action
256040,War
24420,Fantasy
24420,Romance
24420,Drama
1257,Comedy
62214,Animation
62214,Comedy
62214,Family
16320,Science Fiction
16320,Adventure
16320,Thriller
16320,Action
8842,Romance
8842,Drama
9531,Science Fiction
9531,Adventure
9531,Fantasy
9531,Action
9531,Comedy
64807,Comedy
12289,Adventure
12289,Action
12289,Drama
11529,Romance
11529,Comedy
20943,Romance
20943,Comedy
9099,Comedy
9099,Family
9488,Adventure
9488,Action
9488,Family
193,Science Fiction
193,Adventure
193,Thriller
193,Action
44865,History
44865,Action
44865,Drama
55787,Romance
55787,Drama
257932,Adventure
257932,Animation
257932,Fantasy
257932,Family
10400,Drama
1957,Thriller
1957,Drama
10833,Romance
10833,Comedy
10833,Crime
256961,Action
256961,Comedy
256961,Family
5852,Thriller
5852,Romance
5852,Drama
12312,Comedy
622,Thriller
622,Mystery
622,Horror
11306,Thriller
11306,Drama
12508,Comedy
12508,Drama
12508,Music
25793,Drama
10534,Action
10534,Drama
1091,Science Fiction
1091,Mystery
1091,Horror
87421,Science Fiction
87421,Thriller
87421,Action
10871,Adventure
10871,Thriller
10871,Mystery
10871,Action
13503,Western
13503,Action
13600,Adventure
13600,Fantasy
13600,Family
68722,Drama
14324,Adventure
14324,Romance
14324,Action
14324,Comedy
14325,Drama
299687,Science Fiction
299687,Adventure
312221,Drama
23168,Thriller
23168,Crime
23168,Drama
76494,Romance
76494,Comedy
76494,Drama
4944,Comedy
4944,Drama
10488,Adventure
10488,Fantasy
10488,Comedy
10488,Family
96721,Action
96721,Drama
334,Drama
23742,Action
23742,Comedy
23742,Crime
259694,Romance
259694,Comedy
62837,Family
62837,Drama
8966,Adventure
8966,Fantasy
8966,Romance
8966,Drama
8470,Thriller
8470,Crime
8470,Drama
11001,Action
11001,Comedy
11001,Crime
138832,Comedy
138832,Crime
16911,Science Fiction
16911,Thriller
16911,Fantasy
16911,Action
2163,Thriller
2163,Action
2163,Drama
36670,Adventure
36670,Thriller
36670,Action
23048,Science Fiction
23048,Adventure
23048,Comedy
227735,Family
227735,Drama
2155,Thriller
8409,Action
8409,Drama
222936,Romance
222936,Comedy
222936,Drama
31908,History
31908,Drama
10219,Romance
10219,Drama
48171,Thriller
48171,Horror
48171,Drama
782,Science Fiction
782,Thriller
782,Mystery
782,Romance
75531,Comedy
75531,Drama
11802,Animation
11802,Family
9776,Comedy
18785,Comedy
365222,History
365222,Action
365222,Drama
817,Science Fiction
817,Adventure
817,Comedy
817,Crime
268,Fantasy
268,Action
45054,Drama
943,Adventure
943,Thriller
943,Action
943,Comedy
943,Crime
22881,Drama
10054,Adventure
10054,Action
10054,Comedy
10054,Family
51540,Comedy
51540,Crime
44264,Adventure
44264,Western
44264,Drama
350,Romance
350,Comedy
350,Drama
152,Science Fiction
152,Adventure
152,Mystery
109431,Comedy
109431,Crime
1598,Thriller
1598,Crime
8065,Crime
8065,Drama
271718,Comedy
11638,Romance
11638,Comedy
409,Romance
409,Drama
409,War
2118,Thriller
2118,Mystery
2118,Crime
2118,Drama
11459,Adventure
11459,Comedy
11459,Family
10806,Romance
10806,Comedy
9348,Science Fiction
9348,Action
9348,Horror
377,Horror
8843,Science Fiction
8843,Thriller
8843,Horror
9313,Adventure
9313,Action
9313,Drama
39486,Drama
1273,Adventure
1273,Animation
1273,Comedy
1273,Family
13920,Drama
50544,Romance
50544,Comedy
325133,Comedy
140823,History
140823,Comedy
140823,Drama
1883,History
1883,Drama
89492,Comedy
22949,Comedy
22949,Family
12437,Science Fiction
12437,Adventure
12437,Thriller
12437,Fantasy
12437,Action
2959,Comedy
9957,Comedy
11648,Romance
11648,Comedy
9366,Thriller
9366,Crime
9366,Drama
1576,Science Fiction
1576,Action
1576,Horror
609,Horror
5516,Thriller
5516,Comedy
5516,Crime
13051,Action
49530,Science Fiction
49530,Thriller
49530,Action
34806,Romance
34806,Comedy
49022,Romance
49022,Comedy
49022,Drama
11469,Adventure
11469,Fantasy
11469,Comedy
23479,Comedy
23479,Family
11667,Adventure
11667,Thriller
11667,Action
423,Drama
423,War
2447,History
2447,Drama
10066,Horror
2288,Romance
2288,Drama
88794,History
88794,Crime
88794,Drama
13515,Thriller
13515,Mystery
13515,Horror
11979,Fantasy
11979,Horror
11979,Drama
169,Science Fiction
169,Thriller
169,Action
8090,Drama
11622,Romance
11622,Comedy
3604,Science Fiction
9541,Romance
9541,Comedy
94348,Thriller
94348,Mystery
94348,Action
94348,Crime
8197,Thriller
8197,Mystery
8197,Crime
8197,Drama
336004,Thriller
336004,Action
336004,Crime
35019,Fantasy
35019,Comedy
10410,History
10410,Crime
8836,Science Fiction
8836,Thriller
8836,Mystery
8836,Drama
14442,Fantasy
14442,Comedy
14442,Family
321741,Drama
59965,Thriller
59965,Mystery
59965,Action
14175,Adventure
14175,Animation
14175,Family
11004,Comedy
11004,Drama
11918,Science Fiction
11918,Action
11918,Comedy
98357,Thriller
98357,Crime
98357,Drama
10012,Comedy
10012,Horror
49526,Thriller
49526,Action
49526,Crime
268920,Action
268920,Comedy
268920,Crime
9093,Adventure
9093,Romance
9093,Drama
9093,War
119283,Action
119283,Crime
11823,Romance
11823,Comedy
35169,Comedy
118957,Thriller
118957,Action
118957,Horror
849,Adventure
849,Fantasy
849,Action
4515,Adventure
4515,History
4515,Action
4515,Drama
18886,Adventure
18886,Thriller
18886,Action
18886,Drama
6575,Comedy
6575,Music
6440,Romance
6440,Drama
13496,Western
13496,Action
18320,History
18320,Romance
18320,Drama
22787,Thriller
22787,Mystery
22787,Action
22787,Crime
8967,Fantasy
8967,Drama
37498,Adventure
37498,Thriller
37498,Action
144336,Thriller
144336,Action
144336,Crime
144336,Drama
9616,Fantasy
9616,Mystery
9616,Romance
9616,Horror
9616,Drama
13056,Action
13056,Crime
14113,Fantasy
14113,Comedy
14113,Family
285783,Adventure
285783,Thriller
285783,Drama
49478,Fantasy
49478,Action
49478,Family
9726,Romance
9726,Comedy
9726,Drama
20763,Drama
9702,Thriller
9702,Action
9702,Crime
9702,Drama
9311,Thriller
9311,Mystery
9311,Action
9311,Crime
9311,Drama
9280,Thriller
9280,Romance
9280,Crime
26843,History
26843,Action
26843,War
11876,Adventure
11876,Romance
11876,Drama
11876,War
22267,Romance
22267,Western
22267,Drama
22267,War
45958,Drama
1969,Western
1969,Action
1969,Comedy
1969,Crime
310706,Crime
310706,Drama
198663,Science Fiction
198663,Thriller
198663,Mystery
198663,Action
239573,Comedy
10436,Romance
10436,Drama
1381,Science Fiction
1381,Adventure
1381,Romance
1381,Drama
2162,Thriller
2162,Action
2162,Comedy
127493,Thriller
127493,Action
127493,Crime
127493,Drama
12429,Animation
12429,Family
228205,Romance
228205,Drama
2900,Science Fiction
2900,Thriller
2900,Drama
21311,Adventure
21311,Romance
21311,Drama
77875,Romance
77875,Comedy
192136,History
192136,Drama
18254,History
18254,Drama
881,Drama
10877,Thriller
10877,Action
10877,Crime
9600,Comedy
9600,Crime
202575,Adventure
202575,Animation
202575,Fantasy
202575,Family
71469,Science Fiction
71469,Thriller
71469,Action
71469,Horror
85446,Romance
85446,Drama
85446,Music
326,Thriller
326,Action
326,Horror
326,Crime
10685,Thriller
10685,Mystery
7220,Action
7220,Crime
7220,Drama
9763,Drama
72387,Thriller
72387,Action
72387,Crime
12596,Comedy
12596,Drama
1892,Science Fiction
1892,Adventure
1892,Action
13460,Science Fiction
13460,Thriller
13460,Action
8055,Romance
8055,Drama
50647,Comedy
10719,Fantasy
10719,Comedy
10719,Family
9294,Science Fiction
9294,Fantasy
9294,Romance
9294,Drama
11888,Adventure
11888,Comedy
11888,Family
9647,Fantasy
9647,Comedy
9647,Drama
9353,Comedy
9353,Family
55721,Romance
55721,Comedy
109414,Action
109414,Comedy
10307,Horror
11978,Drama
22907,Thriller
22907,Action
22907,Crime
22907,Drama
87567,Comedy
38322,Action
38322,Comedy
38322,Crime
45612,Science Fiction
45612,Thriller
45612,Mystery
7305,Adventure
7305,Thriller
7305,Action
7305,Drama
3594,Thriller
3594,Mystery
3594,Drama
157841,Adventure
157841,Family
157841,Drama
11519,Action
11519,Comedy
12920,Family
12920,Drama
59,Thriller
59,Crime
59,Drama
9335,Thriller
9335,Action
9335,Crime
12106,Western
12106,Action
11141,Thriller
11141,Romance
11141,Action
11141,Comedy
8649,Drama
31867,Science Fiction
31867,Thriller
31867,Action
31867,Crime
10253,Thriller
10253,Fantasy
10253,Action
10253,Horror
10253,Drama
3587,Fantasy
3587,Comedy
3587,Family
124459,Comedy
24662,Animation
24662,Comedy
24662,Family
24662,Music
32274,Drama
182,Mystery
182,Romance
182,Crime
182,Drama
182,War
5494,Adventure
28,Drama
28,War
38073,Romance
38073,Comedy
38073,Drama
2054,Family
2054,Drama
2054,Music
302156,Action
606,Drama
87502,Drama
698,Science Fiction
698,Adventure
698,Thriller
698,Action
120467,Comedy
120467,Drama
11313,Mystery
11313,Drama
6488,Comedy
6488,Horror
10559,Science Fiction
10559,Thriller
10559,Crime
10559,Drama
296099,Comedy
8012,Thriller
8012,Comedy
8012,Crime
1574,Action
1574,Comedy
1574,Crime
1574,Drama
1574,Music
9032,Comedy
9032,Drama
2770,Romance
2770,Comedy
862,Animation
862,Comedy
862,Family
1637,Adventure
1637,Action
1637,Crime
72570,Romance
72570,Drama
27569,Drama
10637,Drama
1669,Adventure
1669,Thriller
1669,Action
132363,Drama
9472,Comedy
2907,Fantasy
2907,Comedy
2907,Horror
9273,Adventure
9273,Comedy
9273,Crime
9880,Romance
9880,Comedy
9880,Family
2925,Comedy
807,Thriller
807,Mystery
807,Crime
17654,Science Fiction
11836,Animation
11836,Comedy
11836,Family
322,Thriller
322,Mystery
322,Crime
322,Drama
70,Drama
9535,Comedy
9535,Crime
11036,Romance
11036,Drama
6557,Romance
6557,Comedy
18126,Romance
18126,Comedy
18126,Family
18126,Drama
18126,Music
16340,Adventure
16340,Animation
16340,Comedy
16340,Family
10333,Romance
10333,Drama
4476,Adventure
4476,Romance
4476,Drama
4476,War
22947,Romance
22947,Drama
2755,Comedy
2755,Drama
82654,Romance
82654,Comedy
82654,Horror
59967,Science Fiction
59967,Thriller
59967,Action
16300,Science Fiction
16300,Fantasy
16300,Romance
16300,Comedy
9598,Fantasy
9598,Comedy
9598,Family
9598,Drama
82696,Romance
82696,Comedy
82696,Drama
9870,Romance
9870,Comedy
9870,Drama
8292,Action
8292,Crime
8780,Comedy
9715,Romance
9715,Drama
10521,Comedy
10762,Adventure
10762,Thriller
10762,Action
10762,Comedy
10096,Fantasy
10096,Romance
10096,Comedy
59436,Fantasy
59436,Romance
59436,Comedy
227783,Adventure
227783,Animation
227783,Comedy
227783,Family
4133,Crime
4133,Drama
10207,Romance
10207,Drama
172,Science Fiction
172,Adventure
172,Thriller
172,Action
21972,Fantasy
21972,Comedy
21972,Family
21972,Drama
36593,Comedy
36593,Crime
707,Adventure
707,Thriller
707,Action
533,Adventure
533,Animation
533,Comedy
533,Family
6023,Romance
6023,Drama
6439,Comedy
4347,Romance
4347,Drama
37056,Romance
37056,Comedy
37056,Drama
4105,Thriller
4105,Action
4105,Crime
76489,Comedy
3933,Animation
3933,Fantasy
3933,Romance
3933,Music
9918,Drama
273481,Thriller
273481,Mystery
273481,Action
273481,Crime
273481,Drama
307081,Action
307081,Drama
16871,Thriller
16871,Horror
293863,Fantasy
293863,Romance
293863,Drama
13156,Comedy
13156,Family
13156,Drama
41233,Romance
41233,Drama
9266,Adventure
1262,Fantasy
1262,Romance
1262,Comedy
1262,Drama
4513,Thriller
4513,Horror
22970,Thriller
22970,Horror
7278,Comedy
9013,Adventure
9013,Comedy
9013,Crime
865,Science Fiction
865,Action
10776,Comedy
10776,Horror
10776,Music
50456,Adventure
50456,Thriller
50456,Action
9823,Science Fiction
9823,Fantasy
9823,Action
59861,Romance
59861,Comedy
59861,Drama
133805,Horror
133805,Drama
12763,Music
9766,Adventure
9766,Action
9766,Crime
9766,Drama
14034,Action
14034,Comedy
12244,Science Fiction
12244,Adventure
12244,Animation
12244,Thriller
12244,Action
109421,Thriller
109421,Crime
109421,Drama
11137,Romance
11137,Comedy
51162,Animation
51162,Family
10152,Comedy
9452,Comedy
9452,Drama
239566,Drama
239566,Music
53113,Romance
53113,Drama
9271,Science Fiction
9271,Thriller
9271,Action
9271,Crime
4474,Fantasy
4474,Action
4474,Comedy
4474,Crime
4474,Drama
184346,Thriller
184346,Horror
184346,Crime
48340,Thriller
48340,Action
14846,Romance
14846,Comedy
14846,Drama
72207,Comedy
16232,Comedy
16232,Drama
43539,Thriller
43539,Romance
43539,Crime
43539,Drama
9920,Science Fiction
9920,Thriller
9920,Action
8978,Thriller
11702,Thriller
11702,Action
11702,Crime
11702,Drama
18550,Thriller
18550,Action
18550,Comedy
8869,Thriller
8869,Action
8869,Comedy
8869,Horror
43347,Romance
43347,Comedy
43347,Drama
3489,Thriller
3489,Mystery
3489,Crime
9701,Drama
2122,Thriller
2122,Comedy
2122,Crime
37707,Science Fiction
37707,Thriller
37707,Horror
10658,Science Fiction
10658,Fantasy
10658,Comedy
13150,Thriller
13150,Crime
13150,Drama
9042,Adventure
9042,Thriller
9042,Action
9042,Horror
17813,Romance
17813,Comedy
11208,Thriller
11208,Mystery
11208,Romance
11208,Drama
58151,Comedy
58151,Horror
11400,History
11400,Romance
11400,Drama
10350,Science Fiction
10350,Action
28902,Thriller
28902,Drama
14164,Science Fiction
14164,Adventure
14164,Thriller
14164,Fantasy
14164,Action
76640,Thriller
76640,Action
76640,Crime
11058,Science Fiction
11058,Thriller
11058,Horror
11058,Drama
14844,Romance
14844,Comedy
57089,Animation
57089,Comedy
57089,Family
1947,Drama
8054,Adventure
8054,Fantasy
8054,Mystery
46829,Comedy
46829,Drama
146238,Thriller
146238,Crime
146238,Drama
9989,Action
9989,Crime
9989,Drama
9665,War
311,Crime
311,Drama
102362,Thriller
102362,Action
102362,Crime
102362,Drama
11162,Romance
11162,Drama
6016,Thriller
6016,Crime
6016,Drama
17186,Adventure
17186,Romance
17186,Action
17186,Drama
13967,Romance
13967,Family
13967,Drama
2008,Thriller
2008,Fantasy
2008,Romance
2008,Action
2008,Drama
9053,Adventure
9053,Thriller
9053,Action
4512,Western
4512,Action
4512,Drama
76349,Adventure
76349,History
76349,Action
76349,Drama
76349,War
31203,Comedy
265208,Thriller
265208,Crime
265208,Drama
45610,Thriller
45610,Action
45610,Crime
50135,Animation
50135,Comedy
50135,Family
1874,History
1874,Drama
271331,Drama
215211,Romance
215211,Drama
367961,Adventure
367961,Animation
367961,Fantasy
10955,Thriller
10955,Crime
223702,Adventure
223702,Animation
223702,Fantasy
223702,Comedy
254470,Comedy
254470,Music
69,Romance
69,Drama
69,Music
4967,Comedy
9449,Adventure
9449,Fantasy
9449,Action
9449,Comedy
9449,Family
11499,History
11499,Drama
4912,Thriller
4912,Romance
4912,Comedy
4912,Crime
4912,Drama
12771,Romance
12771,Comedy
323676,Comedy
12506,Drama
24071,Romance
24071,Comedy
24071,Drama
11249,Comedy
11249,Horror
11249,Drama
9667,Thriller
9667,Fantasy
9667,Mystery
9667,Drama
812,Adventure
812,Animation
812,Fantasy
812,Comedy
812,Family
277216,Drama
277216,Music
87,Adventure
87,Action
14444,Animation
14444,Family
2043,Thriller
2043,Mystery
2043,Action
2043,Crime
315664,Comedy
315664,Drama
1428,Action
562,Thriller
562,Action
15373,Comedy
318846,Comedy
318846,Drama
26320,Comedy
26320,Drama
26320,Music
14292,History
14292,Drama
924,Fantasy
924,Action
924,Horror
2018,Comedy
192577,Science Fiction
192577,Animation
9428,Comedy
9428,Drama
2832,Thriller
2832,Mystery
137093,Comedy
699,Adventure
699,Thriller
699,Action
9778,Romance
9778,Comedy
8831,Science Fiction
8831,Thriller
8831,Action
8831,Crime
9398,Comedy
112949,Romance
10439,Fantasy
10439,Comedy
10439,Family
3638,Comedy
23483,Action
23483,Crime
62206,Adventure
62206,Action
62206,Comedy
10577,Thriller
10577,Horror
218778,Comedy
218778,Family
4348,Romance
4348,Drama
78,Science Fiction
78,Thriller
78,Drama
11780,Adventure
192102,Thriller
192102,Action
192102,Crime
192102,Drama
2001,Thriller
2001,Crime
2001,Drama
10383,Thriller
10383,Horror
11516,Documentary
10025,Fantasy
10025,Romance
10025,Comedy
10025,Family
10025,Drama
15198,Comedy
15198,Drama
23172,Action
23172,Comedy
23172,Family
17834,Adventure
17834,Fantasy
17834,Comedy
17834,Family
10016,Science Fiction
10016,Action
10016,Horror
10317,Comedy
10317,Drama
58431,Thriller
58431,Romance
58431,Comedy
58431,Horror
9746,Drama
13092,Romance
13092,Comedy
13092,Drama
59859,Adventure
59859,Action
59859,Crime
13495,Action
254473,Action
254473,Crime
254473,Drama
700,Adventure
700,Thriller
700,Action
4964,Romance
4964,Comedy
4964,Drama
10024,Drama
13490,Comedy
13490,Drama
15927,Adventure
15927,History
15927,Drama
1259,Romance
1259,Drama
5125,Thriller
5125,Drama
174,Science Fiction
174,Adventure
174,Thriller
174,Action
9583,Romance
9583,Comedy
9583,Drama
9437,Thriller
9437,Mystery
9437,Crime
9437,Drama
525,Action
525,Comedy
525,Crime
525,Music
10188,Adventure
10188,Comedy
10188,Family
10188,Drama
63574,Comedy
63574,Music
245,Romance
245,Comedy
245,Drama
9825,Science Fiction
9825,Thriller
9825,Action
9825,Comedy
9825,Horror
186,Thriller
186,Mystery
186,Crime
186,Drama
9549,History
9549,Drama
61891,Thriller
61891,History
61891,Drama
34584,Adventure
34584,Fantasy
34584,Family
34584,Drama
2666,Science Fiction
2666,Mystery
12783,History
12783,Romance
12783,Drama
13155,Adventure
13155,Fantasy
13155,Family
42807,Action
42807,Crime
42807,Drama
28355,Thriller
28355,Mystery
28355,Horror
8080,Thriller
8080,Crime
5126,Drama
56288,Action
56288,Comedy
56288,Family
303858,Thriller
1613,Thriller
1613,Action
1613,Comedy
1613,Crime
31582,Comedy
31582,Drama
16617,Thriller
16617,Mystery
16617,Crime
8944,Comedy
8944,Drama
41488,Thriller
41488,Drama
37028,Comedy
37028,Drama
37028,Music
14560,Adventure
14560,Action
14560,Comedy
14560,Family
10330,Comedy
6957,Romance
6957,Comedy
1934,History
1934,Romance
169917,Thriller
169917,Mystery
169917,Crime
169917,Drama
951,Comedy
10189,Action
10189,Comedy
9454,Romance
9454,Comedy
9454,Drama
2055,Western
1551,Science Fiction
1551,Thriller
1551,Horror
1551,Drama
5902,History
5902,Drama
5902,War
11460,Thriller
11460,Horror
9358,Mystery
9358,Horror
134,Adventure
134,Action
134,Comedy
22894,Horror
134374,Thriller
134374,Action
134374,Crime
1901,Romance
1901,Comedy
1901,Drama
15028,Science Fiction
15028,Adventure
15028,Thriller
15028,Family
11509,Western
11509,Action
11509,Crime
11509,Drama
7445,Thriller
7445,Drama
7445,War
17047,Comedy
62838,Romance
62838,Comedy
2057,Thriller
2057,Mystery
2057,Romance
2057,Drama
70436,Thriller
70436,Mystery
70436,Crime
16784,Comedy
8011,Science Fiction
8011,Fantasy
8011,Action
31640,Thriller
31640,Crime
31640,Drama
9092,Fantasy
9092,Horror
2779,Thriller
2779,Mystery
2779,Romance
2779,Comedy
2779,Crime
316002,Romance
316002,Comedy
36355,Adventure
36355,Family
238615,Science Fiction
238615,Thriller
238615,Mystery
1985,Thriller
1985,Mystery
1985,Drama
615,Drama
788,Comedy
788,Family
788,Drama
380,Drama
13223,Drama
10523,History
10523,Drama
8681,Thriller
8681,Action
239571,Romance
239571,Drama
619,Thriller
619,Romance
619,Action
619,Drama
619,Music
424,History
424,Drama
424,War
50014,Drama
162903,Thriller
162903,Drama
11024,Adventure
11024,Fantasy
11024,Mystery
11024,Comedy
208763,Adventure
208763,Thriller
208763,Fantasy
208763,Mystery
6466,Horror
254024,Thriller
254024,Drama
12589,Adventure
12589,Animation
12589,Action
12589,Comedy
12589,Family
7191,Science Fiction
7191,Thriller
7191,Action
1497,Science Fiction
1497,Adventure
1497,Action
1497,Comedy
1497,Family
117,Thriller
117,History
117,Crime
117,Drama
6977,Thriller
6977,Crime
6977,Drama
168530,Action
168530,Comedy
634,Romance
634,Comedy
634,Drama
392,Romance
392,Comedy
392,Drama
10327,Comedy
88042,Comedy
41630,Romance
41630,Comedy
11969,Adventure
11969,History
11969,Western
11969,Action
11969,Drama
2085,Thriller
2085,Action
2085,Crime
794,Thriller
794,Horror
9286,Mystery
9286,Horror
77877,Romance
77877,Drama
1265,Adventure
1265,Family
1265,Drama
866,Drama
175555,Comedy
175555,Drama
75174,Thriller
75174,Action
75174,Drama
11096,Thriller
11096,Mystery
11096,Horror
8699,Comedy
769,Crime
769,Drama
10923,Action
11283,Fantasy
11283,Comedy
11283,Family
111,Thriller
111,Action
111,Crime
111,Drama
11676,Adventure
11676,Action
11676,Comedy
746,History
746,Drama
77866,Thriller
77866,Action
77866,Crime
77866,Drama
9416,Adventure
9416,Action
9416,Comedy
7345,Drama
14317,Adventure
14317,Animation
14317,Family
20694,Animation
20694,Family
12277,Action
12277,Comedy
9779,Comedy
9779,Drama
2140,Thriller
2140,Action
2140,Crime
12620,Romance
12620,Comedy
14177,Romance
14177,Comedy
198185,Drama
227156,Science Fiction
227156,Drama
10735,Comedy
11351,Thriller
11351,Horror
10030,Romance
10030,Comedy
10030,Drama
10623,Action
10623,Crime
10623,Drama
590,Drama
9655,Romance
9655,Comedy
9655,Family
9655,Drama
1268,Comedy
1268,Family
11237,Science Fiction
11237,Adventure
11237,Thriller
11237,Action
11237,Horror
190955,Thriller
190955,Crime
190955,Drama
5123,Drama
4518,History
4518,Drama
11932,Comedy
11932,Horror
11165,Adventure
11165,History
11165,Action
11165,Drama
11165,War
6116,Adventure
6116,Fantasy
6116,Comedy
6116,Drama
6116,Music
57431,Comedy
21724,Action
21724,Comedy
21724,Music
278,Crime
278,Drama
9290,Adventure
9290,Comedy
11543,Comedy
284536,Thriller
284536,Crime
284536,Drama
152737,Comedy
152737,Drama
13374,Comedy
13374,Family
13374,Drama
8976,Comedy
319888,History
319888,Comedy
319888,Drama
9469,Drama
1909,Romance
1909,Comedy
1909,Drama
22971,Romance
22971,Drama
22971,War
34813,Adventure
34813,Thriller
34813,Mystery
34813,Action
34813,Crime
46261,Thriller
46261,Fantasy
46261,Horror
10431,Thriller
10431,Action
10431,Crime
8051,Romance
8051,Comedy
8051,Drama
9352,Comedy
10167,Thriller
10167,Action
10167,Crime
18147,Comedy
18147,Family
17170,Drama
18975,Animation
18975,Fantasy
18975,Family
15487,Family
15487,Drama
22825,Science Fiction
22825,Thriller
11152,Horror
11152,Drama
1831,Comedy
43931,Thriller
43931,Mystery
43931,Horror
43931,Drama
10591,Comedy
10861,Adventure
10861,Thriller
10861,Action
12770,Action
12770,Comedy
12770,Drama
276907,Thriller
276907,Crime
10074,Action
10074,Comedy
65055,Thriller
65055,Horror
10397,Drama
200505,Drama
11954,Science Fiction
11954,Thriller
11954,Fantasy
11954,Horror
60309,History
60309,Crime
60309,Drama
9787,Drama
293646,History
293646,Drama
6978,Adventure
6978,Fantasy
6978,Action
6978,Comedy
133698,Romance
133698,Comedy
59440,Action
59440,Drama
1770,Thriller
1770,Drama
10655,History
10655,Drama
10655,War
8988,Drama
8988,War
15992,Thriller
15992,Mystery
15992,Drama
17707,Thriller
17707,Drama
77883,Thriller
77883,Horror
40001,Romance
40001,Comedy
40001,Drama
64639,Thriller
64639,Drama
9903,Comedy
9903,Drama
21338,Thriller
21338,Action
21338,Crime
20766,Adventure
20766,Drama
24264,Science Fiction
24264,Adventure
24264,Fantasy
24264,Action
24264,Comedy
19803,Action
19803,Comedy
20309,Romance
20309,Comedy
9912,Drama
9067,Science Fiction
9067,Fantasy
9067,Action
9067,Comedy
27360,Comedy
27360,Crime
8338,Science Fiction
8338,Thriller
8338,Mystery
8338,Drama
168705,Adventure
168705,Fantasy
168705,Action
168705,Horror
72113,Comedy
72113,Drama
9729,Thriller
9729,Mystery
9729,Drama
94352,Fantasy
94352,Family
22256,Drama
12404,Romance
12404,Comedy
12404,Drama
152742,Mystery
152742,Romance
152742,Crime
152742,Drama
11699,Crime
11699,Drama
49953,Animation
49953,Family
48034,Comedy
48034,Drama
39845,Drama
25353,Adventure
25353,Animation
25353,Family
36696,Animation
36696,Family
109091,Thriller
109091,Crime
109091,Drama
38543,Adventure
38543,History
38543,Romance
38543,Action
33157,History
33157,Action
33157,Drama
290864,Thriller
290864,Action
290864,Crime
242166,Thriller
242166,Action
859,Romance
859,Drama
83770,Adventure
83770,Drama
168,Science Fiction
168,Adventure
1246,Drama
4233,Mystery
4233,Horror
174751,Western
174751,Action
174751,Drama
184098,Romance
184098,Comedy
2069,Comedy
2069,Crime
1788,Romance
1788,Family
1788,Drama
1788,Music
11635,Comedy
177,Comedy
177,Drama
3600,Thriller
3600,Mystery
3600,Horror
2621,Romance
2621,Comedy
2621,Drama
10358,Comedy
10480,Thriller
10480,Comedy
10480,Crime
10313,Comedy
10313,War
18828,Adventure
18828,Romance
18828,Action
18828,Comedy
18828,Drama
3558,Drama
13476,Romance
13476,Comedy
10208,Science Fiction
10208,Fantasy
10208,Comedy
10208,Family
24961,Adventure
24961,Fantasy
24961,Family
24961,Music
20697,Action
20697,Comedy
20697,Drama
20761,Comedy
20761,Drama
70868,Romance
70868,Comedy
43593,Comedy
43593,Horror
6478,Drama
6478,Music
40688,Animation
40688,Comedy
40688,Family
26672,Science Fiction
26672,Adventure
26672,Animation
26672,Fantasy
26672,Family
45881,Romance
45881,Drama
41283,Thriller
41283,Action
41283,Crime
41283,Drama
4935,Adventure
4935,Animation
4935,Fantasy
19908,Comedy
19908,Horror
10663,Comedy
1891,Science Fiction
1891,Adventure
1891,Action
9737,Thriller
9737,Action
9737,Comedy
9737,Crime
37137,Comedy
37137,Crime
9532,Horror
10316,Drama
2787,Science Fiction
2787,Thriller
2787,Action
12658,Romance
12658,Comedy
152601,Science Fiction
152601,Romance
152601,Drama
10866,Thriller
10866,Mystery
10866,Drama
227707,Adventure
227707,Fantasy
227707,Family
21349,Romance
21349,Comedy
21349,Drama
19150,Action
19150,Comedy
70435,Thriller
70435,Action
580,Adventure
580,Thriller
9819,Drama
13579,Family
13579,Drama
20024,Drama
2453,Thriller
2453,Action
6973,Thriller
6973,History
6973,Mystery
6973,Crime
6973,Drama
11156,History
11156,Drama
354110,Western
354110,Drama
22215,Romance
22215,Comedy
22215,Drama
11632,Romance
11632,Drama
30596,History
30596,Action
30596,Drama
3021,Thriller
3021,Horror
957,Science Fiction
957,Comedy
256917,Drama
256917,War
251,Thriller
251,Fantasy
251,Mystery
251,Romance
251,Drama
544,Romance
544,Comedy
11395,Fantasy
11395,Comedy
11395,Family
11395,Drama
14635,Family
14635,Drama
13680,Comedy
13680,Family
688,Romance
688,Drama
11090,Action
11090,Comedy
783,History
783,Drama
228194,Drama
1642,Thriller
1642,Mystery
1642,Action
1642,Crime
1642,Drama
10950,Drama
235260,Drama
277,Thriller
277,Fantasy
277,Action
8999,Thriller
8999,Drama
11323,Comedy
11323,Crime
11323,Drama
10445,Romance
10445,Drama
11453,Comedy
146239,Comedy
205588,Thriller
10878,Romance
10878,Comedy
10878,Crime
82650,Comedy
82650,Family
10279,Thriller
10279,Romance
10279,Crime
10279,Drama
2294,Comedy
2176,Thriller
2176,Drama
270487,Mystery
270487,Comedy
270487,Drama
19366,Comedy
19366,Music
204082,Thriller
204082,Action
24100,Family
24100,Horror
1599,Romance
1599,Comedy
5550,Science Fiction
5550,Adventure
5550,Thriller
5550,Action
5550,Crime
30379,Science Fiction
30379,Thriller
30379,Action
42586,Thriller
42586,Romance
42586,Comedy
42586,Drama
42586,Music
17709,Romance
17709,Comedy
17709,Family
287948,Thriller
287948,Action
287948,Crime
7548,Romance
7548,Drama
9075,Thriller
9075,Drama
9075,War
11661,History
11661,Romance
11661,Drama
11661,Music
11661,War
109513,Romance
109513,Action
109513,Comedy
12085,Action
12085,Comedy
12085,Crime
204922,Thriller
204922,Mystery
38985,Adventure
38985,Thriller
38985,Action
44113,Drama
21494,Romance
21494,Comedy
21494,Drama
164457,Thriller
164457,Crime
164457,Drama
4566,Mystery
4566,Crime
4566,Drama
17795,Comedy
17795,Drama
1073,Thriller
1073,Mystery
1073,Drama
153158,Adventure
153158,Animation
153158,Romance
81836,Romance
81836,Comedy
10724,Science Fiction
10724,Adventure
10724,Thriller
10724,Action
9473,Animation
9473,Comedy
9473,Music
2196,Comedy
2196,Drama
1499,Adventure
1499,Fantasy
1499,Action
1499,Comedy
1499,Family
20857,Romance
20857,Comedy
82693,Romance
82693,Comedy
82693,Drama
1646,Crime
1646,Drama
44944,Drama
4108,Thriller
4108,Action
4108,Crime
8456,Action
8456,Drama
7341,Science Fiction
7341,Thriller
7341,Horror
19255,Romance
19255,Comedy
19255,Drama
10187,Comedy
10187,Drama
31005,Romance
31005,Drama
49517,Thriller
49517,Mystery
49517,Drama
44857,Romance
44857,Comedy
44857,Drama
50780,Drama
16363,Comedy
1946,Science Fiction
1946,Thriller
1946,Action
1946,Horror
85,Adventure
85,Action
772,Adventure
772,Comedy
772,Family
772,Crime
840,Science Fiction
840,Drama
9682,Thriller
9682,Horror
96,Action
96,Comedy
96,Crime
10678,Comedy
274,Thriller
274,Crime
274,Drama
8872,Comedy
8872,Music
16290,Documentary
16290,Action
16290,Comedy
579,Thriller
579,Horror
14405,Adventure
14405,Comedy
14405,Family
138843,Thriller
138843,Horror
11637,Adventure
11637,Romance
11637,Comedy
11637,Family
226486,Comedy
1584,Comedy
1584,Music
9312,Fantasy
9312,Action
12153,Comedy
65057,Comedy
65057,Drama
8326,Adventure
8326,Comedy
8326,Family
8326,Drama
35690,Romance
35690,Family
35690,Drama
76203,History
76203,Drama
13497,Romance
13497,Comedy
13497,Drama
13497,Music
35688,Romance
35688,Comedy
162,Fantasy
162,Romance
162,Drama
296096,Romance
296096,Drama
103370,Comedy
103370,Crime
103370,Drama
1051,Thriller
1051,Action
1051,Crime
376659,Comedy
10073,Comedy
16690,Adventure
16690,Animation
16690,Fantasy
16690,Family
273895,History
273895,Drama
14873,Adventure
14873,Animation
14873,Family
8968,Thriller
8968,Mystery
8968,Horror
8968,Drama
9963,Thriller
9963,Mystery
9963,Drama
15655,Animation
15655,Family
21208,Thriller
21208,Mystery
21208,Horror
272878,Adventure
272878,Family
272878,Drama
9760,Adventure
9760,Action
9760,Comedy
314365,Thriller
314365,History
314365,Drama
13279,Thriller
13279,Crime
13279,Drama
1975,Thriller
1975,Horror
33644,Romance
33644,Comedy
33644,Drama
1649,Science Fiction
1649,Adventure
1649,Fantasy
1649,Comedy
1649,Family
9895,Thriller
9895,Romance
9895,Comedy
9895,Drama
9570,Science Fiction
9570,Adventure
9570,Action
9570,Family
27579,Thriller
27579,Crime
27579,Drama
16052,Drama
40264,Comedy
40264,Horror
1164,Drama
239678,Comedy
239678,Drama
14359,Mystery
14359,Drama
3989,Adventure
3989,Animation
3989,Action
3989,Comedy
3989,Music
76617,Thriller
76617,Horror
1710,Thriller
1710,Drama
4258,Comedy
20391,Western
20391,Action
20391,Comedy
20391,Drama
20391,Music
10139,History
10139,Drama
335778,Action
9645,Thriller
9645,Mystery
9645,Horror
55465,Comedy
617,Mystery
617,Crime
617,Drama
19904,Thriller
19904,Mystery
19904,Horror
48289,Thriller
48289,Drama
243,Romance
243,Comedy
243,Drama
243,Music
6933,Thriller
6933,Mystery
6933,Horror
17182,Thriller
17182,Drama
8848,Thriller
8848,Crime
8848,Drama
38,Science Fiction
38,Romance
38,Drama
38303,Romance
38303,Comedy
1266,Thriller
1266,Action
1266,Crime
1266,Drama
107985,Science Fiction
107985,Action
107985,Comedy
14043,Adventure
14043,Mystery
14043,Action
14043,Family
14043,Crime
19901,Science Fiction
19901,Thriller
19901,Fantasy
19901,Action
19901,Horror
34016,Romance
34016,Comedy
59860,Adventure
59860,Romance
59860,Comedy
10069,Thriller
10069,Horror
9588,Adventure
9588,Romance
9588,Western
9588,Action
9588,Drama
12819,Animation
12819,Family
9954,Science Fiction
9954,Adventure
9954,Fantasy
9954,Action
9954,Horror
10115,Comedy
10115,Drama
25132,Comedy
25132,Family
577,Thriller
577,Fantasy
577,Comedy
577,Drama
328387,Adventure
328387,Mystery
328387,Crime
12690,Western
12690,Crime
12690,Drama
9945,Thriller
9945,Fantasy
9945,Action
9945,Horror
9945,Drama
539,Thriller
539,Horror
539,Drama
13596,Romance
13596,Comedy
226857,Romance
226857,Drama
13159,Romance
13159,Comedy
13159,Drama
47941,Comedy
526,Adventure
526,Fantasy
526,Romance
526,Drama
22796,Comedy
22796,Family
22796,Drama
2355,Drama
5915,Adventure
5915,Drama
9842,Romance
9842,Comedy
9842,Drama
61012,Thriller
61012,Mystery
61012,Horror
755,Thriller
755,Action
755,Horror
755,Crime
13682,Animation
13682,Family
9089,Romance
9089,Comedy
9089,Drama
9470,Fantasy
9470,Action
9470,Comedy
9470,Crime
18357,Adventure
18357,Comedy
18357,Family
7979,Drama
470,Thriller
470,Crime
470,Drama
15644,Thriller
15644,Action
15644,Drama
9582,Romance
9582,Comedy
10642,Romance
10642,Comedy
10642,Family
10642,Drama
22074,Documentary
2428,History
2428,Drama
290751,Mystery
290751,Crime
290751,Drama
13805,Action
13805,Comedy
4597,Thriller
4597,Action
4597,Crime
4597,Drama
9414,Thriller
9414,Action
9414,Comedy
9414,Crime
63492,Romance
63492,Comedy
81796,Science Fiction
81796,Thriller
81796,Action
10710,Comedy
15092,Thriller
15092,Action
15092,Crime
11382,Thriller
11382,Action
11382,Comedy
15005,Drama
8198,Thriller
8198,Romance
8198,Action
8198,Drama
6963,Comedy
6963,Drama
15070,Adventure
15070,Thriller
15070,Action
15070,Drama
12797,Fantasy
12797,Romance
12797,Comedy
17134,Adventure
17134,Thriller
17134,Action
17134,Drama
41402,Mystery
41402,Horror
41402,Drama
18885,Adventure
18885,Action
18885,Comedy
18885,Family
4953,Comedy
4953,Drama
10773,Comedy
10773,Drama
146198,Thriller
146198,Action
2639,Comedy
2639,Drama
10563,Romance
10563,Comedy
295964,Drama
5971,Comedy
5971,Crime
5971,Drama
9716,Romance
9716,Comedy
9716,Music
11835,Thriller
11835,Action
11835,Crime
11835,Drama
26171,Drama
31117,Comedy
31117,Family
9074,Action
9074,Comedy
9074,Crime
14396,Action
14396,Comedy
14396,Crime
15673,Comedy
42618,Romance
42618,Comedy
42618,Drama
42618,Music
171274,Mystery
171274,Romance
171274,Comedy
171274,Crime
171274,Drama
24432,Family
109417,Drama
109417,Music
13948,Fantasy
13948,Comedy
106747,Thriller
106747,Action
106747,Crime
10929,Horror
14220,Comedy
46435,Comedy
46435,Drama
46435,Music
256962,Comedy
256962,Drama
256962,War
48231,Thriller
48231,Drama
3509,Science Fiction
3509,Animation
3509,Thriller
82684,Drama
12142,Thriller
12142,Fantasy
12142,Action
12142,Horror
23367,Comedy
23367,Family
23367,Drama
23367,Music
10740,Thriller
10740,Mystery
10740,Drama
241239,Thriller
241239,Crime
241239,Drama
14582,History
14582,Romance
14582,Drama
14582,War
14914,Drama
3902,Drama
3902,Music
77948,Thriller
77948,Action
21755,Adventure
21755,Romance
21755,Comedy
21755,Drama
4960,Drama
128,Adventure
128,Animation
128,Fantasy
14652,Comedy
14652,Drama
40932,Comedy
40932,Music
16608,Adventure
16608,Thriller
16608,Action
16608,Crime
16608,Drama
334531,Drama
32316,Comedy
7299,Science Fiction
7299,Thriller
7299,Action
13405,Drama
13405,War
19457,Thriller
19457,Action
19457,Crime
19457,Drama
112937,Family
314385,Romance
314385,Drama
8953,Science Fiction
8953,Animation
8953,Fantasy
29078,Drama
46503,Thriller
46503,Mystery
46503,Romance
46503,Crime
46503,Drama
10448,Adventure
13688,Science Fiction
13688,Fantasy
13688,Comedy
13688,Family
13688,Drama
10353,Fantasy
10353,Comedy
43935,Science Fiction
43935,Mystery
43935,Action
43935,Comedy
43935,Horror
11458,Thriller
11458,Drama
44638,Fantasy
44638,Drama
241257,Thriller
241257,Mystery
241257,Horror
14538,History
14538,Action
14538,Drama
13250,Thriller
13250,Crime
13250,Drama
133931,Adventure
133931,Animation
133931,Comedy
133931,Family
280871,History
280871,Drama
239897,Animation
184341,Drama
334074,Thriller
199373,Thriller
199373,Crime
14202,Romance
14202,Drama
6968,Thriller
6968,History
6968,Action
6968,Crime
6968,Drama
581,Adventure
581,Western
581,Drama
52449,Comedy
12150,Mystery
12150,Crime
12150,Drama
11247,Comedy
4232,Mystery
4232,Horror
4232,Crime
9378,Thriller
9378,Horror
694,Thriller
694,Horror
105,Science Fiction
105,Adventure
105,Comedy
105,Family
11377,Thriller
11377,Mystery
11377,Horror
26367,Comedy
26367,Drama
385383,Action
385383,Drama
41210,Romance
41210,Comedy
41210,Drama
12090,Comedy
62630,Thriller
62630,Action
62630,Crime
62630,Drama
62630,War
16110,Science Fiction
16110,Animation
16110,Family
16110,Drama
29427,Mystery
29427,Action
29427,Horror
129,Adventure
129,Animation
129,Fantasy
129,Family
244114,Action
244114,Crime
2669,History
2669,Action
2669,Drama
203833,Drama
13523,Adventure
13523,Romance
13523,Comedy
25195,Romance
25195,Comedy
17277,History
17277,Drama
50725,Romance
50725,Comedy
50725,Drama
82631,Drama
73191,Fantasy
73191,Family
73191,Music
22479,Thriller
22479,Crime
22479,Drama
22479,Music
340611,Drama
10065,Thriller
10065,Horror
10065,Drama
2757,Comedy
2757,Crime
2757,Drama
11683,Horror
244339,Action
1878,Adventure
1878,Comedy
1878,Drama
23082,Fantasy
23082,Romance
23082,Comedy
195589,Comedy
854,Fantasy
854,Romance
854,Comedy
854,Crime
2280,Fantasy
2280,Romance
2280,Comedy
2280,Family
2280,Drama
496,Comedy
8835,Comedy
157,Science Fiction
157,Adventure
157,Thriller
157,Action
8643,Thriller
8643,Horror
8643,Crime
8643,Drama
10402,Comedy
218043,Science Fiction
218043,Thriller
218043,Action
9043,Romance
9043,Comedy
9043,Drama
21301,Comedy
21301,Drama
10147,Comedy
10147,Crime
10147,Drama
816,Science Fiction
816,Comedy
816,Crime
302688,Romance
302688,Comedy
302688,Family
60307,Comedy
60307,Family
106,Science Fiction
106,Adventure
106,Thriller
106,Action
279,History
279,Drama
279,Music
8617,Horror
8617,Crime
10625,Comedy
10934,Romance
10934,Comedy
10934,Drama
5279,Thriller
5279,Mystery
5279,Drama
10013,Fantasy
10013,Romance
10013,Comedy
10013,Drama
194662,Comedy
194662,Drama
160588,Comedy
160588,Drama
9829,Thriller
9829,History
9829,Action
9829,Crime
9829,Drama
10028,Romance
10028,Family
10028,Music
10535,Action
10535,Comedy
790,Horror
43959,Action
43959,Drama
10364,Comedy
10364,Drama
10364,War
16991,Comedy
16991,Crime
16991,Drama
9610,Adventure
9610,Fantasy
9610,Action
1578,Drama
25643,Romance
25643,Drama
11904,Adventure
11904,Action
11904,Family
11904,Crime
11904,Drama
28665,Romance
28665,Comedy
28665,Drama
28665,Music
44115,Adventure
44115,Thriller
44115,Drama
10569,Action
10569,Comedy
10569,Crime
10560,Drama
10560,Music
333348,Comedy
333348,Family
20483,Adventure
20483,Action
20483,Family
11457,Drama
321697,History
321697,Drama
19840,Romance
19840,Comedy
22327,Romance
22327,Comedy
22327,Drama
38665,Adventure
38665,Romance
38665,Western
38665,Action
2575,Thriller
2575,Drama
11644,Thriller
11644,Mystery
11644,Drama
146227,Action
146227,Crime
68924,Drama
253235,Romance
253235,Comedy
253235,Drama
22102,Adventure
22102,Comedy
22102,Family
18701,Romance
18701,Comedy
18701,Drama
10068,Romance
10068,Drama
848,Fantasy
36811,Romance
36811,Drama
522,History
522,Comedy
522,Drama
130150,Drama
12246,History
13809,Thriller
13809,Action
13809,Crime
27380,Science Fiction
27380,Adventure
27380,Action
10549,Drama
33870,Romance
33870,Drama
245703,Science Fiction
245703,Adventure
245703,Drama
10739,Romance
10739,Comedy
127560,History
127560,Drama
37903,Mystery
37903,Crime
37903,Drama
396152,Horror
10017,Science Fiction
10017,Romance
10017,Action
10017,Horror
10017,Crime
11468,Thriller
11468,Mystery
11468,Drama
193613,Music
17436,Drama
43434,Thriller
43434,History
43434,Crime
43434,Drama
31166,Thriller
31166,Drama
69848,History
69848,Western
69848,Action
69848,Drama
8408,Science Fiction
8408,Horror
332411,Thriller
332411,Action
332411,Crime
332411,Drama
9389,Science Fiction
9389,Animation
9389,Action
9626,Adventure
9626,Fantasy
9626,Action
75638,Thriller
8363,Comedy
15670,Comedy
15670,Crime
15670,Drama
290555,Action
290555,Horror
8328,Romance
8328,Drama
8328,Music
10982,Animation
10982,Comedy
10982,Family
205,History
205,Drama
205,War
1620,Thriller
1620,Action
1620,Crime
1620,Drama
175541,Drama
175541,Music
241254,Thriller
241254,Action
31932,Thriller
1933,Thriller
1933,Mystery
1933,Horror
1933,Drama
679,Science Fiction
679,Thriller
679,Action
679,Horror
11113,Romance
11113,Family
11113,Drama
11113,Music
3597,Thriller
3597,Mystery
3597,Horror
193893,Comedy
9675,Romance
9675,Comedy
9675,Drama
9988,Comedy
948,Thriller
948,Horror
21765,Science Fiction
21765,Comedy
21765,Family
146304,Comedy
7516,Thriller
7516,Action
7516,Comedy
7516,Crime
41439,Horror
41439,Crime
2752,Romance
2752,Comedy
9429,Comedy
38117,Fantasy
38117,Romance
38117,Drama
9792,Thriller
9792,Horror
13778,Comedy
228203,Drama
41382,Comedy
13960,Drama
114150,Romance
114150,Comedy
114150,Music
26602,Romance
26602,Comedy
26602,Drama
10223,Thriller
10223,Crime
10223,Drama
16028,Thriller
16028,Horror
15639,Comedy
16112,Family
26390,Thriller
26390,Crime
26390,Drama
27759,History
27759,Action
27759,Drama
109428,Horror
23049,Romance
23049,Comedy
9310,Comedy
9310,Family
9310,Drama
11411,Science Fiction
11411,Adventure
11411,Action
16988,Drama
7304,Thriller
7304,Action
7304,Crime
7304,Drama
24747,Drama
58048,Adventure
1491,Thriller
1491,Fantasy
1491,Romance
1491,Drama
2989,Adventure
2989,Thriller
10629,Thriller
10629,Crime
10629,Drama
255343,Thriller
255343,Romance
4723,Science Fiction
4723,Adventure
4723,Action
4723,Comedy
4723,Drama
10800,Animation
10800,Family
25763,Science Fiction
25763,Adventure
25763,Action
79694,Thriller
79694,Horror
4032,Comedy
4032,Family
4032,Drama
18615,Mystery
18615,Romance
18615,Drama
10673,Crime
10673,Drama
4584,Romance
4584,Drama
2977,Romance
2977,Drama
10760,Comedy
11093,Drama
207,Drama
8467,Comedy
639,Romance
639,Comedy
639,Drama
24226,Drama
9285,Adventure
9285,Comedy
14709,Romance
14709,Comedy
14709,Drama
74643,Romance
74643,Comedy
74643,Drama
13788,Thriller
13788,Mystery
13788,Horror
83666,Romance
83666,Comedy
83666,Drama
10781,Horror
318850,Drama
13908,Comedy
13908,Family
1417,Fantasy
1417,Drama
1417,War
39180,Action
39180,Comedy
39180,Family
16161,Romance
16161,Crime
16161,Drama
49950,Thriller
49950,Horror
49950,Drama
10956,Adventure
10956,Mystery
10956,Romance
10956,Comedy
10956,Drama
9594,Thriller
9594,Action
9594,Crime
9594,Drama
4638,Action
4638,Comedy
4638,Crime
13972,Romance
13972,Comedy
13972,Drama
5038,Romance
5038,Drama
13491,Adventure
13491,Romance
13491,Action
13491,Drama
10571,Romance
10571,Comedy
10571,Drama
10994,Drama
19994,Comedy
19994,Horror
25166,Mystery
25166,Comedy
25166,Crime
30890,Comedy
30890,Drama
23169,Romance
23169,Drama
17403,Romance
17403,Comedy
17403,Drama
12120,Science Fiction
12120,Comedy
9800,Drama
1090,Science Fiction
1090,Thriller
1090,Mystery
18475,Comedy
18475,Drama
40160,Science Fiction
40160,Thriller
40160,Action
18074,Comedy
18074,Drama
18074,Music
9689,Comedy
9689,Drama
9781,Comedy
9781,Music
8009,Adventure
8009,Fantasy
8009,Action
3877,Drama
8854,Science Fiction
8854,Adventure
8854,Action
152599,Romance
152599,Drama
18840,History
18840,Romance
18840,Family
18840,Drama
68727,Thriller
68727,Mystery
68727,Crime
68727,Drama
12657,Romance
12657,Comedy
8265,Comedy
12410,Drama
34647,Fantasy
34647,Drama
73935,Romance
73935,Comedy
73935,Horror
28178,Family
28178,Drama
185567,Thriller
185567,Crime
185567,Drama
264656,Western
264656,Drama
35696,Comedy
35696,Drama
16351,Drama
16351,War
38717,Adventure
38717,Action
38717,Drama
18777,Thriller
18777,Mystery
18777,Crime
18777,Drama
2110,Action
2110,Comedy
2110,Drama
9035,Science Fiction
9035,Comedy
9035,Horror
90,Action
90,Comedy
90,Crime
771,Comedy
771,Family
12154,Comedy
12154,Family
12154,Drama
9576,Romance
9576,Comedy
744,Romance
744,Action
744,War
146,Adventure
146,Romance
146,Action
146,Drama
14,Drama
45269,History
45269,Drama
9493,Comedy
22556,Romance
22556,Drama
873,Drama
33196,Adventure
33196,Thriller
33196,Action
33196,Drama
205596,Thriller
205596,History
205596,Drama
205596,War
10765,Comedy
16769,Drama
16769,Music
33217,Comedy
33217,Family
132232,Horror
11153,Adventure
11153,Romance
11153,Comedy
208134,Comedy
1165,Drama
4011,Fantasy
4011,Comedy
17202,Comedy
17202,Drama
9587,Romance
9587,Drama
65086,Thriller
65086,Horror
65086,Drama
10053,Thriller
10053,Horror
11870,Comedy
11870,Family
11778,Drama
11778,War
586,Comedy
586,Drama
18736,Comedy
18736,Family
134411,Thriller
134411,Drama
287903,Fantasy
287903,Comedy
287903,Horror
9276,Science Fiction
9276,Mystery
9276,Horror
15765,Drama
15765,Music
2142,Action
2142,Crime
2142,Drama
11397,Comedy
77016,Thriller
77016,Crime
77016,Drama
11478,Thriller
11478,Crime
11478,Drama
266856,Romance
266856,Drama
13411,Comedy
13411,Crime
10564,Romance
10564,Comedy
10564,Drama
947,Adventure
947,History
947,Drama
947,War
24150,Horror
228970,Drama
18405,Thriller
18405,Horror
18405,Crime
18405,Drama
6961,Romance
6961,Comedy
11442,Thriller
11442,Horror
2493,Adventure
2493,Fantasy
2493,Romance
2493,Comedy
2493,Family
14047,Drama
64690,Thriller
64690,Action
64690,Crime
64690,Drama
11132,Comedy
17127,Romance
17127,Comedy
17127,Drama
1562,Science Fiction
1562,Thriller
1562,Horror
232679,Drama
17880,Comedy
17880,Family
17880,Drama
14736,Romance
14736,Action
14736,Comedy
14736,Drama
9434,Thriller
9434,Romance
9434,Action
9434,Comedy
23706,Comedy
11531,Thriller
11531,Mystery
11531,Horror
9100,Thriller
9100,Fantasy
9100,Horror
9100,Drama
116,Thriller
116,Romance
116,Crime
116,Drama
38843,Comedy
38843,Family
1245,Romance
1245,Drama
4995,Drama
10413,Adventure
10413,Thriller
10413,Action
10413,Drama
14012,Drama
9793,Thriller
9793,Horror
12212,Horror
13768,Science Fiction
13768,Fantasy
13768,Romance
13768,Family
13768,Drama
8975,Adventure
8975,Thriller
8975,Action
8975,Drama
342521,Action
342521,Comedy
45272,Romance
45272,Drama
9424,Science Fiction
9424,Mystery
9424,Horror
97367,Crime
97367,Drama
254904,Thriller
254904,Action
254904,Crime
18681,Thriller
18681,Mystery
18681,Drama
12162,Thriller
12162,Drama
12162,War
11495,Thriller
11495,Fantasy
11495,Action
11495,Horror
11495,Drama
64689,Thriller
64689,Crime
157849,Thriller
13166,Comedy
15511,Science Fiction
15511,Adventure
15511,Animation
15511,Comedy
15511,Family
37003,Documentary
37003,Music
12211,Science Fiction
12211,Fantasy
12211,Action
13816,Crime
13816,Drama
13816,Music
51828,Romance
51828,Drama
22798,Drama
7501,Thriller
7501,Crime
10743,Thriller
10743,Action
10743,Comedy
10743,Crime
37718,Fantasy
37718,Comedy
15237,Drama
15237,Music
9686,Romance
9686,Comedy
9686,Drama
17644,Family
97430,Action
12257,Romance
12257,Comedy
12257,Drama
13539,Romance
68,Science Fiction
68,Comedy
14024,Romance
14024,Drama
14024,Music
115,Comedy
115,Crime
7874,Drama
4911,Thriller
4911,Action
4911,Crime
4911,Drama
1988,Thriller
1988,Drama
16222,Romance
16222,Comedy
16222,Drama
9557,Comedy
9026,History
9026,Romance
9026,Comedy
9026,Drama
57943,Fantasy
57943,Romance
57943,Comedy
57943,Drama
18276,Family
18276,Drama
8321,Comedy
8321,Crime
8321,Drama
72359,Comedy
10186,Comedy
10186,Music
25704,Comedy
133694,Drama
19265,Romance
19265,Comedy
36047,Thriller
8053,Adventure
8053,Mystery
8053,Western
8053,Crime
8053,Drama
2290,History
2290,Comedy
2290,Drama
5236,Mystery
5236,Action
5236,Comedy
5236,Crime
6552,Thriller
6552,Comedy
6552,Horror
1018,Thriller
1018,Mystery
1018,Drama
10075,Fantasy
10075,Romance
10075,Horror
10075,Drama
38031,Romance
38031,Comedy
38031,Drama
42188,Science Fiction
42188,Romance
42188,Drama
112430,Drama
6687,Thriller
6687,Mystery
6687,Crime
13853,Adventure
13853,Drama
31306,Comedy
31306,Drama
8461,Thriller
8461,Horror
8461,Crime
331592,Science Fiction
331592,Thriller
331592,Drama
47692,Drama
19,Science Fiction
19,Drama
10045,Science Fiction
10045,Thriller
10045,Action
400,Crime
400,Drama
253450,History
253450,Action
253450,Drama
9104,Thriller
9104,Comedy
9104,Crime
9104,Drama
9104,War
11190,Thriller
11190,Mystery
11190,Drama
16353,Adventure
16353,Thriller
16353,Action
23759,Adventure
23759,Action
23759,Drama
24206,Thriller
24206,Action
24206,Drama
10185,Thriller
10185,Mystery
10185,Horror
10185,Crime
10185,Drama
75033,Drama
74536,Thriller
74536,Crime
74536,Drama
31668,History
31668,Action
31668,Comedy
31668,Drama
13501,Fantasy
13501,Romance
13501,Comedy
13501,Drama
13501,Music
15208,Fantasy
15208,Drama
172391,Adventure
172391,Animation
172391,Family
262543,Science Fiction
262543,Thriller
9288,Adventure
9288,Fantasy
9288,Action
370980,Drama
20083,Thriller
20083,Action
20083,Crime
20083,Drama
40880,Drama
137,Fantasy
137,Romance
137,Comedy
137,Drama
264999,Comedy
264999,Drama
264999,Music
454,Romance
454,Drama
53457,Drama
53457,War
288980,Drama
33,Western
1951,Drama
12405,Romance
12405,Drama
10998,Thriller
10998,Romance
10998,Drama
114,Romance
114,Comedy
9396,Adventure
9396,Comedy
319910,Thriller
319910,Mystery
319910,Crime
319910,Drama
2604,Drama
2604,War
864,Comedy
14435,Mystery
14435,Horror
1931,Drama
1931,Music
691,Adventure
691,Thriller
691,Action
9877,Thriller
9877,Horror
62008,Romance
62008,Comedy
62008,Drama
12227,Adventure
12227,Action
12227,Family
12227,Drama
13824,Comedy
13824,Family
71688,History
71688,Drama
15173,Adventure
15173,Animation
15173,Action
15173,Comedy
15173,Family
8291,Romance
8291,Drama
13950,Adventure
13950,Action
13950,Comedy
12158,Romance
12158,Comedy
12158,Horror
11586,Thriller
11586,Fantasy
11586,Horror
10008,Thriller
10008,Horror
2830,Romance
2830,Comedy
12403,Adventure
12403,Thriller
12403,Mystery
34563,Comedy
14557,Comedy
10368,Comedy
10368,Drama
10368,War
10280,Thriller
10280,Horror
12637,Romance
12637,Drama
12637,Music
34152,Comedy
34152,Drama
14434,Romance
14434,Comedy
11470,Science Fiction
11470,Horror
10741,History
10741,Drama
24940,Romance
24940,Comedy
82679,Comedy
2013,Drama
1440,Romance
1440,Drama
18041,Thriller
18041,Mystery
18041,Drama
28029,Romance
28029,Drama
1123,Thriller
1123,Action
1123,Drama
14033,Thriller
14033,Mystery
14033,Horror
87729,Romance
87729,Drama
16899,Romance
16899,Comedy
41317,Adventure
41317,Romance
41317,Action
41317,Drama
245700,History
245700,Drama
37842,Romance
37842,Drama
9045,History
9045,Drama
44092,History
44092,Action
16005,History
16005,Comedy
16005,Drama
44754,Drama
23988,Comedy
23988,Horror
43949,Romance
43949,Drama
142,Romance
142,Drama
9603,Romance
9603,Comedy
9603,Drama
10712,Romance
10712,Drama
243938,Comedy
10876,Drama
86838,Comedy
86838,Crime
25208,Thriller
25208,Mystery
25208,Drama
613,History
613,Drama
613,War
1913,Drama
97370,Science Fiction
97370,Thriller
97370,Drama
801,Comedy
801,Drama
801,War
70829,Thriller
70829,Action
70829,Comedy
54518,Documentary
54518,Family
54518,Music
44214,Thriller
44214,Drama
240,Crime
240,Drama
9816,Romance
9816,Family
9816,Drama
9816,Music
10131,Thriller
10131,Horror
339984,Drama
8859,Comedy
11967,Adventure
11967,Western
11967,Action
11967,Crime
11967,Drama
239563,Comedy
222899,Romance
222899,Comedy
4951,Romance
4951,Comedy
4951,Drama
10985,Comedy
10985,Family
9644,Comedy
332567,Thriller
332567,Horror
332567,Drama
1954,Science Fiction
1954,Thriller
15489,Comedy
15489,Family
15250,Comedy
15250,Drama
22345,Science Fiction
22345,Comedy
22345,Family
9448,Adventure
9448,Thriller
9448,Action
9448,Comedy
38223,Comedy
38223,Family
38223,Drama
11186,Horror
11186,Drama
136835,Thriller
136835,Crime
5876,Science Fiction
5876,Thriller
5876,Horror
264660,Science Fiction
264660,Drama
492,Fantasy
492,Comedy
492,Drama
25462,Romance
25462,Comedy
238603,Science Fiction
238603,Adventure
238603,Family
10691,Romance
10691,Drama
1251,Adventure
1251,Action
1251,Drama
1251,War
5172,Science Fiction
5172,Adventure
5172,Comedy
5172,Drama
58680,Romance
58680,Comedy
264644,Thriller
264644,Drama
14577,Comedy
11592,Thriller
11592,Comedy
11592,Horror
11592,Crime
16406,Comedy
19052,Thriller
19052,Drama
3682,Drama
3682,Music
9683,Adventure
9683,Romance
9683,Comedy
9683,Drama
2084,Thriller
2084,Comedy
2084,Crime
107811,Comedy
2266,Romance
2266,Drama
13074,Drama
144340,Romance
144340,Comedy
144340,Drama
48217,Romance
48217,Drama
28211,Thriller
28211,Mystery
28211,Drama
47502,Comedy
47502,Crime
47502,Drama
9950,Action
9950,Comedy
9950,Crime
9950,Drama
84892,Romance
84892,Drama
24227,Action
9672,Drama
44853,Romance
44853,Western
44853,Drama
157544,Thriller
157544,Horror
59678,Science Fiction
59678,Action
59678,Comedy
79777,Romance
79777,Drama
79777,War
158011,Thriller
158011,Crime
407887,History
407887,Action
407887,Drama
407887,War
17043,Adventure
17043,Action
17043,Family
8952,Romance
8952,Comedy
8952,Drama
62204,Adventure
62204,Drama
13435,Romance
13435,Drama
17187,Romance
17187,Drama
319,Thriller
319,Romance
319,Action
319,Crime
59457,Science Fiction
59457,Romance
9504,Mystery
9504,Crime
9504,Drama
37414,Thriller
37414,Crime
37414,Drama
6217,Thriller
6217,Fantasy
6217,Horror
6217,Drama
26688,Thriller
26688,Mystery
26688,Horror
43867,Adventure
43867,Romance
43867,Drama
6615,Romance
6615,Comedy
6615,Drama
14574,Drama
14574,War
16,Crime
16,Drama
16,Music
39780,Romance
39780,Drama
21612,Crime
21612,Drama
36691,Romance
36691,Comedy
36691,Drama
23631,Thriller
23631,Action
23631,Comedy
45324,Comedy
45324,Crime
45324,Drama
12144,Adventure
12144,Animation
12144,Family
11658,Adventure
11658,History
11658,Action
11658,Drama
11658,War
56601,Family
56601,Drama
9552,Thriller
9552,Horror
9552,Drama
578,Adventure
578,Thriller
578,Horror
2105,Romance
2105,Comedy
126319,Animation
126319,Comedy
126319,Family
126319,Drama
10136,Adventure
10136,Action
10136,Comedy
67660,Romance
67660,Comedy
10611,Comedy
10611,Drama
154,Science Fiction
154,Adventure
154,Thriller
154,Action
3049,Mystery
3049,Comedy
860,Science Fiction
860,Thriller
9281,Thriller
9281,Romance
9281,Crime
9281,Drama
75674,Thriller
75674,Action
75674,War
9762,Romance
9762,Crime
9762,Drama
9762,Music
3179,Animation
3179,Comedy
184,Romance
184,Comedy
184,Crime
13335,Adventure
13335,Comedy
76726,Science Fiction
76726,Thriller
76726,Drama
10269,Romance
10269,Drama
10269,Music
36819,Science Fiction
36819,Adventure
36819,Fantasy
36819,Comedy
36819,Family
17130,Adventure
17130,Action
17130,Comedy
17130,Family
17130,Drama
57214,Comedy
57214,Crime
11202,History
11202,Drama
11202,War
9357,Thriller
9357,Horror
13812,Science Fiction
13812,Thriller
13812,Horror
9030,Thriller
9030,Horror
9030,Drama
19084,Comedy
19084,Family
8386,Comedy
10437,Fantasy
10437,Comedy
10437,Family
10437,Drama
1360,Romance
1360,Drama
101267,Documentary
101267,Music
222935,Romance
222935,Drama
10220,Crime
10220,Drama
284296,Comedy
284296,Drama
31915,Science Fiction
31915,Horror
11601,Thriller
11601,Mystery
11601,Horror
205220,Drama
11354,Comedy
11354,Drama
16241,Science Fiction
16241,Thriller
16241,Horror
16241,Drama
14191,Fantasy
14191,Romance
14191,Comedy
14191,Family
286565,Mystery
286565,Romance
286565,Drama
26710,Comedy
129670,Adventure
129670,Drama
9059,Thriller
9059,Comedy
9059,Horror
34549,Science Fiction
34549,Fantasy
34549,Comedy
34549,Family
57157,Comedy
57157,Drama
1948,Thriller
1948,Action
1948,Crime
28353,Romance
28353,Comedy
46889,Romance
46889,Comedy
46889,Drama
38093,Romance
38093,Comedy
38093,Drama
14976,Drama
11027,Romance
11027,Crime
11027,Drama
3635,Romance
3635,Drama
387,Adventure
387,History
387,Action
387,Drama
387,War
6020,Comedy
122906,Science Fiction
122906,Comedy
122906,Drama
9550,Adventure
9550,Romance
9550,Action
9550,Drama
60599,Thriller
60599,Drama
227719,Science Fiction
227719,Thriller
14299,History
14299,Drama
14299,Music
19419,Action
19419,Comedy
12088,Science Fiction
12088,Thriller
12088,Action
14799,Comedy
14799,Drama
9466,Comedy
9466,Drama
7510,Comedy
7510,Drama
31246,Romance
31246,Comedy
61752,Comedy
10944,Thriller
10944,Mystery
10362,Romance
10362,Drama
14778,Comedy
14778,Drama
1255,Science Fiction
1255,Horror
1255,Drama
45226,Adventure
45226,Thriller
45226,Crime
10212,Thriller
10212,Western
10212,Comedy
10212,Horror
8669,Comedy
8669,Drama
179144,Comedy
179144,Drama
16857,Comedy
16857,Drama
86825,Thriller
86825,Horror
86825,Drama
844,Science Fiction
844,Fantasy
844,Romance
844,Drama
8060,Romance
8060,Crime
8060,Drama
15907,Adventure
15907,Family
15907,Drama
38448,Romance
38448,Drama
327,Thriller
327,Crime
327,Drama
9260,Comedy
61337,Comedy
61337,Drama
13079,Thriller
13079,Mystery
13079,Drama
89325,Romance
89325,Drama
4170,Thriller
4170,Drama
41508,Drama
41508,War
12479,Comedy
44555,Thriller
44555,Comedy
44555,Drama
10133,Science Fiction
10133,Thriller
10133,Mystery
21345,History
21345,Drama
21345,War
173931,Adventure
173931,Animation
173931,Action
173931,Comedy
173931,Family
61984,Science Fiction
50601,Drama
50601,War
26466,Horror
345003,Drama
236751,Drama
107,Thriller
107,Crime
357837,Romance
357837,Drama
8913,Horror
8913,Drama
13889,Drama
18530,Drama
358451,History
358451,Romance
358451,Drama
927,Fantasy
927,Comedy
927,Horror
11,Science Fiction
11,Adventure
11,Action
291870,Comedy
907,Romance
907,Drama
907,War
206563,Adventure
206563,Thriller
206563,Crime
206563,Drama
11887,Romance
11887,Comedy
11887,Family
11887,Drama
11887,Music
45317,Drama
12094,Documentary
12094,Action
12094,Comedy
10377,Comedy
10377,Drama
249164,Drama
256092,Action
256092,Comedy
256092,Crime
9942,Comedy
10748,Science Fiction
10748,Comedy
10748,Family
1817,Thriller
1817,Drama
10229,Romance
10229,Drama
687,Drama
796,Thriller
796,Romance
796,Drama
22804,Mystery
22804,Horror
10156,Comedy
12837,Adventure
17708,Action
17708,Comedy
17708,Crime
13937,Thriller
13937,Horror
13937,Crime
13937,Drama
28932,Action
28932,Drama
31909,Science Fiction
167073,Romance
167073,Drama
3175,Romance
3175,Drama
3175,War
14369,Comedy
16888,Comedy
121826,Romance
121826,Comedy
121826,Drama
10646,Romance
10646,Comedy
12149,Thriller
12149,Crime
12149,Drama
304357,Drama
11184,Drama
766,Fantasy
766,Comedy
766,Horror
20009,Romance
20009,Comedy
1587,Romance
1587,Drama
30973,History
30973,Drama
11109,Crime
11109,Drama
9027,Romance
9027,Comedy
63020,Romance
63020,Comedy
63020,Drama
86829,Drama
86829,Music
11065,Thriller
11065,Romance
11065,Drama
13888,Adventure
13888,Romance
13888,Drama
42345,History
42345,Drama
13994,Romance
13994,Comedy
13994,Music
1590,Drama
62728,Thriller
62728,Crime
62728,Drama
11917,Thriller
11917,Horror
11917,Crime
45138,Thriller
45138,Action
45138,Crime
45138,Drama
80271,Romance
80271,Comedy
80271,Drama
4657,Thriller
4657,Mystery
4657,Crime
4657,Drama
14395,Romance
14395,Drama
24137,Romance
24137,Comedy
24137,Drama
190847,Science Fiction
190847,Thriller
190847,Horror
11056,Horror
62,Science Fiction
62,Adventure
62,Mystery
601,Science Fiction
601,Adventure
601,Fantasy
601,Family
13067,Romance
13067,Comedy
13067,Drama
25379,Adventure
25379,Family
25379,Drama
88641,Comedy
88641,Drama
58051,Romance
58051,Comedy
58051,Drama
14877,History
14877,Romance
14877,Western
14877,Action
14877,Drama
96399,History
96399,Drama
304410,Comedy
304410,Drama
304410,Music
489,Drama
373314,Thriller
373314,Drama
214,Thriller
214,Horror
214,Crime
10890,Action
10890,Comedy
1588,Comedy
316727,Thriller
316727,Action
316727,Horror
10314,Romance
10314,Comedy
663,Thriller
663,Horror
663,Crime
11804,Thriller
11804,Horror
11804,Drama
16781,Romance
16781,Comedy
16781,Drama
11873,Drama
9289,History
9289,Action
9289,Drama
9289,War
10414,Comedy
10414,Family
1970,Thriller
1970,Mystery
1970,Horror
9614,Comedy
8922,Thriller
8922,Horror
1648,Science Fiction
1648,Adventure
1648,Comedy
17917,Family
17917,Drama
17917,Music
74534,Comedy
74534,Drama
19405,Science Fiction
19405,Animation
19405,Comedy
19405,Family
9355,Science Fiction
9355,Adventure
9355,Action
10999,Adventure
10999,Thriller
10999,Action
321258,Thriller
321258,Mystery
321258,Horror
44040,Thriller
44040,Mystery
44040,Horror
10426,Comedy
280092,Thriller
280092,Horror
280092,Drama
13938,Adventure
13938,Action
13938,Comedy
10163,Science Fiction
10163,Thriller
10163,Horror
12182,Romance
12182,Comedy
12182,Music
1832,Adventure
1832,Fantasy
1832,Comedy
9034,Comedy
9034,Drama
15301,Science Fiction
15301,Thriller
15301,Fantasy
15301,Horror
15301,Drama
10135,Thriller
10135,Action
26352,Action
26352,Comedy
26352,Crime
20616,Thriller
20616,Drama
9794,Romance
9794,Comedy
15037,Romance
15037,Comedy
15037,Drama
227,Crime
227,Drama
294272,Adventure
294272,Fantasy
294272,Family
11336,Science Fiction
11336,Thriller
11336,Horror
283445,Horror
88036,Drama
88036,Music
10984,Thriller
10984,Horror
22824,Science Fiction
22824,Thriller
22824,Mystery
9526,Comedy
9526,Drama
9526,Music
39349,Thriller
39349,Action
39349,Drama
15983,Thriller
15983,Action
14544,Comedy
14544,Family
14544,Drama
11545,Comedy
11545,Drama
42684,Science Fiction
268238,Comedy
268238,Drama
8359,Comedy
8359,Family
8359,Drama
15648,Romance
15648,Comedy
15648,Family
15648,Drama
41823,Romance
41823,Drama
11891,Action
11891,Comedy
9362,Action
9362,Horror
9902,Thriller
9902,Horror
14729,History
14729,Western
9455,Thriller
9455,Mystery
9455,Action
9455,Crime
103731,Drama
10090,Adventure
10090,Action
10090,Comedy
10090,Crime
164558,Documentary
164558,Music
19905,Comedy
17710,Animation
17710,Family
75900,Drama
9515,Thriller
9515,Action
9515,Comedy
9515,Crime
9515,Drama
27322,Romance
27322,Comedy
27322,Drama
328425,Thriller
328425,Mystery
14120,Adventure
14120,Drama
10050,Romance
10050,Comedy
1542,Comedy
1542,Crime
10490,Comedy
87093,Drama
10029,Thriller
10029,Comedy
10029,Crime
9893,Comedy
9893,Family
11507,Thriller
11507,Mystery
11507,Horror
11507,Crime
37931,Adventure
37931,Action
37931,Comedy
3472,Thriller
3472,Crime
3472,Drama
87818,Comedy
13160,Comedy
88005,Science Fiction
88005,Romance
88005,Comedy
88005,Drama
52067,Comedy
73,Drama
134597,Thriller
134597,Horror
24034,Animation
24034,Family
24034,Drama
24034,Music
14283,Thriller
14283,Mystery
14283,Romance
14283,Drama
14283,Music
404,Drama
13201,Romance
13201,Action
13201,Crime
13201,Drama
209403,Comedy
7942,Romance
7942,Comedy
73247,Romance
73247,Comedy
73247,Family
253331,Drama
34043,Romance
34043,Comedy
34043,Family
9952,Adventure
9952,Drama
9952,War
256924,Comedy
256924,Drama
256924,Music
82532,Comedy
82532,Drama
41110,Romance
41110,Drama
134371,Science Fiction
134371,Mystery
134371,Drama
2088,Thriller
2088,Action
2088,Crime
2088,Drama
10388,Thriller
10388,Mystery
10388,Action
10388,Crime
10388,Drama
1640,Drama
25520,Romance
25520,Drama
27342,Thriller
27342,Action
13689,Romance
13689,Drama
67911,Comedy
24664,Comedy
24664,Drama
329440,Thriller
329440,Horror
47890,Adventure
47890,Thriller
47890,Mystery
252512,Mystery
252512,Comedy
252512,Drama
55720,Drama
9613,Thriller
9613,Mystery
9613,Drama
29076,Thriller
29076,Romance
29076,Action
29076,Comedy
29339,Adventure
29339,Action
29339,Family
29339,Drama
68812,Thriller
68812,Crime
68812,Drama
32740,Science Fiction
32740,Action
14195,Thriller
14195,Comedy
14195,Crime
73567,Thriller
73567,Crime
73567,Drama
41479,Comedy
41479,Drama
15394,Thriller
15394,Crime
15394,Drama
10071,Comedy
1989,Romance
1989,Drama
91076,Drama
12779,Romance
12779,Comedy
13191,Adventure
13191,Thriller
13191,Action
13191,Comedy
11770,Action
11770,Comedy
12703,Drama
64559,Thriller
64559,Comedy
64559,Crime
222649,Drama
115872,Drama
101173,Thriller
101173,Drama
25350,Comedy
25350,Drama
10034,Action
10034,Comedy
10034,Crime
20178,Romance
20178,Comedy
5072,Thriller
5072,Comedy
5072,Horror
18191,Thriller
18191,Drama
31007,Drama
11546,Comedy
11546,Crime
41894,Crime
41894,Drama
184374,History
184374,Drama
184374,War
268171,Romance
268171,Comedy
268171,Family
78149,Comedy
24663,Romance
24663,Comedy
24663,Drama
39037,Romance
39037,Comedy
22805,Comedy
22805,Drama
39055,Family
39055,Drama
245846,Thriller
245846,Drama
25186,Comedy
15017,Romance
15017,Comedy
12245,Thriller
12245,Mystery
12245,Crime
49787,Thriller
49787,Horror
49787,Drama
16358,Comedy
16358,Drama
7006,Thriller
7006,Fantasy
7006,Horror
7006,Drama
66767,Drama
66767,Music
17622,Thriller
17622,Action
283671,Adventure
283671,Animation
283671,Family
18516,Drama
18516,War
217708,Romance
217708,Comedy
217708,Drama
42057,Romance
42057,Comedy
17577,Science Fiction
17577,Thriller
17577,Action
17577,Horror
14608,Romance
14608,Drama
34417,Comedy
15067,Adventure
15067,Western
15067,Action
15067,Comedy
78383,Thriller
78383,Horror
43090,Western
43090,Action
43090,Comedy
43090,Drama
16614,Comedy
9700,Romance
9700,Drama
10471,Comedy
250066,Action
667,Adventure
667,Thriller
667,Action
208869,Action
208869,Comedy
208869,Crime
208869,Drama
86837,Romance
86837,Drama
10306,Thriller
10306,Horror
106845,Science Fiction
106845,Horror
11576,Adventure
11576,Action
11576,Comedy
11576,Crime
219,Romance
219,Comedy
219,Drama
11827,Science Fiction
11827,Animation
22820,Thriller
22820,Action
22820,Comedy
31174,Drama
31174,War
244316,Thriller
244316,Action
244316,Horror
37737,Romance
37737,Action
37737,Drama
62215,Science Fiction
62215,Drama
66125,Comedy
66125,Family
66125,Drama
132316,Romance
132316,Drama
348,Science Fiction
348,Thriller
348,Action
348,Horror
30497,Horror
27586,Drama
27586,Music
14811,Romance
14811,Drama
660,Adventure
660,Thriller
660,Action
68684,Science Fiction
68684,Comedy
68684,Horror
40794,Romance
40794,Comedy
40794,Drama
9400,Action
9400,Crime
9400,Drama
16162,Comedy
16162,Drama
10585,Thriller
10585,Horror
2359,Documentary
238636,Thriller
238636,Horror
10472,Romance
10472,Comedy
10472,Family
10472,Drama
11282,Adventure
11282,Comedy
6521,Thriller
6521,Drama
14181,Thriller
14181,Crime
14181,Drama
1621,Comedy
9656,Thriller
9656,Horror
16428,Romance
16428,Comedy
10705,History
10705,Romance
10705,Action
10705,Drama
10705,War
8272,Drama
24621,Romance
24621,Comedy
1619,Thriller
1619,Action
1619,Crime
1619,Drama
9685,Comedy
9685,Drama
14425,Comedy
14624,Romance
14624,Family
14624,Drama
10179,Science Fiction
10179,Action
10179,Comedy
15568,Drama
14057,Romance
14057,Comedy
14057,Drama
12621,Comedy
12621,Music
1808,Drama
1808,Music
293670,Mystery
293670,Horror
67675,Documentary
67675,Family
67675,Music
27329,History
27329,Drama
27329,War
29514,Thriller
29514,Horror
250349,Comedy
12454,Comedy
12454,Drama
39806,Drama
15699,Family
15699,Drama
8883,History
8883,Crime
8883,Drama
8883,War
17926,Romance
17926,Comedy
291081,Thriller
291081,Mystery
291081,Crime
291081,Drama
41248,Romance
41248,Drama
25968,Romance
25968,Drama
9671,Adventure
9671,Comedy
52010,Science Fiction
52010,Animation
11588,Science Fiction
11588,Thriller
11588,Mystery
43418,History
43418,Drama
43418,War
71157,Drama
13483,Thriller
13483,Mystery
13483,Crime
333355,Science Fiction
333355,Adventure
333355,Animation
333355,Fantasy
333355,Action
327833,Thriller
327833,Action
327833,Drama
1547,Comedy
1547,Horror
25196,Romance
25196,Drama
25196,Music
16323,Romance
16323,Drama
16323,Music
175528,Comedy
8069,Science Fiction
71805,Adventure
71805,Family
9451,Comedy
16727,Drama
272693,Romance
272693,Comedy
10696,Romance
10696,Drama
150202,Thriller
150202,Horror
150202,Drama
19644,History
19644,Action
19644,Drama
29963,Romance
29963,Drama
26022,Romance
26022,Drama
152747,Adventure
152747,Action
152747,Drama
62676,Adventure
62676,Thriller
62676,Drama
20360,Romance
20360,Drama
1116,History
1116,Drama
1116,War
185008,Romance
11620,History
11620,Romance
11620,Drama
14353,Science Fiction
14353,Comedy
14353,Horror
14353,Music
11818,Adventure
11818,Action
11818,Drama
680,Thriller
680,Crime
11176,Adventure
11176,Comedy
11176,Family
242582,Thriller
242582,Crime
242582,Drama
11217,Comedy
11217,Horror
15121,Romance
15121,Family
15121,Drama
15121,Music
2619,Fantasy
2619,Romance
2619,Comedy
773,Comedy
773,Drama
235,Crime
235,Drama
170,Science Fiction
170,Thriller
170,Horror
14114,Drama
10734,Crime
10734,Drama
37964,Romance
37964,Comedy
28121,Thriller
28121,Romance
28121,Comedy
28121,Crime
40807,Comedy
40807,Drama
10885,Thriller
10885,Mystery
10885,Horror
225565,Romance
225565,Comedy
16471,Comedy
385736,Adventure
11971,Romance
11971,Comedy
11971,Drama
668,Adventure
668,Thriller
668,Action
11596,Thriller
11596,Fantasy
11596,Mystery
11596,Horror
14429,Romance
14429,Comedy
14429,Family
14429,Drama
13751,Drama
9490,Comedy
9490,Crime
14536,Comedy
1359,Thriller
1359,Crime
1359,Drama
9962,Romance
9962,Comedy
9962,Drama
15049,Action
15049,Comedy
15049,Crime
22821,Thriller
22821,Action
22821,Crime
42819,Drama
209263,Romance
209263,Comedy
209263,Drama
37735,Comedy
59930,Romance
59930,Comedy
59930,Drama
10873,Horror
10873,Drama
51588,Comedy
23570,Romance
23570,Comedy
19489,Comedy
14629,Romance
14629,Comedy
14629,Drama
8293,Romance
8293,Drama
291270,Animation
291270,Romance
291270,Comedy
291270,Drama
44009,Comedy
44009,Drama
1958,Thriller
1958,Mystery
1958,Comedy
1958,Crime
1958,Music
13154,Thriller
13154,Action
26618,Thriller
26618,Comedy
26618,Crime
26618,Drama
43923,Comedy
43923,Drama
46138,History
46138,Comedy
46138,Drama
45791,Drama
26306,Romance
26306,Drama
110683,Adventure
110683,Drama
26963,Animation
26963,Fantasy
26963,Family
198277,Romance
198277,Comedy
198277,Drama
198277,Music
7870,Romance
7870,Drama
13072,Thriller
13072,Action
13072,Drama
153397,TV Movie
153397,Romance
153397,Drama
30141,Mystery
30141,Comedy
30141,Crime
30141,Music
17044,Romance
17044,Drama
17044,War
10288,Romance
10288,Comedy
10288,Horror
10288,Drama
12183,Romance
12183,Comedy
12183,Drama
44147,Action
44147,Comedy
12192,Thriller
12192,Horror
12192,Crime
36597,Drama
13197,Thriller
13197,Mystery
13197,Action
13197,Crime
13197,Drama
10913,Romance
10913,Comedy
10913,Crime
10913,Drama
251321,Drama
149,Science Fiction
149,Animation
10425,Thriller
10425,Action
10425,Crime
10425,Drama
49081,Drama
256687,Thriller
256687,Action
256687,Drama
220488,Romance
220488,Comedy
1544,Romance
1544,Comedy
1544,Drama
374461,Drama
302,Thriller
302,Crime
182873,Action
182873,Drama
21512,Science Fiction
21512,Adventure
21512,Action
389425,Thriller
389425,Action
389425,Crime
403,Comedy
403,Drama
29461,Comedy
29461,Drama
33542,Thriller
33542,Action
33542,Comedy
33542,Crime
283708,Drama
283708,War
9388,Comedy
9388,Drama
1691,Horror
24684,Romance
24684,Drama
2610,Romance
2610,Comedy
2610,Drama
11308,Comedy
11308,Drama
11022,Thriller
11022,Action
11022,Crime
11022,Drama
34341,Comedy
15365,Adventure
15365,Action
15365,Comedy
15365,Crime
36046,Romance
36046,Drama
12569,Comedy
24356,Drama
24356,Music
55903,Thriller
55903,Crime
55903,Drama
2577,Science Fiction
2577,Thriller
2577,Romance
2577,Drama
103903,Comedy
73873,Drama
312113,Action
312113,Crime
312113,Drama
14165,Romance
14165,Comedy
14165,Family
2011,Animation
2011,Drama
45650,Adventure
45650,Thriller
45650,Fantasy
7735,Thriller
7735,Drama
301365,Thriller
301365,Horror
25941,Thriller
25941,Action
25941,Crime
25941,Drama
29064,Thriller
29064,Horror
7326,Romance
7326,Comedy
7326,Drama
326284,Action
681,Adventure
681,Thriller
681,Action
238,Crime
238,Drama
535,Romance
535,Drama
535,Music
19913,Romance
19913,Comedy
19913,Drama
713,Romance
713,Drama
77930,Comedy
77930,Drama
10727,Thriller
10727,Horror
253,Adventure
253,Thriller
253,Action
17908,Comedy
17908,Family
17908,Drama
8390,Romance
8390,Comedy
57119,Comedy
3291,History
3291,Drama
398,Crime
398,Drama
8068,Thriller
8068,Action
8068,Crime
10803,Science Fiction
10803,Adventure
10803,Romance
10803,Action
682,Adventure
682,Thriller
682,Action
10117,Adventure
10117,Action
10117,Comedy
10117,Crime
10117,Drama
9392,Adventure
9392,Horror
24977,Documentary
79316,Horror
2074,Romance
2074,Comedy
1696,Horror
1696,Crime
1696,Drama
308639,Comedy
308639,Crime
308639,Drama
22314,Thriller
22314,Action
22314,Crime
22314,Drama
2662,Horror
77156,Science Fiction
77156,Thriller
77156,Action
77156,Horror
12573,Comedy
12573,Drama
44718,Mystery
44718,Comedy
44718,Drama
11342,Adventure
11342,Fantasy
11342,Comedy
11342,Horror
241771,Romance
241771,Drama
34653,Romance
34653,Drama
11051,Drama
14578,Romance
14578,Comedy
14578,Drama
57825,Romance
57825,Comedy
57825,Drama
57825,Music
9555,Adventure
9555,History
9555,Action
9555,Drama
15581,Comedy
13006,Science Fiction
13006,Thriller
13006,Action
13006,Horror
13006,Crime
16651,Adventure
16651,Action
16651,Family
16651,Drama
4251,Romance
4251,Drama
12400,Drama
39053,Romance
39053,Comedy
39053,Drama
104896,Family
104896,Drama
14112,Crime
14112,Drama
12271,Drama
71859,Thriller
71859,Drama
226354,Family
226354,Drama
48620,Action
48620,Drama
33676,Comedy
37080,Romance
37080,Drama
25388,Adventure
25388,Action
25388,Drama
25388,War
11687,Science Fiction
11687,Fantasy
11687,Comedy
39210,Comedy
39210,Drama
30128,Comedy
30128,Drama
31535,Comedy
44835,Drama
192134,Comedy
192134,Crime
192134,Drama
1956,Adventure
1956,Mystery
1956,Drama
24985,Romance
24985,Drama
306745,Romance
306745,Drama
47088,Comedy
110402,Science Fiction
110402,Drama
27004,Thriller
27004,Comedy
27004,Crime
15013,Drama
8374,Thriller
8374,Action
8374,Crime
277519,Thriller
277519,Crime
78381,Thriller
78381,Horror
164372,Animation
164372,Fantasy
294512,Adventure
294512,Animation
294512,Comedy
294512,Family
8879,Romance
8879,Western
13001,Science Fiction
13001,Adventure
9571,Comedy
9571,Drama
13649,Comedy
13649,Family
13649,Drama
13649,Music
325373,Romance
325373,Drama
334527,Thriller
334527,Crime
334527,Drama
2211,History
2211,Romance
2211,Drama
13919,Comedy
13919,Drama
14576,Thriller
14576,Action
14576,Crime
82505,Thriller
82505,Horror
46738,Mystery
46738,Drama
46738,War
38970,Romance
38970,Comedy
38970,Drama
41009,Action
41009,Comedy
41009,Crime
41009,Drama
7347,Action
7347,Crime
7347,Drama
250546,Horror
38415,Romance
38415,Comedy
38415,Drama
650,Crime
650,Drama
16620,Drama
16620,Music
25113,Romance
25113,Comedy
25113,Drama
11033,Thriller
11033,Mystery
11033,Horror
34723,Adventure
34723,Action
34723,Family
34723,Drama
9430,Thriller
9430,Comedy
9430,Crime
8998,Romance
8998,Comedy
8998,Drama
10514,Science Fiction
10514,Thriller
10496,Thriller
10496,Horror
1591,Drama
76025,Drama
4836,Thriller
4836,Crime
4836,Drama
14631,Drama
87499,Thriller
87499,Drama
18923,Romance
18923,Drama
26665,Comedy
26665,Drama
28089,History
28089,Drama
62255,Adventure
62255,Thriller
62255,Action
62255,Drama
5708,Drama
218,Science Fiction
218,Thriller
218,Action
338,Romance
338,Comedy
338,Drama
21641,Drama
10925,Comedy
10925,Horror
2293,Romance
2293,Comedy
621,Romance
792,Action
792,Drama
792,War
1777,Documentary
642,History
642,Western
642,Crime
642,Drama
433,Fantasy
433,Comedy
433,Family
16619,Drama
1725,Crime
1725,Drama
1725,Music
11977,Comedy
20322,Romance
20322,Comedy
20322,Drama
16158,Romance
16158,Comedy
16158,Drama
629,Thriller
629,Crime
629,Drama
10160,Thriller
10160,Horror
11452,Romance
11452,Comedy
12163,Romance
12163,Drama
32275,Western
13785,Comedy
1103,Science Fiction
1103,Action
36739,Comedy
36739,Drama
14144,Comedy
14144,Family
10622,Action
10622,Comedy
10622,Crime
13370,Comedy
13370,Music
11191,Romance
11191,Comedy
11191,Drama
10215,Fantasy
10215,Romance
10215,Comedy
10215,Drama
25066,Thriller
25066,Horror
25066,Crime
1523,Drama
11361,Thriller
11361,Horror
92591,Comedy
92591,Crime
92591,Drama
57612,Documentary
12509,Romance
12509,Drama
15256,Romance
15256,Comedy
15256,Drama
83686,Thriller
83686,Drama
80304,Western
80304,Comedy
28053,Comedy
28053,Drama
67913,Thriller
67913,Action
67913,Comedy
67913,Crime
13991,Comedy
1443,Romance
1443,Drama
8545,Comedy
8545,Drama
19556,Romance
19556,Comedy
231576,Comedy
231576,Drama
16172,Comedy
13403,Comedy
13403,Music
15797,Action
347764,Thriller
347764,Mystery
347764,Horror
347764,Drama
13537,History
13537,Drama
20794,Thriller
20794,Comedy
20794,Crime
31064,Thriller
31064,Drama
576,Adventure
576,Western
13990,Drama
11583,Adventure
11583,Thriller
11583,Crime
11583,Drama
18602,Drama
27549,Science Fiction
27549,Adventure
27549,Fantasy
27549,Action
59728,Drama
10930,Drama
32395,Drama
58882,History
58882,Drama
7547,Romance
7547,Drama
35944,Action
35944,Comedy
42222,Drama
13827,Comedy
44260,Documentary
9282,Thriller
9282,Crime
9282,Drama
38940,Thriller
38940,Action
35689,Thriller
35689,Mystery
35689,Crime
97614,Thriller
97614,Crime
97614,Drama
37206,Family
37206,Drama
58626,Thriller
58626,Action
183894,Romance
183894,Comedy
183894,Drama
837,Science Fiction
837,Mystery
837,Horror
1555,Romance
1555,Comedy
1555,Drama
244783,Drama
16564,History
16564,Drama
16564,War
168027,Comedy
3482,Thriller
3482,Action
3482,Drama
3482,War
135595,Thriller
135595,Drama
8982,Thriller
8982,Action
8982,Crime
8982,Drama
89861,Comedy
455,Romance
455,Comedy
455,Drama
57022,Drama
14351,Adventure
14351,Action
14351,Drama
147767,Action
147767,Comedy
10664,Thriller
10664,Horror
55567,Comedy
55567,Family
55567,Music
9277,Comedy
9277,Crime
9277,Drama
9443,History
9443,Drama
16186,Romance
16186,Comedy
16186,Drama
7863,Drama
138697,Romance
138697,Comedy
138697,Drama
11901,Western
1548,Comedy
1548,Drama
11889,Romance
11889,Drama
33155,Science Fiction
33155,Comedy
5528,Drama
321,Romance
321,Comedy
4997,Thriller
4997,Mystery
4997,Crime
4997,Drama
925,Drama
27451,Drama
73532,Comedy
73532,Drama
979,Thriller
979,Mystery
979,Crime
979,Drama
193722,Comedy
193722,Drama
7913,Drama
253253,Drama
51995,Thriller
51995,Action
51995,Comedy
51995,Drama
13173,Comedy
22908,Comedy
22908,Drama
70670,Thriller
70670,Crime
84204,Science Fiction
84204,Thriller
84204,Comedy
84204,Horror
25248,Comedy
25248,Drama
230266,Drama
16633,Science Fiction
16633,Fantasy
16633,Romance
16633,Drama
63006,Action
63006,Crime
63006,Drama
91586,Thriller
91586,Horror
215,Horror
333371,Science Fiction
333371,Thriller
333371,Drama
9012,Documentary
9012,Comedy
345911,Thriller
345911,Horror
72571,Horror
242512,Horror
10072,Thriller
10072,Horror
211954,Comedy
211954,Drama
82990,Horror
29912,Drama
11843,Comedy
11284,Thriller
11284,Comedy
11284,Horror
504,Crime
504,Drama
173,Science Fiction
173,Adventure
173,Drama
227348,Thriller
227348,Horror
1955,History
1955,Drama
152532,History
152532,Drama
243940,Thriller
243940,Horror
77,Thriller
77,Mystery
157547,Horror
2295,Comedy
71,Comedy
71,Drama
71,Music
147773,Comedy
147773,Drama
16096,Comedy
24266,Romance
24266,Western
24266,Action
24266,Family
24266,Drama
16508,Animation
16508,Comedy
16508,Family
2895,Drama
15660,Drama
59968,Comedy
59968,Drama
323677,Action
323677,Drama
19848,Drama
256274,Thriller
256274,Horror
235271,Thriller
235271,Drama
45153,Drama
284293,Drama
24973,History
24973,Drama
21610,Thriller
21610,Action
21610,Crime
10283,Thriller
10283,Horror
8346,Romance
8346,Comedy
8346,Drama
122081,Crime
122081,Drama
10987,Thriller
10987,Horror
1391,Romance
1391,Drama
747,Comedy
747,Horror
14745,Horror
14745,Drama
26748,Mystery
26748,Romance
26748,Drama
11357,Thriller
11357,Horror
24913,Mystery
24913,Horror
13776,Comedy
13776,Drama
14854,Thriller
14854,Romance
14854,Action
14854,Crime
14854,Drama
50357,Science Fiction
50357,Thriller
50357,Horror
13090,Comedy
13090,Drama
192141,Thriller
192141,Action
16441,Fantasy
16441,Action
29996,History
29996,Romance
29996,Drama
29996,War
351819,Romance
351819,Comedy
14834,Romance
14834,Drama
22649,Romance
22649,Drama
22649,War
378200,Romance
378200,Comedy
20455,Science Fiction
20455,Animation
20455,Fantasy
20455,Family
13193,Comedy
13193,Drama
11042,Comedy
11042,Crime
11042,Drama
10786,Adventure
10786,Romance
10786,Action
10786,Drama
12484,Adventure
12484,Thriller
12484,Action
12484,Horror
17339,Adventure
17339,Thriller
17339,Action
17339,War
11959,Comedy
9900,Comedy
14662,Comedy
14662,Drama
335,Western
15745,Thriller
15745,Action
15745,Comedy
17431,Science Fiction
17431,Drama
21014,Comedy
78394,Documentary
10217,Drama
46332,History
46332,Drama
13996,Comedy
13996,Drama
3028,Science Fiction
3028,Comedy
3028,Horror
1024,Fantasy
1024,Drama
343795,Drama
45658,Romance
45658,Comedy
45658,Drama
16148,Thriller
16148,Mystery
16148,Comedy
16148,Crime
4553,Thriller
4553,Drama
36351,Crime
36351,Drama
245916,Thriller
245916,Mystery
245916,Crime
245916,Drama
27585,Drama
1415,Comedy
1415,Crime
1415,Drama
313922,Thriller
313922,Horror
313922,Crime
14474,Romance
14474,Comedy
14474,Drama
199933,Science Fiction
199933,Mystery
199933,Drama
13685,Comedy
13685,Crime
13685,Drama
8744,Thriller
8744,Crime
8744,Drama
38428,History
38428,Drama
8847,Documentary
39269,Drama
46838,Comedy
46838,Horror
51384,Romance
51384,Drama
56930,Romance
56930,Action
56930,Drama
41730,Comedy
41730,Drama
18442,Science Fiction
18442,Thriller
18442,Horror
298312,Thriller
298312,Horror
11600,Drama
11600,War
71547,Thriller
71547,Romance
57876,Science Fiction
57876,Thriller
57876,Horror
77495,Thriller
13849,Thriller
13849,Comedy
13849,Horror
13849,Crime
14849,Fantasy
14849,Comedy
14849,Drama
12486,Documentary
12486,Comedy
19615,Drama
244403,Comedy
244403,Drama
244403,Music
292481,Animation
292481,Family
340816,Romance
340816,Comedy
78814,TV Movie
78814,Thriller
78814,Crime
78814,Drama
297596,Thriller
297596,Drama
299552,Thriller
299552,Action
299552,War
11935,Science Fiction
11935,Thriller
11935,Action
11935,Drama
113406,Comedy
113406,Drama
447027,Family
290825,Thriller
290825,Fantasy
290825,Comedy
290825,Horror
361159,Action
361159,Horror
12555,Comedy
12555,Drama
31175,Comedy
31175,Drama
12498,Drama
77949,Thriller
77949,Horror
1690,Horror
8435,Comedy
8435,Drama
64720,Thriller
64720,Drama
49365,Thriller
49365,Horror
11404,Comedy
11404,Drama
300706,Comedy
16337,Horror
11577,Western
77987,Thriller
77987,Crime
77987,Drama
40185,Romance
40185,Drama
68202,Romance
68202,Comedy
8981,Family
8981,Drama
10914,Western
10914,Action
10914,Comedy
10914,Drama
50848,Romance
50848,Comedy
50848,Drama
166624,Comedy
166624,Drama
10822,Drama
10844,Drama
9336,Comedy
9336,Crime
5689,Adventure
5689,Romance
5689,Drama
712,Romance
712,Comedy
712,Drama
13342,Comedy
10339,Adventure
10339,Drama
1429,Crime
1429,Drama
9303,Thriller
9303,Romance
9303,Crime
9303,Drama
641,Crime
641,Drama
27686,Romance
27686,Music
65749,Romance
65749,Drama
6106,Drama
252680,Comedy
141,Fantasy
141,Mystery
141,Drama
66607,Action
66607,Comedy
17139,History
17139,Drama
12079,Comedy
12079,Crime
12079,Drama
39800,Comedy
39800,Drama
4550,Thriller
4550,Drama
62116,Drama
9991,Comedy
9991,Drama
13807,Thriller
13807,Action
13807,Crime
68818,Adventure
68818,Western
68818,Action
12093,Crime
12093,Drama
36419,Thriller
36419,Mystery
36419,Horror
36419,Drama
281730,Thriller
281730,Comedy
281730,Drama
510,Drama
362105,Comedy
362105,Horror
10970,Comedy
375290,Thriller
375290,History
375290,Action
375290,Drama
17663,Family
17663,Drama
270938,Adventure
270938,Action
116613,Action
116613,Crime
116613,Drama
11826,Thriller
11826,Crime
11826,Drama
29920,Thriller
29920,Crime
29920,Drama
1088,Family
1088,Drama
26379,Family
26379,Drama
34069,Science Fiction
34069,Thriller
34069,Mystery
10947,TV Movie
10947,Comedy
10947,Family
10947,Drama
10947,Music
47452,Romance
47452,Drama
3040,Thriller
3040,Fantasy
3040,Action
11386,Thriller
11386,Romance
11386,Crime
11386,Drama
10246,Comedy
29426,Science Fiction
29426,Horror
10331,Horror
153,Drama
703,Romance
703,Comedy
703,Drama
27191,Romance
27191,Action
27191,Drama
1365,Romance
1365,Drama
287424,Horror
451,Romance
451,Drama
165864,Comedy
165864,Horror
987,Romance
987,Comedy
987,Drama
241251,Thriller
40494,Drama
39781,Comedy
39781,Drama
8337,Science Fiction
8337,Thriller
8337,Action
8337,Horror
5925,Adventure
5925,Thriller
5925,History
5925,Drama
5925,War
8357,Documentary
146203,Thriller
146203,Horror
85350,Drama
512,Mystery
512,Comedy
13408,Action
13408,Comedy
47816,Romance
47816,Action
47816,Comedy
10744,Romance
10744,Drama
11536,Romance
11536,Action
11536,Drama
9782,Thriller
9782,Drama
18713,Comedy
18713,Crime
6537,Thriller
6537,Horror
6537,Drama
184345,Comedy
184345,Horror
1809,Romance
1809,Comedy
1809,Drama
2370,Thriller
2370,Mystery
2370,Action
2370,Drama
9809,Comedy
9809,Crime
5,Comedy
5,Crime
11013,Romance
11013,Comedy
11013,Drama
19153,Documentary
10132,Drama
16448,Comedy
16448,Music
15122,Romance
15122,Comedy
8141,Thriller
8141,Romance
8141,Comedy
8141,Crime
1546,Comedy
1546,Drama
48572,Thriller
48572,Action
48572,Horror
14517,Fantasy
89708,Documentary
89708,Drama
27551,Adventure
27551,Fantasy
64678,Romance
64678,Drama
309503,Thriller
309503,Drama
14293,Thriller
14293,Comedy
14293,Drama
15059,Drama
103328,Fantasy
103328,Drama
157847,Drama
25719,Romance
25719,Comedy
25719,Crime
48309,Thriller
48309,Horror
48309,Crime
48309,Drama
27723,Comedy
20468,Comedy
242575,Drama
44945,Thriller
44945,Crime
44945,Drama
29122,Comedy
29122,Crime
125123,Romance
125123,Comedy
111190,Drama
133575,Romance
133575,Drama
54580,Drama
52015,Science Fiction
52015,Thriller
52015,Action
52015,Horror
52015,Drama
34941,Drama
227975,Drama
60422,Comedy
60422,Drama
81390,Adventure
81390,Thriller
81390,Action
81390,Crime
10981,Science Fiction
10981,Fantasy
10981,Comedy
225235,Drama
14902,History
14902,Comedy
14902,Drama
14902,Music
121676,Thriller
121676,Romance
22301,History
22301,Action
22301,Drama
20065,Romance
20065,Comedy
20065,Drama
257087,Horror
46420,Horror
114635,Horror
158150,TV Movie
158150,Romance
158150,Comedy
251979,Adventure
251979,Romance
251979,Drama
874,History
874,Drama
10774,Drama
770,Romance
770,Drama
770,War
266102,Drama
29715,Western
29715,War
25209,Romance
25209,Western
25209,Action
25209,Comedy
25209,Music
37495,Comedy
37495,Crime
37495,Drama
29262,Drama
34769,Action
34769,Comedy
34769,Crime
34769,Drama
35032,Romance
35032,Music
5178,Romance
5178,Comedy
5178,Drama
8618,Comedy
8618,Drama
3116,Drama
9427,Comedy
813,Comedy
352978,Adventure
352978,Thriller
352978,Action
10634,Comedy
9516,Action
9516,Crime
9516,Drama
16288,Horror
23330,Western
23330,Action
23330,Comedy
18900,Crime
18900,Drama
27029,Drama
26268,Thriller
26268,Mystery
26268,Action
26268,Crime
26268,Drama
573,Thriller
573,Mystery
573,Crime
573,Drama
310131,Mystery
310131,Horror
40505,Action
40505,Comedy
11363,Romance
11363,Comedy
3033,Drama
25376,Mystery
25376,Romance
25376,Crime
25376,Drama
22007,Thriller
22007,Horror
765,Fantasy
765,Comedy
765,Horror
10615,Action
10615,Comedy
205321,TV Movie
205321,Horror
89540,Drama
46146,Fantasy
46146,Horror
38007,Romance
38007,Comedy
14256,Comedy
14256,Drama
540,Action
370464,Action
370464,Crime
20055,Thriller
20055,Mystery
20055,Crime
20055,Drama
224569,Thriller
224569,Action
224569,Comedy
224569,Crime
395766,Drama
39303,Thriller
39303,Mystery
39303,Horror
142061,Animation
142061,Action
370662,Documentary
252360,Adventure
252360,Fantasy
252360,Action
252360,Drama
256740,Thriller
256740,Action
256740,Drama
299145,Drama
241766,Thriller
241766,Mystery
241766,Crime
12535,Comedy
12535,Music
1667,Documentary
1667,Family
50839,Thriller
50839,Drama
86549,Drama
13973,Comedy
13973,Drama
244786,Drama
598,Crime
598,Drama
11129,Comedy
11129,Drama
75861,Drama
75861,Music
13551,Thriller
13551,Mystery
13551,Crime
13551,Drama
103663,Drama
850,Comedy
850,Family
12586,Romance
12586,Drama
11564,Thriller
11564,Action
11564,Horror
11564,Crime
11564,Drama
301748,Comedy
108346,Romance
108346,Drama
8841,Drama
805,Mystery
805,Horror
805,Drama
11697,Western
22051,Romance
22051,Drama
436,Thriller
436,Crime
436,Drama
55347,Romance
55347,Comedy
55347,Drama
10070,Action
10070,Comedy
10070,Horror
8469,Comedy
658,Adventure
658,Thriller
658,Action
125490,Science Fiction
125490,Horror
1585,Fantasy
1585,Family
1585,Drama
627,Crime
627,Drama
23618,Comedy
41436,Thriller
41436,Horror
10162,Romance
10162,Comedy
1430,Documentary
259943,Drama
10014,Horror
11257,Romance
11257,Drama
158015,Science Fiction
158015,Thriller
158015,Horror
82507,Thriller
82507,Mystery
82507,Horror
20337,Comedy
261,Romance
261,Drama
1685,Science Fiction
1685,Adventure
1685,Mystery
20737,Comedy
20737,Family
20737,Drama
10991,Adventure
10991,Animation
10991,Fantasy
10991,Action
10991,Family
10225,Thriller
10225,Mystery
10225,Horror
826,History
826,Drama
826,War
34086,Science Fiction
34086,Comedy
34086,Family
5854,Thriller
5854,Comedy
5854,Crime
284,Romance
284,Comedy
284,Drama
10285,Thriller
10285,Fantasy
10285,Horror
5780,Thriller
5780,Mystery
292,Documentary
292,Comedy
292,Music
223485,Thriller
223485,Romance
223485,Western
29463,Romance
29463,Drama
29463,Music
18065,Action
18065,Comedy
18065,Crime
22013,Drama
821,History
821,Drama
53862,Romance
53862,Comedy
3089,Western
30139,Romance
30139,Comedy
132344,Romance
132344,Drama
15582,Fantasy
15582,Comedy
15582,Family
15158,Science Fiction
15158,Thriller
15158,Action
15158,Horror
44634,Drama
30309,Comedy
30309,Drama
7509,Romance
7509,Drama
10557,Comedy
23531,Romance
23531,Comedy
28005,History
28005,Romance
28005,Drama
40247,Comedy
40247,Drama
252,Fantasy
252,Family
24126,Science Fiction
24126,Fantasy
24126,Horror
13982,Comedy
13982,Crime
16642,Romance
16642,Drama
17734,Drama
18892,Comedy
549,History
549,Drama
121986,Comedy
121986,Drama
868,Crime
868,Drama
10683,Comedy
10683,Drama
17995,Documentary
17995,Comedy
246403,Comedy
246403,Horror
670,Thriller
670,Mystery
670,Action
670,Drama
35691,Thriller
35691,Action
35691,Family
35691,Drama
49010,Thriller
49010,Action
49010,Comedy
317930,Action
317930,Comedy
11229,Thriller
11229,Comedy
11229,Drama
22488,TV Movie
22488,Action
22488,Family
22488,Drama
24469,Drama
82533,Romance
82533,Comedy
50942,Science Fiction
50942,Thriller
50942,Horror
84174,Romance
84174,Comedy
34099,Family
34099,Drama
34099,Music
79940,Comedy
342,Comedy
342,Drama
281230,History
281230,Drama
281230,War
38033,Thriller
38033,Horror
100975,Comedy
100975,Drama
38541,Science Fiction
39563,Romance
39563,Horror
39563,Drama
234212,Thriller
234212,Horror
27404,Comedy
170480,Comedy
170480,Family
71866,Drama
192210,Thriller
192210,Action
192210,Drama
180296,Comedy
157058,Comedy
70006,Action
70006,Drama
26039,Thriller
26039,Action
26039,Crime
26039,Drama
79587,Comedy
79587,Drama
176077,Thriller
260947,Thriller
260947,Mystery
342502,Thriller
43213,Thriller
43213,Action
43213,Crime
44594,Romance
44594,Comedy
44594,Drama
666,Drama
248,Comedy
248,Drama
325173,Action
325173,Crime
55831,Romance
55831,Comedy
55831,Drama
351043,Thriller
351043,Mystery
351043,Horror
351043,Drama
43942,Documentary
10226,Thriller
10226,Mystery
10226,Horror
66942,Romance
66942,Comedy
66942,Drama
356483,Thriller
356483,Action
356483,Horror
10476,Drama
239,Romance
239,Comedy
10281,Thriller
10281,Horror
630,Adventure
630,Fantasy
630,Family
3034,Science Fiction
3034,Comedy
13025,Science Fiction
13025,Action
13025,Horror
21461,Romance
21461,Comedy
21461,Drama
55306,Drama
17264,Adventure
17264,Family
16016,Science Fiction
16016,Adventure
16016,Animation
16016,Action
16016,Comedy
15875,Adventure
15875,Romance
15875,Comedy
5900,Comedy
5900,Drama
43306,Romance
43306,Drama
43306,War
11072,Western
11072,Comedy
9730,Thriller
9730,Horror
209274,Drama
26371,Romance
26371,Drama
14137,Comedy
291,Documentary
14139,Science Fiction
14139,Thriller
33106,Adventure
33106,Action
33106,Comedy
33106,Drama
8875,Thriller
8875,Horror
872,Romance
872,Comedy
872,Music
72914,Documentary
139038,Comedy
139038,Horror
126509,Documentary
9591,Comedy
9591,Drama
10676,Science Fiction
10676,Mystery
10676,Horror
1687,Science Fiction
1687,Action
24748,Western
24748,Action
24748,Drama
181330,Documentary
181330,Comedy
468,Romance
468,Drama
401,Romance
401,Comedy
401,Drama
76,Romance
76,Drama
50538,Thriller
50538,Mystery
50538,Horror
25636,Romance
25636,Comedy
25636,Drama
19316,Romance
19316,Comedy
21074,Drama
84329,Science Fiction
84329,Comedy
84329,Crime
84329,Drama
20,Romance
20,Drama
157386,Romance
157386,Comedy
157386,Drama
13007,Documentary
13007,Comedy
13518,Documentary
13518,Drama
116584,Drama
46849,Drama
40428,Documentary
17334,Romance
17334,Comedy
1698,Thriller
1698,Horror
20764,Science Fiction
20764,Thriller
20764,Drama
45132,Action
45132,Comedy
45132,Drama
76706,Comedy
76706,Family
254472,Comedy
254472,Horror
332285,Horror
49471,Drama
13569,Thriller
13569,Horror
13569,Drama
7512,Science Fiction
7512,Adventure
7512,Comedy
356216,Crime
11798,Crime
11798,Drama
146631,Science Fiction
146631,Adventure
146631,Action
43546,Comedy
43546,Music
61038,Family
61038,Drama
78373,Comedy
78373,Family
78373,Drama
17820,Romance
17820,Music
74457,Drama
283384,Thriller
19933,Adventure
19933,Animation
19933,Fantasy
19933,Comedy
19933,Family
756,Animation
756,Family
756,Music
433715,Thriller
433715,Drama
9728,Thriller
9728,Horror
9731,Thriller
9731,Horror
9916,Drama
309425,Fantasy
309425,Drama
14156,Thriller
14156,Romance
43610,Drama
360339,Thriller
360339,Drama
31163,Romance
31163,Comedy
297621,Romance
297621,Comedy
297621,Music
16205,Action
16205,Comedy
16205,Horror
887,History
887,Romance
887,Drama
9517,Crime
9517,Drama
6007,Comedy
6007,Drama
364083,Crime
364083,Drama
8329,Mystery
8329,Horror
69640,Thriller
69640,Mystery
69640,Drama
347548,Science Fiction
347548,Thriller
347548,Horror
322443,Adventure
322443,Western
322443,Drama
657,Adventure
657,Thriller
657,Action
28165,Action
28165,Comedy
28165,Horror
11561,Science Fiction
11561,Romance
11561,Comedy
270303,Thriller
270303,Horror
11624,Comedy
595,Crime
595,Drama
8810,Science Fiction
8810,Adventure
8810,Thriller
8810,Action
12207,Action
12207,Comedy
226,Crime
226,Drama
92182,Mystery
92182,Horror
582,Thriller
582,Drama
72213,Drama
990,Drama
55604,Adventure
55604,Romance
55604,Drama
9662,Adventure
9662,Animation
9662,Comedy
9662,Drama
20862,Comedy
20862,Drama
2771,Comedy
2771,Drama
80,Romance
80,Drama
55,Thriller
55,Drama
11023,Crime
11023,Drama
33667,Romance
33667,Drama
39013,Drama
11194,Documentary
11194,Adventure
11194,Action
43839,Romance
43839,Drama
43839,Music
1382,Comedy
1382,Drama
44639,Documentary
301351,Romance
301351,Drama
301351,Music
4816,Crime
4816,Drama
7873,Thriller
7873,Action
7873,Crime
7873,Drama
331190,Thriller
331190,Crime
331190,Drama
15186,Romance
15186,Comedy
15186,Drama
17994,Horror
1378,Romance
1378,Comedy
1378,Drama
8885,Animation
8885,Drama
8885,War
12901,Documentary
250124,Romance
250124,Drama
14284,Documentary
57120,Western
57120,Drama
12228,Documentary
12228,History
22617,Thriller
22617,Action
22617,Drama
55561,Comedy
55561,Drama
42889,Comedy
10656,Thriller
10656,Action
24363,Comedy
24363,Drama
13121,Comedy
13121,Horror
24746,Science Fiction
24746,Adventure
24746,Action
12109,Comedy
12109,Drama
12109,Music
27023,Comedy
22913,Romance
22913,Comedy
22913,Drama
273899,Drama
20653,Animation
20653,Family
67373,Thriller
67373,Action
67373,Drama
171759,Adventure
171759,Family
206296,Romance
206296,Comedy
206296,Drama
206296,Music
35219,Thriller
35219,Mystery
35219,Comedy
35219,Drama
28260,Science Fiction
28260,Romance
28260,Comedy
28260,Horror
7515,Romance
7515,Action
7515,Drama
13075,Drama
335866,Science Fiction
335866,Horror
13510,Thriller
13510,Horror
215881,Thriller
18238,Comedy
18238,Horror
22600,Action
22600,Crime
22600,Drama
12612,Thriller
12612,Crime
12612,Drama
50698,Thriller
50698,Horror
115210,Horror
34335,Thriller
34335,Horror
34335,Crime
34335,Drama
459488,Documentary
11302,Comedy
119458,Thriller
20406,Adventure
20406,Action
20406,Drama
3766,Mystery
3766,Crime
3766,Drama
18616,Thriller
18616,Horror
18808,Adventure
18808,Action
18808,Drama
95755,Comedy
95755,Crime
198062,Comedy
188652,Fantasy
188652,Comedy
188652,Music
174311,Comedy
174311,Drama
12602,History
12602,Mystery
12602,Horror
153795,Comedy
153795,Drama
17768,Comedy
17768,Music
13516,Documentary
98549,Adventure
98549,History
98549,Western
98549,Action
312793,Science Fiction
312793,Comedy
309919,Thriller
309919,Mystery
309919,Horror
309919,Drama
299553,Thriller
21309,Crime
21309,Drama
32235,Science Fiction
32235,Fantasy
32235,Drama
329540,Thriller
329540,Action
26388,Thriller
26388,Mystery
26388,Drama
49020,Romance
49020,Comedy
49020,Drama
159037,Documentary
159037,History
159037,Drama
12838,Drama
157293,Drama
157293,Music
14048,Documentary
14048,Thriller
14048,History
14048,Crime
356987,Thriller
356987,Drama
295886,Drama
38358,Thriller
38358,Horror
38358,Drama
33511,Drama
702,Drama
935,Comedy
935,Drama
935,War
542,Romance
542,Drama
84175,Fantasy
84175,Drama
1705,Science Fiction
1705,Action
62677,Drama
62677,Music
50875,Thriller
50875,Drama
260778,Romance
260778,Comedy
58492,Documentary
58492,Comedy
44562,Comedy
37232,Adventure
37232,Drama
4929,Western
36334,Crime
36334,Drama
9783,Thriller
9783,Horror
386826,Thriller
386826,Comedy
386826,Horror
205126,Science Fiction
205126,Action
98557,Romance
98557,Comedy
104,Thriller
104,Action
104,Drama
10894,Thriller
10894,Romance
10894,Horror
10894,Drama
246449,Adventure
246449,Family
32579,Drama
1688,Science Fiction
1688,Action
1999,Thriller
1999,Drama
43947,Thriller
43947,Horror
43947,Crime
24066,Comedy
24066,Crime
9709,Thriller
9709,Romance
9709,Drama
191714,Romance
191714,Drama
25312,Romance
25312,Drama
34106,Romance
34106,Comedy
11426,Romance
11426,Drama
11426,War
13909,Western
206284,Drama
206284,Music
27455,Comedy
27455,Drama
66468,Thriller
66468,Crime
66468,Drama
7973,Romance
7973,Comedy
7973,Drama
283686,Thriller
283686,Horror
15976,Romance
15976,Drama
592,Mystery
592,Crime
592,Drama
74084,Romance
1651,Romance
1651,Crime
1651,Drama
25428,Mystery
25428,Drama
298584,Horror
10758,Comedy
11690,Action
3083,Comedy
3083,Drama
9344,Crime
9344,Drama
10707,Comedy
10707,Drama
15647,Comedy
308529,Action
308529,Drama
4174,Thriller
4174,Mystery
4174,Drama
20156,Mystery
20156,Drama
9464,Romance
9464,Comedy
9464,Crime
9464,Drama
49018,Thriller
49018,Horror
13820,Science Fiction
13820,Thriller
13820,Comedy
13820,Crime
18079,Thriller
18079,Crime
18079,Drama
127918,Documentary
17113,Drama
129139,Romance
129139,Comedy
507,Thriller
507,Action
507,Crime
507,Drama
4012,Drama
14054,Romance
14054,Drama
323271,Thriller
323271,Action
323271,Horror
10972,Mystery
10972,Horror
13066,Romance
13066,Comedy
66025,Drama
11908,Comedy
11908,Horror
3082,Comedy
3082,Drama
39541,Comedy
39541,Family
39541,Drama
1961,Comedy
1961,Horror
51820,Comedy
291362,Comedy
30082,Romance
30082,Drama
72913,History
72913,Drama
72913,War
23963,Science Fiction
23963,Mystery
23963,Horror
29406,Drama
361505,Romance
361505,Comedy
361505,Drama
104755,Thriller
104755,Horror
253306,Thriller
253306,Comedy
253306,Horror
29595,Documentary
46729,Science Fiction
46729,Fantasy
46729,Romance
46729,Comedy
46729,Drama
294600,Comedy
294600,Drama
137347,Comedy
137347,Drama
290370,Science Fiction
426469,Comedy
426469,Family
426469,Drama
356841,Thriller
356841,Action
356841,Crime
301325,Thriller
301325,Mystery
301325,Horror
301325,Drama
347755,Thriller
347755,Action
347755,Horror
408,Animation
408,Fantasy
408,Family
44413,Drama
39209,Western
48463,Adventure
48463,Comedy
48463,Horror
394047,Drama
312791,Thriller
312791,Horror
266034,Thriller
266034,Crime
266034,Drama
280381,Thriller
280381,Horror
2661,Science Fiction
2661,Adventure
2661,Comedy
2661,Family
2661,Crime
100,Comedy
100,Crime
218500,Western
309,Drama
27845,Comedy
27845,Drama
25784,Drama
52790,Drama
100275,Comedy
100275,Horror
295914,Action
295914,Drama
42033,Science Fiction
19187,Action
19187,Comedy
46415,Romance
46415,Comedy
38570,Comedy
27588,Romance
27588,Horror
27588,Drama
223,Mystery
223,Drama
9725,Thriller
9725,Horror
28580,Drama
23730,Science Fiction
23730,Horror
84197,Drama
46256,Adventure
46256,Animation
46256,Comedy
46256,Family
19997,Thriller
19997,Crime
19997,Drama
43266,Drama
278316,Thriller
278316,Romance
278316,Comedy
1412,Drama
176,Mystery
176,Horror
176,Crime
39939,Mystery
39939,Comedy
39939,Crime
215924,Comedy
215924,Drama
480,Romance
480,Comedy
480,Drama
14295,Romance
14295,Drama
11219,Thriller
11219,Mystery
11219,Comedy
20770,Comedy
176124,Drama
500,Thriller
500,Crime
60400,Fantasy
60400,Family
60400,Drama
429,Western
310569,Drama
98369,Comedy
98369,Drama
114065,Comedy
114065,Music
89750,Documentary
49951,Comedy
86331,Romance
86331,Drama
355629,Comedy
355629,Drama
16433,Adventure
16433,Comedy
16433,Crime
16433,Drama
15544,Comedy
43884,Adventure
43884,Action
43884,Drama
43884,War
107315,Thriller
107315,Horror
13064,Adventure
13064,Action
13064,Comedy
59917,Adventure
59917,Action
157422,Horror
310933,Horror
7553,Comedy
12877,Thriller
12877,Crime
12877,Drama
39895,Comedy
39895,Horror
102840,Documentary
55616,Horror
29697,Drama
50037,Science Fiction
50037,Fantasy
50037,Horror
94329,Thriller
94329,Action
94329,Crime
53502,Science Fiction
53502,Action
53502,Horror
202604,Documentary
202604,Mystery
202604,Horror
289,Romance
289,Drama
27374,Thriller
27374,Horror
26815,Romance
26815,Comedy
26815,Drama
811,Science Fiction
811,Adventure
811,Drama
1366,Drama
244776,Drama
5769,Adventure
5769,History
5769,Romance
5769,Comedy
277685,Thriller
277685,Horror
103,Crime
103,Drama
11298,Horror
11298,Drama
646,Adventure
646,Thriller
646,Action
93856,Thriller
93856,Horror
9003,Horror
347126,Drama
10092,Thriller
10092,Horror
10643,Science Fiction
10643,Adventure
10643,Action
10643,Horror
46705,Romance
46705,Drama
546,Drama
76487,Thriller
76487,Horror
5722,Thriller
5722,Comedy
5722,Drama
39833,Romance
39833,Western
39833,Action
39833,Drama
39833,Music
1781,Documentary
18712,History
18712,Action
18712,Drama
18712,War
7944,Documentary
7944,Music
171424,Adventure
171424,Thriller
171424,Action
171424,Horror
361475,Romance
361475,Family
361475,Drama
113947,Romance
113947,Comedy
113947,Drama
18570,Documentary
83860,Drama
41469,Romance
41469,Comedy
41469,Drama
244772,Drama
50837,Thriller
50837,Drama
248774,Romance
248774,Comedy
10183,Drama
159014,Documentary
159014,Music
32456,Romance
32456,Drama
49963,Romance
49963,Comedy
49963,Drama
13508,Documentary
22597,Romance
22597,Comedy
22597,Drama
9707,Thriller
9707,Fantasy
9707,Mystery
9707,Comedy
9707,Horror
37532,Drama
26791,Thriller
26791,Mystery
26791,Crime
26791,Drama
56666,Romance
56666,Drama
8675,Comedy
13132,Romance
13132,Drama
47686,Comedy
46989,Drama
192132,Drama
24424,Crime
24424,Drama
13198,Fantasy
13198,Romance
13198,Comedy
13198,Drama
244267,Science Fiction
244267,Drama
21413,Romance
21413,Comedy
21413,Drama
123678,Documentary
13362,Documentary
39183,Documentary
62402,Drama
201132,Documentary
201132,Adventure
201132,Drama
251471,Documentary
112456,Action
112456,Drama
20296,Thriller
25983,Mystery
25983,Horror
66195,Thriller
66195,Comedy
66195,Crime
16155,Comedy
16155,Crime
46727,Romance
46727,Crime
46727,Drama
55180,Comedy
55180,Drama
29015,Action
29015,Comedy
91122,Romance
91122,Comedy
18206,Thriller
18206,Romance
18206,Crime
18206,Drama
320146,Science Fiction
320146,Drama
13856,Science Fiction
13856,Fantasy
13856,Drama
43630,Science Fiction
43630,Action
43630,Comedy
56491,Thriller
56491,Action
56491,Drama
99826,Comedy
99826,Drama
186935,Crime
186935,Drama
357441,Comedy
357441,Family
19344,Romance
19344,Drama
242083,Comedy
242083,Drama
18869,Thriller
18869,Action
18869,Crime
18869,Drama
26673,Romance
26673,Comedy
41830,Drama
37694,Drama
63287,Drama
34592,Horror
92635,Thriller
92635,Horror
258755,Romance
258755,Drama
96534,Romance
96534,Comedy
96534,Drama
21283,Romance
21283,Comedy
272724,Western
84178,Thriller
84178,Horror
101179,Thriller
101179,Mystery
101179,Horror
52462,Thriller
52462,Drama
269057,Science Fiction
269057,Drama
269057,Music
287524,Horror
206213,Science Fiction
206213,Thriller
206213,Action
206213,Comedy
248402,Drama
29146,Science Fiction
29146,Romance
29146,Drama
207769,Thriller
207769,Horror
271185,Thriller
271185,Mystery
271185,Drama
29731,Romance
29731,Comedy
292539,Documentary
654,Crime
654,Drama
91070,Comedy
2009,Drama
323270,Horror
2652,Thriller
2652,Drama
9813,Thriller
9813,Drama
60421,Drama
157354,Drama
127867,Thriller
127867,Fantasy
127867,Comedy
3170,Animation
3170,Family
3170,Drama
14014,Comedy
15708,Romance
15708,Comedy
15708,Drama
146882,Drama
215918,Drama
84200,Comedy
84184,Romance
84184,Comedy
84184,Drama
45767,Science Fiction
45767,Comedy
45767,Family
45767,Drama
14823,Thriller
14823,Crime
14823,Drama
367551,Science Fiction
367551,Action
367551,Comedy
343409,Thriller
343409,Mystery
60243,Drama
57294,Thriller
57294,Comedy
57294,Drama
11446,Comedy
11446,Drama
47889,Romance
47889,Drama
25461,Romance
25461,Drama
905,Thriller
905,Romance
905,Drama
78705,Drama
25212,Thriller
25212,Mystery
25212,Action
25212,Drama
26899,Drama
146269,Drama
292483,Comedy
14451,Comedy
14451,Horror
10105,Adventure
10105,History
10105,Action
10105,Drama
10105,War
211557,Science Fiction
211557,Horror
838,Comedy
838,Drama
40862,Documentary
13158,Animation
13158,Comedy
84332,Science Fiction
84332,Romance
84332,Comedy
84332,Drama
74510,Documentary
74510,Comedy
74725,Thriller
74725,Horror
74725,Crime
58428,Thriller
58428,Horror
8416,Drama
36584,Thriller
36584,Drama
13429,Thriller
13429,Horror
13429,Crime
13429,Drama
9022,Thriller
9022,Mystery
9022,Horror
22530,Horror
288,Western
14275,Documentary
2287,Documentary
18734,Drama
206197,Thriller
206197,Mystery
206197,Drama
26837,Crime
26837,Drama
26837,Music
7859,Drama
302579,Drama
51955,Science Fiction
51955,Thriller
51955,Romance
51955,Action
51955,Comedy
376004,Thriller
376004,Crime
376004,Drama
158752,Fantasy
158752,Horror
40658,Documentary
296943,Documentary
118612,Thriller
118612,Mystery
138976,Drama
323967,Comedy
323967,Drama
3080,Romance
3080,Comedy
3080,Music
2667,Mystery
2667,Horror
9459,Documentary
9459,History
9459,Music
11598,Comedy
26916,Adventure
26916,Action
26916,Drama
181940,Thriller
181940,Mystery
125263,Drama
263503,Crime
263503,Drama
324322,Documentary
324322,Music
375950,Comedy
375950,Drama
278348,Thriller
704,Comedy
704,Music
70875,Documentary
75986,Thriller
75986,Drama
385636,Comedy
385636,Drama
14438,Drama
211086,Documentary
211086,Drama
23069,Adventure
23069,Romance
23069,Family
83,Thriller
83,Drama
89857,Comedy
30315,Science Fiction
30315,Horror
14358,Documentary
14358,Family
2056,Comedy
2056,Drama
41144,Drama
35199,Documentary
14271,Documentary
16653,Romance
16653,Comedy
16653,Family
16653,Drama
14757,Drama
84401,Documentary
23655,Romance
23655,Drama
23655,Music
36825,Comedy
36825,Family
36825,Crime
33430,Romance
33430,Drama
12281,Crime
12281,Drama
125052,Romance
125052,Crime
125052,Drama
96238,Romance
96238,Comedy
30246,Thriller
30246,Crime
30246,Drama
7301,Romance
7301,Comedy
7301,Drama
172533,Romance
172533,Drama
180383,Documentary
346,Action
346,Drama
84318,Documentary
45145,Romance
45145,Comedy
13983,Comedy
45649,Fantasy
45649,Mystery
45649,Comedy
45649,Horror
45649,Drama
19844,Romance
19844,Comedy
19844,Drama
21801,Drama
43933,Science Fiction
43933,Thriller
43933,Drama
73511,Comedy
73511,Drama
43653,Comedy
139715,Comedy
139715,Horror
45380,Action
45380,Comedy
30867,Documentary
30867,Music
81220,Drama
253626,Thriller
253626,Action
253626,Drama
90369,Romance
90369,Drama
117942,Comedy
117942,Horror
322194,Thriller
322194,Mystery
322194,Action
98568,Science Fiction
98568,Thriller
98568,Mystery
119657,Crime
119657,Drama
380733,Romance
380733,Action
285743,Horror
285743,Music
362765,Thriller
362765,Mystery
362765,Comedy
379532,Family
253261,Documentary
15239,Science Fiction
15239,Action
15239,Comedy
15239,Horror
94072,Drama
4107,Adventure
4107,History
4107,Action
4107,Drama
15624,Romance
15624,Drama
17287,Comedy
17287,Horror
3062,Romance
3062,Comedy
3062,Music
15389,Comedy
15389,Drama
464,Romance
464,Comedy
464,Drama
464,Music
308467,Horror
308467,Drama
8193,Comedy
188166,Thriller
188166,Crime
23827,Mystery
23827,Horror
1282,Documentary
762,Adventure
762,Fantasy
762,Comedy
64499,Drama
1435,Documentary
1435,Drama
47546,Documentary
189711,Comedy
189711,Horror
19204,Horror
9029,Romance
9029,Comedy
18045,Science Fiction
18045,Thriller
18045,Horror
11240,Romance
11240,Comedy
11240,Drama
43743,Thriller
43743,Mystery
43743,Drama
157909,Thriller
157909,Drama
10238,Drama
3059,Drama
15800,Documentary
65203,Romance
65203,Drama
65203,Music
764,Horror
103620,Horror
319069,Documentary
319069,History
14278,Documentary
25678,Adventure
25678,Action
25678,Drama
79161,Documentary
371690,Science Fiction
371690,Family
389,Drama
52032,Animation
52032,Comedy
52032,Drama
3078,Romance
3078,Comedy
38810,Drama
21525,Documentary
21525,Music
55123,Comedy
55123,Drama
11980,Thriller
11980,Fantasy
11980,Horror
11956,Comedy
1550,Comedy
1550,Drama
26518,Drama
8942,Drama
68412,Drama
2786,Thriller
2786,Drama
87943,Documentary
73981,Documentary
91721,Drama
118452,Drama
47534,Adventure
47534,Action
47534,Drama
40914,Thriller
40914,Action
13282,Science Fiction
13282,Action
13282,Comedy
250184,Thriller
250184,Horror
250184,Drama
426067,Horror
324352,Romance
324352,Comedy
324352,Drama
318040,Romance
318040,Drama
27420,Horror
80468,Thriller
80468,Comedy
80468,Horror
84188,Thriller
84188,Crime
84188,Drama
2255,Romance
2255,Comedy
2255,Drama
50035,Romance
50035,Comedy
50035,Drama
14290,Crime
14290,Drama
29371,Romance
29371,Comedy
29371,Drama
44490,Comedy
44490,Drama
32222,Romance
32222,Comedy
32222,Drama
378237,Action
378237,Crime
378237,Drama
431,Science Fiction
431,Thriller
431,Mystery
76996,Romance
76996,Comedy
51942,Animation
51942,Comedy
51942,Drama
1424,Thriller
1424,Mystery
1424,Drama
60420,Romance
60420,Drama
325123,Horror
142132,Comedy
20520,Comedy
20520,Drama
109729,Thriller
109729,Drama
78307,Drama
12247,Thriller
12247,Drama
29917,Thriller
29917,Mystery
70687,Science Fiction
70687,Drama
60463,Music
46252,Drama
24869,Fantasy
24869,Action
77934,Family
77934,Drama
34697,Crime
34697,Drama
150211,Thriller
150211,Horror
306667,Family
306667,Drama
274758,Documentary
3060,Romance
3060,Drama
3060,War
40963,Comedy
173224,Romance
173224,Comedy
173224,Music
18533,Action
18533,Crime
18533,Drama
376010,Western
139948,Documentary
77332,Romance
77332,Drama
70478,Comedy
35073,Science Fiction
35073,Adventure
35073,Horror
9659,Science Fiction
9659,Adventure
9659,Thriller
9659,Action
10218,Romance
10218,Comedy
391,Western
43595,Comedy
54897,Drama
83588,Drama
53256,Romance
53256,Comedy
53256,Drama
40920,Drama
40920,Music
287815,Documentary
54702,Thriller
54702,Horror
54702,Crime
69270,Horror
5759,Comedy
5759,Horror
5759,Drama
402515,Horror
126141,Documentary
48035,Drama
14758,Romance
14758,Comedy
14758,Drama
13363,Science Fiction
13363,Drama
37985,Documentary
25786,Family
25786,Drama
36549,Science Fiction
36549,Thriller
36549,Mystery
36549,Drama
361398,Comedy
361398,Drama
361398,Music
289180,Science Fiction
289180,Thriller
289180,Drama
288927,Drama
21334,Comedy
21334,Family
21334,Drama
79120,Romance
79120,Drama
27995,Romance
27995,Comedy
253290,Documentary
344466,Drama
55420,Science Fiction
55420,Drama
5822,Romance
5822,Action
5822,Drama
408429,Drama
39141,Romance
39141,Comedy
39141,Drama
5723,Romance
5723,Drama
5723,Music
28666,Drama
30979,Documentary
50497,Thriller
50497,Horror
50497,Drama
354624,Action
354624,Drama
13187,Animation
13187,TV Movie
13187,Comedy
13187,Family
335244,Documentary
178862,Documentary
331745,Documentary
1779,Documentary
1779,History
86812,Science Fiction
86812,Mystery
86812,Drama
84355,Comedy
84355,Drama
18632,Comedy
40652,Romance
40652,Drama
339408,Drama
266857,Comedy
18925,Drama
299245,Thriller
299245,Horror
985,Science Fiction
985,Fantasy
985,Horror
985,Drama
34101,Comedy
9821,Comedy
9821,Drama
65448,Action
65448,Drama
18841,Science Fiction
18841,Comedy
18841,Horror
272726,Family
175291,Comedy
175291,Crime
175291,Drama
80215,Documentary
13538,Thriller
51130,Thriller
51130,Mystery
51130,Crime
270554,Science Fiction
270554,Thriller
270554,Action
270554,Drama
72086,Horror
72086,Crime
268917,Documentary
268917,Music
64973,Documentary
473,Thriller
473,Mystery
473,Drama
90414,Romance
90414,Comedy
111794,Romance
111794,Comedy
360188,Science Fiction
9372,Documentary
9372,Comedy
9372,Drama
85860,Comedy
244534,Comedy
244534,Drama
33468,Science Fiction
33468,Horror
294086,Drama
139998,Comedy
139998,Drama
74777,Thriller
74777,Mystery
74777,Horror
16388,Romance
16388,Comedy
16388,Drama
159770,Drama
42109,Romance
42109,Drama
47607,Romance
47607,Comedy
47607,Drama
193603,Thriller
193603,Horror
84659,Comedy
84659,Family
84659,Drama
322745,Documentary
20981,Thriller
20981,Fantasy
20981,Horror
174362,Documentary
242095,Science Fiction
242095,Thriller
250902,Documentary
158895,Drama
222250,Comedy
18292,Drama
125537,Romance
125537,Comedy
326576,Science Fiction
326576,Thriller
326576,Drama
228550,Horror
13963,Documentary
13963,Music
290391,Thriller
290391,Horror
44770,Romance
44770,Drama
69382,Western
69382,Action
40769,Comedy
40769,Drama
220490,Horror
42151,Action
42151,Comedy
42151,Drama
2292,Comedy
42497,Romance
42497,Drama
33693,Comedy
33693,Drama
14585,Comedy
14585,Drama
185465,Drama
38780,Thriller
38780,Action
38780,Crime
38780,Drama
14022,Comedy
366967,Thriller
366967,Crime
366967,Drama
255266,Romance
255266,Comedy
17345,Family
17345,Drama
226458,Thriller
226458,Horror
24055,Romance
24055,Comedy
24055,Drama
287625,Drama
44990,Romance
44990,Comedy
86304,Science Fiction
86304,Thriller
692,Comedy
692,Horror
692,Crime
39851,Drama
13898,Drama
157185,Horror
36095,Thriller
36095,Mystery
36095,Horror
36095,Crime
182291,Drama
286939,Thriller
286939,Comedy
286939,Horror
124606,Drama
14337,Science Fiction
14337,Thriller
14337,Drama
67238,Thriller
9367,Thriller
9367,Action
9367,Crime
72766,Romance
72766,Comedy
231617,TV Movie
231617,Romance
231617,Comedy
231617,Drama
25975,Documentary
