user_id,name,age,country,register_date,premium,favorite_languages,preferred_genres
U00001,Carla Martinez,52,Mexico,2022-06-01,false,es|pt|ja,Fantasy|Family|War|Animation
U00002,Sam Lopez,63,Canada,2022-10-19,false,en|it|es,Family|War
U00003,Avery Vasquez,31,Peru,2025-07-30,true,it|es,Action|Documentary|Romance
U00004,Jordan Gomez,42,Mexico,2022-10-26,false,ko|it|en,Music|Fantasy|Adventure
U00005,Camila Mendoza,23,Argentina,2024-04-20,true,it,Drama|Animation|Adventure|Horror
U00006,Lucia Ramirez,62,Mexico,2024-10-25,true,it,Music|Documentary|Western|War
U00007,Daniel Sanchez,32,Guatemala,2023-03-11,false,pt|ja|en,Mystery|Fantasy|Family
U00008,Lucia Ramirez,47,Colombia,2022-08-24,false,ko|de|pt,Horror|Drama
U00009,Casey Sanchez,50,United States,2025-06-03,true,fr,Fantasy|Romance|Mystery|Documentary
U00010,Fernanda Garcia,56,United States,2022-11-21,false,es|de|ja,Documentary|Romance
U00011,Daniel Lopez,47,Guatemala,2026-02-02,false,ja|es,Comedy|Fantasy|Horror|Adventure
U00012,Elena Gonzalez,28,Canada,2025-02-13,true,de|es|fr,History|War
U00013,Nicolas Flores,33,Brazil,2025-01-05,true,de|en,Comedy|Music
U00014,Jordan Ramos,51,Brazil,2022-08-30,false,it,Crime|Western|Thriller|Fantasy
U00015,Riley Morales,46,Mexico,2026-02-21,true,pt|de|it,History|Mystery
U00016,Avery Rodriguez,63,Guatemala,2024-03-03,true,de|en|ja,Western|Family
U00017,Jordan Garcia,52,Colombia,2024-02-16,false,ko|es,War|Family
U00018,Avery Ramos,44,United States,2024-07-22,true,ja|fr|de,Comedy|Western
U00019,Jose Martinez,52,United States,2022-08-13,true,de,Horror|Comedy|Family
U00020,Mateo Gonzalez,52,Guatemala,2023-11-02,true,es|en|pt,Family|Animation|Science Fiction
U00021,Hector Sanchez,42,Guatemala,2023-03-17,false,en|es,Thriller|Western|Drama
U00022,Cameron Vasquez,31,Guatemala,2023-11-16,true,it,Western|Thriller|Crime
U00023,Luis Flores,23,Colombia,2022-08-06,true,fr|en|it,Thriller|War
U00024,Nicolas Rodriguez,20,Brazil,2026-01-22,true,de|it|ja,Mystery|Comedy
U00025,Mateo Ortega,43,Colombia,2025-06-11,false,pt|es|fr,Horror|Fantasy|Drama|Western
U00026,Valeria Flores,50,Chile,2022-09-06,true,de,Science Fiction|Comedy
U00027,Hector Rivera,52,Chile,2022-08-29,true,ko,Music|History
U00028,Jose Morales,35,Chile,2023-12-15,true,fr,Comedy|Crime|Fantasy|Adventure
U00029,Mariana Flores,58,Spain,2023-06-01,false,es,Fantasy|War|Thriller|Crime
U00030,Sam Lopez,45,Canada,2024-02-23,true,ko|it|pt,Fantasy|Documentary
U00031,Taylor Rodriguez,26,Guatemala,2026-02-24,false,fr|de,Western|Adventure
U00032,Sofia Garcia,65,Colombia,2024-04-12,true,ja|it,Family|Comedy
U00033,Ricardo Gonzalez,28,Mexico,2023-04-08,false,de|fr,Action|Documentary|Horror
U00034,Ricardo Garcia,32,Argentina,2024-11-29,true,it|ja,Drama|Science Fiction
U00035,Jose Perez,52,Peru,2024-07-05,true,ja|pt,Fantasy|Animation|Western
U00036,Taylor Ramirez,38,Spain,2023-04-11,true,pt|ko,Fantasy|Adventure|Comedy|History
U00037,Lucia Ortega,22,Peru,2023-05-05,false,de|fr|ko,Adventure|Romance|Action
U00038,Jose Martinez,30,Spain,2023-12-17,false,it|ko|es,History|Romance|Horror|Drama
U00039,Jose Gonzalez,55,Brazil,2025-09-22,false,de|ko,History|Mystery|Action|Crime
U00040,Valeria Vasquez,36,Canada,2024-10-02,false,fr|pt|en,Drama|War|Thriller|Mystery
U00041,Jordan Sanchez,33,United States,2026-01-17,true,en,Family|Drama|Crime
U00042,Valeria Diaz,59,Guatemala,2025-10-21,true,fr,Drama|Mystery|Thriller|Western
U00043,Fernanda Diaz,25,United States,2023-07-03,true,de,War|Science Fiction
U00044,Gabriel Vasquez,46,Colombia,2026-01-07,false,ja|ko|it,Western|Horror|Science Fiction|History
U00045,Valeria Ramirez,46,Mexico,2023-08-30,false,it,Fantasy|War|Thriller|Horror
U00046,Avery Ramirez,42,Colombia,2024-02-27,true,de,Western|Animation|Crime
U00047,Jordan Diaz,44,Spain,2024-07-23,true,de,Western|Science Fiction|Romance
U00048,Ricardo Ortega,65,Canada,2024-05-29,true,ja|it,Action|Music|History
U00049,Andres Sanchez,28,United States,2023-10-21,true,ja|pt,Thriller|Action|Mystery
U00050,Nicolas Morales,29,Guatemala,2022-06-05,false,ko,Action|Animation|Romance
U00051,Lucia Flores,23,United States,2023-06-18,true,ja|fr,Horror|Western|Mystery
U00052,Luis Morales,30,Guatemala,2022-07-26,true,de,Family|Animation|Adventure
U00053,Avery Hernandez,56,Brazil,2024-12-05,true,pt|es,Comedy|Drama|Science Fiction|Music
U00054,Fernanda Gonzalez,30,Mexico,2024-01-08,true,ja|de|pt,Action|History
U00055,Taylor Torres,50,Peru,2026-02-10,true,pt|en,Comedy|Adventure|Music|Fantasy
U00056,Ricardo Diaz,45,Colombia,2025-01-08,false,ko|pt|es,Romance|Music
U00057,Nicolas Morales,35,United States,2024-12-26,true,es,Romance|Fantasy|Horror
U00058,Fernanda Vasquez,31,Peru,2025-06-21,false,fr|de,Mystery|Horror|Action|Family
U00059,Diego Ramirez,49,Canada,2025-08-13,true,ja,Fantasy|Action|Drama|Adventure
U00060,Mariana Ramos,62,Argentina,2025-11-23,false,de|ko,Thriller|Science Fiction|Action|Adventure
U00061,Jose Ortega,62,United States,2024-05-05,false,pt|fr,Western|War|Music
U00062,Emerson Ramirez,30,Argentina,2023-07-27,false,fr,Drama|Horror
U00063,Cameron Ortega,29,Chile,2025-03-20,true,pt,History|Comedy|Drama|Crime
U00064,Mariana Morales,24,Guatemala,2022-12-26,false,fr|pt|de,Adventure|Western|History
U00065,Andres Ramos,22,Spain,2024-09-29,false,es|ja,Documentary|Adventure|Fantasy
U00066,Jordan Ortega,25,Canada,2025-10-21,false,it|en|es,Adventure|Crime|War|Mystery
U00067,Nicolas Mendoza,55,Spain,2025-09-28,false,ko|fr,War|Mystery
U00068,Paula Mendoza,29,Canada,2022-08-12,true,es|ko|ja,Comedy|Drama|War|Crime
U00069,Morgan Lopez,63,Chile,2024-07-25,false,it,Thriller|History|Adventure
U00070,Jordan Sanchez,35,Colombia,2023-10-04,true,fr,Drama|Romance|Comedy|Fantasy
U00071,Sam Gonzalez,35,Canada,2023-12-31,false,it|pt|de,History|Science Fiction|Comedy|Family
U00072,Valeria Rodriguez,32,Brazil,2025-08-17,true,it|en|ja,Romance|Horror
U00073,Fernanda Ramirez,55,Spain,2025-07-04,false,ko|fr|es,Documentary|Thriller
U00074,Jordan Ramos,44,United States,2024-03-23,false,pt,Horror|Western|Comedy
U00075,Jose Gomez,25,Spain,2025-05-11,true,it|fr,Science Fiction|Animation
U00076,Jose Morales,21,Argentina,2024-11-12,false,ko|pt|de,Adventure|Drama|Music
U00077,Daniel Hernandez,37,Canada,2023-11-21,true,de|pt|es,Thriller|Comedy|Action
U00078,Daniel Diaz,49,Chile,2022-10-18,false,fr,Comedy|Science Fiction
U00079,Mateo Ramos,50,Colombia,2024-12-03,true,de|it,Science Fiction|Crime
U00080,Cameron Diaz,27,United States,2024-03-07,false,ko|ja,Fantasy|Action|History|Music
U00081,Sofia Flores,54,Spain,2025-05-15,true,de,Mystery|Science Fiction|Horror|Romance
U00082,Ricardo Diaz,26,Canada,2022-07-09,false,fr|de|en,Thriller|Mystery|War
U00083,Ricardo Martinez,44,Colombia,2024-09-28,true,fr,War|Science Fiction
U00084,Andres Ramirez,63,United States,2024-03-04,true,ja|fr|pt,Mystery|Animation|Horror|Romance
U00085,Nicolas Rodriguez,46,Colombia,2023-08-04,false,es,History|Family|Animation|Drama
U00086,Natalia Lopez,33,Canada,2022-07-14,false,ja|es,Adventure|History|Music
U00087,Paula Gonzalez,27,Argentina,2023-03-25,false,de|ko|it,Animation|Mystery
U00088,Carla Ramirez,40,Brazil,2024-11-07,false,fr|en|de,Action|Science Fiction|History
U00089,Carla Diaz,33,Spain,2026-02-22,false,ko|en,Science Fiction|History|Drama
U00090,Paula Torres,56,United States,2026-03-13,false,en,Action|Mystery|Fantasy
U00091,Fernanda Sanchez,58,Guatemala,2025-09-05,false,fr|pt|en,Family|Drama|Fantasy
U00092,Gabriel Vasquez,44,Colombia,2022-06-18,true,pt|ko,Music|Crime|Animation|Science Fiction
U00093,Casey Morales,39,Mexico,2024-04-29,false,it|pt,War|Fantasy|Documentary|Crime
U00094,Jordan Hernandez,52,Mexico,2023-07-17,false,en|fr,Mystery|Music|Animation|Western
U00095,Sofia Ramirez,53,Peru,2025-07-21,true,en|it,Music|Comedy|Family
U00096,Carla Rodriguez,20,Chile,2025-11-02,false,en,History|Romance|Comedy
U00097,Taylor Martinez,64,Colombia,2023-08-04,false,ja|it|pt,Crime|Mystery|Science Fiction|Documentary
U00098,Carla Martinez,46,Argentina,2025-01-07,false,de|ko,Romance|Fantasy|Adventure|Music
U00099,Taylor Rivera,47,Mexico,2025-04-30,true,es,Music|Adventure|Mystery|Crime
U00100,Carla Mendoza,22,Canada,2022-05-24,true,de,Horror|Family
U00101,Paula Perez,52,Chile,2023-08-01,true,fr,Crime|Action|Fantasy
U00102,Taylor Lopez,34,Guatemala,2023-01-05,true,pt|en|es,Music|Family
U00103,Luis Diaz,55,Mexico,2025-03-23,false,pt|it,Animation|Thriller
U00104,Elena Sanchez,48,Spain,2025-09-21,false,en|ko,War|History
U00105,Jose Martinez,35,Brazil,2025-01-09,false,fr|en|es,Science Fiction|Animation|War|Documentary
U00106,Lucia Mendoza,59,Canada,2025-04-01,true,es,Science Fiction|War|Romance
U00107,Mateo Vasquez,45,Peru,2023-07-22,false,es|fr,Horror|Science Fiction|Mystery
U00108,Sofia Hernandez,24,Peru,2026-02-15,true,ja,Animation|Western|War
U00109,Daniel Garcia,64,Guatemala,2025-07-25,false,ja|ko,Western|Horror|Comedy|Drama
U00110,Nicolas Torres,32,Mexico,2024-03-31,false,ko,War|Drama
U00111,Ricardo Morales,60,Chile,2024-05-02,true,en|it,Fantasy|Family
U00112,Morgan Ramirez,54,Spain,2026-03-20,true,fr,Horror|Music|Action
U00113,Casey Lopez,41,Chile,2022-10-15,false,pt|es,War|Drama|Mystery|Western
U00114,Fernanda Ortega,61,Mexico,2025-08-14,false,en,Adventure|Crime
U00115,Valeria Diaz,25,Chile,2024-12-30,false,es|fr|de,Science Fiction|Romance|Fantasy|Comedy
U00116,Elena Torres,37,Argentina,2022-07-13,true,de,Mystery|Adventure
U00117,Fernanda Ramirez,42,Canada,2023-11-24,true,ja|es|ko,Comedy|Action|Thriller
U00118,Elena Morales,22,Peru,2026-01-08,false,en|de,Animation|Mystery|Adventure
U00119,Paula Gomez,28,Brazil,2026-04-03,false,pt,Romance|History|Comedy|Drama
U00120,Camila Rivera,43,Chile,2022-10-08,false,ja|it|en,Comedy|Family|Romance
U00121,Avery Flores,40,Colombia,2023-03-21,true,de|ja|fr,War|Comedy
U00122,Taylor Hernandez,49,United States,2023-09-17,false,es|ko|pt,Documentary|Crime
U00123,Jose Ortega,46,Chile,2025-11-17,false,ko,Horror|Western|Crime|Family
U00124,Paula Garcia,41,Chile,2024-03-31,true,en,Animation|History|Science Fiction|Family
U00125,Carla Rodriguez,59,Argentina,2025-09-21,false,en|de|it,War|Mystery|Science Fiction|History
U00126,Nicolas Ramos,63,Mexico,2025-01-31,true,pt,Adventure|Science Fiction
U00127,Sam Sanchez,42,Spain,2026-03-30,false,pt|fr,Science Fiction|War|Documentary
U00128,Jose Mendoza,64,Brazil,2022-07-27,true,ja|fr|ko,Horror|Animation|Western|Adventure
U00129,Diego Rodriguez,63,Mexico,2025-07-17,false,ja|es|it,Crime|Music|History|Horror
U00130,Daniel Gomez,19,Peru,2025-11-18,false,ja|it|fr,Crime|War|Animation
U00131,Morgan Perez,36,Mexico,2024-03-10,true,es,Drama|Family|Crime
U00132,Jose Flores,62,Brazil,2025-09-27,true,fr,Mystery|Crime
U00133,Luis Vasquez,46,Argentina,2022-07-09,true,it|ja|pt,Music|Family|Science Fiction
U00134,Emerson Ramos,30,Brazil,2023-05-13,true,ja|es,Science Fiction|Western|History
U00135,Ricardo Ramirez,28,Chile,2022-07-26,false,es|fr|en,Thriller|Music|Comedy|War
U00136,Natalia Castillo,21,Spain,2023-02-06,false,en|de,Animation|Family|Science Fiction
U00137,Avery Gomez,27,Colombia,2022-09-25,true,pt,Family|Action|Horror
U00138,Emerson Ramos,34,Argentina,2026-03-06,true,en|ko|ja,Thriller|Science Fiction
U00139,Daniel Mendoza,33,Spain,2025-03-26,false,es|en,Comedy|History|Family
U00140,Jordan Martinez,45,Guatemala,2025-01-28,false,it,Western|Action|Family|Music
U00141,Avery Ortega,52,Canada,2024-08-11,true,es|it,Animation|War
U00142,Lucia Ramos,22,Peru,2022-07-09,true,pt,Mystery|Music|Fantasy|War
U00143,Luis Martinez,29,United States,2025-07-15,false,pt|ja|ko,Horror|Crime|Adventure|Documentary
U00144,Carla Gonzalez,30,Guatemala,2023-01-12,false,de|en,Science Fiction|Adventure
U00145,Hector Torres,36,Peru,2025-03-01,true,de,Western|Thriller|Fantasy
U00146,Ricardo Flores,39,Colombia,2023-10-22,false,ko|de,Music|Romance
U00147,Mariana Ramos,36,Peru,2024-05-02,true,fr|it,Fantasy|Animation|Romance|Adventure
U00148,Jordan Flores,40,United States,2025-12-24,true,ko,History|Science Fiction|Romance
U00149,Luis Rivera,65,Colombia,2025-09-21,true,ja|fr|it,Fantasy|Adventure|Animation
U00150,Casey Mendoza,41,Spain,2026-01-28,true,pt,Adventure|Crime|Animation
U00151,Nicolas Hernandez,51,Peru,2026-01-30,false,fr,Music|Western|Science Fiction
U00152,Diego Ramirez,25,Chile,2023-09-04,false,ja|it,Action|Documentary
U00153,Mariana Vasquez,46,Colombia,2023-06-24,false,es,History|Thriller|Drama|Adventure
U00154,Jordan Flores,41,Canada,2026-01-07,true,fr,Animation|History|War
U00155,Taylor Perez,53,Colombia,2023-01-20,true,pt|de,Thriller|Action
U00156,Jordan Torres,38,Mexico,2024-07-04,false,es|ko,Thriller|War|Romance|Mystery
U00157,Valeria Castillo,50,Guatemala,2024-03-16,true,ja,Western|Documentary
U00158,Elena Hernandez,36,Mexico,2023-12-24,false,de|fr|it,Documentary|Horror
U00159,Riley Morales,27,Colombia,2023-10-25,false,fr|it|ja,History|Animation
U00160,Camila Ortega,54,Spain,2022-07-04,true,it|pt|es,Animation|Adventure
U00161,Andres Morales,22,Guatemala,2023-11-25,true,ja|fr|de,History|Thriller|Family|Mystery
U00162,Valeria Diaz,40,Spain,2024-12-27,true,pt|ko,Drama|Horror|Crime
U00163,Fernanda Rivera,46,Argentina,2025-02-28,true,it,Comedy|Horror|Family|Thriller
U00164,Taylor Garcia,28,United States,2023-11-26,false,pt|es,Romance|Family|Documentary
U00165,Andres Torres,55,Peru,2025-01-23,true,ko|es|ja,Animation|Mystery
U00166,Sam Torres,26,Chile,2025-01-18,false,ja,Thriller|History|Action|Romance
U00167,Fernanda Gomez,36,Mexico,2024-04-29,false,de|fr|it,Mystery|Adventure
U00168,Elena Vasquez,39,Canada,2025-05-11,false,pt|ja,Comedy|Crime|Western
U00169,Fernanda Hernandez,63,Peru,2023-05-23,false,fr,War|Mystery|Adventure|Action
U00170,Elena Vasquez,57,Chile,2023-02-10,false,pt|es|de,War|Crime|Horror|Science Fiction
U00171,Elena Castillo,25,Spain,2025-04-05,false,pt|ko,History|Thriller|Action
U00172,Gabriel Lopez,58,Brazil,2025-08-15,false,ko|es|it,Fantasy|Family|Adventure
U00173,Casey Sanchez,44,Argentina,2022-06-14,false,ja|es,Comedy|Drama|Action|Family
U00174,Elena Mendoza,42,Peru,2024-12-01,true,ko|it,Adventure|Crime|Drama|Fantasy
U00175,Valeria Morales,53,Chile,2024-03-12,true,it,Music|Fantasy|Thriller|Comedy
U00176,Emerson Torres,64,Chile,2026-03-24,false,pt|it,Thriller|Horror
U00177,Taylor Ortega,20,Chile,2026-01-25,true,it,Mystery|Western|Music|War
U00178,Sofia Vasquez,35,Colombia,2025-12-14,true,it|ko|pt,Thriller|Drama|War
U00179,Nicolas Ortega,21,Mexico,2023-08-14,false,de,Adventure|War
U00180,Diego Ramos,30,Chile,2022-11-02,false,ko|de|pt,Crime|Action|Documentary|Drama
U00181,Emerson Garcia,43,United States,2022-10-11,true,en,Family|Adventure|Documentary|Drama
U00182,Hector Torres,59,Canada,2022-06-26,false,it|de,History|Comedy
U00183,Natalia Hernandez,47,Chile,2025-02-06,true,fr|pt,Fantasy|Drama|Comedy
U00184,Alex Flores,43,Mexico,2023-12-06,true,pt|en,Drama|Documentary|Mystery|Romance
U00185,Casey Ramos,35,Peru,2024-02-02,false,de|ko,Action|Fantasy
U00186,Paula Ortega,28,Spain,2022-05-04,false,es|de|fr,Music|Family|Adventure
U00187,Mariana Martinez,27,United States,2025-11-09,false,ko,Music|Family|War
U00188,Mateo Morales,54,Mexico,2024-11-30,true,pt|en,Drama|Family|Animation|Fantasy
U00189,Camila Morales,51,United States,2025-02-09,true,pt,Western|Crime
U00190,Jose Perez,26,Canada,2025-07-18,false,ko,Animation|War|Science Fiction
U00191,Valeria Ortega,31,Brazil,2022-08-07,true,en|pt,Science Fiction|History|Action|Drama
U00192,Sam Diaz,44,Colombia,2024-03-16,true,en|fr,Animation|Adventure|Western|Science Fiction
U00193,Fernanda Diaz,59,Peru,2024-05-16,true,fr,Science Fiction|Mystery|War
U00194,Morgan Morales,47,Canada,2024-06-23,false,it,Crime|Family|Action|Mystery
U00195,Daniel Gomez,30,Mexico,2023-07-25,true,it,Science Fiction|Music
U00196,Gabriel Diaz,56,Guatemala,2025-09-21,false,es,Family|Drama
U00197,Nicolas Garcia,26,Canada,2023-08-25,false,de|ja|en,Adventure|Mystery|Science Fiction|Comedy
U00198,Avery Ortega,44,Chile,2024-01-24,false,de,Horror|Family|History|Science Fiction
U00199,Sam Morales,51,Peru,2025-08-04,false,ja|ko,Documentary|Romance|Thriller|Action
U00200,Mateo Hernandez,63,Colombia,2023-12-16,false,it,Documentary|Thriller|Family
U00201,Hector Garcia,31,Peru,2025-06-05,true,de|fr,Romance|War|Crime
U00202,Hector Vasquez,42,Brazil,2024-05-09,true,it,Western|Drama
U00203,Ricardo Rodriguez,31,Argentina,2023-05-01,true,it|en,Western|Drama|Thriller|Comedy
U00204,Luis Ramos,47,Canada,2023-08-20,false,it|de,Drama|Mystery|Family|Fantasy
U00205,Emerson Ramirez,31,Peru,2024-04-16,false,ko|ja|fr,Thriller|Science Fiction|Comedy|Mystery
U00206,Mateo Garcia,27,Argentina,2025-06-06,false,ja|fr,Crime|Action
U00207,Avery Gomez,59,United States,2025-06-20,false,ko|pt,Thriller|Horror
U00208,Morgan Rivera,51,Guatemala,2023-03-23,true,en,Western|Thriller
U00209,Camila Garcia,50,United States,2022-04-24,false,fr|en|es,Crime|Family|Animation
U00210,Sam Mendoza,51,Chile,2025-11-07,false,ja|en|ko,Thriller|Western|Action|War
U00211,Alex Castillo,33,Argentina,2026-03-10,false,fr,Romance|Documentary|Comedy|Science Fiction
U00212,Camila Rivera,32,Chile,2023-10-10,true,de|pt,Animation|Music|Mystery
U00213,Carla Garcia,62,Colombia,2022-10-19,true,en,Mystery|Western|Thriller
U00214,Andres Diaz,62,Brazil,2025-11-21,false,de,Comedy|War|Adventure
U00215,Cameron Garcia,55,Colombia,2022-09-10,false,en|es,Fantasy|Adventure|Documentary|Science Fiction
U00216,Hector Rodriguez,26,Mexico,2023-12-14,false,pt|de|ko,Family|Mystery
U00217,Sam Martinez,19,Chile,2024-09-22,false,ja|ko|fr,Animation|Horror
U00218,Andres Sanchez,36,Argentina,2024-04-08,true,ja|en|it,Mystery|Romance|Documentary|Horror
U00219,Jordan Ramirez,18,Chile,2023-02-20,false,es|en,Crime|Mystery|Horror
U00220,Sofia Ramirez,53,Canada,2022-11-06,false,ko|it,Animation|Documentary
U00221,Taylor Lopez,44,Spain,2022-10-11,true,en|fr,Western|Animation|Horror
U00222,Luis Morales,37,Chile,2023-08-21,false,it,War|Documentary|Mystery|Animation
U00223,Casey Rodriguez,34,Argentina,2023-03-19,false,es|fr,Fantasy|Romance|History
U00224,Nicolas Mendoza,39,Brazil,2023-05-16,false,ja,Comedy|Crime|History
U00225,Gabriel Flores,38,Colombia,2024-09-28,false,de|ko,Romance|Crime|History
U00226,Diego Torres,25,Brazil,2026-03-04,true,ja|fr,Thriller|Family|Horror|Drama
U00227,Paula Morales,36,Mexico,2023-04-14,false,ko,Western|Action|Science Fiction|Music
U00228,Jose Ramos,42,Mexico,2023-01-21,false,ja,History|Family|Fantasy|Horror
U00229,Nicolas Ramos,62,Canada,2025-07-16,true,en|ja|fr,Western|War|Romance
U00230,Taylor Sanchez,45,Mexico,2025-12-17,true,ja|ko|fr,Music|Documentary|Adventure|History
U00231,Taylor Ramirez,61,Brazil,2023-07-09,true,ko|ja,War|Family|Science Fiction|Documentary
U00232,Sofia Lopez,64,Colombia,2024-12-24,false,es,History|Romance
U00233,Emerson Flores,46,United States,2024-10-29,false,ko|en,War|Thriller
U00234,Jordan Torres,65,Argentina,2022-07-11,true,fr,Comedy|Action|Horror|Thriller
U00235,Daniel Gonzalez,58,Spain,2024-02-17,false,fr|es,Romance|Science Fiction|Family|Mystery
U00236,Alex Mendoza,63,Mexico,2023-05-20,true,de|es|fr,Romance|Mystery|Action
U00237,Gabriel Morales,60,United States,2023-04-28,false,it,Horror|Drama|Science Fiction
U00238,Nicolas Gomez,61,Chile,2025-09-13,true,fr|ja,Comedy|Music|War
U00239,Jose Hernandez,41,Colombia,2024-01-12,false,fr,Family|History
U00240,Mateo Mendoza,49,Chile,2023-01-18,true,fr|it|es,Mystery|Romance|Documentary|Family
U00241,Morgan Flores,42,Canada,2024-10-20,false,de,Adventure|Music|Action|Family
U00242,Mateo Ramos,36,Guatemala,2024-08-09,false,en|ja|es,Science Fiction|Thriller|Documentary|Adventure
U00243,Avery Morales,35,Canada,2023-11-23,false,es|it|en,Science Fiction|Thriller
U00244,Daniel Garcia,46,Chile,2024-09-30,false,de|fr|en,Drama|Romance|Comedy|Music
U00245,Ricardo Rodriguez,57,Spain,2024-09-26,true,pt|ja|ko,Family|Drama
U00246,Nicolas Hernandez,28,Peru,2023-06-08,false,it|ko|ja,Adventure|Music
U00247,Emerson Ortega,59,Colombia,2023-10-10,true,it,Comedy|Crime|Romance|Science Fiction
U00248,Avery Hernandez,58,Spain,2026-04-06,false,it,Family|Mystery|Thriller
U00249,Valeria Rodriguez,47,United States,2025-10-29,false,it|pt|fr,Mystery|War
U00250,Paula Lopez,31,United States,2022-10-18,false,ja|es|de,Science Fiction|Music|Animation|Mystery
U00251,Diego Torres,58,United States,2024-03-02,true,en|ko|ja,Crime|Thriller|Horror|Science Fiction
U00252,Taylor Gonzalez,28,Chile,2024-09-30,true,fr|pt|ko,Action|Romance|Drama
U00253,Carla Rivera,58,Chile,2023-09-05,true,ja,Music|Documentary
U00254,Mateo Rodriguez,55,Argentina,2026-03-22,false,es|ko,Action|Drama
U00255,Alex Lopez,42,Mexico,2026-03-05,true,es|ko,Comedy|Romance|Crime
U00256,Taylor Flores,54,Guatemala,2024-05-02,true,fr|en|it,Crime|Mystery|Western
U00257,Valeria Rivera,24,Colombia,2023-06-21,true,es,Crime|Romance|Science Fiction|War
U00258,Paula Gomez,53,Brazil,2024-03-30,false,es|ko,Horror|Crime|Family
U00259,Fernanda Lopez,21,Argentina,2025-12-19,false,ja|fr|pt,Drama|War|Western
U00260,Lucia Martinez,42,Brazil,2023-08-17,false,pt|es,Animation|War|Action
U00261,Sofia Morales,18,Chile,2026-02-07,true,es,Thriller|Animation
U00262,Sam Garcia,52,Canada,2024-07-04,true,ja|en|pt,History|War|Romance|Drama
U00263,Cameron Rodriguez,43,Brazil,2024-01-05,true,pt,War|Drama
U00264,Emerson Diaz,57,Brazil,2023-08-12,true,es|de,Family|Animation
U00265,Emerson Gonzalez,40,Canada,2022-12-11,false,ko,Crime|Action
U00266,Morgan Rivera,22,Chile,2022-12-26,true,it|ko,Fantasy|Comedy|Action|Documentary
U00267,Andres Vasquez,24,Brazil,2025-02-20,true,fr|ko,Adventure|Thriller|Documentary
U00268,Avery Castillo,41,Spain,2022-04-16,true,ko,Action|Family
U00269,Morgan Garcia,22,Brazil,2025-05-17,false,pt|fr,Romance|Family|Horror|Comedy
U00270,Taylor Castillo,47,Chile,2026-01-18,false,en|de|ko,Documentary|Family
U00271,Diego Rodriguez,57,Argentina,2025-05-17,false,it|pt,Action|Music|Drama
U00272,Sofia Ortega,44,Guatemala,2025-01-15,true,en,Western|Family
U00273,Daniel Rivera,64,Chile,2025-11-03,true,ja|ko|pt,Action|Horror|Western|Mystery
U00274,Riley Castillo,32,Canada,2023-08-11,false,it|en|ja,Thriller|Adventure|Crime
U00275,Mariana Rivera,54,Guatemala,2024-11-04,false,es|it,Animation|Comedy|Crime|Horror
U00276,Jose Hernandez,35,Argentina,2023-08-08,true,pt|fr|de,Fantasy|Horror|Mystery
U00277,Riley Hernandez,47,Peru,2025-07-21,false,ko,Crime|Comedy
U00278,Taylor Morales,25,Mexico,2024-04-13,true,it|ja,Science Fiction|History
U00279,Gabriel Torres,40,Spain,2026-03-24,true,de,Adventure|Drama|Horror|Animation
U00280,Jose Torres,47,Mexico,2023-09-25,true,de|en,Action|Mystery
U00281,Taylor Lopez,58,Mexico,2022-08-15,false,pt|ko,Crime|Drama
U00282,Hector Rodriguez,39,Mexico,2022-05-25,true,es,Drama|Science Fiction
U00283,Valeria Garcia,40,Argentina,2023-03-21,true,ja|es,Romance|Mystery|Thriller|Action
U00284,Cameron Ramirez,53,United States,2024-10-10,true,it|de|ja,Adventure|Family
U00285,Jordan Ramirez,19,Spain,2024-06-03,false,de|pt|it,Romance|Drama
U00286,Andres Morales,38,Brazil,2024-12-28,true,fr|en,War|Horror|Mystery
U00287,Alex Ramirez,33,Argentina,2022-08-08,false,es,War|Music|Family
U00288,Daniel Garcia,65,Peru,2023-07-04,true,pt,Mystery|Music|Documentary|Animation
U00289,Mariana Rivera,20,Mexico,2025-06-16,true,fr|de,Crime|Drama|Thriller|Fantasy
U00290,Avery Mendoza,57,Argentina,2023-07-03,true,pt,War|Thriller
U00291,Diego Gonzalez,51,Peru,2024-02-02,true,fr|ja|en,Action|Crime
U00292,Sofia Gomez,64,Spain,2025-07-24,false,fr|es,Horror|History
U00293,Carla Flores,64,Chile,2023-04-02,true,fr|de|ko,Western|Music|Family|Horror
U00294,Morgan Lopez,54,Mexico,2026-03-18,false,de|pt,Mystery|Adventure|Documentary|History
U00295,Casey Flores,63,Peru,2022-09-17,false,es,Music|Horror
U00296,Alex Ramirez,18,Guatemala,2023-06-14,false,es|pt,Animation|Music
U00297,Valeria Diaz,54,Argentina,2023-03-17,true,ja|en|de,Thriller|Mystery|Music
U00298,Valeria Rodriguez,39,Colombia,2022-06-18,false,es,Action|Horror|Fantasy
U00299,Morgan Rodriguez,28,Brazil,2025-05-05,false,en|de|pt,Horror|Thriller
U00300,Morgan Garcia,37,Argentina,2022-11-04,true,it|pt|fr,Drama|Western|Romance
U00301,Sam Gomez,23,Chile,2025-06-24,false,ja,Thriller|Crime|Adventure|Documentary
U00302,Riley Martinez,25,Chile,2022-06-02,false,ko,Documentary|History
U00303,Andres Ramos,29,United States,2025-12-24,true,ja|fr,Animation|Mystery|Documentary
U00304,Cameron Vasquez,23,Peru,2024-11-18,false,es,Family|Fantasy|Adventure
U00305,Fernanda Ortega,48,Chile,2023-07-20,true,ko|it|es,Adventure|Mystery|Romance|Fantasy
U00306,Lucia Garcia,31,Argentina,2025-02-02,true,fr|es,War|Crime|Comedy|Mystery
U00307,Sam Diaz,22,Mexico,2022-09-18,false,it|fr|pt,Romance|Drama|Crime|Western
U00308,Daniel Gomez,25,Spain,2025-05-15,true,ja,Fantasy|War|Science Fiction
U00309,Casey Ortega,34,Spain,2025-07-28,false,pt|de,Comedy|Western|War|Mystery
U00310,Paula Mendoza,56,Spain,2024-12-04,true,fr|it,Documentary|Fantasy
U00311,Lucia Flores,39,Chile,2026-02-23,false,pt|en,Adventure|Thriller
U00312,Cameron Ramos,35,Spain,2026-03-06,true,ko|ja|fr,Comedy|Family|Crime|Thriller
U00313,Riley Vasquez,22,Chile,2023-06-17,false,fr,Thriller|War|Music
U00314,Casey Castillo,33,Guatemala,2025-06-18,false,en,Documentary|Drama
U00315,Sam Rivera,25,Guatemala,2026-03-24,true,ja|pt,Fantasy|Music
U00316,Sofia Ramos,34,Mexico,2025-08-09,false,fr|ja,Documentary|Thriller|Music
U00317,Alex Gomez,35,Spain,2022-07-21,true,de|pt|es,Drama|Family
U00318,Ricardo Lopez,56,Chile,2024-12-06,false,it,Documentary|Action
U00319,Mateo Gomez,24,Guatemala,2024-03-25,false,ja|it,Fantasy|Drama|Science Fiction
U00320,Daniel Mendoza,35,Peru,2025-09-09,false,pt,History|Comedy|Thriller
U00321,Cameron Torres,60,Peru,2023-05-01,true,ja,War|Family
U00322,Luis Lopez,20,Brazil,2025-12-13,true,ja|pt,History|Fantasy|Romance
U00323,Diego Sanchez,36,Mexico,2026-02-14,false,fr,Thriller|Music|History|Romance
U00324,Casey Ramirez,32,Chile,2025-05-29,false,pt,Horror|Animation
U00325,Gabriel Flores,58,Brazil,2024-05-11,true,en|ja,History|Science Fiction|Comedy
U00326,Andres Perez,27,Colombia,2025-01-29,true,ja|en,Mystery|War
U00327,Diego Diaz,39,Colombia,2025-06-20,false,ko,Crime|Horror|Documentary
U00328,Carla Garcia,26,Brazil,2022-04-20,false,fr|de|en,Fantasy|Drama|Documentary
U00329,Carla Diaz,64,Peru,2024-07-15,true,de,Thriller|Mystery|Action
U00330,Natalia Flores,40,Chile,2025-04-02,true,de|es|pt,Action|Western
U00331,Taylor Gomez,36,United States,2025-02-04,false,it,History|Documentary|Animation|Romance
U00332,Mateo Hernandez,32,Colombia,2024-03-12,true,en|es,Music|Drama|Documentary
U00333,Luis Lopez,34,Canada,2025-07-31,true,en|de|pt,Documentary|Comedy|Music|Thriller
U00334,Nicolas Garcia,42,Mexico,2025-12-26,false,es|de|ja,Action|Adventure
U00335,Andres Hernandez,57,Brazil,2023-06-05,true,it,Action|History|Romance|Horror
U00336,Mateo Martinez,30,Brazil,2025-02-21,true,ko,Comedy|History|Western|Mystery
U00337,Fernanda Ramirez,53,United States,2025-03-17,true,fr|en,Music|Romance
U00338,Mariana Ramos,60,United States,2024-02-17,true,es|en|it,Action|Western
U00339,Jordan Castillo,21,Mexico,2022-09-11,true,it|de,Comedy|Fantasy|Family|Thriller
U00340,Ricardo Garcia,18,Colombia,2023-11-27,true,en,Horror|Romance|Comedy
U00341,Diego Rivera,43,Spain,2024-09-23,false,fr|en,Fantasy|Animation|Music|Romance
U00342,Cameron Gomez,28,Mexico,2026-02-21,false,en,Romance|Documentary|Comedy
U00343,Hector Ortega,61,Colombia,2024-12-24,false,en|ja,Science Fiction|Documentary|Mystery|Thriller
U00344,Hector Ramos,63,Canada,2022-11-28,true,pt|en,Science Fiction|Adventure|Animation
U00345,Jose Flores,53,Brazil,2025-03-09,true,ja|es,Comedy|Romance|Family|Thriller
U00346,Alex Gonzalez,39,Chile,2025-02-09,true,pt|es,Thriller|Documentary|Animation
U00347,Elena Sanchez,54,United States,2025-05-12,true,ko|ja,Mystery|Western|Family|Adventure
U00348,Ricardo Ramos,44,Guatemala,2024-10-12,true,ja,Comedy|Thriller|Action
U00349,Camila Rodriguez,21,Argentina,2025-08-30,false,ko|fr|ja,History|War|Drama|Horror
U00350,Diego Morales,18,Peru,2025-10-01,false,de,Thriller|Music|Science Fiction|Adventure
U00351,Camila Torres,26,Spain,2025-05-06,true,ko,Music|Comedy|Adventure|Science Fiction
U00352,Cameron Mendoza,30,Peru,2023-05-17,true,ko,Comedy|Mystery
U00353,Fernanda Diaz,51,Guatemala,2022-07-15,false,fr|de|en,Comedy|Science Fiction|War|Horror
U00354,Camila Ortega,42,Spain,2024-12-25,true,pt|it,Documentary|Western|Crime|Adventure
U00355,Cameron Gomez,62,Canada,2024-03-13,false,it|ja,Science Fiction|Crime|War
U00356,Mariana Morales,61,Colombia,2025-10-27,true,it|pt|fr,Drama|Western
U00357,Elena Morales,65,Canada,2026-03-02,false,ja|pt,Horror|Comedy|Music|Fantasy
U00358,Natalia Diaz,30,Chile,2022-05-07,true,en,Comedy|Action|Mystery|Animation
U00359,Emerson Ramirez,24,Brazil,2023-02-04,true,en|fr|de,History|Drama
U00360,Luis Morales,44,Peru,2024-06-15,true,en|de|ja,War|History
U00361,Alex Ramirez,30,Chile,2023-05-31,false,de|ja|pt,Science Fiction|Family|Music|Mystery
U00362,Morgan Rodriguez,35,Canada,2023-04-28,false,en|de,War|Comedy
U00363,Casey Gonzalez,38,Brazil,2025-07-20,true,fr|en|es,Action|Horror|Science Fiction
U00364,Fernanda Mendoza,29,Canada,2025-12-26,true,pt|it|es,Thriller|Music|Animation
U00365,Gabriel Castillo,60,Peru,2023-03-03,false,de|es,Western|Mystery|Animation
U00366,Sofia Torres,59,Brazil,2023-07-02,true,pt|de|es,War|Thriller|Action|Adventure
U00367,Sam Flores,41,Canada,2024-05-31,false,it|en|ko,Mystery|Fantasy
U00368,Andres Garcia,58,Mexico,2023-12-09,true,en,Drama|Horror|Animation|Adventure
U00369,Jose Perez,27,Guatemala,2026-02-12,false,es|pt|ja,Comedy|Drama|Romance
U00370,Mariana Flores,53,Mexico,2022-06-27,true,it,Animation|Adventure
U00371,Hector Ramirez,61,Mexico,2024-07-23,true,en|de,Science Fiction|Mystery|Romance
U00372,Carla Mendoza,37,Brazil,2022-08-18,true,es|fr|pt,Adventure|Animation|Music|Science Fiction
U00373,Emerson Vasquez,43,Canada,2024-05-31,false,de|es|pt,Action|Thriller|Documentary
U00374,Carla Hernandez,54,Brazil,2023-12-12,false,en,Music|Action|Crime|Adventure
U00375,Daniel Morales,29,Argentina,2022-10-02,false,fr|es,Drama|Music|Western
U00376,Riley Martinez,30,Brazil,2023-04-17,false,es|fr|en,Adventure|Science Fiction|Animation|Crime
U00377,Diego Rivera,38,United States,2022-12-29,false,de,Family|Comedy|History|Thriller
U00378,Diego Mendoza,38,Argentina,2025-12-21,true,fr|en,Crime|Music|Horror
U00379,Mariana Diaz,37,United States,2023-10-29,true,ko|fr,Crime|Horror|Thriller
U00380,Morgan Mendoza,19,Canada,2022-09-25,true,es|pt|en,Crime|Drama|Fantasy
U00381,Camila Ortega,41,Spain,2025-07-09,true,ko|pt|es,Drama|Adventure|Fantasy
U00382,Natalia Ortega,50,Guatemala,2023-11-27,true,es|de|fr,Science Fiction|War
U00383,Ricardo Mendoza,54,Brazil,2026-02-10,true,fr|es,War|Crime
U00384,Luis Ramos,34,Peru,2024-04-14,true,es,Family|Thriller
U00385,Sam Perez,59,Peru,2025-03-06,true,en,Mystery|Thriller|Science Fiction
U00386,Mariana Castillo,59,Mexico,2025-10-29,false,ja|fr|it,Fantasy|Documentary|Mystery
U00387,Lucia Sanchez,26,United States,2025-03-03,true,en|it,Music|Western|Thriller
U00388,Avery Rodriguez,56,Mexico,2025-02-27,true,pt,Fantasy|Drama|Crime|Animation
U00389,Mateo Flores,19,Argentina,2022-11-29,true,fr|pt|de,Thriller|Western|Drama
U00390,Casey Ortega,21,Colombia,2025-08-06,false,fr,Crime|War
U00391,Hector Gonzalez,56,United States,2025-03-04,false,ko,Action|History|Animation
U00392,Morgan Sanchez,55,Mexico,2024-07-30,true,pt|de|it,Crime|Documentary|Fantasy|Animation
U00393,Lucia Gomez,56,Mexico,2023-01-06,true,ja|ko|es,Action|Drama
U00394,Andres Mendoza,48,Colombia,2025-08-21,true,es,Western|War
U00395,Natalia Diaz,42,Peru,2025-03-15,true,ko,Music|Adventure|Romance
U00396,Mateo Hernandez,18,Guatemala,2023-09-14,true,ja|fr|es,Family|Animation|History
U00397,Elena Lopez,45,Brazil,2024-05-18,false,fr,Drama|Horror|Romance|Documentary
U00398,Cameron Morales,53,Canada,2024-08-25,false,ja,Music|Fantasy|Mystery|Thriller
U00399,Morgan Rivera,26,Mexico,2025-05-30,true,ja|pt,Thriller|Fantasy|History|Western
U00400,Valeria Gonzalez,42,Guatemala,2022-11-02,true,en|es,War|Mystery
U00401,Camila Hernandez,23,Brazil,2024-12-01,true,pt,Romance|Animation|War|Crime
U00402,Luis Gomez,46,Guatemala,2024-07-09,true,ko,War|History|Adventure|Mystery
U00403,Ricardo Castillo,61,Guatemala,2023-11-17,false,de|it|es,Adventure|War
U00404,Avery Lopez,55,Argentina,2023-02-27,true,ja|de,Fantasy|Mystery
U00405,Luis Rodriguez,30,United States,2022-10-12,false,de|it,History|Music|War|Romance
U00406,Paula Lopez,50,Chile,2023-09-27,false,es,Romance|War
U00407,Taylor Castillo,39,United States,2023-09-20,false,de|ja,Fantasy|Science Fiction|Mystery|History
U00408,Natalia Ortega,62,Argentina,2022-06-06,false,de|pt,Comedy|Fantasy|Animation
U00409,Mateo Rivera,61,Peru,2025-03-03,true,ja,Action|Fantasy|Family|Crime
U00410,Daniel Gonzalez,49,Argentina,2024-12-11,true,de,Music|Drama|Fantasy
U00411,Luis Sanchez,27,Mexico,2023-10-06,true,pt,Family|Drama
U00412,Hector Rodriguez,38,United States,2026-01-24,false,pt|it,Thriller|Action|Adventure|Romance
U00413,Andres Gonzalez,48,Canada,2025-02-20,true,ja,Mystery|Family|Crime
U00414,Elena Rivera,18,Guatemala,2024-06-25,true,ko|fr|pt,Documentary|Science Fiction|Comedy|Music
U00415,Lucia Ortega,48,Brazil,2022-11-03,false,it|es|fr,Music|Fantasy|Documentary
U00416,Sofia Gonzalez,46,Colombia,2025-01-26,true,ja|fr,Drama|Romance|Music
U00417,Paula Sanchez,65,Colombia,2022-11-01,false,de|es,Fantasy|Family|Romance|Thriller
U00418,Gabriel Lopez,53,Brazil,2023-04-07,true,it|fr,Thriller|Crime|Horror
U00419,Lucia Martinez,58,Mexico,2026-02-23,false,ko|ja,Adventure|Drama
U00420,Luis Flores,25,Peru,2023-09-25,true,ja,Music|Fantasy|Western
U00421,Paula Ortega,65,United States,2025-12-01,true,ko|ja,Western|Documentary|History|War
U00422,Lucia Mendoza,22,Mexico,2023-11-18,true,ja|ko,Crime|Documentary|Horror
U00423,Diego Sanchez,41,Brazil,2024-01-13,false,ko|ja,History|Fantasy|Mystery
U00424,Mateo Gonzalez,65,Mexico,2023-04-22,true,it|pt|ja,Crime|Family
U00425,Morgan Gomez,51,Mexico,2022-11-07,true,en|ko|de,Animation|Thriller
U00426,Cameron Mendoza,65,Chile,2023-02-23,false,de,Mystery|History
U00427,Carla Hernandez,48,United States,2023-01-04,false,pt|ja,Documentary|Action|Adventure|Horror
U00428,Daniel Vasquez,58,Canada,2023-01-12,false,ja|it|pt,Western|Documentary|Science Fiction|Horror
U00429,Hector Rivera,27,Chile,2024-12-22,true,ja|fr,Family|Animation|Science Fiction|Crime
U00430,Alex Castillo,37,Guatemala,2023-01-15,false,ko|ja|de,History|Thriller|Action
U00431,Gabriel Torres,53,Spain,2025-08-15,false,ja,Action|Music
U00432,Avery Gonzalez,58,Argentina,2025-11-23,false,ja,Mystery|Family|Fantasy
U00433,Emerson Morales,25,United States,2023-10-13,false,it,Drama|Animation|Documentary
U00434,Cameron Mendoza,52,Guatemala,2025-01-12,true,en,Horror|Action
U00435,Taylor Torres,27,Guatemala,2023-10-14,false,es,Science Fiction|Action
U00436,Riley Flores,27,Guatemala,2024-08-18,false,en|fr|ko,Thriller|Music|Science Fiction
U00437,Fernanda Gomez,18,Mexico,2022-09-04,true,ja|ko,Thriller|Documentary|Drama|Science Fiction
U00438,Lucia Vasquez,48,Spain,2023-08-30,false,de,Adventure|Drama|Science Fiction|Music
U00439,Hector Flores,41,Guatemala,2023-03-01,true,it|es,Adventure|War|Comedy|Crime
U00440,Taylor Sanchez,33,Guatemala,2025-10-28,true,es|de,Horror|Action|Documentary
U00441,Paula Ramos,23,Brazil,2026-02-18,false,ko,Crime|Music|Animation|Comedy
U00442,Hector Garcia,53,Peru,2022-08-11,false,de|fr,Crime|Comedy|Western
U00443,Luis Perez,63,United States,2022-05-24,false,ko,Mystery|Music|Crime|Thriller
U00444,Daniel Ramos,56,Canada,2023-05-04,true,it|ja,Documentary|Music|Horror|War
U00445,Jordan Castillo,58,Canada,2023-02-22,false,en|ja,History|Fantasy|Music
U00446,Luis Gonzalez,30,Canada,2022-05-19,false,ja,Music|Family|Horror|Western
U00447,Fernanda Morales,51,Mexico,2023-02-20,true,es|en,History|Horror|Romance|War
U00448,Camila Hernandez,20,Brazil,2023-04-11,false,de|en,Drama|Comedy
U00449,Jose Ramos,59,United States,2025-03-22,true,es|en|ko,Fantasy|Adventure|Music|Comedy
U00450,Valeria Garcia,64,Mexico,2024-04-19,false,it|ko|en,Romance|Music|Adventure|Western
U00451,Jordan Perez,51,Argentina,2025-03-09,true,ja|es|ko,Comedy|Family
U00452,Daniel Morales,29,Canada,2024-08-08,false,ja|en|es,Comedy|Music|Science Fiction|War
U00453,Elena Flores,38,Peru,2025-12-17,false,pt|it,Western|Science Fiction
U00454,Fernanda Diaz,46,Spain,2024-02-02,true,it|fr|de,Family|Drama|Mystery|Thriller
U00455,Luis Garcia,32,Argentina,2023-11-14,false,en|fr,Action|War|Crime|Science Fiction
U00456,Alex Ramirez,26,Chile,2025-05-18,false,pt|es,Western|Crime|Comedy|Action
U00457,Natalia Ortega,54,Argentina,2023-09-04,true,ja,Fantasy|History
U00458,Luis Flores,54,Spain,2024-12-24,true,it|en|pt,Thriller|Comedy
U00459,Fernanda Garcia,58,Spain,2024-02-24,true,en,Romance|Western|Comedy
U00460,Emerson Castillo,61,Spain,2022-07-04,false,de|es|en,Western|Crime|Horror
U00461,Fernanda Mendoza,39,Mexico,2025-07-02,false,fr|es,Animation|Family|Romance|Crime
U00462,Paula Garcia,26,Colombia,2025-05-07,false,ja|ko|pt,Fantasy|Animation|Mystery
U00463,Daniel Perez,35,Spain,2025-01-04,false,es,Drama|War|Family
U00464,Jose Ortega,38,Peru,2022-10-11,true,pt|es,Romance|Western
U00465,Fernanda Torres,30,Peru,2023-03-23,true,de,Science Fiction|Crime|Western
U00466,Fernanda Rodriguez,62,Mexico,2022-11-27,false,en|fr,Adventure|Family|Crime|Romance
U00467,Valeria Ramos,57,Colombia,2022-05-27,true,it|ko|de,Drama|Western|War
U00468,Lucia Ortega,62,Brazil,2025-12-29,false,de|ja,Adventure|Fantasy|Documentary|Action
U00469,Sam Vasquez,41,Mexico,2025-12-11,true,it|pt|ja,Animation|Mystery
U00470,Emerson Gomez,30,Canada,2023-07-28,false,es|ko,War|Comedy|Horror
U00471,Daniel Lopez,65,Colombia,2022-07-01,true,ko|de,War|History
U00472,Sofia Rivera,42,Guatemala,2024-04-07,false,it,History|Family|Fantasy|Mystery
U00473,Avery Hernandez,54,Colombia,2024-03-10,false,de|ko|es,Crime|Animation|Mystery
U00474,Emerson Mendoza,61,Argentina,2024-02-14,true,fr|it|ja,Western|Crime|Drama
U00475,Emerson Castillo,29,Peru,2023-01-12,true,es,Crime|Documentary|Horror
U00476,Luis Lopez,24,Colombia,2024-01-23,true,it|es|ja,Romance|History|Science Fiction
U00477,Alex Mendoza,62,United States,2025-09-25,true,en|fr|ko,Family|Western|War
U00478,Elena Mendoza,30,Argentina,2024-11-26,true,fr|es,Music|Documentary|Mystery|Family
U00479,Mateo Lopez,46,Brazil,2023-10-15,false,fr,Family|Drama|War
U00480,Mariana Flores,64,Peru,2024-11-03,false,ja,Romance|Mystery
U00481,Nicolas Ortega,51,Canada,2025-08-09,false,en|es,War|Adventure|Comedy|Family
U00482,Luis Garcia,37,Chile,2025-05-27,false,ko|de,War|Adventure|Drama
U00483,Morgan Diaz,50,Mexico,2023-12-04,true,ko|en|pt,Adventure|War|Crime|Family
U00484,Fernanda Ortega,47,Brazil,2026-03-06,true,en|es,Crime|Mystery|Romance|Documentary
U00485,Natalia Vasquez,63,United States,2022-10-12,false,es,Horror|Documentary|Comedy
U00486,Jordan Castillo,39,Brazil,2026-03-29,true,ja|en|es,War|Documentary|Mystery
U00487,Morgan Hernandez,29,Mexico,2023-04-12,true,ko|fr|pt,Adventure|Romance|History|Crime
U00488,Riley Lopez,49,Argentina,2025-10-07,true,en|it,Action|Science Fiction|Thriller
U00489,Paula Ramos,57,Canada,2024-10-26,true,it,Science Fiction|Animation|Action
U00490,Sam Gonzalez,60,Brazil,2023-02-08,false,en,Music|Adventure
U00491,Diego Rodriguez,57,Brazil,2022-07-20,true,it,Romance|Documentary
U00492,Valeria Ortega,22,Spain,2024-04-17,true,pt|de,Animation|History
U00493,Emerson Ramos,62,Argentina,2023-01-11,true,ja|it|es,Fantasy|Horror
U00494,Taylor Ortega,54,Brazil,2025-10-20,false,pt|fr|it,Animation|Thriller|History|Drama
U00495,Hector Hernandez,63,Chile,2025-09-20,true,de,Thriller|War|Western|Family
U00496,Alex Martinez,40,Canada,2022-05-30,true,en|fr,Comedy|Drama|Romance
U00497,Alex Perez,18,Mexico,2026-02-22,false,pt|ja,Fantasy|Animation|History
U00498,Diego Gomez,20,Colombia,2025-06-19,false,ko|de,Action|Documentary|Drama|War
U00499,Casey Vasquez,61,Peru,2025-04-14,true,it|ko|pt,Science Fiction|Romance|Adventure
U00500,Riley Ortega,42,Canada,2026-02-12,true,en|fr,Music|Animation|Crime
U00501,Paula Mendoza,35,Spain,2024-06-16,true,pt|ko|en,Comedy|History
U00502,Andres Sanchez,41,Guatemala,2024-05-11,true,es,History|Drama|Western
U00503,Hector Rodriguez,51,Chile,2024-10-05,false,ko|pt,Action|Thriller|Crime|Comedy
U00504,Casey Martinez,37,Guatemala,2025-03-03,true,es|en,Crime|Drama|Adventure|Family
U00505,Diego Vasquez,58,Argentina,2022-07-14,false,it,War|History
U00506,Riley Perez,28,Chile,2023-11-18,true,es|fr|ko,Western|Horror|Science Fiction
U00507,Alex Mendoza,63,Chile,2025-05-31,true,it|es,Comedy|Drama|Music|Fantasy
U00508,Morgan Rodriguez,61,Guatemala,2024-01-08,true,ko,Horror|Science Fiction|Adventure|Animation
U00509,Lucia Garcia,30,Canada,2022-10-04,true,pt|fr|ja,Mystery|Documentary|Science Fiction
U00510,Hector Vasquez,37,United States,2025-06-16,false,ko,Animation|Science Fiction
U00511,Avery Sanchez,47,United States,2023-01-30,true,pt|ja|fr,Fantasy|Music|Mystery|Animation
U00512,Jordan Ramos,54,Colombia,2022-11-28,true,pt|it,Thriller|Science Fiction|Documentary
U00513,Lucia Martinez,33,Canada,2024-02-07,true,ja|es|it,Animation|History|Science Fiction|Drama
U00514,Andres Gomez,33,Colombia,2022-08-24,true,pt|it|ko,Drama|Romance|War
U00515,Luis Ortega,29,Chile,2025-01-01,false,es|ja|de,Science Fiction|Horror
U00516,Jordan Mendoza,26,Brazil,2022-11-19,true,en|ko|es,Mystery|Horror|Thriller|War
U00517,Fernanda Hernandez,31,Peru,2025-12-24,false,ko|es,Science Fiction|History
U00518,Paula Torres,36,Guatemala,2024-09-17,false,ja|ko|es,Music|Animation|Action|History
U00519,Natalia Morales,19,Argentina,2022-07-28,false,it,Western|Music
U00520,Mariana Ortega,29,United States,2024-06-26,true,de|pt,Horror|Mystery|War|Drama
U00521,Riley Morales,22,Guatemala,2024-06-06,true,fr|es|en,Romance|Crime|History
U00522,Luis Ramos,62,Brazil,2025-12-18,false,ja|ko|de,Crime|Animation|Western
U00523,Nicolas Gonzalez,45,Brazil,2024-10-27,true,fr,Romance|Science Fiction|Mystery|Documentary
U00524,Paula Ramos,54,United States,2023-08-08,false,pt|en|ja,War|Fantasy|Romance|Science Fiction
U00525,Taylor Ortega,23,Argentina,2024-12-22,false,es|it|ja,Animation|Crime|Fantasy|Family
U00526,Carla Rodriguez,47,Canada,2026-02-09,false,en|de,Western|History|Adventure|Science Fiction
U00527,Paula Flores,64,Brazil,2024-08-20,false,it,History|Western|Documentary
U00528,Sam Ramos,23,Colombia,2025-07-08,true,en|fr|de,Adventure|History
U00529,Ricardo Ramirez,25,Brazil,2023-09-09,true,en|pt,Fantasy|Western
U00530,Hector Ortega,51,Guatemala,2023-02-14,false,de|ko|es,Science Fiction|Music|Documentary|Crime
U00531,Jordan Hernandez,46,Colombia,2025-08-12,true,de|pt,Thriller|Romance
U00532,Paula Rivera,37,United States,2022-07-31,true,ja|de,Fantasy|Comedy|Adventure|Animation
U00533,Lucia Gomez,46,Spain,2024-12-07,false,it,Crime|War|Romance
U00534,Elena Garcia,24,Chile,2022-10-27,false,it|ja,Music|Romance|Fantasy|Documentary
U00535,Valeria Sanchez,18,Guatemala,2026-01-16,true,fr|ko|it,Drama|War|Horror|Thriller
U00536,Alex Diaz,20,Guatemala,2022-10-28,true,it|fr|es,Comedy|Science Fiction|Music|Western
U00537,Sam Mendoza,42,Brazil,2025-12-15,true,fr,Comedy|Western
U00538,Natalia Martinez,47,Chile,2026-03-05,false,es|pt,Fantasy|History
U00539,Mariana Flores,42,Peru,2023-09-20,true,ja,Animation|Fantasy
U00540,Cameron Ramirez,49,Mexico,2023-04-10,true,ja|es|pt,Animation|Thriller|Drama
U00541,Daniel Diaz,22,Brazil,2023-07-02,false,es,Comedy|Science Fiction|Fantasy|Adventure
U00542,Fernanda Vasquez,62,Peru,2022-05-19,false,ja|fr|es,Crime|Action|Adventure
U00543,Paula Lopez,18,Spain,2025-03-01,false,es|it|ko,Thriller|Western|Romance|Drama
U00544,Taylor Ortega,41,Canada,2025-04-11,false,es,Horror|History|Mystery
U00545,Jordan Vasquez,42,Mexico,2023-11-25,false,de|fr|pt,Drama|Documentary|Adventure|Western
U00546,Andres Rodriguez,64,Brazil,2025-10-27,true,en,Drama|Crime|Adventure
U00547,Andres Gomez,21,Peru,2022-08-18,true,pt,History|Thriller|Science Fiction|Action
U00548,Lucia Martinez,65,Colombia,2023-06-18,false,de|en|ja,War|Science Fiction|Crime|Music
U00549,Carla Lopez,37,Mexico,2024-12-01,false,en,Adventure|Family|Crime|Action
U00550,Nicolas Gonzalez,30,Spain,2025-08-03,false,de|en,Comedy|Western
U00551,Gabriel Gomez,20,Brazil,2024-02-04,true,de|ja,Western|Crime
U00552,Diego Rodriguez,46,Argentina,2022-12-14,true,pt|it|es,Crime|Romance|Documentary
U00553,Casey Martinez,18,Colombia,2025-10-26,true,es|en,Mystery|Documentary|Action|Science Fiction
U00554,Mariana Ortega,51,United States,2023-11-13,false,it,Thriller|Crime|Drama
U00555,Avery Gonzalez,40,Spain,2025-09-12,true,it,Adventure|Documentary|Thriller|History
U00556,Daniel Sanchez,50,Argentina,2023-05-09,false,pt|ja|it,War|Comedy
U00557,Fernanda Perez,49,Colombia,2023-10-29,true,ko,Drama|Comedy
U00558,Jose Garcia,47,Guatemala,2022-07-30,true,pt|it,Music|History|Drama|Thriller
U00559,Luis Garcia,33,United States,2025-04-15,false,es|en,Documentary|Action
U00560,Mateo Perez,33,Spain,2026-01-26,true,es,Family|Comedy|Horror
U00561,Lucia Sanchez,57,United States,2022-09-08,true,de,Thriller|Adventure|Romance
U00562,Lucia Rivera,26,Guatemala,2023-01-15,true,pt,Drama|Music|Fantasy
U00563,Cameron Hernandez,56,Colombia,2022-11-24,true,de|fr,Science Fiction|Romance|Documentary
U00564,Paula Morales,48,United States,2023-07-25,false,de|it,Romance|War
U00565,Alex Diaz,54,Guatemala,2023-08-29,false,de|it|es,Horror|Romance
U00566,Sam Garcia,62,Mexico,2024-11-29,false,ko|ja,War|Adventure|Romance|Fantasy
U00567,Andres Sanchez,59,Mexico,2022-09-28,true,it|es,Action|Romance|Drama|Animation
U00568,Andres Torres,29,Peru,2023-03-08,false,ja,Science Fiction|Action|Western|Family
U00569,Mariana Lopez,35,Brazil,2025-10-16,true,en|fr|de,Mystery|Horror
U00570,Gabriel Rodriguez,42,Peru,2025-10-02,false,es,Adventure|War|Music
U00571,Nicolas Garcia,33,Canada,2024-04-28,true,pt,Documentary|Animation|Drama
U00572,Carla Ramos,21,Mexico,2025-07-12,false,ja|fr,Drama|Family|Horror|Documentary
U00573,Sofia Vasquez,41,Mexico,2024-12-31,true,it|de|ko,War|Comedy|Thriller|Music
U00574,Natalia Vasquez,28,Chile,2022-10-06,true,es|en,Mystery|Documentary
U00575,Mariana Hernandez,61,Canada,2025-01-21,true,en|fr|de,Drama|War
U00576,Andres Rivera,32,Canada,2024-08-18,false,en,Action|History|Drama
U00577,Mateo Ortega,37,Colombia,2024-03-13,false,fr|ja,Horror|Thriller|Science Fiction|Family
U00578,Avery Ramos,57,Colombia,2024-05-11,false,ko|es,Adventure|Crime|Music
U00579,Morgan Gonzalez,54,Colombia,2026-03-31,false,pt,Crime|Documentary|Family|Adventure
U00580,Cameron Rivera,41,United States,2023-04-23,true,pt|fr|es,Western|Adventure
U00581,Daniel Torres,38,Colombia,2022-12-15,true,ko,Mystery|Thriller
U00582,Luis Morales,64,United States,2025-02-13,false,fr|ja|it,History|Thriller|Western
U00583,Mariana Martinez,57,Argentina,2024-12-16,false,en|de,Crime|Comedy
U00584,Sofia Rodriguez,30,Guatemala,2024-02-08,true,it,Drama|War
U00585,Daniel Vasquez,56,Canada,2026-01-26,true,pt|it,Animation|War|Mystery|Comedy
U00586,Hector Rivera,36,Peru,2024-07-03,false,pt|en,Romance|Music
U00587,Emerson Vasquez,36,Colombia,2025-06-02,false,ja|ko|de,Drama|Science Fiction
U00588,Luis Diaz,55,Spain,2023-01-21,true,pt|en,Animation|Crime|Drama|War
U00589,Alex Diaz,42,Chile,2025-11-09,false,fr|es|ja,Romance|Documentary|Science Fiction
U00590,Sam Torres,27,Chile,2025-07-22,false,en,Thriller|Science Fiction|Family
U00591,Carla Ramos,35,United States,2022-12-21,true,de|en|ja,History|Romance|Documentary|Family
U00592,Nicolas Rivera,64,Brazil,2025-07-14,true,es|fr|it,Romance|Fantasy|Thriller
U00593,Ricardo Ramirez,21,Chile,2023-03-10,false,fr|ko|es,Adventure|Crime|Horror|Family
U00594,Mateo Rivera,29,Mexico,2022-07-19,true,de|ja|pt,History|War|Animation
U00595,Daniel Flores,18,Colombia,2024-01-18,false,pt|ja|es,History|Fantasy|Music|Adventure
U00596,Sofia Ramos,30,Canada,2024-08-01,true,de,Documentary|Comedy|Drama
U00597,Mateo Vasquez,62,Peru,2022-09-14,true,pt|fr,Crime|Action
U00598,Camila Vasquez,62,Colombia,2025-08-16,true,es|ko|ja,Horror|Documentary|History|Action
U00599,Emerson Hernandez,48,Spain,2023-06-14,true,es|en|ja,Animation|Romance
U00600,Riley Martinez,37,Guatemala,2022-06-17,true,en|ko,War|Adventure|Thriller|Western
U00601,Gabriel Martinez,27,Chile,2025-08-25,false,pt|en|ja,Drama|Documentary
U00602,Sofia Gonzalez,63,Argentina,2025-01-30,false,en|it|es,Family|War|Animation|Adventure
U00603,Morgan Morales,24,Colombia,2022-04-19,false,fr|de|pt,Comedy|Drama|Thriller|Documentary
U00604,Lucia Diaz,25,Canada,2023-06-23,true,es|de,Family|Romance|Comedy|Mystery
U00605,Andres Rivera,42,Chile,2026-03-24,false,ko|en,Western|Adventure|Animation
U00606,Nicolas Torres,22,United States,2026-02-16,false,de|ja,Family|Romance|History
U00607,Morgan Lopez,43,Spain,2026-01-20,true,es|en|ko,Comedy|Mystery|Science Fiction
U00608,Luis Gonzalez,45,United States,2022-08-21,false,ja|en|es,Drama|Horror|Western
U00609,Fernanda Ortega,35,Colombia,2025-08-08,false,ja|de|it,Mystery|Music|Thriller
U00610,Taylor Martinez,65,Guatemala,2023-09-06,true,es,Thriller|Family|Crime
U00611,Andres Lopez,60,Canada,2023-04-12,false,es|ja|en,Horror|Crime|History
U00612,Gabriel Vasquez,52,Guatemala,2023-05-29,true,pt|ja|it,Thriller|Western|Fantasy
U00613,Mateo Martinez,29,Canada,2024-06-04,false,en|ko,Horror|Mystery|Science Fiction
U00614,Natalia Gonzalez,61,United States,2025-01-11,false,es|it,Crime|History|Mystery
U00615,Andres Morales,40,Chile,2023-02-25,false,ja|it|pt,Adventure|Mystery|Fantasy|Family
U00616,Sam Lopez,58,Peru,2025-08-02,false,en|ja,Crime|Music
U00617,Taylor Diaz,59,Chile,2024-03-17,true,de|es|ja,Romance|Music|Adventure
U00618,Hector Rodriguez,20,United States,2023-12-26,false,pt,Horror|Documentary
U00619,Paula Castillo,42,Peru,2024-08-20,true,ja|it,Action|Thriller|Western
U00620,Gabriel Ramos,37,Peru,2022-11-01,false,pt|es|it,Drama|Horror|Thriller|Fantasy
U00621,Riley Ramos,37,Brazil,2025-11-02,false,it|en,Western|Drama
U00622,Gabriel Sanchez,45,Argentina,2025-10-11,false,ko,Animation|Comedy|Horror|Crime
U00623,Gabriel Rodriguez,43,Chile,2025-12-05,false,pt|es|de,War|History|Romance
U00624,Jose Morales,65,United States,2023-04-15,false,ko|es|pt,War|Documentary
U00625,Hector Morales,33,Colombia,2025-09-20,false,ko|es,Adventure|War|Drama
U00626,Ricardo Diaz,28,Chile,2024-07-29,true,it|pt,Animation|Drama|Romance
U00627,Lucia Sanchez,47,United States,2022-11-29,false,it,Drama|Action
U00628,Mateo Garcia,35,Canada,2023-05-29,true,it,Fantasy|Crime
U00629,Carla Garcia,22,Spain,2024-12-31,false,it|ja,Adventure|Animation
U00630,Jose Rodriguez,55,Canada,2024-07-01,false,es|it|pt,Crime|Family|Comedy|History
U00631,Andres Rodriguez,65,Argentina,2023-08-11,false,ja|ko|pt,Comedy|Horror|War|Romance
U00632,Riley Hernandez,55,Guatemala,2022-11-15,false,ja|fr,Drama|Fantasy
U00633,Daniel Rivera,27,Peru,2026-03-13,false,de|fr,Horror|Romance
U00634,Mariana Rivera,42,Chile,2024-01-02,false,de|fr|it,Adventure|Western
U00635,Natalia Martinez,34,Chile,2025-04-10,true,ja,Science Fiction|Mystery
U00636,Hector Sanchez,44,Guatemala,2023-12-11,false,pt|ja|ko,Documentary|Science Fiction
U00637,Ricardo Rodriguez,62,Chile,2025-01-11,true,fr,Romance|Horror|Western
U00638,Sofia Diaz,59,Colombia,2025-08-26,false,en,Western|Horror|Science Fiction|Music
U00639,Gabriel Hernandez,33,Canada,2022-04-17,true,es|en|ko,Drama|History|Horror
U00640,Ricardo Mendoza,61,Brazil,2026-02-13,false,fr|ko|es,Horror|Science Fiction|Thriller
U00641,Gabriel Torres,42,Brazil,2023-05-22,true,ja,Romance|Music
U00642,Alex Lopez,43,Brazil,2025-05-28,false,fr|en,Family|Animation|Science Fiction|Comedy
U00643,Nicolas Ramirez,51,Spain,2023-02-10,false,es|en|pt,Music|Documentary
U00644,Camila Ramos,49,Spain,2022-12-09,true,it|pt,Drama|Western
U00645,Mateo Perez,27,Guatemala,2025-08-21,false,fr|de,History|Drama
U00646,Cameron Sanchez,48,Colombia,2025-09-27,false,en,Family|Music|Science Fiction
U00647,Mariana Gomez,53,Guatemala,2026-02-15,true,it|en|ja,Mystery|Romance
U00648,Diego Sanchez,60,Peru,2024-11-30,true,ja|fr|de,Adventure|Action|Fantasy
U00649,Natalia Morales,26,Mexico,2022-07-04,false,pt|de,Documentary|Fantasy|Western|War
U00650,Mariana Castillo,49,Chile,2024-09-13,false,en|es,Fantasy|Comedy
U00651,Hector Diaz,65,United States,2023-11-11,true,fr|ko,Fantasy|War|Horror
U00652,Daniel Vasquez,20,United States,2022-07-28,false,fr,Crime|Adventure
U00653,Morgan Vasquez,53,United States,2024-09-20,false,pt|ko,Thriller|Adventure
U00654,Andres Martinez,29,Colombia,2023-02-08,false,it,Music|Animation
U00655,Paula Ortega,49,Mexico,2023-06-19,false,de,Action|War|Documentary|Drama
U00656,Alex Torres,27,Guatemala,2026-02-04,true,pt,Comedy|Mystery|Music|History
U00657,Valeria Ramos,64,Brazil,2024-10-26,true,ko|fr|pt,Fantasy|Action|Horror|War
U00658,Riley Garcia,34,Colombia,2025-11-19,true,ja|en|de,Horror|Adventure|Animation
U00659,Fernanda Gomez,59,Colombia,2022-10-10,true,ja|fr,Drama|Documentary
U00660,Emerson Ramos,50,Argentina,2024-09-12,false,pt,History|Crime|Music|Horror
U00661,Valeria Gomez,58,Spain,2024-12-11,true,fr|de,Romance|Animation|Western
U00662,Sam Castillo,45,Mexico,2024-03-10,false,es|fr|de,Family|Crime|Thriller
U00663,Emerson Hernandez,20,Canada,2022-12-28,true,en|it|ko,History|Family|Romance|Crime
U00664,Elena Diaz,23,Canada,2024-08-03,true,it|ko,Science Fiction|Fantasy
U00665,Taylor Vasquez,63,Chile,2023-04-13,false,ja,Mystery|Adventure
U00666,Paula Vasquez,23,Brazil,2026-01-12,false,fr,Fantasy|Horror|Documentary
U00667,Ricardo Martinez,59,United States,2024-09-15,false,fr,Action|Western|Mystery|Adventure
U00668,Mariana Gomez,23,Colombia,2025-12-18,true,ja|ko|fr,Thriller|History|Music|Western
U00669,Alex Perez,59,Colombia,2022-11-26,true,ko,Drama|Action
U00670,Mateo Morales,45,Guatemala,2023-05-06,true,ko,History|Science Fiction
U00671,Morgan Hernandez,36,Brazil,2026-03-19,false,de|es,Thriller|Western|Action
U00672,Sam Flores,49,Spain,2022-04-27,false,it|en,Romance|Western
U00673,Elena Ortega,54,Peru,2025-09-14,true,ja,Thriller|Family|Adventure|Fantasy
U00674,Cameron Diaz,28,Chile,2024-12-05,true,ja|en,Thriller|Music
U00675,Andres Rivera,60,United States,2024-09-24,true,pt|it|ko,War|Family
U00676,Natalia Torres,36,Mexico,2026-04-06,false,de,Romance|Music|Thriller
U00677,Casey Gonzalez,33,Argentina,2023-05-24,true,ko|fr,Thriller|Comedy
U00678,Alex Rivera,45,Mexico,2023-09-27,true,pt,Documentary|Western|Adventure
U00679,Taylor Morales,27,Canada,2023-07-13,true,it,Fantasy|Horror|Music
U00680,Mariana Garcia,28,Mexico,2024-09-23,true,en|it|ko,Comedy|Western|War
U00681,Hector Rivera,59,Peru,2023-02-26,false,fr,History|Science Fiction|Thriller|Music
U00682,Camila Hernandez,48,Peru,2022-12-18,false,de,Science Fiction|Romance
U00683,Elena Gonzalez,44,Argentina,2022-10-02,true,de|es|it,Music|Romance|Western
U00684,Gabriel Diaz,27,Guatemala,2024-08-04,true,ko,Science Fiction|War|Music
U00685,Jordan Flores,59,Colombia,2024-01-15,true,en|pt,Documentary|Romance|Adventure
U00686,Carla Castillo,35,Canada,2023-12-07,true,en|ja,Mystery|History|Horror
U00687,Mariana Gomez,37,Mexico,2024-10-10,true,ja|ko|es,Drama|Science Fiction|Music|War
U00688,Daniel Flores,51,Peru,2024-06-17,true,it,Crime|War|History|Comedy
U00689,Alex Lopez,21,Peru,2025-04-20,false,es|pt,Fantasy|Family|History|Music
U00690,Carla Castillo,65,Guatemala,2024-04-05,false,it|ko,Adventure|Comedy
U00691,Diego Sanchez,42,Canada,2025-07-15,true,fr|pt,Western|Family|Music|Crime
U00692,Taylor Flores,44,Mexico,2025-03-03,true,ja,Drama|Music|Science Fiction|Adventure
U00693,Sam Diaz,53,Canada,2023-01-02,false,ja|it,Drama|Science Fiction|Animation
U00694,Ricardo Ramirez,27,Canada,2025-07-20,true,ja|ko|es,Romance|Science Fiction|Thriller
U00695,Andres Vasquez,48,Guatemala,2022-12-31,true,ko,War|Western|Comedy|Music
U00696,Daniel Rivera,27,Mexico,2022-12-10,false,it|en|ko,Romance|Comedy|War|Documentary
U00697,Emerson Rivera,21,Chile,2023-12-23,false,ja,Thriller|Action|Crime
U00698,Riley Gonzalez,44,United States,2025-01-06,false,en,Comedy|Music
U00699,Paula Vasquez,60,United States,2024-03-02,true,ko|ja|de,Thriller|Crime|War
U00700,Ricardo Flores,20,United States,2022-10-10,false,pt|it,Romance|Mystery|Family|Science Fiction
U00701,Carla Rodriguez,52,Brazil,2023-03-16,true,es|ko|it,Action|History|Comedy|Horror
U00702,Paula Castillo,31,Argentina,2023-05-03,false,fr|en|ko,War|Action|Comedy
U00703,Jordan Morales,45,Colombia,2025-09-04,false,pt,Mystery|Adventure|Thriller
U00704,Alex Castillo,36,Colombia,2024-01-20,true,fr,Fantasy|Animation|Comedy
U00705,Cameron Rodriguez,63,Guatemala,2023-02-20,false,pt|es|en,Romance|Documentary|Adventure
U00706,Lucia Martinez,25,Guatemala,2024-01-26,true,ja|ko,Romance|Horror
U00707,Avery Mendoza,21,Peru,2025-07-24,false,ja|en|fr,Thriller|War
U00708,Daniel Diaz,53,Brazil,2022-08-23,true,it,Action|Romance|Family
U00709,Avery Morales,58,Canada,2025-12-05,true,es|ja,History|Romance
U00710,Gabriel Hernandez,47,Brazil,2024-05-14,false,ko|en|ja,Documentary|Family|Romance|Science Fiction
U00711,Carla Gonzalez,42,Peru,2022-04-12,true,it|ja|pt,Thriller|Fantasy
U00712,Paula Castillo,62,Mexico,2023-11-08,true,es|de,Documentary|Animation
U00713,Luis Morales,63,United States,2023-11-04,false,pt|ko|fr,Drama|War|Horror
U00714,Avery Flores,59,Guatemala,2024-03-10,false,fr,Science Fiction|Horror
U00715,Alex Lopez,59,Mexico,2026-01-17,true,es|ja,Romance|Thriller
U00716,Natalia Vasquez,62,Guatemala,2026-01-16,true,pt|de|es,Music|Mystery
U00717,Valeria Rivera,23,Brazil,2023-05-11,false,pt|es,Action|Family|Western
U00718,Gabriel Sanchez,30,Spain,2023-08-03,true,de|en,Music|Adventure|Fantasy
U00719,Ricardo Ramirez,26,Mexico,2025-06-19,true,fr|en|it,Thriller|Documentary|Drama|Horror
U00720,Cameron Ortega,47,Guatemala,2023-07-21,false,it|pt|ko,Fantasy|Drama|Action|Music
U00721,Carla Garcia,51,Guatemala,2024-02-01,true,ko|de|fr,Romance|Fantasy|Comedy
U00722,Sam Ramirez,23,Brazil,2024-08-18,true,pt,Science Fiction|Horror|Action|Drama
U00723,Luis Sanchez,37,Mexico,2026-02-21,true,pt,Animation|Family|Drama
U00724,Alex Ramos,48,Argentina,2024-09-11,false,es,Horror|Fantasy
U00725,Camila Garcia,55,Mexico,2024-02-23,true,ko,Family|Animation|Science Fiction|Mystery
U00726,Sam Garcia,57,Spain,2024-05-22,true,en|fr,Animation|Crime|Adventure
U00727,Taylor Garcia,44,Argentina,2025-05-30,true,es|it,History|Mystery
U00728,Valeria Gomez,30,Mexico,2024-11-16,true,pt|it,Comedy|Horror|Action
U00729,Alex Mendoza,48,Brazil,2026-04-10,false,it|fr|de,Drama|Crime
U00730,Morgan Sanchez,59,Peru,2023-01-17,false,ja|it,Adventure|Crime
U00731,Paula Morales,18,Canada,2023-02-03,true,pt|fr|ja,Thriller|History
U00732,Sam Sanchez,22,Peru,2025-02-12,true,de,Adventure|Romance|Music|Comedy
U00733,Jose Ramos,28,Mexico,2026-03-03,false,ja|fr,Science Fiction|Horror|War|History
U00734,Natalia Garcia,31,Argentina,2025-01-20,false,de|ko|it,Action|Family
U00735,Luis Flores,18,Mexico,2024-05-19,false,pt,Mystery|Documentary
U00736,Alex Morales,20,Guatemala,2022-12-02,true,pt,History|Science Fiction
U00737,Riley Torres,30,Guatemala,2023-04-02,true,de|es,Fantasy|Documentary
U00738,Camila Ramirez,37,United States,2022-11-04,true,es|fr|ko,Crime|Mystery
U00739,Sofia Rivera,26,Argentina,2025-12-24,true,es|en|ko,War|Romance
U00740,Daniel Gomez,52,Chile,2026-03-03,true,de,Horror|Romance|Family
U00741,Diego Sanchez,60,Brazil,2022-07-29,true,es|ja|de,Fantasy|Crime|Thriller|Comedy
U00742,Morgan Castillo,63,Peru,2024-06-13,false,fr|ko,War|Music|Thriller|Fantasy
U00743,Mariana Ramos,46,Argentina,2024-12-06,false,de,Mystery|Adventure|Drama
U00744,Riley Torres,36,United States,2024-08-28,false,es|ko|en,Documentary|Music|Fantasy
U00745,Avery Ortega,44,Peru,2022-07-04,false,ko|de,War|Horror|Romance
U00746,Diego Ramirez,59,Mexico,2024-06-02,false,it,Documentary|Science Fiction
U00747,Natalia Rodriguez,25,Mexico,2023-12-05,false,es,War|Animation|Fantasy|Science Fiction
U00748,Sam Morales,63,Brazil,2023-05-26,true,it|es,Drama|Horror|Fantasy
U00749,Ricardo Morales,55,Guatemala,2023-09-27,false,ja|de,History|Western
U00750,Carla Castillo,55,Canada,2023-02-10,false,de|it,Family|Western|Drama
U00751,Luis Vasquez,46,United States,2024-03-08,true,ja|es,Horror|Drama
U00752,Sofia Hernandez,32,Spain,2025-07-06,false,pt|fr,History|Action
U00753,Jose Gomez,27,Peru,2026-02-23,false,fr,History|Horror|Action|Western
U00754,Lucia Perez,24,Peru,2024-06-19,false,ko,Western|Mystery
U00755,Carla Torres,19,Colombia,2022-10-18,true,ko,Comedy|Documentary
U00756,Jordan Gomez,41,Canada,2023-11-13,true,es|de|en,Family|History
U00757,Morgan Flores,22,Spain,2024-07-30,true,ja|de|pt,Documentary|Comedy|Crime
U00758,Casey Perez,61,United States,2024-01-05,false,de|it|pt,Thriller|Documentary|History
U00759,Riley Lopez,47,United States,2023-01-28,true,pt|it|de,Animation|Mystery|Family
U00760,Luis Rodriguez,29,Brazil,2023-11-21,false,fr|de|es,Science Fiction|Music|History|Drama
U00761,Valeria Gomez,35,Canada,2025-12-20,false,en|es|ja,Comedy|Mystery
U00762,Jose Rodriguez,24,Canada,2026-03-10,false,es|fr|en,Drama|Thriller|Romance|Mystery
U00763,Mateo Vasquez,58,United States,2023-03-14,false,en|ko,Drama|War|Adventure
U00764,Diego Gomez,38,United States,2023-05-14,false,fr,Adventure|Action|Fantasy
U00765,Valeria Rodriguez,19,Brazil,2022-09-27,true,fr|es,Family|Science Fiction|Crime|Western
U00766,Morgan Torres,27,United States,2022-12-21,false,it,Mystery|Documentary|Animation|Horror
U00767,Morgan Perez,42,Chile,2022-06-20,false,es,Western|Drama|Science Fiction|Music
U00768,Sam Mendoza,33,Argentina,2022-04-20,true,pt,Mystery|Drama
U00769,Alex Diaz,60,Colombia,2022-06-07,true,es|ko|en,Horror|Drama
U00770,Sam Diaz,52,Spain,2025-02-23,false,de|it|es,Horror|Western
U00771,Taylor Sanchez,43,Peru,2023-06-22,true,en,Music|Horror
U00772,Lucia Perez,31,Spain,2024-11-05,false,pt|en|ja,Animation|Fantasy
U00773,Fernanda Mendoza,38,Spain,2025-01-28,true,es|it,Western|Documentary
U00774,Diego Gonzalez,42,Canada,2025-11-02,true,ko,Horror|Thriller|Animation|Documentary
U00775,Elena Ortega,65,Spain,2026-03-24,true,es|fr|ko,Family|Action
U00776,Nicolas Rodriguez,42,Argentina,2022-08-11,true,de|es,Music|Thriller
U00777,Avery Mendoza,59,Chile,2024-10-05,true,en|it|de,Horror|Crime|Fantasy|Documentary
U00778,Avery Flores,62,Argentina,2024-03-12,false,de|ja|pt,Drama|Adventure
U00779,Elena Flores,21,Colombia,2023-04-21,true,de,Action|Animation|Thriller
U00780,Casey Rodriguez,64,United States,2023-04-01,false,ja,Western|Drama|Family|Fantasy
U00781,Morgan Perez,30,Chile,2023-08-25,false,ko|pt,Documentary|Family|History
U00782,Jordan Rivera,27,United States,2024-07-04,true,ja|ko,Documentary|Thriller|Science Fiction
U00783,Fernanda Gomez,47,Chile,2024-09-02,false,fr|ko|de,History|Crime
U00784,Emerson Gomez,30,Guatemala,2025-06-05,true,ko|es|ja,Thriller|Animation|Horror|War
U00785,Ricardo Castillo,37,Brazil,2024-05-16,true,pt|de|ja,Mystery|Romance|Western
U00786,Mateo Garcia,63,United States,2022-12-21,false,pt|it,Documentary|Drama|Romance
U00787,Mariana Garcia,41,Guatemala,2025-12-04,true,en|ja,Romance|Family|War
U00788,Cameron Mendoza,23,Spain,2024-10-29,false,fr|en|ja,Crime|Fantasy|Family|History
U00789,Mariana Ortega,37,Canada,2022-09-22,false,it|pt,Drama|Romance|Documentary|War
U00790,Paula Torres,65,Argentina,2024-07-31,false,it,Animation|Comedy|Music|Romance
U00791,Mariana Torres,62,Spain,2022-04-24,false,es,Thriller|Action
U00792,Carla Torres,30,United States,2024-09-09,true,fr,Documentary|Music
U00793,Elena Martinez,34,Spain,2024-10-19,false,fr|ja|es,Drama|Documentary|Western|Action
U00794,Carla Mendoza,22,Peru,2022-11-20,true,es|fr,Documentary|Animation|History|Adventure
U00795,Paula Sanchez,55,Guatemala,2024-12-14,true,en|pt,Comedy|Action|Adventure
U00796,Riley Castillo,45,Peru,2022-04-25,false,pt|it,War|Fantasy|Thriller
U00797,Jose Flores,39,Mexico,2024-01-16,true,en|fr,Music|Mystery
U00798,Valeria Gomez,46,Brazil,2023-01-20,false,de|fr,Comedy|War
U00799,Elena Diaz,20,Peru,2025-12-23,false,pt,Action|Horror
U00800,Avery Mendoza,42,Chile,2024-12-28,true,es|pt,Animation|Music|Romance
U00801,Mariana Hernandez,61,Canada,2025-03-11,false,it,War|Adventure|Crime|Family
U00802,Morgan Vasquez,60,Mexico,2022-12-03,true,fr,Western|Family|War
U00803,Mateo Lopez,60,Mexico,2023-03-05,true,it|pt|de,Mystery|Fantasy|Family
U00804,Hector Morales,59,Peru,2025-10-29,false,es,Thriller|Animation|Horror|Romance
U00805,Hector Gomez,23,Mexico,2025-12-10,true,es|fr,Western|Romance|Family|Comedy
U00806,Diego Ortega,65,Guatemala,2023-05-01,false,ja|it,Comedy|Music|Crime|Romance
U00807,Sam Ortega,61,Colombia,2025-04-11,true,pt|ja,Mystery|Romance
U00808,Taylor Gomez,61,United States,2022-04-29,true,de|ko,Science Fiction|Horror|Crime|Romance
U00809,Nicolas Torres,54,United States,2023-02-03,true,es|fr|pt,Adventure|Horror|History|Fantasy
U00810,Andres Torres,32,Guatemala,2026-03-23,true,de|ja|pt,Adventure|Horror|Crime
U00811,Ricardo Ramos,48,Peru,2024-06-21,false,ja|pt,Documentary|Action|Mystery
U00812,Lucia Rodriguez,38,Brazil,2025-03-27,true,ja|en|es,History|Western|Drama|Music
U00813,Ricardo Torres,31,Argentina,2024-11-03,true,it|es,Documentary|Crime|Science Fiction|Music
U00814,Luis Lopez,40,United States,2024-04-21,true,fr|en|ja,Comedy|Crime|Mystery|Drama
U00815,Sam Martinez,25,Argentina,2025-03-01,false,ja|es|en,Horror|Romance|Crime|Western
U00816,Andres Torres,58,United States,2026-02-17,false,ja|fr,Documentary|Mystery|Animation|War
U00817,Alex Martinez,54,Brazil,2022-12-05,false,de|en|it,Comedy|Thriller
U00818,Cameron Martinez,26,Mexico,2025-08-07,false,ja|fr|it,Mystery|Thriller
U00819,Jordan Morales,31,Mexico,2023-04-24,true,es,Action|Mystery|Thriller
U00820,Ricardo Mendoza,26,Brazil,2026-03-04,true,es|en,Action|Science Fiction
U00821,Carla Gonzalez,28,Spain,2022-10-07,true,it|fr|ko,Fantasy|Adventure|Animation|War
U00822,Avery Torres,40,Brazil,2022-07-14,true,pt|it,History|Science Fiction|Crime|Western
U00823,Mariana Martinez,37,Argentina,2025-12-28,true,fr,Family|Adventure
U00824,Nicolas Morales,34,Chile,2023-06-27,false,ja|en|it,Music|Fantasy|Crime|Western
U00825,Carla Gonzalez,22,Chile,2024-07-08,true,fr|it|es,Animation|Fantasy|Romance
U00826,Mariana Rivera,45,Spain,2025-06-08,true,pt,War|Documentary|Romance|Thriller
U00827,Nicolas Sanchez,58,Mexico,2022-09-16,false,pt,Comedy|Western|Romance
U00828,Hector Flores,42,Argentina,2023-10-22,false,es,Family|Fantasy
U00829,Taylor Martinez,35,Brazil,2023-04-05,true,it|ko,History|Thriller|Comedy|Fantasy
U00830,Natalia Garcia,26,Chile,2023-03-26,true,ja|de|it,Mystery|Documentary|Music
U00831,Jose Castillo,64,Peru,2026-04-10,true,it|en,Crime|Western
U00832,Jose Mendoza,45,Canada,2024-08-14,true,it|fr,Science Fiction|Documentary|Western|War
U00833,Emerson Rodriguez,23,Colombia,2023-12-27,true,de,Horror|Animation|War
U00834,Jordan Torres,61,Canada,2025-05-19,true,ko|it,Action|Romance|Crime
U00835,Lucia Lopez,60,Canada,2025-09-24,true,pt|es|ko,Action|Romance
U00836,Nicolas Vasquez,40,Guatemala,2023-03-22,false,fr|it,War|Family|Documentary|Adventure
U00837,Andres Gomez,48,Chile,2023-03-26,false,es|fr|ja,Comedy|Horror|Family
U00838,Riley Lopez,49,Guatemala,2025-10-24,false,en|de|it,Mystery|Drama|History|Science Fiction
U00839,Alex Mendoza,64,Colombia,2024-11-08,false,pt,History|Music|Comedy
U00840,Sofia Lopez,49,Guatemala,2022-11-04,true,fr|de|en,Thriller|Drama|Animation
U00841,Fernanda Ramirez,52,Chile,2023-07-18,true,ja|es,Mystery|Music|History
U00842,Valeria Vasquez,63,Argentina,2023-03-08,true,pt,Music|Romance
U00843,Riley Torres,60,Argentina,2022-07-02,false,pt|en|es,Mystery|Romance
U00844,Jose Ramirez,64,Spain,2022-12-10,true,ja|it,Thriller|Western|Crime
U00845,Taylor Martinez,33,Guatemala,2022-05-24,false,en|ja|pt,Crime|Music
U00846,Mateo Mendoza,45,Argentina,2022-04-27,true,es|ja,Thriller|History|War
U00847,Luis Castillo,45,Argentina,2023-04-28,false,de|pt,Fantasy|Comedy
U00848,Mariana Martinez,26,Spain,2026-03-16,true,fr|es|en,War|Documentary|Drama|Romance
U00849,Cameron Perez,44,Canada,2023-02-04,false,ja,Action|Drama|Animation
U00850,Mariana Sanchez,37,Mexico,2023-07-09,false,ja|pt|en,Romance|Thriller|Adventure
U00851,Sofia Ramirez,20,Guatemala,2024-03-29,true,fr,Romance|Family|Horror|Science Fiction
U00852,Jose Flores,49,Peru,2023-06-19,false,fr|ko,Thriller|Fantasy|Comedy
U00853,Emerson Martinez,51,Brazil,2022-10-26,false,pt|ko|it,Action|Crime|Horror|Documentary
U00854,Avery Ramirez,59,Argentina,2023-06-15,true,es|en|it,Mystery|Animation|Comedy|War
U00855,Mariana Vasquez,30,Canada,2022-10-30,true,ko|ja,Western|Horror
U00856,Sam Hernandez,63,Mexico,2023-05-08,false,ko|pt,Western|Fantasy|Music
U00857,Jordan Ramos,20,Brazil,2024-08-16,true,fr|ko,War|Action|Documentary|History
U00858,Gabriel Perez,50,Spain,2024-07-03,false,ko,Western|War|Animation
U00859,Lucia Mendoza,55,Guatemala,2023-10-19,false,de,Documentary|Action
U00860,Elena Castillo,20,Canada,2023-09-23,true,es|ko|ja,Family|History|Fantasy
U00861,Emerson Garcia,33,Argentina,2025-11-10,true,en|pt,Fantasy|Crime
U00862,Alex Rivera,44,Brazil,2025-10-27,false,it|pt|es,Music|Horror|Animation|Western
U00863,Diego Garcia,19,Canada,2025-10-13,true,it|es|fr,Music|Family
U00864,Luis Gomez,35,Argentina,2025-12-10,false,pt,Western|Drama|Science Fiction
U00865,Casey Vasquez,29,United States,2023-07-29,true,es|de,Romance|Music|Crime|Science Fiction
U00866,Camila Gonzalez,43,Brazil,2023-05-02,true,fr|es,Thriller|Documentary|History|Action
U00867,Jordan Hernandez,64,Guatemala,2022-09-05,true,fr,Family|Science Fiction|Mystery
U00868,Lucia Gomez,23,Chile,2022-05-23,true,de,Action|Adventure
U00869,Carla Mendoza,48,Brazil,2022-05-08,false,es|ko|ja,Comedy|Horror
U00870,Camila Gonzalez,58,Canada,2023-12-31,true,it,Thriller|Crime|Family
U00871,Alex Garcia,19,Argentina,2022-11-07,false,de,History|Comedy|Romance|Animation
U00872,Lucia Hernandez,25,Argentina,2024-04-03,true,es|de|ko,History|Family|Mystery|Horror
U00873,Emerson Rivera,56,Colombia,2022-09-14,true,en,Horror|Comedy|Music|Science Fiction
U00874,Mateo Castillo,40,Mexico,2024-02-25,false,it|ko|fr,Documentary|Romance|Crime|Science Fiction
U00875,Hector Ramos,38,Colombia,2025-12-26,false,fr,Fantasy|Animation|Action
U00876,Valeria Ramos,38,Colombia,2022-08-26,true,es,Romance|Fantasy
U00877,Fernanda Gomez,39,Colombia,2024-04-02,true,ja|it|pt,Thriller|Romance|Western
U00878,Lucia Diaz,63,Spain,2025-05-10,true,es|it,Western|Thriller|Family
U00879,Mariana Rodriguez,25,Guatemala,2023-08-05,false,ko|es,Action|Drama|Western
U00880,Sofia Hernandez,21,Colombia,2023-12-05,true,de,Crime|Romance|Family
U00881,Mariana Hernandez,22,United States,2024-05-23,true,es|pt|it,Action|Romance|Music|Western
U00882,Alex Hernandez,54,Spain,2024-04-28,true,en,Animation|Family
U00883,Fernanda Gonzalez,59,Guatemala,2024-11-28,false,pt|de,Crime|War|History|Family
U00884,Taylor Hernandez,47,Canada,2022-08-11,false,ja|pt,Adventure|Documentary|War|Action
U00885,Hector Ortega,42,Colombia,2025-02-01,true,es|it,Family|Romance|Documentary
U00886,Lucia Mendoza,47,United States,2022-08-03,false,es|ja|pt,Mystery|Documentary
U00887,Carla Gomez,24,Mexico,2024-05-29,true,ja|es|fr,Adventure|Music
U00888,Sofia Mendoza,22,Argentina,2024-02-27,true,es,Family|History
U00889,Fernanda Torres,54,United States,2023-04-30,true,en,Drama|Adventure|Family|Crime
U00890,Sam Flores,43,Peru,2022-10-18,true,de|fr,Action|Music|History
U00891,Mariana Martinez,48,Brazil,2024-02-18,true,ja,War|Comedy|Crime
U00892,Emerson Gonzalez,61,Colombia,2023-02-15,true,de,Science Fiction|Animation|War|Music
U00893,Elena Castillo,36,Peru,2025-09-08,false,pt,War|Horror|Science Fiction|Mystery
U00894,Sam Gomez,27,Chile,2023-08-13,true,ko|en|ja,Animation|Crime
U00895,Andres Martinez,54,Peru,2024-10-28,false,it,Documentary|History|Western
U00896,Jordan Rodriguez,54,United States,2023-04-12,true,fr|en,Science Fiction|Fantasy|Thriller|Crime
U00897,Sofia Torres,61,Spain,2024-07-10,false,pt|fr|en,Crime|Science Fiction|Music
U00898,Cameron Garcia,42,Colombia,2025-10-03,false,it,Adventure|Family|Action|Animation
U00899,Ricardo Rodriguez,52,United States,2023-07-11,true,ko|pt,Science Fiction|Animation|Music
U00900,Jordan Gonzalez,39,Brazil,2022-11-18,false,es|fr,Romance|Drama|Mystery
U00901,Riley Ramos,31,Peru,2022-12-01,true,fr|pt,Science Fiction|Adventure|Crime
U00902,Nicolas Gomez,19,Spain,2022-08-16,false,de,Romance|Thriller|Drama
U00903,Cameron Gonzalez,63,United States,2022-09-29,false,es|fr,Animation|Fantasy
U00904,Elena Perez,37,Colombia,2026-01-11,true,pt|ja,Documentary|Adventure|Animation
U00905,Sofia Diaz,18,Canada,2024-12-22,true,ja|ko,Western|Documentary|Romance
U00906,Jordan Ortega,47,Colombia,2025-09-24,false,fr,Horror|Western
U00907,Ricardo Flores,58,Brazil,2022-11-29,true,ko,Romance|Fantasy|Action|Family
U00908,Sam Perez,31,Argentina,2023-04-30,true,pt,Western|Documentary|Mystery
U00909,Sofia Rivera,44,Spain,2022-05-14,false,ko|pt|de,History|War|Comedy
U00910,Sofia Morales,53,Brazil,2024-08-30,true,pt|es,Horror|Comedy|Documentary|Family
U00911,Daniel Diaz,23,Guatemala,2024-05-31,false,es,Romance|History|Comedy
U00912,Taylor Ramos,32,United States,2025-10-09,false,ja|es,Comedy|Science Fiction|Adventure|Horror
U00913,Taylor Perez,41,Argentina,2024-11-27,false,ja|en,Music|Science Fiction
U00914,Cameron Ramirez,19,Colombia,2023-12-31,false,en,Family|Action|Romance
U00915,Camila Castillo,30,Brazil,2025-08-21,false,ja,Horror|Documentary|Romance
U00916,Camila Garcia,28,Spain,2025-07-07,true,pt|it,Crime|Mystery|Documentary
U00917,Taylor Hernandez,23,Mexico,2025-02-06,true,fr|ko|es,Mystery|Fantasy
U00918,Mateo Lopez,64,Colombia,2025-10-19,false,en|pt,Crime|Action|Animation|History
U00919,Carla Rivera,64,Spain,2023-04-28,false,de,Family|History
U00920,Jose Garcia,56,Mexico,2023-10-26,true,es|en|de,Crime|Action
U00921,Casey Torres,31,Spain,2023-09-29,true,pt|ja,Animation|Western
U00922,Andres Lopez,42,Peru,2024-08-05,false,ja,Thriller|Animation
U00923,Gabriel Gonzalez,40,United States,2023-04-14,true,pt,Action|Documentary|Adventure
U00924,Morgan Castillo,27,Argentina,2023-09-14,false,en|it|ja,Drama|Action
U00925,Taylor Perez,48,Argentina,2022-06-10,true,fr|ko|ja,Crime|Family|Animation
U00926,Sofia Morales,29,Argentina,2025-12-06,false,ja|es|fr,Science Fiction|Thriller|Romance
U00927,Lucia Martinez,45,Brazil,2025-07-19,false,ja|de,History|Documentary|Drama|Music
U00928,Camila Flores,41,Mexico,2025-10-07,false,pt,Mystery|Romance
U00929,Morgan Garcia,29,Peru,2025-02-21,false,en|ko,Romance|History|Music
U00930,Gabriel Gonzalez,38,Mexico,2024-04-12,true,pt|fr|es,Animation|Drama
U00931,Diego Lopez,42,Chile,2024-02-13,true,es,Science Fiction|Horror
U00932,Elena Perez,38,Argentina,2022-11-07,true,pt|ja,Fantasy|Animation|Romance|Horror
U00933,Sam Ramos,46,Colombia,2025-01-26,false,es,Fantasy|Romance
U00934,Paula Gomez,26,Spain,2023-08-08,true,en|de|fr,Action|History|Western|Horror
U00935,Natalia Morales,24,Spain,2025-03-26,false,ko,Horror|Action
U00936,Cameron Flores,62,United States,2024-03-19,false,en|de|fr,Animation|Horror|Thriller
U00937,Ricardo Martinez,24,Peru,2024-05-15,false,fr,Comedy|Action|Family|War
U00938,Avery Gonzalez,25,Guatemala,2022-10-08,false,en|fr|ko,Music|Action
U00939,Jordan Ramirez,25,Colombia,2024-02-14,false,ko,Mystery|Fantasy|Documentary|Science Fiction
U00940,Ricardo Hernandez,35,Peru,2025-07-20,false,ko|pt|de,Science Fiction|Comedy|Family
U00941,Avery Rodriguez,22,United States,2023-10-03,true,de|pt|en,Animation|Music|Family
U00942,Riley Lopez,24,Peru,2026-01-13,true,ko,Science Fiction|Mystery
U00943,Camila Ortega,26,Argentina,2025-03-26,false,es,Horror|History|Science Fiction|Western
U00944,Lucia Vasquez,61,Chile,2025-10-02,true,ja|es,Drama|Mystery|Western|Adventure
U00945,Casey Vasquez,19,United States,2022-11-16,false,fr|ko,Comedy|Family|Action|Science Fiction
U00946,Sofia Ramirez,50,Spain,2022-12-09,false,ja,Animation|Music|Romance|Comedy
U00947,Sam Vasquez,30,Spain,2023-10-21,true,ja|es|fr,Comedy|Adventure|Mystery
U00948,Nicolas Ramirez,25,Argentina,2025-03-30,true,en|pt|es,Thriller|War|Romance|Adventure
U00949,Sam Garcia,62,Spain,2025-07-02,false,de|it,Family|Animation|Comedy
U00950,Lucia Martinez,58,Chile,2023-07-05,false,pt,Fantasy|Thriller|Drama|Animation
U00951,Luis Lopez,33,Colombia,2022-10-21,false,it|ja|pt,War|Thriller
U00952,Jose Rodriguez,60,United States,2023-03-18,false,en,Horror|Science Fiction
U00953,Diego Lopez,18,United States,2023-04-09,true,pt|de|it,Animation|Documentary|Action
U00954,Andres Martinez,24,Mexico,2022-07-12,false,fr|ja|es,History|Family
U00955,Gabriel Flores,18,Peru,2024-10-23,false,pt|de,Music|Fantasy|Thriller
U00956,Mariana Flores,32,Colombia,2025-03-06,false,en|es|de,Thriller|Comedy|Fantasy|Horror
U00957,Andres Lopez,42,Mexico,2023-08-24,false,de,Romance|Music|Drama|War
U00958,Natalia Morales,44,Chile,2024-10-17,false,ja|it,Documentary|Fantasy|Music|Science Fiction
U00959,Riley Garcia,25,Guatemala,2025-07-10,false,pt|fr,Horror|Comedy|Romance|Mystery
U00960,Hector Hernandez,36,Mexico,2024-11-21,false,fr|ko|de,Crime|War|History|Thriller
U00961,Alex Vasquez,37,Guatemala,2022-07-03,false,ko,History|Comedy
U00962,Sofia Lopez,35,Colombia,2022-07-22,true,fr|en|pt,Crime|Music|History
U00963,Mateo Ortega,61,Spain,2022-09-23,false,de|ja,Family|Adventure|Thriller
U00964,Lucia Martinez,26,Argentina,2023-09-28,false,pt|ja|it,History|Documentary|Romance
U00965,Casey Diaz,54,United States,2025-05-20,true,it,History|Western
U00966,Lucia Diaz,63,Peru,2022-10-24,false,pt|it|ko,War|Science Fiction
U00967,Sofia Diaz,23,Colombia,2024-11-21,false,en|ja|de,Romance|Science Fiction|Action
U00968,Gabriel Sanchez,60,Guatemala,2025-07-12,false,fr|de,Music|Crime|History|Action
U00969,Gabriel Castillo,56,Mexico,2024-11-08,false,es|fr,Animation|Adventure
U00970,Paula Ramos,53,United States,2026-02-23,true,de|it|es,Adventure|Comedy|Western
U00971,Avery Hernandez,18,Colombia,2023-12-18,true,de|en|ja,History|Action|Thriller|Western
U00972,Elena Martinez,43,Guatemala,2023-08-30,true,ko,Comedy|Thriller
U00973,Emerson Gomez,57,Mexico,2024-12-26,false,ko|ja|pt,Family|Fantasy
U00974,Casey Lopez,36,Chile,2023-04-24,true,de|ko|ja,Family|Documentary
U00975,Paula Ramos,44,Spain,2024-05-02,true,ko,Fantasy|Mystery|War|Music
U00976,Alex Torres,59,Brazil,2024-11-02,false,it|en|pt,Mystery|Action
U00977,Sam Rivera,50,Canada,2023-01-21,true,pt,Science Fiction|Fantasy|Action
U00978,Sofia Castillo,26,Chile,2024-06-18,false,pt|de|ko,Animation|Documentary|Crime|War
U00979,Hector Gomez,50,Canada,2022-08-28,false,fr|it|pt,Thriller|Mystery|Western|History
U00980,Casey Flores,32,Mexico,2025-07-29,true,fr,Music|Mystery|Animation|Action
U00981,Andres Ramos,44,Mexico,2024-02-02,true,ja,Family|Comedy
U00982,Nicolas Ramirez,38,Mexico,2022-12-01,false,en|es,Animation|Science Fiction
U00983,Lucia Hernandez,36,Argentina,2025-11-06,true,ko|pt,Western|Drama|War|Crime
U00984,Luis Gonzalez,26,Guatemala,2024-09-15,false,es|ko|en,Drama|Animation|Action|Horror
U00985,Fernanda Diaz,54,United States,2025-06-17,false,ko|es|ja,Animation|Horror|Documentary|War
U00986,Sofia Mendoza,22,Brazil,2025-05-29,true,ja|ko,Animation|Science Fiction
U00987,Casey Castillo,56,Canada,2023-12-12,false,en,Comedy|Thriller
U00988,Alex Sanchez,22,Canada,2023-11-25,true,it,Mystery|Music|Animation
U00989,Ricardo Castillo,34,Guatemala,2025-09-13,true,es|it|de,History|Mystery|Adventure|Fantasy
U00990,Diego Diaz,53,Peru,2023-09-27,true,de,Horror|Adventure
U00991,Avery Ramos,26,Chile,2022-09-07,true,es|it|de,Adventure|Music|Animation|Drama
U00992,Taylor Garcia,21,Guatemala,2025-01-22,true,de|en,Family|Music|Romance|Western
U00993,Daniel Mendoza,62,Spain,2024-05-26,true,fr|de,Action|Thriller|Adventure|Drama
U00994,Taylor Vasquez,32,Mexico,2022-12-08,true,en|es,Music|Western|Drama|Documentary
U00995,Avery Diaz,21,Colombia,2025-04-13,false,es,Adventure|Action|Family|Romance
U00996,Morgan Torres,48,Mexico,2022-07-09,true,ja,Music|Family|History
U00997,Jordan Ramirez,63,Chile,2025-04-28,false,ko,Thriller|Music
U00998,Fernanda Morales,44,Brazil,2023-12-01,false,es|en|fr,Family|War|Fantasy|Documentary
U00999,Cameron Rodriguez,41,Colombia,2023-06-01,true,de|en,War|Family
U01000,Avery Vasquez,35,Brazil,2025-12-02,false,it,Comedy|Action|Thriller
U01001,Emerson Rodriguez,20,Argentina,2022-08-11,true,ja|de,Mystery|Thriller|Action
U01002,Lucia Gonzalez,19,Brazil,2025-12-22,false,pt,Western|Adventure|History
U01003,Hector Ramirez,64,Guatemala,2025-08-03,true,ja|ko|de,Action|Horror
U01004,Daniel Gomez,47,Argentina,2026-01-28,true,it|es|de,Western|Science Fiction|Romance
U01005,Hector Lopez,43,Guatemala,2023-11-06,false,it|fr|ko,Fantasy|Animation|Family|Mystery
U01006,Sofia Ramirez,29,United States,2025-12-21,false,pt|ja|fr,Action|Comedy|History
U01007,Alex Vasquez,55,Mexico,2022-04-29,false,de|ko|en,Adventure|Music|Thriller
U01008,Natalia Mendoza,49,Colombia,2025-05-14,true,it|fr,Animation|Science Fiction|Documentary
U01009,Carla Gonzalez,61,Canada,2023-02-05,false,fr,Adventure|Family|Comedy|Horror
U01010,Paula Flores,52,Guatemala,2022-07-05,true,pt,Family|Adventure|Fantasy|Crime
U01011,Sofia Martinez,54,Peru,2022-09-16,false,pt,Science Fiction|Comedy|Animation|War
U01012,Jordan Diaz,59,Peru,2023-11-11,false,pt|fr|de,Action|Horror
U01013,Emerson Mendoza,19,Mexico,2022-06-13,true,fr|it,Music|Adventure
U01014,Gabriel Flores,27,Spain,2025-02-20,true,en|pt|ja,War|Music|Drama|Thriller
U01015,Jordan Sanchez,60,Canada,2025-06-11,false,en|it|de,Western|Romance|Comedy|War
U01016,Diego Ramirez,38,Mexico,2023-05-15,true,de|ko,History|Family|Horror|Comedy
U01017,Valeria Diaz,59,United States,2024-04-21,true,pt,Music|War
U01018,Valeria Diaz,36,Peru,2023-07-25,false,fr|it|ko,Crime|Family|Romance|Horror
U01019,Taylor Rodriguez,18,Colombia,2024-07-25,true,de|es|ko,War|Crime|Thriller
U01020,Mateo Ramirez,19,Colombia,2025-05-20,true,ja,Thriller|Comedy|Crime|Romance
U01021,Casey Castillo,36,Mexico,2025-03-30,false,de|pt,Romance|Music|Crime
U01022,Natalia Flores,58,United States,2025-08-04,false,ko|de,Comedy|Adventure|Animation|Music
U01023,Emerson Ramos,18,Brazil,2026-03-14,false,fr,Documentary|War
U01024,Jose Vasquez,37,United States,2024-05-26,false,de,Science Fiction|Documentary|Fantasy
U01025,Sam Ortega,29,Colombia,2025-03-06,true,pt|ja,War|Romance|History|Documentary
U01026,Camila Perez,36,Chile,2024-09-08,false,fr|en,Fantasy|Horror|Comedy|Documentary
U01027,Valeria Sanchez,31,Canada,2023-03-23,true,it|es|en,Fantasy|Comedy|Family
U01028,Alex Mendoza,31,Chile,2022-07-01,false,pt,Western|Drama|Action|Family
U01029,Luis Vasquez,46,Spain,2025-03-12,false,es,Science Fiction|History
U01030,Cameron Rodriguez,38,Colombia,2023-01-16,false,de|pt|en,Comedy|Music|Animation
U01031,Cameron Vasquez,24,Canada,2025-10-23,false,ja,War|Animation|Horror|Science Fiction
U01032,Riley Morales,61,Argentina,2025-12-24,false,ja|ko|es,Adventure|Action|Family|Animation
U01033,Andres Hernandez,58,Mexico,2024-12-28,true,de,Thriller|History
U01034,Alex Diaz,62,Chile,2022-08-26,false,ja,Western|Drama|Documentary
U01035,Carla Ortega,60,United States,2023-08-04,false,de|fr,Music|Thriller|Documentary|Science Fiction
U01036,Gabriel Gomez,25,Chile,2025-08-17,false,de,Western|Thriller|History
U01037,Valeria Flores,62,Spain,2023-08-30,true,es|fr,Romance|Comedy|Documentary|Family
U01038,Fernanda Ramos,44,Guatemala,2025-01-06,false,de|ja,Romance|Family|Action|Crime
U01039,Cameron Flores,49,Argentina,2024-07-31,false,en|fr,Science Fiction|Romance|Mystery
U01040,Carla Garcia,25,Brazil,2024-01-02,false,de|ja|pt,Romance|Family|Documentary
U01041,Casey Mendoza,40,Canada,2025-04-20,true,pt,Action|Mystery
U01042,Carla Garcia,63,Argentina,2025-03-08,false,ja,Music|Drama
U01043,Gabriel Gonzalez,19,Canada,2024-05-15,true,en,Romance|Drama|Family
U01044,Elena Gomez,58,Argentina,2024-12-29,true,en|es,Documentary|History
U01045,Cameron Martinez,22,Canada,2024-05-23,false,es,Mystery|Crime|Fantasy|Romance
U01046,Alex Lopez,45,Canada,2025-04-24,true,it|ja|fr,Crime|Comedy|Mystery|War
U01047,Emerson Ramirez,45,Mexico,2024-11-05,true,ko|de|fr,Comedy|Fantasy
U01048,Mateo Morales,64,Spain,2023-11-02,false,en|de,History|War|Family
U01049,Fernanda Morales,41,United States,2022-11-18,true,ko,Family|Action|Mystery
U01050,Carla Torres,55,Argentina,2024-02-20,true,fr|es|de,Animation|Comedy
U01051,Casey Gomez,37,Peru,2025-09-24,true,it|de,War|Family|Adventure
U01052,Sam Flores,52,United States,2026-02-20,false,ko,Romance|Action|Fantasy|Music
U01053,Carla Sanchez,62,Mexico,2024-01-30,false,ja,Thriller|War|Animation
U01054,Casey Lopez,45,United States,2023-03-08,true,en,Comedy|Documentary|Drama|Family
U01055,Carla Castillo,25,Spain,2025-01-02,false,en|fr,Western|Romance
U01056,Luis Ramirez,57,Peru,2025-03-16,false,de|ja,Music|Documentary|Crime
U01057,Andres Vasquez,44,Colombia,2023-06-16,true,pt,Crime|Documentary|Thriller
U01058,Andres Rodriguez,21,Brazil,2022-04-22,false,ko|fr|en,Drama|Western|Comedy
U01059,Nicolas Gonzalez,36,Spain,2022-08-25,false,en|es|fr,Western|Family|Music
U01060,Sofia Mendoza,31,Chile,2024-07-14,true,fr|en|pt,Western|Drama|Animation
U01061,Cameron Ortega,65,Brazil,2022-11-06,false,it|ja,War|Mystery
U01062,Riley Gonzalez,48,Guatemala,2022-04-16,false,fr|es|ja,Drama|Animation
U01063,Jordan Garcia,53,Spain,2023-01-16,false,es|ko,Science Fiction|Romance|Thriller|Documentary
U01064,Fernanda Gomez,28,Chile,2026-03-27,true,es|it|ko,Music|History|Horror
U01065,Camila Diaz,29,Guatemala,2025-06-01,false,ja|pt|fr,Thriller|Fantasy|Comedy
U01066,Ricardo Vasquez,65,Guatemala,2026-01-12,true,pt|es,Romance|Drama|War
U01067,Valeria Rivera,34,Canada,2025-03-23,true,es|fr,Action|History
U01068,Nicolas Ramirez,21,Brazil,2022-06-18,true,it|fr|pt,Fantasy|Thriller|Mystery|Action
U01069,Ricardo Ramos,19,Brazil,2025-09-06,true,es|en|fr,Science Fiction|Thriller|Documentary|Family
U01070,Mariana Gonzalez,58,Guatemala,2023-01-05,false,ko,Romance|Comedy
U01071,Taylor Morales,55,Peru,2023-10-31,true,pt|ko|es,Action|Horror
U01072,Jose Gomez,23,Colombia,2024-08-10,false,fr|pt|ko,Adventure|Animation|Drama|Romance
U01073,Sam Ramirez,37,Chile,2025-09-08,false,en,War|Romance
U01074,Taylor Flores,64,Mexico,2024-11-20,true,fr,Animation|Science Fiction|Western|Adventure
U01075,Diego Ortega,47,Mexico,2025-10-15,true,pt,Documentary|Action
U01076,Emerson Perez,26,Brazil,2023-01-07,false,it,Adventure|Mystery|History
U01077,Mateo Sanchez,23,United States,2023-05-01,false,ko|fr,Drama|Documentary|History
U01078,Paula Rivera,54,Argentina,2024-03-25,false,ja|es|it,War|Science Fiction|Documentary|Action
U01079,Sofia Torres,47,Chile,2023-06-09,true,de|fr|es,War|Fantasy|Animation
U01080,Hector Martinez,42,Brazil,2025-03-04,true,pt|fr|it,Documentary|Thriller|Crime|Family
U01081,Diego Martinez,59,Mexico,2025-10-21,true,pt|fr,Action|Documentary|Romance
U01082,Hector Rivera,57,United States,2023-12-29,false,ko,Science Fiction|Documentary
U01083,Luis Gomez,43,Chile,2024-12-05,true,pt|de|ko,Fantasy|Music
U01084,Hector Sanchez,19,Colombia,2025-02-12,true,ja|it,Romance|Western
U01085,Hector Torres,23,Chile,2025-08-15,true,pt|ja|en,War|Drama|Crime|Animation
U01086,Gabriel Rivera,37,Chile,2024-11-05,true,fr|es|ja,Documentary|Science Fiction|Action
U01087,Morgan Sanchez,28,Peru,2023-06-01,true,pt|en|de,Animation|Family|Crime
U01088,Andres Morales,24,Spain,2026-02-15,true,de|ja,Drama|Thriller|Mystery
U01089,Diego Hernandez,60,Brazil,2024-07-07,true,es|fr|de,History|Romance|Mystery
U01090,Avery Mendoza,56,Spain,2023-04-10,true,en|it,Music|Western
U01091,Carla Sanchez,39,Spain,2023-01-18,true,ja|en,Drama|Adventure|Western
U01092,Mateo Hernandez,28,Spain,2023-11-15,true,ja|es,Mystery|Thriller|Adventure
U01093,Valeria Rodriguez,50,Spain,2024-03-20,false,fr|it,Comedy|Mystery|Action|Animation
U01094,Alex Ramos,58,Mexico,2025-12-10,false,it|pt,Mystery|Romance|Adventure|Crime
U01095,Elena Rivera,52,Spain,2024-12-05,true,ja,Horror|Music|Comedy|Mystery
U01096,Casey Lopez,36,Guatemala,2024-03-01,true,ko,Fantasy|Drama|Science Fiction|War
U01097,Ricardo Ramos,36,Guatemala,2024-11-08,false,pt|ko,Adventure|Music|Fantasy
U01098,Morgan Torres,25,Peru,2024-04-10,true,en|it,Action|Science Fiction|Horror
U01099,Daniel Gomez,58,United States,2023-09-02,false,fr,Animation|Comedy
U01100,Natalia Ramirez,38,Peru,2024-03-18,true,es,Family|War|Science Fiction
U01101,Casey Mendoza,65,Chile,2025-11-07,false,es|fr|pt,Mystery|War
U01102,Lucia Lopez,37,Brazil,2023-04-22,true,it,Fantasy|Animation|Romance|Adventure
U01103,Mariana Garcia,60,Guatemala,2024-05-16,false,fr|ko|it,Thriller|Drama|Romance|Crime
U01104,Hector Gonzalez,44,Colombia,2026-01-28,false,en,Fantasy|Action|Romance
U01105,Cameron Vasquez,32,Mexico,2025-08-19,false,pt,Horror|Comedy|Family|War
U01106,Luis Mendoza,38,Peru,2024-11-09,false,en|fr|ja,Romance|Horror|Mystery|Family
U01107,Casey Vasquez,20,Brazil,2025-01-26,true,ja|fr|de,Western|Documentary
U01108,Carla Ramos,38,United States,2025-06-03,false,it|ja,Animation|Drama|Music
U01109,Alex Hernandez,53,United States,2025-10-11,true,it,Documentary|Music|Romance|Drama
U01110,Lucia Morales,25,Brazil,2023-01-05,false,de,Comedy|Western|Mystery
U01111,Morgan Gonzalez,58,Mexico,2024-07-10,false,it|fr|ja,Romance|Music|Drama|Thriller
U01112,Elena Morales,46,Colombia,2025-04-05,true,it|ja,Family|Mystery|Thriller
U01113,Lucia Torres,55,Spain,2022-04-17,false,ja,Horror|Science Fiction|Documentary|Western
U01114,Mateo Perez,64,Spain,2025-11-04,true,es|it|ja,Family|Crime
U01115,Diego Mendoza,56,Spain,2023-09-04,true,en|pt,Thriller|Animation
U01116,Ricardo Gonzalez,36,Mexico,2024-11-03,true,de|fr|es,Family|Documentary|Thriller
U01117,Riley Ortega,50,Mexico,2024-11-10,false,ko,Family|Science Fiction|Western
U01118,Ricardo Gonzalez,48,Spain,2023-08-25,true,ja|ko|it,Animation|Action|Adventure
U01119,Gabriel Diaz,43,Guatemala,2023-09-25,false,en|fr,Western|Comedy|Action|Family
U01120,Lucia Castillo,55,Mexico,2025-10-20,true,it,Science Fiction|Romance|Comedy|Adventure
U01121,Sofia Diaz,24,Peru,2025-12-15,true,it,Crime|Family|Thriller
U01122,Valeria Ramos,34,Brazil,2023-08-25,false,ko|pt,Horror|History|Science Fiction
U01123,Nicolas Garcia,41,Brazil,2023-01-22,false,de,War|History
U01124,Mariana Torres,65,Colombia,2023-12-30,true,it|es,Documentary|History|Thriller|Music
U01125,Nicolas Torres,18,Chile,2024-06-05,false,it|es|ko,Family|Action|Drama
U01126,Luis Castillo,38,Canada,2025-03-04,false,fr|it|ja,Thriller|Documentary|Music
U01127,Lucia Ramos,42,Guatemala,2025-11-28,true,ko,War|Thriller
U01128,Diego Sanchez,30,Peru,2024-01-04,false,es|pt,Family|Crime
U01129,Valeria Ortega,20,Spain,2025-11-08,true,de|fr|pt,War|Family
U01130,Diego Castillo,34,Colombia,2022-08-26,true,de|es,Western|Animation|Adventure
U01131,Avery Vasquez,64,Mexico,2023-04-09,true,de,Fantasy|Western
U01132,Elena Torres,52,Guatemala,2022-08-13,false,ko|de|en,Family|Western
U01133,Gabriel Rodriguez,52,Brazil,2023-05-18,true,de|en,Comedy|Science Fiction|Animation
U01134,Nicolas Ramos,58,Brazil,2023-12-16,false,de|it,Action|Romance|Comedy|Music
U01135,Alex Ramirez,59,Chile,2024-07-22,false,ko|it|fr,Fantasy|Thriller|Documentary|War
U01136,Ricardo Morales,49,Guatemala,2023-09-02,false,ko|en|es,Fantasy|War|History
U01137,Natalia Castillo,46,Peru,2024-11-29,true,it|en,Documentary|Western|Animation
U01138,Riley Martinez,51,United States,2023-07-29,true,pt|ja,History|War
U01139,Jose Torres,43,Colombia,2025-09-10,true,de,Crime|Horror
U01140,Nicolas Gonzalez,37,Peru,2024-02-06,true,ko|ja,Thriller|Romance|Fantasy|Comedy
U01141,Emerson Flores,18,Spain,2024-04-04,true,ja|ko|de,Horror|Science Fiction|History|Drama
U01142,Mateo Rivera,31,Chile,2025-11-23,false,de,Science Fiction|Fantasy
U01143,Camila Rivera,57,Canada,2022-05-29,false,de|ja|es,Romance|Mystery|Horror
U01144,Ricardo Ramirez,55,United States,2022-11-15,true,ko|pt,Family|Documentary
U01145,Fernanda Gomez,21,Peru,2026-02-17,false,ja|en|ko,Thriller|Family|Fantasy|History
U01146,Daniel Rivera,44,Colombia,2024-09-24,true,es|fr|pt,Comedy|Thriller|Crime
U01147,Paula Torres,54,Canada,2025-06-29,false,de|fr,Western|Animation
U01148,Daniel Castillo,46,Argentina,2023-11-28,true,pt|ja|fr,Action|Crime|Animation|Romance
U01149,Diego Vasquez,65,Guatemala,2023-07-21,true,it|fr|ko,Music|Horror|Drama
U01150,Taylor Diaz,45,Guatemala,2024-09-02,false,pt|en|it,Thriller|Adventure|War
U01151,Gabriel Morales,52,Colombia,2025-01-12,true,es|it|en,Horror|Animation|War
U01152,Paula Vasquez,65,Colombia,2025-09-11,false,ko|de,Drama|Animation|Romance|Thriller
U01153,Jordan Gonzalez,54,Chile,2025-11-27,true,ja,Horror|Science Fiction|Romance|War
U01154,Nicolas Gomez,32,Brazil,2022-05-19,false,fr|ko,Family|Horror
U01155,Daniel Vasquez,37,Colombia,2025-12-09,true,de,Drama|Music|Crime|Comedy
U01156,Alex Morales,38,Argentina,2025-08-25,true,pt,Crime|Music
U01157,Riley Torres,46,Mexico,2023-03-11,false,en|es,Fantasy|Family|Drama
U01158,Alex Vasquez,42,Brazil,2023-06-12,true,de|es,Adventure|Science Fiction|War
U01159,Jordan Gonzalez,49,Brazil,2025-02-11,false,es,War|Comedy|Documentary|Mystery
U01160,Luis Flores,50,Mexico,2024-08-08,false,pt|de|fr,Drama|Animation
U01161,Alex Lopez,22,Spain,2024-05-28,false,it|ja,Mystery|Comedy|Music
U01162,Avery Rodriguez,33,Colombia,2025-12-03,true,pt|en|es,Mystery|Thriller|Action|Crime
U01163,Casey Castillo,65,Chile,2023-02-23,false,de,Thriller|Adventure
U01164,Nicolas Diaz,28,Guatemala,2023-02-27,false,fr|ko|en,Documentary|Western|Crime
U01165,Riley Torres,19,United States,2024-07-15,true,pt,Music|Fantasy|Horror|Action
U01166,Luis Hernandez,18,Peru,2024-07-23,true,fr|es|en,Western|Mystery
U01167,Jordan Diaz,56,Guatemala,2022-08-24,false,ko|es,Thriller|Science Fiction
U01168,Andres Ramos,65,Brazil,2023-09-19,true,es|de|ja,Horror|Music
U01169,Casey Sanchez,63,Spain,2025-02-28,false,es|pt|en,Crime|Family
U01170,Natalia Mendoza,39,United States,2022-11-12,false,it,Family|Fantasy
U01171,Fernanda Hernandez,30,Colombia,2024-02-11,true,ja|pt|en,Music|Crime|Adventure
U01172,Casey Garcia,48,Peru,2023-08-11,true,ko,Mystery|Horror
U01173,Carla Ortega,35,Canada,2024-07-19,false,ko|en|pt,Drama|Science Fiction|Fantasy
U01174,Diego Gonzalez,34,Mexico,2023-09-15,false,pt|ja|it,Thriller|Science Fiction|Comedy
U01175,Mateo Lopez,53,Chile,2025-04-27,true,es|en,Comedy|Family
U01176,Ricardo Rivera,61,Argentina,2023-12-30,true,de|es,Romance|Animation|Documentary
U01177,Riley Rivera,62,Canada,2025-03-22,true,pt|it|es,Crime|War|Adventure|Mystery
U01178,Sofia Gonzalez,35,Guatemala,2022-11-02,false,ja|ko|es,Documentary|Family|Crime|Fantasy
U01179,Emerson Gomez,18,Mexico,2025-03-14,false,it,Thriller|Science Fiction|Horror
U01180,Mariana Morales,48,Colombia,2026-01-08,true,fr|es,Drama|Animation|Adventure
U01181,Lucia Gonzalez,35,Colombia,2025-11-24,false,es|ko,Mystery|Drama|Family
U01182,Taylor Ortega,38,Guatemala,2026-01-16,true,it,Drama|Science Fiction
U01183,Elena Torres,52,Brazil,2025-03-19,false,ko|fr|en,Thriller|Family
U01184,Casey Rodriguez,45,Brazil,2024-03-10,true,ko,Adventure|Mystery|Fantasy
U01185,Natalia Ramos,33,United States,2023-11-28,false,pt,War|Comedy
U01186,Mateo Garcia,60,Chile,2025-11-07,false,pt|de,Fantasy|Western
U01187,Jordan Lopez,24,United States,2022-11-04,false,ja|pt|fr,Thriller|Family|Western|Comedy
U01188,Nicolas Castillo,41,Brazil,2026-01-07,false,es|en|ko,Adventure|Comedy|War
U01189,Camila Gomez,19,Argentina,2022-07-01,true,ja|pt,Science Fiction|Western|Adventure
U01190,Alex Flores,61,Peru,2022-10-30,false,pt|ja,Romance|Action|Science Fiction
U01191,Avery Ramirez,31,Canada,2024-10-10,false,it|ja|es,Horror|Science Fiction
U01192,Luis Gomez,52,Argentina,2024-03-24,false,pt|it,Thriller|Animation
U01193,Camila Torres,42,Argentina,2022-11-04,false,fr|ja,Animation|Mystery|Horror|History
U01194,Ricardo Ramos,19,Mexico,2024-03-29,true,pt,Science Fiction|Music|Documentary
U01195,Paula Torres,23,Brazil,2025-02-10,false,es|ko|en,Western|History|Documentary|Drama
U01196,Ricardo Ramirez,65,Chile,2023-02-03,true,es|ja,Horror|Music|Mystery|Animation
U01197,Diego Sanchez,32,Argentina,2024-10-03,true,it|en|de,Family|Crime
U01198,Natalia Sanchez,57,United States,2024-09-28,false,en,Drama|Crime|Action|War
U01199,Mateo Morales,42,Chile,2025-05-13,false,ja|pt|it,Drama|Romance|Documentary|War
U01200,Gabriel Ramirez,26,Peru,2024-09-10,true,pt|en|ko,Music|Family|Horror
U01201,Gabriel Morales,24,Brazil,2025-07-09,true,ko|it|fr,Comedy|War
U01202,Luis Rivera,46,United States,2026-03-18,false,en|de|it,Western|Family|Science Fiction|Crime
U01203,Jordan Gonzalez,40,Mexico,2022-05-26,false,fr|en|pt,Science Fiction|Adventure|Music|Family
U01204,Paula Ramirez,37,Canada,2022-06-06,false,ko,Thriller|Romance|Crime|Drama
U01205,Diego Sanchez,63,Peru,2025-06-21,true,en,Romance|Crime|Horror|Western
U01206,Fernanda Rodriguez,33,Brazil,2025-09-19,true,fr|pt|es,War|Romance
U01207,Camila Gonzalez,54,Spain,2022-06-10,false,ja,Thriller|Comedy|Horror|Adventure
U01208,Lucia Ramos,45,Chile,2023-01-19,false,fr|pt,Documentary|Comedy|History
U01209,Jordan Gonzalez,24,Canada,2023-09-26,false,es|fr|de,Drama|Family|Music
U01210,Alex Mendoza,18,Peru,2022-08-13,false,en,Adventure|Music|Comedy|Animation
U01211,Emerson Lopez,31,Peru,2025-06-17,true,ko|es|it,Music|Animation|Documentary|Comedy
U01212,Ricardo Hernandez,19,Brazil,2025-08-21,true,fr|ja|de,Documentary|Science Fiction|Western
U01213,Hector Morales,28,Mexico,2022-12-13,false,fr|it|ja,History|Comedy|Music
U01214,Riley Mendoza,53,Mexico,2023-02-22,false,es|pt,Horror|Science Fiction|Mystery|Thriller
U01215,Avery Rivera,21,United States,2023-01-25,true,en|fr,Thriller|Drama
U01216,Ricardo Castillo,26,United States,2022-10-14,true,de|fr|ja,Horror|War|Mystery|Thriller
U01217,Emerson Diaz,24,Peru,2024-07-16,false,ko,Mystery|Animation|Thriller
U01218,Nicolas Gomez,37,Brazil,2023-12-28,true,es,History|Adventure|War
U01219,Carla Flores,52,Guatemala,2022-07-18,false,pt,Action|Adventure|History|Drama
U01220,Luis Castillo,47,Colombia,2025-03-19,true,en|es|ko,War|Music
U01221,Mariana Flores,31,Mexico,2022-09-07,false,en|ko|de,Drama|Thriller|Western|History
U01222,Alex Sanchez,27,Colombia,2025-12-21,true,ja|en,Documentary|Mystery|Family
U01223,Nicolas Ramirez,42,Chile,2024-08-23,true,en|de|ja,History|Drama|Fantasy|War
U01224,Camila Ramos,62,Argentina,2023-09-12,true,fr|pt,Action|Mystery|Adventure|Music
U01225,Carla Martinez,28,Chile,2022-12-03,false,pt,Thriller|Animation
U01226,Emerson Morales,53,United States,2023-11-18,true,de|en,Fantasy|Comedy|War
U01227,Casey Castillo,42,Colombia,2022-06-23,true,en,Thriller|Comedy|War
U01228,Fernanda Rodriguez,50,Argentina,2023-08-19,true,en|pt,Music|Science Fiction|Crime
U01229,Luis Flores,47,Argentina,2022-07-09,true,fr|ko,Action|Crime|Horror|Romance
U01230,Lucia Gomez,39,United States,2023-02-18,true,de,War|Animation|Family
U01231,Ricardo Vasquez,38,Guatemala,2022-08-31,true,fr|es|it,War|History
U01232,Jose Rodriguez,27,Mexico,2024-07-28,true,pt|en,Western|Action|Documentary|Music
U01233,Alex Gomez,54,Canada,2022-04-18,true,en,Adventure|Mystery|Comedy|Romance
U01234,Alex Ramos,57,Chile,2025-06-24,false,de|pt|ko,Mystery|History|Western|Family
U01235,Carla Vasquez,36,Colombia,2024-12-17,false,fr,Science Fiction|Music
U01236,Cameron Gonzalez,44,Canada,2024-05-03,true,ko,Action|Romance|History|Animation
U01237,Lucia Hernandez,46,United States,2025-10-15,false,ko|pt,Drama|Mystery|Romance
U01238,Valeria Rivera,63,Argentina,2024-03-02,true,de,Mystery|Crime|Drama
U01239,Ricardo Mendoza,27,United States,2024-04-24,true,it|es|de,Western|Romance|Music
U01240,Daniel Vasquez,42,Canada,2023-12-17,false,fr|pt,Romance|Adventure|Drama|Comedy
U01241,Morgan Vasquez,54,Argentina,2022-05-29,true,fr|pt|de,Drama|Mystery|Documentary|Crime
U01242,Mateo Flores,24,Mexico,2024-11-25,true,en|pt,Crime|Thriller
U01243,Alex Lopez,31,Chile,2022-07-28,true,fr,Animation|Horror|Music
U01244,Sofia Mendoza,37,Mexico,2024-01-17,true,it,Science Fiction|Thriller|Horror|Music
U01245,Natalia Hernandez,62,Argentina,2023-03-11,true,ko|pt|fr,Comedy|Romance|Documentary
U01246,Jose Hernandez,48,Colombia,2024-10-08,true,ko|de,Adventure|Crime
U01247,Paula Rivera,41,Mexico,2024-09-30,true,pt|fr|en,Documentary|Science Fiction|Action|Family
U01248,Casey Mendoza,36,Mexico,2023-12-16,false,de|pt|fr,Mystery|Crime|Comedy|Science Fiction
U01249,Nicolas Ramos,35,Canada,2022-05-13,true,de|it,Romance|Documentary|Music|Western
U01250,Andres Flores,39,Guatemala,2023-03-18,false,ko|de,Family|History
U01251,Luis Vasquez,65,Brazil,2025-12-21,true,en,Horror|Adventure
U01252,Emerson Gomez,39,Peru,2023-05-24,false,it|pt|de,Mystery|Western|Adventure
U01253,Mateo Flores,46,Mexico,2023-01-07,false,it|en,Fantasy|Drama|Thriller
U01254,Ricardo Castillo,29,Peru,2022-11-29,true,es,Crime|Comedy
U01255,Casey Ortega,57,Mexico,2023-08-09,true,en|pt|fr,Animation|Action
U01256,Paula Vasquez,23,Colombia,2025-10-24,true,fr|es|pt,Comedy|Western|Adventure
U01257,Mariana Rodriguez,58,Canada,2022-04-18,true,es|de|fr,Family|Drama|Adventure
U01258,Andres Perez,50,Guatemala,2026-03-31,true,en|de|es,Documentary|Thriller|History
U01259,Morgan Perez,30,Colombia,2023-10-02,false,es|pt|en,Western|Drama
U01260,Fernanda Sanchez,34,Peru,2023-03-09,true,ja,History|Romance|Western
U01261,Elena Lopez,49,Peru,2025-12-12,true,es,Fantasy|History|Documentary|Adventure
U01262,Nicolas Diaz,56,Mexico,2022-09-21,false,pt|ko|ja,Science Fiction|Action|Animation|Documentary
U01263,Luis Flores,52,Argentina,2024-10-20,true,ko|fr,Thriller|Music|Western
U01264,Paula Gonzalez,43,United States,2022-07-07,false,pt|ja,Music|Romance|Science Fiction|Thriller
U01265,Valeria Hernandez,42,Colombia,2023-01-26,false,pt,Mystery|Romance|Action|War
U01266,Sofia Lopez,43,United States,2024-09-16,true,en,Documentary|Crime|Western|Comedy
U01267,Cameron Flores,53,Chile,2023-05-21,true,it,Thriller|Mystery
U01268,Riley Ramos,60,Guatemala,2025-09-04,false,ko,Thriller|Romance|War|Western
U01269,Taylor Rodriguez,44,United States,2024-02-02,true,ko|ja|es,Thriller|History|Crime|Comedy
U01270,Emerson Gonzalez,39,Peru,2024-03-04,true,it,History|Romance|Comedy|Western
U01271,Sofia Ortega,31,Peru,2024-12-05,true,ja|es,Action|Science Fiction
U01272,Hector Flores,58,Brazil,2025-10-30,true,de|es|fr,Fantasy|Horror|War
U01273,Mariana Ortega,50,Mexico,2025-09-10,false,ko|en|fr,Family|Thriller
U01274,Fernanda Hernandez,46,Spain,2025-10-09,true,it|en,Animation|War|Thriller
U01275,Gabriel Ramirez,58,Guatemala,2026-04-07,false,de|es,Music|Adventure
U01276,Sofia Mendoza,59,Argentina,2024-12-24,true,de|ja,Crime|Fantasy|Horror|Family
U01277,Emerson Garcia,18,Chile,2023-05-15,false,ja|pt,War|History|Family|Mystery
U01278,Riley Hernandez,47,Colombia,2023-12-08,false,pt,Action|Romance
U01279,Carla Gomez,47,Chile,2025-05-22,true,it,Science Fiction|Horror
U01280,Mariana Mendoza,21,Peru,2024-10-25,false,es,Documentary|Crime|Horror
U01281,Sofia Hernandez,38,Brazil,2024-01-16,true,ja|es,Mystery|Action|Romance|Horror
U01282,Carla Torres,22,Colombia,2024-02-03,true,fr|de|en,Adventure|War|Western|Music
U01283,Taylor Castillo,39,Mexico,2023-03-11,false,es|de,Family|Animation|Music|Documentary
U01284,Lucia Morales,46,Colombia,2022-08-16,true,de,Romance|Mystery|Crime|Fantasy
U01285,Fernanda Ramirez,48,Guatemala,2023-07-20,true,de,Adventure|Action
U01286,Avery Sanchez,58,Spain,2023-02-17,true,ja|ko,War|Horror
U01287,Elena Torres,55,Guatemala,2025-01-13,true,de,Romance|Animation
U01288,Avery Ortega,43,Argentina,2025-01-11,true,pt|it|es,Music|Animation
U01289,Daniel Lopez,30,Brazil,2025-10-17,false,fr|ja,History|Fantasy|Music|War
U01290,Diego Perez,56,Canada,2024-02-09,false,en|de,Mystery|Comedy|History
U01291,Riley Gonzalez,65,Chile,2022-11-27,true,de|es|it,Mystery|Comedy
U01292,Natalia Ortega,19,Chile,2023-12-23,true,it|es|ko,Science Fiction|Adventure|Family
U01293,Riley Gonzalez,56,Colombia,2024-02-23,false,pt|de|ja,Thriller|Mystery
U01294,Andres Morales,57,Guatemala,2025-08-15,true,en,Family|Animation|Comedy
U01295,Cameron Lopez,31,Argentina,2023-12-23,false,pt,Mystery|Documentary|Comedy
U01296,Luis Rivera,37,Colombia,2022-09-13,false,es,Romance|Action|History
U01297,Valeria Perez,64,Argentina,2022-12-13,false,es,Action|Thriller|Documentary|Western
U01298,Ricardo Ortega,62,Colombia,2026-03-04,true,ko|en|pt,Fantasy|Western|Action|Music
U01299,Jordan Gomez,29,Guatemala,2026-01-28,true,ko|de,Action|Adventure|Thriller
U01300,Jose Rodriguez,35,Argentina,2023-11-07,true,en|pt,History|Thriller|Drama|Mystery
U01301,Mariana Vasquez,36,Peru,2022-04-14,true,en,Adventure|Romance|Thriller|Mystery
U01302,Nicolas Rivera,52,Colombia,2024-10-31,false,pt|ko|it,Western|Documentary|Music
U01303,Luis Rivera,36,Colombia,2024-07-22,false,pt|ja,Mystery|Music
U01304,Jose Morales,40,United States,2024-07-24,false,pt,Romance|Animation|Fantasy
U01305,Fernanda Morales,52,Colombia,2026-02-02,true,fr|it|ko,Adventure|Horror
U01306,Camila Perez,54,Guatemala,2026-02-28,false,en|it|ko,Animation|Romance|Comedy
U01307,Hector Morales,64,Peru,2026-01-01,false,es|fr,Family|Horror
U01308,Elena Gomez,30,Guatemala,2023-07-03,true,ko|es|pt,Music|Romance|Comedy|Thriller
U01309,Andres Hernandez,30,Guatemala,2022-09-05,true,es,History|Family|Mystery|Crime
U01310,Alex Torres,46,Mexico,2022-12-14,false,it,Documentary|Animation
U01311,Sofia Gomez,45,Brazil,2022-05-02,false,it,History|Horror|Mystery|Documentary
U01312,Carla Mendoza,19,Chile,2025-08-08,false,pt|fr,Thriller|Adventure
U01313,Ricardo Gomez,20,United States,2025-04-18,true,ko|en|de,Romance|Music
U01314,Andres Ramirez,65,Peru,2025-04-28,true,es|de|ja,Animation|Family
U01315,Nicolas Ramos,61,Colombia,2022-06-20,true,ja|en|ko,History|Science Fiction|Drama
U01316,Hector Castillo,54,Spain,2024-10-07,true,it|pt,War|Documentary
U01317,Cameron Ortega,28,Guatemala,2022-12-07,false,it|ja,War|Thriller|Documentary|Science Fiction
U01318,Nicolas Flores,49,Argentina,2024-08-31,true,ko,Crime|Animation
U01319,Lucia Gonzalez,61,Brazil,2024-05-21,false,pt,History|Documentary
U01320,Avery Vasquez,65,Brazil,2026-03-16,true,fr,Comedy|Documentary
U01321,Valeria Ramos,20,Chile,2024-04-30,false,es|de|ja,Romance|Action|Music|Horror
U01322,Daniel Diaz,50,Argentina,2022-08-26,true,pt|de|ja,Animation|Fantasy
U01323,Taylor Lopez,34,United States,2023-03-08,true,pt|it,Documentary|Drama
U01324,Gabriel Gonzalez,37,Colombia,2025-07-16,false,fr,Comedy|Adventure|Family
U01325,Alex Rivera,38,Argentina,2022-08-11,false,en|fr|es,Action|Comedy|Fantasy|History
U01326,Gabriel Perez,42,Canada,2023-05-02,true,fr,Thriller|Western|War|Comedy
U01327,Casey Hernandez,33,Spain,2025-02-18,false,es|it|ko,Animation|Thriller
U01328,Avery Ramirez,30,Peru,2024-07-21,false,ja|en,Romance|Adventure
U01329,Valeria Mendoza,51,Chile,2023-07-15,false,fr|es|it,Crime|Thriller|Romance|Horror
U01330,Fernanda Rodriguez,59,Guatemala,2024-09-13,false,fr,Action|Romance|Animation|Fantasy
U01331,Cameron Gomez,49,Spain,2023-11-07,true,ko|it,Horror|History|Western
U01332,Andres Flores,56,Canada,2022-10-14,true,it|fr|ja,Thriller|Horror|Animation|Crime
U01333,Diego Flores,34,Brazil,2023-08-14,false,ja|fr,Drama|Music|History|Comedy
U01334,Jose Perez,53,Peru,2025-09-17,true,pt|ko|it,History|Drama
U01335,Gabriel Vasquez,56,Peru,2025-07-15,true,de,Documentary|Comedy|History|Horror
U01336,Natalia Ramos,52,Peru,2024-05-17,true,it|ko|de,Mystery|Thriller
U01337,Cameron Mendoza,30,Chile,2022-09-05,false,es,Comedy|Mystery|War
U01338,Valeria Morales,58,United States,2025-07-19,true,en|de,War|Romance|Drama
U01339,Andres Diaz,21,Guatemala,2024-06-11,true,pt,Comedy|Crime|Documentary
U01340,Cameron Martinez,60,Brazil,2025-05-08,true,ja|es|en,Fantasy|Crime|Comedy|Science Fiction
U01341,Alex Martinez,57,Brazil,2024-03-02,false,de,Fantasy|History|Romance|Comedy
U01342,Hector Morales,28,Spain,2024-04-04,true,pt|ja|es,Crime|Action
U01343,Daniel Mendoza,33,Spain,2022-05-16,true,es|en,Animation|Fantasy
U01344,Avery Vasquez,33,Chile,2025-09-10,false,es|en,Documentary|Family
U01345,Paula Mendoza,63,United States,2024-06-10,false,ja,Drama|Family|Comedy
U01346,Casey Gomez,39,Peru,2025-09-21,true,ko|de|it,Action|Fantasy|Drama
U01347,Andres Castillo,56,Spain,2025-09-22,true,es,Science Fiction|Drama|Music
U01348,Gabriel Gomez,63,Chile,2023-06-09,true,it|es,Horror|Music
U01349,Lucia Mendoza,54,Peru,2024-11-27,false,en|de,Family|Animation
U01350,Lucia Lopez,32,Chile,2025-01-10,false,it|fr,Science Fiction|Romance|Animation
U01351,Hector Ramirez,42,Peru,2024-12-16,true,de|ja|en,Documentary|Family
U01352,Fernanda Sanchez,46,Colombia,2022-10-12,false,it,Documentary|Animation|Adventure|Crime
U01353,Casey Diaz,22,Argentina,2023-11-02,true,fr|it,Family|Romance
U01354,Nicolas Garcia,19,Argentina,2025-06-26,true,de,Documentary|History|Thriller|Drama
U01355,Jordan Martinez,29,Colombia,2023-10-14,true,pt|ko,Western|Comedy
U01356,Avery Lopez,43,Colombia,2024-02-06,true,en,Fantasy|War
U01357,Sam Ramos,47,Colombia,2023-02-24,true,it|de|es,Family|Music
U01358,Mariana Sanchez,47,Canada,2023-03-08,false,it,Adventure|Animation|Mystery|War
U01359,Jose Gomez,54,Spain,2025-05-12,false,pt|ja|it,Mystery|War|Science Fiction|Horror
U01360,Elena Diaz,37,Mexico,2023-03-18,false,pt,Thriller|Crime|Adventure|Comedy
U01361,Lucia Gomez,31,Spain,2023-12-15,true,en,Action|Horror|Thriller
U01362,Valeria Ortega,46,Chile,2023-01-22,false,de,History|Mystery|Family|Animation
U01363,Lucia Vasquez,21,Argentina,2026-04-09,true,ja,Music|Drama|Science Fiction
U01364,Natalia Martinez,56,Chile,2023-12-07,false,ja|en,Adventure|Music|Science Fiction
U01365,Camila Castillo,37,Canada,2025-05-14,true,pt|es,Adventure|Thriller|Animation
U01366,Alex Martinez,41,Guatemala,2023-02-03,false,de|pt|it,Western|Fantasy|Adventure|Action
U01367,Lucia Flores,51,Brazil,2025-09-17,true,en|ja,Music|Horror|History
U01368,Natalia Vasquez,39,United States,2025-01-03,false,ja,War|Adventure|Animation
U01369,Casey Hernandez,20,Chile,2023-05-18,true,de|en,Mystery|Fantasy
U01370,Casey Perez,22,Colombia,2024-08-14,true,it|es|en,Drama|Romance|Crime|Western
U01371,Cameron Ramos,60,United States,2022-08-24,false,ko|en|ja,Science Fiction|Documentary
U01372,Nicolas Rivera,63,Brazil,2024-11-26,false,fr|pt|ja,Western|Horror|War
U01373,Gabriel Mendoza,50,Chile,2023-08-26,false,it|fr,Action|Romance
U01374,Luis Gomez,32,Argentina,2022-07-25,false,de,History|Fantasy|Comedy|Romance
U01375,Natalia Hernandez,39,Chile,2022-10-29,true,ja|de|it,Western|War|Music|Drama
U01376,Avery Gonzalez,45,Colombia,2025-10-08,false,ja|ko,Animation|Horror|Adventure
U01377,Andres Lopez,55,Argentina,2024-02-23,false,ko|de,Comedy|History|Family
U01378,Mateo Sanchez,55,Spain,2023-11-18,true,pt,Documentary|Horror
U01379,Taylor Rodriguez,21,Guatemala,2022-09-26,false,fr,Action|Crime|Romance|Family
U01380,Morgan Garcia,37,Peru,2023-01-09,true,fr,Music|Western|Animation
U01381,Sam Ortega,49,Mexico,2022-09-26,false,ja,Action|Drama
U01382,Paula Torres,59,Canada,2025-09-22,true,it|es,Animation|History|Crime|Adventure
U01383,Andres Mendoza,48,United States,2023-07-13,false,fr|pt,History|Adventure|Mystery|Romance
U01384,Elena Torres,33,United States,2023-12-03,true,pt|es,Mystery|Romance|Family|Western
U01385,Mariana Hernandez,46,Colombia,2022-06-25,true,es,Adventure|Comedy
U01386,Luis Rodriguez,59,Canada,2023-11-10,false,ja|en,Horror|Family|Thriller
U01387,Hector Perez,22,Guatemala,2024-12-05,true,pt,Adventure|Music|Documentary|Drama
U01388,Camila Ramirez,38,United States,2024-06-16,true,ja|ko|pt,Thriller|Science Fiction
U01389,Camila Flores,44,Mexico,2026-03-29,false,it,Horror|Documentary|Action
U01390,Natalia Flores,64,Colombia,2023-02-08,false,ko|fr|es,Crime|Family
U01391,Sam Lopez,48,Canada,2025-10-25,true,es,Horror|Music|Western
U01392,Riley Hernandez,20,United States,2024-02-20,false,de|ko|pt,War|Fantasy|Mystery|Science Fiction
U01393,Daniel Vasquez,47,Brazil,2022-07-11,true,es|de|ja,Horror|Action|Romance
U01394,Hector Flores,32,Brazil,2025-08-03,false,en|ja,Science Fiction|Fantasy
U01395,Lucia Ramirez,18,Spain,2022-04-19,true,de|ko,Family|Adventure|Western|Romance
U01396,Jordan Ramirez,31,Canada,2025-04-11,false,en|de|it,Romance|Action|History|Mystery
U01397,Fernanda Martinez,45,Mexico,2023-08-04,false,de|en|pt,Western|Horror|Documentary
U01398,Carla Sanchez,36,Chile,2024-12-18,false,it|es|pt,Comedy|Crime
U01399,Morgan Diaz,62,Canada,2023-06-02,true,it|ko,Documentary|Music|Comedy|Mystery
U01400,Jordan Hernandez,46,Peru,2022-12-15,true,fr|en,Family|Animation
U01401,Elena Morales,23,Peru,2024-11-18,true,pt,Comedy|Thriller|Fantasy|Mystery
U01402,Lucia Perez,39,Colombia,2025-05-01,true,fr,Action|Animation|War
U01403,Andres Rivera,30,Brazil,2022-06-11,false,ja|es|ko,Mystery|Romance|Comedy
U01404,Fernanda Ortega,59,Peru,2026-03-09,true,ko|de|fr,Family|Thriller
U01405,Natalia Garcia,59,Peru,2022-06-24,false,pt,Drama|Action|Music
U01406,Luis Lopez,48,United States,2024-01-16,false,es|it|ko,Animation|Crime|Comedy
U01407,Taylor Mendoza,24,Guatemala,2022-06-16,false,it|en,Horror|Family|History|Fantasy
U01408,Jose Hernandez,51,Peru,2026-03-06,true,ja|en,Mystery|Crime|Fantasy
U01409,Andres Torres,23,Colombia,2023-12-16,true,fr|pt,Action|Western|History
U01410,Sofia Martinez,55,Mexico,2022-10-22,true,de,Horror|Western|Comedy
U01411,Sam Ramirez,20,Chile,2024-01-08,false,it|en|de,Western|Animation|History|Science Fiction
U01412,Jordan Flores,20,United States,2023-10-14,false,en|ko|de,Adventure|Crime|Animation|Western
U01413,Lucia Morales,59,Brazil,2022-11-15,true,fr|es,Documentary|Family|Animation
U01414,Carla Lopez,61,Canada,2024-11-29,false,de|ko|en,Crime|Documentary
U01415,Paula Perez,36,Peru,2025-01-13,true,ja|es|it,Family|Adventure|Romance|Comedy
U01416,Lucia Ortega,34,Brazil,2024-07-31,false,ja,History|Fantasy|Family|Western
U01417,Alex Martinez,60,Argentina,2024-07-19,true,es,Drama|Fantasy|Crime|History
U01418,Mariana Garcia,35,Mexico,2023-07-27,true,ja|es|ko,Adventure|Animation
U01419,Carla Perez,27,Colombia,2022-11-23,true,ko,Action|Romance|Comedy|Documentary
U01420,Ricardo Rivera,58,Colombia,2024-02-05,true,de|ja,Mystery|War|Fantasy
U01421,Lucia Rivera,18,Spain,2023-05-01,false,en|fr,Family|Thriller|War|Crime
U01422,Morgan Garcia,27,Chile,2022-08-11,false,es|fr,Science Fiction|War|History|Comedy
U01423,Morgan Diaz,32,United States,2022-05-09,true,it|pt,War|Animation|Science Fiction
U01424,Mariana Ramirez,26,Guatemala,2024-12-12,true,ko,Fantasy|Documentary|Thriller
U01425,Carla Ramos,64,Peru,2024-06-06,false,fr|en|ko,Western|War
U01426,Mariana Martinez,33,Chile,2023-10-19,false,es,War|History|Mystery|Action
U01427,Gabriel Sanchez,19,Peru,2026-01-08,false,fr,War|Documentary|Thriller|Fantasy
U01428,Paula Flores,34,Chile,2022-04-13,true,it|pt|de,Drama|Documentary|Comedy
U01429,Carla Gomez,20,Peru,2026-01-11,false,de|es|fr,Music|Comedy|Mystery|Family
U01430,Andres Sanchez,24,Brazil,2025-04-05,true,en|pt|ko,Thriller|Family|Romance
U01431,Avery Diaz,53,United States,2022-07-09,true,es|en|pt,Science Fiction|Romance
U01432,Avery Perez,25,Chile,2023-07-02,false,ja,Comedy|Adventure|Fantasy
U01433,Natalia Perez,48,Chile,2022-10-19,true,de|en,Family|Comedy|Animation
U01434,Jose Lopez,50,Brazil,2025-01-07,true,es,Romance|Horror
U01435,Hector Ortega,62,Colombia,2023-10-31,true,ko|it,Romance|Music
U01436,Luis Martinez,65,Guatemala,2025-10-16,true,de,Action|Fantasy|Drama|Animation
U01437,Riley Perez,32,Brazil,2023-05-20,true,ko,History|Science Fiction
U01438,Sam Martinez,48,Spain,2023-06-03,true,es|ja|ko,History|Romance|Crime
U01439,Morgan Rivera,22,Colombia,2022-06-21,false,de,Documentary|Romance|Comedy|Adventure
U01440,Taylor Diaz,56,Canada,2023-07-24,true,fr|ja,Documentary|Fantasy|Horror|Science Fiction
U01441,Valeria Diaz,30,Spain,2023-03-29,false,de|pt|en,Science Fiction|Fantasy|Horror|Crime
U01442,Lucia Morales,65,Canada,2024-11-18,true,de,Comedy|Crime
U01443,Daniel Ramos,33,Guatemala,2024-06-27,true,fr,Crime|Adventure|Documentary|Fantasy
U01444,Avery Morales,39,Canada,2025-05-16,true,es|fr|ja,Horror|War
U01445,Camila Gonzalez,51,Colombia,2022-07-10,false,es,Thriller|Drama|Crime
U01446,Jordan Diaz,19,Guatemala,2025-10-30,true,it|ja|fr,Animation|Horror|Science Fiction|Western
U01447,Fernanda Lopez,23,Argentina,2026-01-01,false,es,Action|Western|Animation|Documentary
U01448,Gabriel Martinez,38,Spain,2024-09-26,true,pt,Music|Adventure|Action|Western
U01449,Gabriel Castillo,56,Brazil,2025-11-23,false,fr,History|Fantasy|Documentary
U01450,Emerson Ramos,42,United States,2025-03-15,true,en|fr,Crime|Documentary
U01451,Elena Diaz,33,Spain,2024-11-23,false,it,Adventure|Western
U01452,Carla Flores,25,Argentina,2022-10-09,false,ja|it,War|Fantasy|Crime
U01453,Casey Ramirez,28,Brazil,2025-02-21,false,en|fr|ja,Horror|Music
U01454,Luis Garcia,44,Brazil,2025-05-16,false,de,Adventure|Thriller|Western|Drama
U01455,Nicolas Rivera,21,Mexico,2022-05-15,false,it,War|Documentary|Crime|Adventure
U01456,Cameron Castillo,29,Canada,2022-12-21,false,it|ja|pt,War|Action|Fantasy|Horror
U01457,Andres Sanchez,33,Colombia,2025-03-02,true,es|de|fr,Mystery|Drama
U01458,Casey Gomez,33,Spain,2025-09-29,true,fr|en,History|Documentary|Western|Drama
U01459,Sofia Castillo,20,Spain,2024-09-09,false,es|de,Comedy|History
U01460,Carla Gomez,32,Peru,2023-02-25,false,ja,Music|History|Adventure
U01461,Daniel Gonzalez,44,Chile,2023-12-03,false,ja|fr,Action|Animation
U01462,Elena Ortega,35,Peru,2025-04-01,true,fr,Action|Family|Comedy|Documentary
U01463,Valeria Mendoza,36,Argentina,2026-03-08,true,en|ja,Horror|Adventure
U01464,Hector Perez,43,Argentina,2023-06-12,true,pt|ko|en,Drama|War|Fantasy
U01465,Gabriel Martinez,21,Brazil,2022-10-12,true,es|it,Science Fiction|War
U01466,Avery Ortega,20,Spain,2022-10-15,true,pt|es,Drama|Thriller|Western|Animation
U01467,Luis Rodriguez,50,Spain,2022-09-29,true,ko,War|Thriller|Horror|Drama
U01468,Alex Gonzalez,53,Colombia,2023-06-12,true,ja|en,Action|Comedy
U01469,Avery Gomez,18,Brazil,2024-02-23,true,es|pt|de,Thriller|Fantasy|History
U01470,Lucia Rivera,25,Canada,2025-09-10,false,es|ja,Crime|Adventure|Animation
U01471,Taylor Morales,55,Colombia,2023-11-30,false,ko|fr|en,Family|Mystery
U01472,Riley Gonzalez,46,Chile,2023-02-27,false,de,War|Crime
U01473,Diego Diaz,52,Spain,2022-09-15,true,it|es|ko,Fantasy|Adventure
U01474,Camila Rivera,45,Guatemala,2025-10-23,true,ja|de,Horror|Family
U01475,Taylor Hernandez,41,Spain,2024-08-31,false,de,Adventure|Drama
U01476,Natalia Mendoza,65,Argentina,2022-10-09,true,ko|en|fr,Mystery|Crime
U01477,Morgan Perez,24,United States,2023-09-13,false,fr|de|it,Music|Adventure|Romance
U01478,Mateo Morales,20,Mexico,2025-11-20,true,it|pt,Drama|War
U01479,Emerson Morales,60,Canada,2022-04-21,true,ko,Science Fiction|Drama|Horror|Crime
U01480,Mateo Garcia,60,Peru,2023-06-19,false,es,Music|Comedy
U01481,Mariana Lopez,36,Brazil,2025-09-02,true,es|ja|fr,War|Music
U01482,Hector Lopez,36,Canada,2024-10-24,false,ja|ko|pt,Documentary|Mystery|Romance
U01483,Jordan Castillo,33,Colombia,2023-12-07,false,ja|pt|it,Western|Music
U01484,Paula Martinez,24,Colombia,2023-12-04,true,de|es|ja,War|History
U01485,Emerson Hernandez,27,Spain,2024-09-07,true,en|it|de,Western|Adventure|Romance
U01486,Valeria Diaz,32,Peru,2022-06-12,false,de|it|ja,Science Fiction|Documentary|Drama|Crime
U01487,Carla Sanchez,44,Mexico,2025-03-11,true,en|fr,Western|Action
U01488,Natalia Ortega,61,Colombia,2025-09-11,false,pt|it,Horror|Action|Crime
U01489,Jose Ramirez,18,Canada,2022-10-19,false,es|ja|ko,Mystery|Western|Music|Drama
U01490,Gabriel Diaz,30,Chile,2022-10-29,false,es|fr,Crime|Drama|Horror|History
U01491,Daniel Hernandez,28,United States,2023-08-16,true,en,History|War|Fantasy|Horror
U01492,Alex Lopez,42,Canada,2026-01-07,true,es,Romance|Mystery|War|Adventure
U01493,Jordan Rodriguez,42,Canada,2026-01-08,true,es,Horror|Action
U01494,Nicolas Ramirez,29,Canada,2022-09-22,true,ja|ko,Animation|Horror|Adventure
U01495,Ricardo Ortega,35,Chile,2024-10-04,true,de|pt,Romance|Crime|Adventure|Music
U01496,Natalia Ramos,26,Spain,2024-09-29,false,ko,History|Mystery|Documentary
U01497,Jose Hernandez,64,United States,2025-08-14,false,es|pt|de,Music|Action
U01498,Hector Garcia,30,Argentina,2023-03-06,false,it|en|es,Animation|Fantasy|Action|Drama
U01499,Avery Rodriguez,47,Canada,2023-01-07,true,ja|en,Music|Documentary|Drama
U01500,Valeria Lopez,25,Argentina,2023-06-04,false,fr|en|de,Comedy|Animation
U01501,Avery Castillo,30,Argentina,2026-01-11,false,pt|de|en,Crime|Science Fiction|Thriller
U01502,Jordan Morales,43,Chile,2023-12-09,true,pt|en|es,Fantasy|Adventure|Documentary
U01503,Camila Martinez,34,Mexico,2024-09-10,false,de|pt,History|Adventure|Family
U01504,Andres Morales,18,Colombia,2022-11-18,true,fr|es|en,Science Fiction|Thriller
U01505,Natalia Ramos,52,Peru,2025-07-30,false,ja|es|it,Documentary|Comedy|Drama|Crime
U01506,Gabriel Mendoza,29,Canada,2024-09-23,false,de|en|it,Romance|Family
U01507,Mateo Lopez,61,Mexico,2024-03-04,false,ja|de,Science Fiction|Action
U01508,Andres Garcia,18,Spain,2024-07-13,true,pt,Family|Mystery|Crime
U01509,Jordan Gonzalez,61,Peru,2023-04-15,true,fr|en|de,Music|Horror
U01510,Fernanda Flores,51,Colombia,2025-04-19,true,fr|pt|en,Comedy|Fantasy|Mystery
U01511,Paula Hernandez,57,Brazil,2024-02-10,false,it|es|de,Mystery|Science Fiction|Adventure|Fantasy
U01512,Gabriel Morales,62,Argentina,2022-05-14,false,en|it,Crime|Adventure
U01513,Luis Mendoza,65,Brazil,2026-02-25,true,pt|ja,War|History|Crime
U01514,Carla Rodriguez,23,Peru,2023-11-12,true,ko,Science Fiction|War|Western
U01515,Avery Morales,46,Chile,2024-07-11,false,fr|en|it,Mystery|Thriller|Drama
U01516,Fernanda Rodriguez,27,Brazil,2025-09-19,false,ko|de|it,Science Fiction|Thriller
U01517,Elena Ramos,20,Canada,2023-02-20,false,de|ko|pt,Horror|War
U01518,Jose Castillo,19,Peru,2022-04-12,false,it,Documentary|Family|Music
U01519,Lucia Mendoza,35,Canada,2024-02-19,true,fr,Science Fiction|Adventure|Action|Horror
U01520,Fernanda Flores,26,Peru,2024-05-17,false,ja|es,Fantasy|Documentary|Mystery
U01521,Morgan Sanchez,30,Canada,2025-10-30,true,de|ja,Western|Fantasy
U01522,Diego Gomez,29,Peru,2023-03-13,false,pt|ko|de,Animation|Horror|Documentary
U01523,Morgan Ortega,50,Mexico,2023-03-28,false,pt|en|es,Family|Western|Horror
U01524,Sofia Rivera,38,United States,2022-06-02,false,pt|en|it,Thriller|War|Fantasy|Drama
U01525,Camila Ramirez,54,Mexico,2023-07-14,true,es|pt|it,Drama|History
U01526,Hector Ramos,35,Guatemala,2025-08-19,true,pt|it|es,Documentary|Adventure|Drama
U01527,Camila Rivera,38,Peru,2023-06-15,true,ko|en,History|Animation|Horror
U01528,Taylor Perez,46,Peru,2023-04-01,true,es|ko|de,Drama|Romance|Thriller
U01529,Alex Mendoza,40,Colombia,2023-10-07,false,en,Comedy|History
U01530,Lucia Mendoza,26,United States,2025-03-29,true,en|it|pt,War|Thriller
U01531,Cameron Rivera,26,Peru,2023-01-01,false,pt|de|es,War|Western
U01532,Mateo Garcia,28,Colombia,2024-02-04,false,it|fr,War|Romance|Science Fiction|Fantasy
U01533,Mariana Flores,63,Brazil,2025-02-18,false,pt|ja,Fantasy|Horror|Romance
U01534,Morgan Castillo,18,Guatemala,2022-12-30,true,en|es,Comedy|Animation|Romance
U01535,Casey Torres,38,Peru,2024-05-12,true,es,Family|Western|Animation|Comedy
U01536,Riley Lopez,29,Mexico,2024-02-03,false,ja|it|pt,Thriller|Adventure|Drama
U01537,Emerson Torres,46,United States,2025-03-10,false,de|ko,Mystery|Western|Thriller|Animation
U01538,Carla Diaz,31,Mexico,2023-02-11,true,fr|ko|ja,Action|Crime|Music|Romance
U01539,Gabriel Gonzalez,30,Brazil,2026-03-30,true,fr,Comedy|Crime|Drama|Romance
U01540,Natalia Lopez,33,Spain,2025-10-15,false,en|ko|it,Animation|Adventure|Mystery
U01541,Andres Gonzalez,43,Canada,2023-06-02,true,fr|ja|de,Western|Science Fiction|Music|Action
U01542,Jose Vasquez,65,Peru,2023-04-08,false,pt|fr,Music|Thriller
U01543,Andres Hernandez,50,United States,2024-05-26,false,es,Adventure|Horror
U01544,Natalia Morales,25,United States,2023-08-17,true,ko,Comedy|Mystery|Adventure|Fantasy
U01545,Jordan Vasquez,55,Colombia,2026-02-16,true,de|it|pt,Drama|Science Fiction
U01546,Diego Gonzalez,64,Spain,2023-03-30,false,es,Drama|Romance
U01547,Jose Ortega,59,Peru,2022-09-12,true,pt,History|Family|Crime|Comedy
U01548,Gabriel Ortega,49,United States,2025-04-21,false,ja|en,Horror|History
U01549,Avery Gonzalez,49,Brazil,2024-06-24,true,it|ko,Family|Action|Horror
U01550,Morgan Vasquez,22,Colombia,2025-08-29,true,ko,Science Fiction|Action|Documentary|History
U01551,Diego Sanchez,49,Peru,2026-01-05,true,de,Science Fiction|War|Thriller|Music
U01552,Paula Morales,26,Peru,2025-03-08,false,es,Crime|Western
U01553,Luis Garcia,53,United States,2025-05-07,false,it,Documentary|Adventure
U01554,Elena Castillo,40,Colombia,2025-02-10,true,pt|ko|it,Science Fiction|Music|Drama|War
U01555,Carla Morales,37,Argentina,2024-06-26,false,it,Adventure|Drama
U01556,Carla Rodriguez,64,Brazil,2025-06-26,true,fr|es,Horror|Comedy|Science Fiction|Adventure
U01557,Alex Hernandez,35,Canada,2025-11-17,true,de|ko,Documentary|Music|Action|Adventure
U01558,Sam Mendoza,61,Brazil,2023-05-18,false,de,Romance|Thriller
U01559,Jordan Mendoza,25,Argentina,2022-12-02,true,fr|pt|es,Mystery|Adventure
U01560,Taylor Vasquez,42,Spain,2024-07-28,true,es|en|ja,Crime|Adventure|Comedy
U01561,Casey Gonzalez,60,Canada,2022-07-05,false,pt,Adventure|Science Fiction
U01562,Hector Sanchez,42,Peru,2023-05-21,true,ja,Drama|Adventure|History|Thriller
U01563,Daniel Lopez,29,Mexico,2025-12-23,true,es|ko|fr,Science Fiction|History
U01564,Emerson Lopez,60,Peru,2025-05-28,true,en|it,Mystery|War|Crime|Science Fiction
U01565,Casey Mendoza,42,Mexico,2023-11-19,true,pt|fr|ko,Crime|Action|Drama
U01566,Gabriel Perez,32,United States,2026-01-05,true,es,Music|Crime|Thriller|Romance
U01567,Casey Ramirez,26,Argentina,2023-05-06,true,it|ja,Music|Horror|Western
U01568,Cameron Rodriguez,25,Peru,2023-02-24,true,ja,Crime|Thriller
U01569,Andres Sanchez,64,Mexico,2025-05-26,false,en|de|pt,Fantasy|Adventure|Documentary
U01570,Mateo Ortega,38,Chile,2022-05-26,true,es|fr,Family|Crime|War
U01571,Camila Lopez,57,Peru,2023-07-09,false,en,History|Adventure|Family|Action
U01572,Andres Ortega,55,Peru,2025-11-11,false,es|fr|de,Music|Romance|History
U01573,Emerson Diaz,34,United States,2023-03-30,false,fr,Fantasy|Thriller
U01574,Alex Martinez,65,Spain,2022-07-10,true,en,Adventure|Comedy|War|Action
U01575,Taylor Vasquez,18,Canada,2024-07-05,true,en|it,Animation|Thriller|Documentary
U01576,Gabriel Rivera,21,United States,2024-10-14,true,es|fr|pt,Crime|Action
U01577,Riley Castillo,63,Argentina,2022-07-06,false,ko,Science Fiction|Comedy|Family
U01578,Jordan Garcia,43,Colombia,2023-11-21,true,de|ja,War|Fantasy|Thriller
U01579,Mariana Perez,45,Spain,2022-05-31,false,pt|de,Romance|Documentary
U01580,Andres Lopez,30,Brazil,2023-06-03,false,de|pt,Western|Action
U01581,Morgan Vasquez,55,Mexico,2023-09-13,true,pt,Mystery|Romance|Crime
U01582,Camila Hernandez,45,Mexico,2026-03-13,false,ja|de,Action|Adventure|War
U01583,Diego Ortega,47,Mexico,2022-06-01,false,ko|pt,Comedy|Adventure
U01584,Sam Lopez,60,Mexico,2025-12-12,false,en|fr|es,Family|Animation|Fantasy
U01585,Gabriel Gonzalez,51,United States,2022-07-06,true,ko|de|it,War|Adventure|History
U01586,Carla Rodriguez,44,Spain,2023-05-22,true,it|en,Science Fiction|Comedy|Romance
U01587,Casey Perez,29,Peru,2024-12-29,false,it|es|ja,Adventure|Thriller|War
U01588,Morgan Perez,63,Chile,2026-02-19,true,es,History|Comedy|Science Fiction|Mystery
U01589,Natalia Diaz,47,Canada,2025-12-23,true,en|it,Action|Drama
U01590,Taylor Rodriguez,23,Argentina,2024-07-30,false,it|en|ko,Documentary|Action
U01591,Jose Mendoza,46,Guatemala,2025-06-24,false,es,War|Science Fiction|Crime|Western
U01592,Hector Castillo,26,Colombia,2022-06-12,true,it|ko,Western|Mystery
U01593,Valeria Rivera,21,Guatemala,2025-03-14,false,fr,Family|Science Fiction|Music|Western
U01594,Daniel Garcia,42,Brazil,2024-08-15,true,de,Horror|Thriller|Animation
U01595,Emerson Mendoza,35,Colombia,2024-07-14,false,ko|pt|it,Animation|Documentary
U01596,Daniel Castillo,40,Argentina,2023-02-13,true,en|it,Mystery|Thriller|Adventure
U01597,Cameron Rodriguez,53,Argentina,2025-07-13,true,ko,Comedy|Music|Romance
U01598,Andres Torres,47,Brazil,2026-01-20,false,pt|en,Western|Family|Horror|Music
U01599,Morgan Torres,33,Chile,2025-11-11,false,ja|de|it,Romance|History
U01600,Alex Ramirez,53,Peru,2024-10-24,true,fr,History|Crime|Animation|Family
U01601,Lucia Hernandez,54,Argentina,2023-03-04,false,fr|en|it,Family|Romance|Fantasy
U01602,Daniel Gomez,43,United States,2025-04-05,true,fr|ko,War|Family|Adventure|Science Fiction
U01603,Fernanda Castillo,37,Mexico,2024-10-08,true,es,Animation|Romance|Action|History
U01604,Camila Martinez,24,Argentina,2025-07-25,true,ja,Family|Music|Documentary|Romance
U01605,Andres Diaz,50,Mexico,2022-04-11,false,pt|it,Documentary|Family|Adventure
U01606,Diego Lopez,25,Brazil,2023-03-16,true,it,Fantasy|History|Thriller
U01607,Mateo Flores,54,Spain,2025-12-02,false,en|ja,Drama|History
U01608,Ricardo Rodriguez,52,Guatemala,2024-11-28,false,en|it,Thriller|Animation|Crime|Music
U01609,Valeria Morales,51,Mexico,2023-02-02,true,it|de,Fantasy|Animation
U01610,Camila Flores,60,Canada,2025-10-06,true,ja|it,Mystery|Western
U01611,Mariana Ortega,62,Mexico,2024-06-29,false,ja|it|fr,Western|Science Fiction|History|War
U01612,Diego Ortega,61,Colombia,2023-09-27,true,fr|pt|it,Adventure|Comedy|War
U01613,Ricardo Ramos,48,Mexico,2024-04-19,false,es|en,Mystery|Adventure
U01614,Jose Garcia,63,Colombia,2023-07-20,true,de|ko,Western|Mystery|Drama|Thriller
U01615,Elena Ortega,19,Brazil,2023-09-25,false,en|ko,Music|Adventure|Mystery
U01616,Gabriel Hernandez,35,Canada,2023-12-13,false,ja|pt,Fantasy|Documentary|Adventure|Crime
U01617,Mateo Ramos,37,Peru,2024-07-29,false,fr|en,Horror|Romance
U01618,Ricardo Rivera,30,Canada,2025-01-08,true,pt|es,Horror|Action|Science Fiction
U01619,Mateo Hernandez,44,Peru,2023-08-20,false,fr,Fantasy|Mystery|War
U01620,Sam Martinez,62,Spain,2024-07-01,true,en,Horror|Music|Family|Science Fiction
U01621,Ricardo Gonzalez,45,United States,2022-12-09,false,ko,Crime|History
U01622,Emerson Gomez,29,Chile,2023-01-11,true,es,Animation|Mystery|Action
U01623,Jordan Rivera,52,Guatemala,2025-02-04,true,en,Western|War|Mystery
U01624,Andres Ortega,29,Brazil,2025-03-03,false,es,Thriller|Western|Crime
U01625,Valeria Lopez,22,Colombia,2023-10-22,true,ja,Crime|Romance|Fantasy
U01626,Hector Gonzalez,39,Argentina,2022-07-29,false,ko,War|Fantasy
U01627,Sofia Ortega,50,Colombia,2024-06-09,false,fr|ko|ja,Adventure|Science Fiction|Music|Romance
U01628,Casey Martinez,35,Guatemala,2026-01-15,true,pt|ja,Family|War|Horror|Science Fiction
U01629,Jose Diaz,30,Mexico,2023-09-14,true,fr|ja,Music|History|Science Fiction
U01630,Casey Perez,43,Argentina,2023-02-20,true,es|de|ja,Science Fiction|History|Thriller|Horror
U01631,Jose Torres,61,Colombia,2025-11-22,true,ja,Documentary|Thriller|Western|Action
U01632,Natalia Ramos,20,Chile,2024-04-04,false,de|ja,Action|Adventure|Animation|History
U01633,Mariana Perez,32,Chile,2022-06-17,true,de|fr,Family|Horror|Crime
U01634,Sam Martinez,22,Spain,2025-02-28,false,it|ko,Mystery|Science Fiction
U01635,Morgan Ramirez,52,Argentina,2023-09-13,false,en|ja,Music|Fantasy|War
U01636,Mariana Rodriguez,56,Mexico,2024-12-09,true,pt|es|ko,Drama|Science Fiction|Comedy|Action
U01637,Daniel Vasquez,56,Guatemala,2025-02-02,false,fr|ja|pt,Fantasy|Mystery|Romance|History
U01638,Diego Ramos,42,Argentina,2025-07-09,true,fr|ko,Crime|Thriller|Comedy|Western
U01639,Gabriel Rodriguez,53,Argentina,2025-08-18,false,de,Mystery|Fantasy|Documentary|Crime
U01640,Morgan Castillo,19,Spain,2023-08-06,true,ko,Comedy|Crime
U01641,Natalia Ortega,28,Colombia,2023-06-15,true,de,War|Western
U01642,Sam Martinez,22,Canada,2022-05-11,false,en,Family|Documentary
U01643,Valeria Diaz,25,Guatemala,2024-05-27,true,ko|pt|de,Adventure|Action
U01644,Camila Torres,53,Chile,2023-05-03,false,de,Mystery|Animation|History
U01645,Carla Sanchez,53,Colombia,2025-11-14,true,it|de,War|Adventure
U01646,Diego Torres,47,Spain,2024-07-25,true,en,Horror|Comedy|Adventure|Action
U01647,Alex Rivera,20,Spain,2023-11-03,false,en|pt,Mystery|Science Fiction|Animation
U01648,Natalia Gomez,23,Mexico,2024-08-22,true,ja|fr|ko,Animation|Western|Action
U01649,Emerson Lopez,48,Guatemala,2024-10-12,true,it|ja|ko,Horror|Comedy|Mystery|History
U01650,Sofia Morales,64,Brazil,2023-05-14,false,fr|de|it,Romance|Drama|History
U01651,Morgan Gomez,51,Brazil,2025-09-04,true,ja|it|ko,Action|War|Family
U01652,Andres Castillo,41,United States,2026-02-05,true,ja|es,Thriller|Animation|Music|Action
U01653,Paula Vasquez,26,Spain,2024-05-22,false,es,Family|Crime
U01654,Valeria Castillo,54,Peru,2025-07-06,true,en,Documentary|Mystery|Action|Crime
U01655,Jordan Vasquez,36,Mexico,2024-04-19,true,ko|de,War|Horror|Comedy
U01656,Andres Torres,56,Brazil,2024-06-07,false,fr|ko|en,Documentary|Animation|Comedy|Fantasy
U01657,Casey Diaz,55,Mexico,2023-10-08,false,ko|fr|it,Documentary|Crime
U01658,Sam Ramirez,20,Peru,2024-04-30,false,it|fr|de,Crime|Comedy|Music
U01659,Fernanda Castillo,18,Brazil,2022-12-25,true,ko|ja,Crime|Western
U01660,Luis Garcia,28,Argentina,2022-08-18,true,en|de,Mystery|Family|Horror|Drama
U01661,Cameron Ramos,49,Canada,2023-04-09,true,es,Documentary|Horror|Fantasy|Action
U01662,Morgan Ramirez,52,Peru,2024-10-23,true,es|de,Animation|Crime
U01663,Andres Rodriguez,18,Brazil,2022-08-09,true,pt,Western|Adventure|Animation
U01664,Ricardo Vasquez,65,Peru,2022-11-20,true,en,Animation|Horror|Documentary|Drama
U01665,Camila Vasquez,45,Brazil,2022-07-29,false,es|ja,Crime|Drama|Adventure|Action
U01666,Jose Lopez,32,Colombia,2022-04-20,false,pt|ko|fr,Fantasy|Animation|History
U01667,Mateo Ortega,25,Spain,2025-05-22,true,it|fr|de,Drama|Romance|Music|Animation
U01668,Nicolas Castillo,20,Chile,2023-01-25,false,es,Drama|History|Animation
U01669,Sam Hernandez,64,Peru,2024-03-31,false,it|es,Mystery|Family|Documentary|Adventure
U01670,Cameron Castillo,45,Guatemala,2023-08-19,false,it|ko,Crime|Romance|Adventure
U01671,Valeria Perez,29,Peru,2025-07-28,true,de|it|fr,Family|Fantasy|History|Science Fiction
U01672,Lucia Torres,46,United States,2024-07-20,false,pt|en,Western|Adventure
U01673,Mariana Garcia,43,Colombia,2024-06-24,true,pt,Science Fiction|Horror|Music
U01674,Paula Gonzalez,58,Chile,2022-04-30,true,ko,Adventure|Horror|War|Western
U01675,Jose Mendoza,50,Spain,2022-11-05,true,ko,Comedy|Animation
U01676,Nicolas Lopez,28,Guatemala,2023-01-27,false,fr,History|Science Fiction|Mystery
U01677,Mariana Mendoza,18,Mexico,2024-05-09,true,es|pt|ko,Horror|Fantasy
U01678,Morgan Vasquez,38,Mexico,2024-01-13,false,en|ko,Music|Adventure|Action|Animation
U01679,Riley Gonzalez,49,Mexico,2024-03-21,false,it|en,Fantasy|Science Fiction|Horror|Action
U01680,Mariana Perez,32,Mexico,2022-12-31,true,pt|ko|en,Western|Adventure|Music
U01681,Alex Gomez,40,Colombia,2023-11-21,true,es|en|fr,Drama|History|Action|Comedy
U01682,Natalia Perez,52,Chile,2024-09-04,true,es,War|History
U01683,Avery Flores,61,Brazil,2025-09-22,false,pt,Documentary|Music|War|Mystery
U01684,Casey Garcia,54,Guatemala,2024-04-20,true,ko|it,Animation|Adventure|War
U01685,Lucia Ortega,20,Argentina,2024-09-04,false,ko|fr,Adventure|Animation|Mystery|Music
U01686,Elena Ramirez,62,Peru,2026-03-03,true,it|ko,Crime|Drama|War|History
U01687,Alex Lopez,31,Colombia,2024-06-23,false,pt|en,Science Fiction|Mystery|Documentary
U01688,Camila Lopez,29,Chile,2022-09-07,true,fr|de,Drama|Mystery|Horror
U01689,Valeria Morales,37,Peru,2023-09-14,true,fr|es|ja,Adventure|Documentary
U01690,Jordan Lopez,58,Canada,2022-06-15,false,en,Adventure|Romance|Western|Documentary
U01691,Elena Ramirez,43,United States,2023-08-21,true,ja,Crime|Comedy
U01692,Gabriel Hernandez,54,Canada,2025-09-24,false,pt|ja,History|Horror
U01693,Diego Ortega,20,Argentina,2023-04-27,true,fr|de,Documentary|Romance
U01694,Mateo Gonzalez,47,United States,2022-04-28,true,fr|en|ko,Crime|Science Fiction|Music|Documentary
U01695,Mariana Mendoza,28,Argentina,2022-12-25,true,pt,Science Fiction|Comedy
U01696,Morgan Perez,54,United States,2024-09-10,true,es|it,Documentary|Comedy|Western|Adventure
U01697,Jose Rivera,31,Canada,2025-06-12,false,ja,Romance|Comedy
U01698,Diego Morales,62,Mexico,2025-05-12,false,ko|es|pt,Horror|Science Fiction
U01699,Daniel Castillo,42,Brazil,2022-07-11,true,de|en|it,Adventure|Horror|Family|Thriller
U01700,Elena Ortega,21,Mexico,2024-12-18,true,it|ja,War|Fantasy
U01701,Morgan Ramos,52,Colombia,2023-03-09,true,de|it|fr,Adventure|Documentary
U01702,Casey Hernandez,31,Colombia,2022-08-10,true,it|pt,Animation|Fantasy|War
U01703,Jordan Diaz,58,Argentina,2024-04-17,true,en|es|ko,Drama|Action|Crime|Music
U01704,Cameron Hernandez,26,Mexico,2023-07-03,true,pt|ja,Crime|Science Fiction
U01705,Sofia Perez,44,Chile,2022-07-04,false,pt|en,War|Animation
U01706,Riley Lopez,40,Spain,2026-02-06,true,ko|de,Music|Family
U01707,Nicolas Morales,44,Mexico,2023-07-14,false,fr|it|en,Animation|Action
U01708,Emerson Gomez,19,Chile,2025-09-07,true,es,Documentary|War
U01709,Camila Morales,54,Mexico,2023-10-28,true,fr,Mystery|Western
U01710,Taylor Diaz,41,Spain,2025-01-02,false,ja|it,War|Adventure
U01711,Valeria Garcia,41,Peru,2024-06-03,true,ja,Mystery|Crime
U01712,Emerson Ortega,61,Chile,2023-11-19,true,ja|es,History|Adventure|Science Fiction
U01713,Mariana Sanchez,30,Colombia,2025-06-16,true,ja|es|de,Music|Action|History
U01714,Lucia Hernandez,31,Spain,2024-09-15,true,it,Animation|History
U01715,Hector Flores,49,Brazil,2025-12-11,true,en|it|pt,Horror|Fantasy|Crime|Adventure
U01716,Luis Mendoza,54,Spain,2024-07-23,false,es|pt|it,Family|History
U01717,Avery Perez,60,Guatemala,2025-05-31,false,fr|ko,Family|Crime|History
U01718,Daniel Sanchez,22,Mexico,2023-07-15,false,de,Fantasy|Drama
U01719,Ricardo Castillo,64,Spain,2025-01-27,false,ko|ja,Action|Music|Fantasy
U01720,Andres Flores,41,Brazil,2024-10-25,false,de|ko,Fantasy|Horror|Drama
U01721,Ricardo Ramirez,26,Mexico,2024-06-23,true,de|fr,War|Mystery|Animation
U01722,Diego Torres,37,Canada,2024-05-07,true,pt|ja|it,Western|Action
U01723,Camila Flores,46,Colombia,2023-04-25,true,ja|de|fr,Crime|Horror|Music
U01724,Ricardo Sanchez,29,Spain,2022-05-08,true,es|fr,Fantasy|Crime|Family
U01725,Hector Torres,25,Chile,2022-07-27,false,ja,Fantasy|Drama|Family|Mystery
U01726,Natalia Torres,61,Guatemala,2023-06-22,true,ko|es|en,Adventure|Science Fiction|Romance|Comedy
U01727,Daniel Martinez,41,Canada,2025-01-20,false,es,Music|Documentary|Crime|Science Fiction
U01728,Jordan Morales,45,Canada,2023-11-07,false,it|pt|es,Documentary|Drama|Music
U01729,Cameron Ramirez,59,Guatemala,2026-02-02,false,fr,Thriller|Adventure|Comedy|Family
U01730,Gabriel Flores,45,Spain,2023-02-07,false,fr|it,Science Fiction|Western
U01731,Mateo Perez,58,Peru,2023-05-15,true,en,Action|Comedy|Fantasy
U01732,Camila Vasquez,19,Colombia,2025-04-14,false,en|ko,Action|Music
U01733,Ricardo Gonzalez,30,Mexico,2022-12-29,false,ko|pt,History|Documentary
U01734,Alex Mendoza,28,Guatemala,2023-12-18,true,es|de,Comedy|Drama
U01735,Taylor Perez,19,Brazil,2024-05-24,true,fr|pt,Music|Western|Crime|Fantasy
U01736,Paula Ramos,28,Colombia,2023-08-28,false,de|es|ja,Crime|Music|War
U01737,Avery Mendoza,40,Argentina,2023-05-05,true,de|ja,Documentary|Action|History|Western
U01738,Avery Diaz,43,Mexico,2024-09-01,true,ko,War|Music
U01739,Daniel Vasquez,30,Spain,2022-07-13,true,fr,Documentary|Mystery|Thriller|War
U01740,Taylor Lopez,59,Canada,2025-01-11,true,pt,Crime|Mystery
U01741,Natalia Morales,52,Chile,2026-01-28,false,ja|pt|fr,Documentary|Animation|Thriller|Horror
U01742,Andres Perez,62,Colombia,2024-02-04,true,de,Fantasy|Crime|War
U01743,Morgan Castillo,60,Colombia,2022-05-15,true,fr|pt,Comedy|History|Fantasy|Animation
U01744,Luis Rivera,59,Guatemala,2024-07-18,false,pt|es|fr,Mystery|Documentary
U01745,Avery Ramos,49,Chile,2023-08-25,true,ja|pt,Comedy|Adventure
U01746,Camila Sanchez,27,Guatemala,2022-04-23,true,pt,Horror|Family|History
U01747,Avery Gomez,64,United States,2023-04-03,false,ja|es|it,Adventure|War|History
U01748,Lucia Rodriguez,22,Colombia,2024-01-13,true,it|ko,Fantasy|Thriller|Adventure|Documentary
U01749,Sofia Rodriguez,35,Guatemala,2024-09-03,true,pt|fr|de,Fantasy|Animation|War|History
U01750,Paula Gomez,21,United States,2025-08-06,true,ko|fr|es,Horror|Science Fiction
U01751,Gabriel Hernandez,59,United States,2022-05-18,true,en|ko|it,Documentary|Romance|Western
U01752,Casey Rodriguez,47,Canada,2023-02-11,false,ja|it|de,Animation|Drama|Family
U01753,Lucia Garcia,32,Mexico,2025-06-13,true,ko|de,Thriller|Drama|Animation|Western
U01754,Casey Vasquez,44,Peru,2025-12-06,true,ko|pt|it,Action|Science Fiction|Horror
U01755,Camila Perez,39,Chile,2025-10-24,true,ja,History|Drama|Comedy|Western
U01756,Alex Castillo,28,Mexico,2026-01-16,true,en,Horror|Documentary|Family|Adventure
U01757,Sofia Lopez,48,Guatemala,2024-03-25,true,ko|ja|fr,Mystery|Fantasy|History
U01758,Alex Hernandez,37,Brazil,2024-08-19,false,ja|de|ko,Science Fiction|Mystery|History|Crime
U01759,Paula Vasquez,62,Guatemala,2024-01-04,false,pt|de,Romance|Drama
U01760,Ricardo Flores,32,United States,2022-06-17,true,pt|ko,Romance|Family
U01761,Sam Ortega,58,Brazil,2024-06-09,false,es|en,Romance|Documentary|Science Fiction
U01762,Casey Ortega,55,United States,2026-03-06,true,pt,Family|Horror|Drama
U01763,Morgan Rivera,44,Argentina,2024-03-27,false,ko,Documentary|War
U01764,Emerson Sanchez,44,Spain,2022-09-18,true,ja|fr|ko,History|War|Horror
U01765,Emerson Flores,57,Mexico,2023-09-29,false,it,Family|History|Fantasy
U01766,Paula Mendoza,32,Brazil,2025-07-30,false,ko|fr,Family|Fantasy
U01767,Natalia Diaz,21,Brazil,2023-10-03,false,de,War|Documentary
U01768,Elena Diaz,24,Guatemala,2022-12-29,false,fr,Thriller|Drama|Fantasy|Adventure
U01769,Casey Garcia,38,Chile,2026-02-24,false,ko,Comedy|Thriller
U01770,Riley Torres,20,Argentina,2025-10-22,true,fr|ja|es,Romance|Music|Horror|Family
U01771,Sam Torres,64,Brazil,2023-11-01,true,fr,Romance|History|Mystery|Science Fiction
U01772,Paula Garcia,31,United States,2022-06-06,false,es,Music|Comedy
U01773,Ricardo Gomez,53,Spain,2024-04-09,true,ko|en,Mystery|Drama|Horror|History
U01774,Hector Ortega,30,Chile,2025-09-10,false,pt|it|fr,Animation|Fantasy
U01775,Lucia Gomez,36,Colombia,2023-07-08,true,pt|en|es,Animation|Family
U01776,Camila Diaz,29,Chile,2023-02-27,false,ko|fr,Crime|Adventure|Family|Comedy
U01777,Riley Martinez,19,Guatemala,2022-05-19,false,ja|ko|it,Family|Science Fiction|Romance
U01778,Mariana Hernandez,49,United States,2025-06-19,false,es|pt|ja,Mystery|Adventure|Crime
U01779,Jordan Vasquez,21,Colombia,2023-10-02,true,pt,Adventure|History
U01780,Daniel Rivera,29,United States,2022-07-16,false,ja|fr,Documentary|Fantasy
U01781,Luis Gonzalez,18,Colombia,2023-05-23,true,de,Crime|War
U01782,Casey Flores,19,Argentina,2024-07-10,true,de,Comedy|Drama|War|Science Fiction
U01783,Cameron Diaz,18,United States,2024-11-25,false,pt|ja,Animation|Comedy|Romance
U01784,Casey Ramos,59,Peru,2025-09-10,true,en|es|fr,Music|Horror|Family|Science Fiction
U01785,Sam Rodriguez,19,Argentina,2023-03-31,false,fr|es,Western|Fantasy
U01786,Mariana Hernandez,55,Guatemala,2022-07-15,true,es|ja,Western|History
U01787,Valeria Gonzalez,64,Spain,2023-03-11,false,en|de,Crime|History|Adventure|Science Fiction
U01788,Jose Morales,57,Brazil,2024-11-13,true,ja|en,Comedy|Thriller|War|Documentary
U01789,Hector Ramirez,58,Colombia,2022-07-22,false,ko,Music|Family|Science Fiction
U01790,Elena Rodriguez,52,Chile,2023-04-14,false,pt|de|ja,Horror|Adventure
U01791,Hector Castillo,22,Colombia,2023-02-06,true,de|ko|it,Thriller|Family
U01792,Casey Rodriguez,62,Peru,2022-10-04,false,en|es,Comedy|War
U01793,Gabriel Mendoza,20,Argentina,2022-07-22,true,it|pt,Animation|Science Fiction|Adventure|Romance
U01794,Sofia Martinez,24,Colombia,2025-07-27,true,es|de,Fantasy|Music|Documentary|History
U01795,Casey Ramos,19,Peru,2024-06-13,false,fr|es,Fantasy|Family|War|Western
U01796,Casey Hernandez,42,Argentina,2022-11-28,true,it|ko|pt,Documentary|Mystery|Horror
U01797,Luis Lopez,19,Chile,2026-02-26,false,ko|ja,Drama|Western|History|Crime
U01798,Elena Mendoza,18,Peru,2025-07-12,false,fr,Action|Fantasy|Science Fiction
U01799,Fernanda Castillo,57,Colombia,2026-02-10,false,ko|de|fr,Animation|Horror|Drama
U01800,Mateo Perez,49,United States,2023-03-04,false,ko,Horror|Romance|Family|Crime
U01801,Gabriel Gonzalez,40,Canada,2023-03-04,true,ja,Crime|Action|Romance
U01802,Casey Mendoza,25,Mexico,2023-01-10,false,it,Music|Documentary
U01803,Hector Diaz,45,Argentina,2023-07-02,false,ja|es,Crime|Horror
U01804,Jose Hernandez,42,Mexico,2025-11-23,false,ja,Documentary|History|Western
U01805,Jose Ramirez,32,Canada,2025-10-08,true,es,Action|Horror|Comedy|Thriller
U01806,Sam Ramirez,24,Colombia,2025-06-29,true,es|ko|ja,Family|Documentary|Animation|Romance
U01807,Sofia Torres,49,Spain,2025-02-21,false,ja|it,Comedy|Music|Crime|Romance
U01808,Natalia Lopez,37,Colombia,2022-11-09,true,en|de|fr,Comedy|War|Horror|Crime
U01809,Sam Gomez,51,Peru,2023-04-09,false,ko|es|fr,War|Thriller|Science Fiction|Horror
U01810,Carla Gomez,60,Colombia,2023-11-09,true,fr|es|ko,History|Comedy|Romance
U01811,Nicolas Hernandez,19,Chile,2024-09-20,true,fr,Documentary|Animation
U01812,Sam Torres,62,Mexico,2023-03-11,true,ko|it|ja,Fantasy|Drama|Comedy|Crime
U01813,Andres Mendoza,50,Argentina,2024-10-11,true,es|pt|ko,Romance|Fantasy
U01814,Luis Morales,65,Colombia,2022-05-21,true,ja|en,Family|Romance
U01815,Sam Lopez,30,Mexico,2024-03-23,true,ja,Documentary|Horror
U01816,Diego Garcia,18,Peru,2024-02-08,true,de|it|pt,Fantasy|Family
U01817,Hector Diaz,62,Spain,2025-09-23,true,ja|it,Adventure|Western
U01818,Camila Vasquez,57,Spain,2024-09-20,true,de|ja|it,Family|Documentary
U01819,Riley Ramos,29,Spain,2024-07-23,false,ja,Animation|War|Horror|Thriller
U01820,Taylor Sanchez,60,Canada,2024-09-15,true,fr,History|Comedy|Action|Adventure
U01821,Riley Sanchez,47,Brazil,2025-09-08,true,de|fr|es,Comedy|War
U01822,Elena Ramos,20,Spain,2024-02-06,false,es|pt,Action|Mystery|Thriller|Family
U01823,Camila Ortega,33,Mexico,2023-03-19,true,it,Western|War
U01824,Valeria Mendoza,52,Argentina,2024-10-07,false,ja|it,Comedy|Science Fiction|Western
U01825,Sofia Ramos,42,Colombia,2023-04-10,false,ja|it,Action|Crime|Mystery|Drama
U01826,Paula Martinez,32,Brazil,2023-01-19,false,fr|ko|ja,Science Fiction|Drama|History
U01827,Jose Diaz,46,Chile,2025-10-18,false,en,Action|Science Fiction|History|War
U01828,Casey Mendoza,53,Guatemala,2024-08-01,false,ja|de|en,History|Animation|Science Fiction
U01829,Emerson Ramos,56,Canada,2023-09-15,false,de,Music|History|Mystery|Crime
U01830,Taylor Diaz,64,Brazil,2024-11-12,true,pt|es|de,History|Science Fiction
U01831,Lucia Torres,60,Canada,2025-07-20,false,fr,Action|Fantasy|History|Documentary
U01832,Natalia Lopez,26,United States,2024-02-09,true,ja,Comedy|Adventure
U01833,Lucia Gomez,24,Argentina,2023-11-25,true,it|fr|ko,Adventure|Action|Documentary|Crime
U01834,Daniel Morales,56,United States,2025-06-27,false,de|it,Drama|Adventure|Horror|Family
U01835,Camila Martinez,41,Guatemala,2025-05-18,true,ko,Romance|Family|Action
U01836,Alex Perez,19,Peru,2022-07-14,false,pt|ko|es,Music|Mystery|War|Adventure
U01837,Emerson Martinez,21,Canada,2025-05-27,false,ko|it,Drama|Science Fiction|History
U01838,Hector Lopez,59,Guatemala,2025-12-09,true,ja,War|Thriller
U01839,Taylor Perez,34,Colombia,2024-09-02,true,it|fr,Comedy|Adventure|Family
U01840,Lucia Ramos,20,Spain,2023-10-24,true,fr|ko,Horror|Romance|Mystery|War
U01841,Gabriel Hernandez,45,Colombia,2022-12-06,true,pt,Music|Romance|Thriller
U01842,Ricardo Gonzalez,34,United States,2022-12-22,false,it|de|en,Action|Horror|Family|Comedy
U01843,Andres Gomez,38,Colombia,2023-12-23,true,ja,History|Horror|Music|Western
U01844,Ricardo Sanchez,36,Peru,2025-04-09,false,es|ko,Horror|Action
U01845,Riley Martinez,23,Mexico,2023-03-17,false,fr,Adventure|Action|Family|Drama
U01846,Avery Hernandez,40,Canada,2025-10-29,false,de|it,Thriller|Documentary|Romance
U01847,Mariana Flores,26,Peru,2025-05-19,true,pt,Documentary|Western|History
U01848,Lucia Martinez,39,Guatemala,2025-02-02,true,es|en,Thriller|Music|Animation
U01849,Sofia Torres,48,Argentina,2025-08-20,false,it|fr,Fantasy|Science Fiction
U01850,Carla Perez,25,Peru,2024-04-10,false,it|en|de,History|Science Fiction
U01851,Mariana Ortega,32,United States,2024-11-06,true,de|en|fr,Fantasy|History
U01852,Avery Perez,33,Canada,2022-12-22,true,de,Drama|Romance|Animation|War
U01853,Mateo Garcia,52,United States,2025-02-24,true,fr|de,War|Documentary|Animation
U01854,Alex Torres,46,Chile,2025-05-21,false,fr|en,Documentary|Horror|Animation
U01855,Diego Perez,61,United States,2024-02-10,true,es|fr|de,Family|Thriller|Adventure|War
U01856,Emerson Ramirez,43,Brazil,2024-05-31,true,ja|es|it,Animation|Thriller|Science Fiction
U01857,Emerson Sanchez,21,Brazil,2023-06-14,true,ja|fr|ko,Crime|Fantasy|Mystery
U01858,Mariana Garcia,19,Canada,2022-11-26,true,de|it,Western|Horror
U01859,Camila Flores,59,Chile,2023-03-12,false,it|fr|es,Animation|Romance
U01860,Cameron Castillo,49,Peru,2025-03-04,false,pt,Science Fiction|Music|Western
U01861,Fernanda Castillo,65,Brazil,2022-12-25,false,ko,Comedy|Adventure|Documentary|Animation
U01862,Luis Morales,46,Mexico,2025-09-09,false,de|pt|it,Animation|Crime|History|Fantasy
U01863,Alex Flores,31,Spain,2025-07-13,false,it,History|Fantasy|Horror|Mystery
U01864,Fernanda Gonzalez,58,Guatemala,2025-03-17,true,de,War|Comedy|Animation
U01865,Elena Castillo,52,Mexico,2024-03-10,false,de|it|ko,Western|Comedy|Animation
U01866,Hector Flores,47,Brazil,2025-07-04,true,ko,Action|Documentary
U01867,Sofia Flores,60,Peru,2023-02-07,true,es|pt,Romance|Western|Drama|Comedy
U01868,Fernanda Vasquez,65,Mexico,2022-05-05,true,en|pt,Horror|Drama|Crime|Western
U01869,Paula Sanchez,48,Chile,2025-07-21,true,fr|ja|it,Action|Family
U01870,Carla Flores,62,Canada,2024-03-26,false,en,Family|Romance
U01871,Camila Morales,37,Argentina,2022-11-03,false,fr,Comedy|Adventure|History|Documentary
U01872,Riley Gomez,46,Mexico,2022-08-31,true,ja|es,War|Thriller|Drama
U01873,Mariana Rivera,63,Guatemala,2025-02-17,false,en,Mystery|Family|Drama|Documentary
U01874,Daniel Flores,59,Peru,2024-09-08,false,de|en,Music|History
U01875,Camila Gomez,42,Chile,2023-08-14,true,es,Thriller|Documentary|Music|War
U01876,Lucia Mendoza,19,Colombia,2022-07-07,false,fr|de,Crime|War|Family|Thriller
U01877,Fernanda Gomez,23,Spain,2024-07-28,false,fr|it,Horror|Family
U01878,Cameron Rodriguez,38,Argentina,2026-03-24,false,ko,Romance|Animation|Adventure|Science Fiction
U01879,Daniel Torres,60,Canada,2024-07-27,true,de,Adventure|Music|Comedy
U01880,Casey Ramos,45,Colombia,2023-06-23,true,ja|es,Fantasy|Crime
U01881,Cameron Ramirez,19,Brazil,2026-01-25,false,pt|ja|es,Science Fiction|Comedy|Family
U01882,Paula Garcia,52,Chile,2024-08-14,false,fr|es|it,Mystery|Fantasy|Action
U01883,Fernanda Ramirez,25,United States,2024-01-26,false,ko|es|de,Comedy|Family|Horror
U01884,Natalia Perez,64,Guatemala,2022-05-24,true,it|ja,Romance|Comedy|War|Mystery
U01885,Emerson Perez,65,Peru,2025-08-02,true,ko|de|pt,War|Animation|Thriller|Comedy
U01886,Luis Sanchez,24,Argentina,2023-06-24,true,it,History|Thriller|Science Fiction
U01887,Nicolas Lopez,52,Colombia,2025-10-07,false,ja|en|es,Music|Drama
U01888,Casey Rivera,32,Mexico,2023-10-04,true,fr,Adventure|Fantasy
U01889,Luis Rivera,21,United States,2024-10-19,false,es|en,Crime|Action|Fantasy
U01890,Taylor Ortega,21,Brazil,2023-06-25,false,es,Fantasy|Music
U01891,Mariana Mendoza,55,Canada,2024-01-04,false,ko|en,Crime|Western
U01892,Casey Gomez,37,Colombia,2023-09-16,true,es|de,Romance|Drama|Documentary|Animation
U01893,Emerson Lopez,20,Argentina,2023-10-05,false,en,Drama|Documentary|Romance|Adventure
U01894,Lucia Castillo,18,Colombia,2024-09-10,false,ko,Mystery|Drama
U01895,Valeria Gonzalez,43,Spain,2022-08-03,true,pt|ja|es,Adventure|Western
U01896,Jordan Ortega,47,United States,2024-04-18,false,pt,Romance|Action
U01897,Alex Garcia,31,Brazil,2022-10-24,false,en|ko|de,Family|Crime|Horror
U01898,Jordan Perez,52,Spain,2022-06-20,true,de,Science Fiction|Documentary|War|Adventure
U01899,Luis Castillo,25,Guatemala,2024-12-03,false,fr,Mystery|Thriller
U01900,Diego Ramirez,48,Guatemala,2024-07-23,false,fr|it|en,Thriller|Comedy
U01901,Cameron Torres,26,Colombia,2023-08-25,false,it|ja,Adventure|Crime|Family
U01902,Casey Rodriguez,55,Chile,2025-11-27,true,de,Action|Crime|Horror
U01903,Casey Lopez,57,Guatemala,2025-07-18,true,ja,History|Science Fiction|Thriller
U01904,Jose Gonzalez,44,Mexico,2024-08-19,false,ko,Music|Horror|Comedy|Thriller
U01905,Nicolas Torres,52,Peru,2025-05-26,true,pt|it,Crime|Fantasy
U01906,Lucia Garcia,45,Canada,2023-01-05,false,es|ko,Comedy|Western
U01907,Fernanda Torres,31,United States,2025-09-04,false,ja|es,Romance|Fantasy|Thriller|War
U01908,Sam Lopez,46,Canada,2025-01-29,true,de,Fantasy|History|Science Fiction|Crime
U01909,Paula Martinez,37,Guatemala,2025-06-25,true,fr|en|de,Thriller|History
U01910,Lucia Ortega,32,Chile,2025-03-29,false,pt,Mystery|Crime
U01911,Elena Diaz,54,Canada,2023-10-16,false,de,Adventure|War|Documentary
U01912,Diego Ramirez,28,Argentina,2024-09-11,false,es,Crime|Action
U01913,Jose Hernandez,21,Guatemala,2022-05-10,true,en,Horror|Action|Drama
U01914,Daniel Castillo,25,Brazil,2024-05-21,true,de|it,History|Mystery
U01915,Alex Castillo,55,Mexico,2025-03-13,false,en|ko,Animation|Comedy|Fantasy|Adventure
U01916,Paula Hernandez,63,Brazil,2023-08-05,true,ko|pt,Thriller|Drama
U01917,Lucia Lopez,42,Argentina,2025-04-24,true,ja|de|fr,Horror|History|Animation|Romance
U01918,Sam Lopez,64,Argentina,2025-08-15,false,es|en,War|Fantasy|Family|Comedy
U01919,Jordan Martinez,39,Canada,2025-03-17,true,pt|ko|fr,Horror|Animation
U01920,Fernanda Ortega,18,Mexico,2024-01-03,false,it|ja|pt,Action|Drama
U01921,Riley Flores,54,Brazil,2023-08-13,false,pt|de,Romance|Western|Action
U01922,Emerson Ortega,24,Guatemala,2026-03-22,true,en,Mystery|Romance|Science Fiction
U01923,Cameron Lopez,50,United States,2023-01-21,false,de,Western|Animation|Crime|Science Fiction
U01924,Alex Hernandez,34,Peru,2024-06-19,true,es|de,Adventure|War
U01925,Valeria Sanchez,47,Guatemala,2024-04-14,true,pt,Drama|Romance|History|Animation
U01926,Emerson Rodriguez,22,Colombia,2023-03-03,false,es|pt|de,Comedy|Crime|Horror|Adventure
U01927,Sofia Ortega,56,Colombia,2022-05-17,true,ko,Mystery|Comedy|Adventure
U01928,Sam Ramirez,51,Colombia,2024-08-31,false,de,Action|Adventure|Animation
U01929,Jordan Lopez,23,Colombia,2022-10-11,true,ja|en|fr,Documentary|Drama|Crime|History
U01930,Carla Ramirez,38,Argentina,2025-04-05,false,ja|ko,Music|Action|Thriller|Western
U01931,Emerson Gomez,58,Chile,2022-07-14,false,de|ja,Documentary|Crime|Science Fiction
U01932,Camila Lopez,65,Argentina,2022-11-16,false,ko|pt,Animation|Horror|Family|Action
U01933,Andres Hernandez,44,Canada,2023-09-24,true,ko,Music|Romance
U01934,Morgan Flores,43,Spain,2022-11-04,false,en|it,Crime|Science Fiction|Documentary|Drama
U01935,Hector Rivera,44,Canada,2026-03-12,false,ko,Crime|Western|Fantasy
U01936,Elena Ramirez,58,Argentina,2025-10-09,false,fr|it|en,Thriller|Science Fiction|Animation
U01937,Alex Garcia,26,Argentina,2024-08-03,false,ko|fr|es,War|History
U01938,Ricardo Ramirez,25,Colombia,2023-06-14,true,ja|it|es,Adventure|History|Romance
U01939,Diego Diaz,60,Chile,2023-09-10,false,fr|en|de,Music|Documentary|Western|Crime
U01940,Carla Rodriguez,47,Argentina,2022-12-20,true,es|it|ko,Thriller|Drama
U01941,Ricardo Diaz,51,Canada,2023-08-02,false,fr|pt|en,Family|Horror|History
U01942,Paula Diaz,24,Mexico,2025-04-14,true,en|fr,Mystery|Western
U01943,Morgan Rodriguez,33,Guatemala,2023-03-06,true,fr,History|Drama|Fantasy
U01944,Mariana Gomez,27,Mexico,2022-07-24,false,ko,War|Romance|Action
U01945,Sam Garcia,53,Brazil,2023-05-30,true,ko,Adventure|Drama
U01946,Jordan Rodriguez,25,Argentina,2023-10-28,true,ko|ja,Action|Drama
U01947,Fernanda Ramos,27,Peru,2022-10-30,true,es|pt|de,Science Fiction|Romance|Adventure|Mystery
U01948,Luis Castillo,18,Mexico,2023-09-22,true,pt|ja|fr,History|Science Fiction
U01949,Riley Vasquez,19,United States,2024-03-08,true,es,Horror|War
U01950,Daniel Castillo,56,Guatemala,2026-01-24,true,ko,War|Action|Thriller
U01951,Valeria Martinez,48,Colombia,2024-08-08,true,es|ja|it,Romance|Action
U01952,Natalia Perez,49,Peru,2026-01-26,true,de,Mystery|Fantasy|Thriller|Family
U01953,Sam Vasquez,64,Canada,2024-08-16,false,en|pt,Comedy|Action|Documentary|Mystery
U01954,Gabriel Rivera,26,Argentina,2024-11-19,false,it|es,Adventure|Action|Documentary|Horror
U01955,Morgan Gonzalez,34,Spain,2022-12-15,false,pt|ja|de,Adventure|Mystery|War
U01956,Alex Gomez,41,Colombia,2024-10-03,true,es|ko|it,Music|Animation|Romance|History
U01957,Diego Garcia,48,Guatemala,2022-12-03,true,en,History|Crime|Mystery
U01958,Riley Rivera,57,Canada,2022-07-15,true,es,War|Fantasy|Documentary|Crime
U01959,Paula Hernandez,37,Mexico,2023-11-22,false,en,History|War|Animation|Comedy
U01960,Nicolas Rodriguez,22,Spain,2022-05-12,false,pt,Family|Adventure|Crime
U01961,Luis Rivera,32,Chile,2025-05-11,true,pt,History|Mystery|Family
U01962,Jordan Lopez,27,United States,2024-02-07,false,ja|fr,Comedy|Fantasy
U01963,Ricardo Martinez,22,United States,2024-01-26,false,es|ko|it,Family|Horror|War
U01964,Diego Martinez,34,Colombia,2023-01-10,false,es|fr|ja,Music|Thriller
U01965,Ricardo Garcia,36,Chile,2026-01-15,false,en|es,Science Fiction|Documentary|Family|Music
U01966,Fernanda Rivera,22,United States,2023-11-05,true,pt,Science Fiction|Western|Crime
U01967,Alex Vasquez,42,Chile,2023-06-01,false,pt,War|Science Fiction
U01968,Daniel Sanchez,51,Guatemala,2024-12-21,true,it|es,Adventure|Drama|Comedy|Family
U01969,Natalia Vasquez,29,Spain,2023-12-09,true,ko|pt,History|War
U01970,Morgan Ortega,29,Canada,2023-03-30,false,ko,Fantasy|Mystery|War
U01971,Sam Vasquez,31,Colombia,2024-08-11,false,ja|pt,Fantasy|Crime|Action
U01972,Jordan Perez,26,Peru,2024-03-03,true,ja|pt,Western|Mystery
U01973,Riley Castillo,51,Canada,2024-09-10,false,en|ja|fr,War|Thriller|Adventure|Drama
U01974,Paula Sanchez,18,Peru,2023-04-07,true,it,Horror|Music
U01975,Jose Castillo,38,Brazil,2025-08-29,false,ja|pt|en,Thriller|Drama
U01976,Mateo Ramirez,48,Canada,2022-04-29,false,en|pt,Drama|Horror|Romance
U01977,Andres Flores,34,Colombia,2024-03-16,true,en|es|it,Documentary|Romance|Animation
U01978,Andres Perez,29,Colombia,2024-07-13,false,fr,Crime|Science Fiction|Drama|Animation
U01979,Taylor Martinez,45,Colombia,2022-09-11,true,es|de|en,Music|Thriller|Romance
U01980,Fernanda Torres,53,Argentina,2023-02-27,true,ja|it,Western|Music|Comedy|Crime
U01981,Sofia Gonzalez,29,Spain,2022-11-09,true,en,Action|Drama|Documentary
U01982,Taylor Ramirez,45,Canada,2023-04-23,true,en,Mystery|Fantasy|Thriller|Romance
U01983,Ricardo Rodriguez,20,Peru,2024-10-19,true,de|ko,Action|Drama|Animation
U01984,Sam Torres,34,Chile,2025-07-18,false,ko|es,Drama|Documentary
U01985,Paula Sanchez,18,Canada,2022-11-28,true,de|it,Documentary|Fantasy|Science Fiction
U01986,Paula Garcia,62,Brazil,2024-07-03,true,pt|en,Fantasy|Adventure|Documentary
U01987,Luis Mendoza,23,Colombia,2023-07-15,true,fr|it,Science Fiction|Documentary
U01988,Camila Gomez,45,Spain,2023-07-10,false,fr,Adventure|History|Romance
U01989,Lucia Flores,34,Brazil,2023-03-28,false,ko,Documentary|History|Music
U01990,Alex Vasquez,65,United States,2022-04-12,false,ja,Western|Romance|History|War
U01991,Fernanda Diaz,56,Guatemala,2022-05-25,true,es|it|ko,Adventure|Action
U01992,Morgan Rodriguez,32,Colombia,2024-05-10,true,en|it,Family|Adventure|Fantasy
U01993,Sofia Perez,40,Mexico,2023-08-30,true,de,Documentary|Action
U01994,Casey Rivera,39,Guatemala,2025-12-06,true,de|fr|ja,Music|Adventure|Comedy
U01995,Ricardo Gomez,30,Colombia,2025-07-13,false,de,Western|History|Drama|War
U01996,Ricardo Sanchez,40,Brazil,2024-06-26,true,en,Romance|Crime
U01997,Taylor Hernandez,56,Spain,2023-10-14,false,pt|ja,Animation|Documentary|Adventure
U01998,Hector Mendoza,43,Argentina,2025-08-24,true,ko,Crime|Adventure|Comedy|Animation
U01999,Andres Vasquez,29,Brazil,2024-01-03,false,ja,Music|Fantasy|Documentary|Adventure
U02000,Carla Rodriguez,29,Spain,2025-06-13,false,es|it|ko,Science Fiction|Horror
U02001,Jordan Sanchez,35,United States,2022-11-01,false,ja,Music|Family|Mystery
U02002,Casey Castillo,57,Spain,2025-10-21,true,en,Fantasy|Mystery|Comedy
U02003,Valeria Sanchez,21,Argentina,2022-06-04,true,fr|ko,Documentary|Fantasy
U02004,Mariana Martinez,24,Chile,2022-08-17,true,pt,Family|Horror|Music
U02005,Luis Hernandez,49,Brazil,2022-11-02,false,ko,Comedy|History|Family|Horror
U02006,Carla Hernandez,23,Canada,2023-09-27,true,fr,Crime|Music|Fantasy
U02007,Mariana Ramirez,52,United States,2025-10-18,false,it,Horror|Comedy|Documentary|Music
U02008,Sam Diaz,55,Brazil,2025-01-14,false,fr,Mystery|Drama|War|Science Fiction
U02009,Sofia Martinez,21,Canada,2024-04-13,false,it|de|fr,Adventure|Documentary|Horror|Family
U02010,Carla Castillo,62,Spain,2024-04-15,false,fr|ja|ko,War|Western|Drama|Romance
U02011,Casey Gomez,60,Brazil,2023-03-29,true,ko|es,War|Fantasy
U02012,Sofia Torres,28,Colombia,2023-06-28,true,ja|es|it,Horror|Music|Animation|Mystery
U02013,Ricardo Rivera,37,United States,2022-04-28,true,ja|es,Western|Documentary
U02014,Daniel Diaz,33,Chile,2023-05-02,true,fr,Fantasy|Documentary|Action|Adventure
U02015,Emerson Ortega,62,United States,2025-06-28,true,ja|de|es,Action|Western
U02016,Casey Diaz,45,Argentina,2024-07-05,true,pt,Fantasy|Horror
U02017,Jordan Ramos,65,Mexico,2023-11-15,true,en,Adventure|Action|Family|History
U02018,Avery Rivera,55,Argentina,2023-05-27,false,es|en,Documentary|Crime|Western|War
U02019,Ricardo Lopez,60,Guatemala,2026-03-04,false,fr|de|ja,Romance|Action
U02020,Lucia Ramirez,26,Spain,2024-07-08,false,ja|ko,Romance|Adventure
U02021,Riley Castillo,29,Argentina,2026-04-10,false,ko,Action|Western|Horror
U02022,Mateo Rodriguez,44,Mexico,2024-10-07,true,de,Crime|Family|Comedy
U02023,Carla Mendoza,63,Mexico,2023-09-23,false,de,Animation|Romance|History
U02024,Sofia Ramirez,48,Spain,2023-11-21,false,ko,Drama|Science Fiction
U02025,Andres Diaz,35,Spain,2022-06-14,true,en,Drama|Fantasy|History
U02026,Andres Flores,49,Brazil,2024-03-07,true,es,War|Science Fiction
U02027,Morgan Torres,37,Chile,2026-03-09,false,de|ko,Adventure|Documentary
U02028,Jordan Ramos,30,Canada,2023-03-21,false,pt|ja,Fantasy|Music
U02029,Paula Ramirez,32,Spain,2024-10-15,true,pt|ko,Action|Documentary|Music|Romance
U02030,Mateo Morales,51,Spain,2025-06-16,false,de,Fantasy|Science Fiction
U02031,Jordan Lopez,35,Colombia,2022-04-17,true,ko|pt,Horror|Family|Western|Thriller
U02032,Lucia Ramirez,61,Spain,2023-08-04,true,es|fr,Action|Adventure|Family
U02033,Emerson Ramos,31,United States,2025-11-27,true,it|fr,Romance|Comedy|History|War
U02034,Lucia Gomez,61,Spain,2022-09-26,true,ko|es,Science Fiction|Music|Romance|Crime
U02035,Lucia Morales,46,United States,2022-08-26,true,en|ko|es,History|Animation|Music
U02036,Paula Martinez,36,Argentina,2022-05-03,false,ja|en,History|Horror|Adventure|Music
U02037,Mateo Diaz,55,Canada,2022-06-18,true,it|de,Adventure|Family|War
U02038,Riley Lopez,25,Canada,2024-06-30,true,ko|pt,Science Fiction|Drama|Action
U02039,Morgan Gonzalez,46,Canada,2024-08-19,false,en|ja|it,Thriller|Fantasy|Animation
U02040,Diego Perez,31,Chile,2025-02-02,true,ja,Adventure|Mystery|Thriller
U02041,Mariana Castillo,38,Guatemala,2026-03-01,false,pt|ja|ko,War|Thriller|Mystery|Action
U02042,Paula Hernandez,62,Mexico,2023-01-20,false,ja|ko,Science Fiction|Adventure
U02043,Jose Vasquez,43,Colombia,2022-06-10,true,es,Mystery|Drama|Documentary
U02044,Andres Perez,53,Colombia,2025-07-12,false,fr|de|en,Documentary|War|Animation|Horror
U02045,Mariana Flores,45,Chile,2023-06-02,false,en|it,Science Fiction|Animation
U02046,Morgan Gomez,33,Peru,2025-07-26,false,de|en|pt,Documentary|Action|Drama
U02047,Jose Mendoza,19,Spain,2026-02-26,true,ja|de,Comedy|History
U02048,Jordan Mendoza,32,Canada,2024-03-07,false,fr|ko,Science Fiction|Drama|Action|Documentary
U02049,Jose Sanchez,50,Guatemala,2022-07-31,false,es|de|ja,Crime|Animation|Science Fiction|Music
U02050,Carla Gomez,59,Chile,2025-11-13,true,en|ko|de,Family|Comedy|Horror
U02051,Natalia Castillo,48,Guatemala,2022-10-18,true,es,Action|Drama|Science Fiction
U02052,Mateo Torres,22,United States,2022-07-07,true,en|it|pt,Adventure|Drama|Action
U02053,Lucia Hernandez,51,Peru,2025-03-28,true,it|ja|fr,Romance|Documentary
U02054,Jose Lopez,59,United States,2024-11-03,false,pt|it|es,War|Western
U02055,Jordan Rodriguez,28,United States,2024-08-16,false,ja|ko|en,Action|Romance|Comedy|Music
U02056,Lucia Hernandez,57,Mexico,2022-05-12,false,de,Adventure|War|Crime|Romance
U02057,Sam Gonzalez,56,Spain,2024-08-20,true,de|fr,Fantasy|Western
U02058,Carla Ramirez,60,Colombia,2024-02-24,false,it,Thriller|Action|Animation|Western
U02059,Morgan Rivera,41,Argentina,2023-06-25,true,ko,Action|Animation|Crime
U02060,Morgan Morales,18,Colombia,2023-10-08,false,ja|pt|de,Science Fiction|Mystery|Adventure|Comedy
U02061,Avery Gomez,62,Spain,2024-01-22,false,pt|es,History|Adventure
U02062,Elena Rodriguez,43,Chile,2026-03-14,true,de,Science Fiction|Music|Fantasy|Horror
U02063,Taylor Rivera,27,Argentina,2025-06-21,true,ja|de,Thriller|Family|Music
U02064,Avery Diaz,41,Brazil,2022-06-28,false,es|ko,Mystery|Science Fiction|Romance
U02065,Paula Ramos,51,Spain,2026-01-05,true,fr|it,Crime|Adventure
U02066,Morgan Diaz,54,Brazil,2025-06-08,false,es|de,Crime|Action|Mystery|Drama
U02067,Morgan Perez,43,Canada,2024-03-17,false,ko|ja,Crime|Family|Drama
U02068,Mariana Ramos,34,Canada,2024-10-20,true,es|ko,Documentary|Music|Romance|Action
U02069,Sam Castillo,23,Colombia,2023-09-08,true,de|ja|it,Family|Comedy|Horror|War
U02070,Lucia Lopez,60,United States,2022-06-10,false,en|pt,Animation|History
U02071,Casey Mendoza,25,Guatemala,2022-08-26,true,es|ko|fr,Family|Adventure|History
U02072,Elena Ortega,59,Peru,2025-01-20,false,ja,Crime|Thriller|Western
U02073,Emerson Gonzalez,29,Argentina,2026-01-06,false,fr|en|it,Crime|History|Action|Documentary
U02074,Camila Sanchez,53,Brazil,2022-06-13,false,it,Thriller|Romance|War|History
U02075,Casey Ortega,48,Peru,2025-05-01,true,fr|en|ja,Music|Mystery
U02076,Carla Lopez,48,Colombia,2024-10-15,false,ja|it|fr,Romance|Western|Comedy|Science Fiction
U02077,Ricardo Lopez,28,Peru,2024-01-05,true,es|pt,History|Thriller
U02078,Jordan Perez,49,United States,2024-12-23,true,ko,Horror|Mystery|Comedy|Action
U02079,Carla Gonzalez,54,Colombia,2022-09-08,true,es|ja,Music|Adventure|Family
U02080,Casey Flores,20,Argentina,2025-10-05,false,ko,Animation|Drama|Thriller|Comedy
U02081,Luis Gonzalez,49,Spain,2023-12-03,true,en|ja|fr,Fantasy|Science Fiction|History
U02082,Valeria Morales,62,United States,2024-08-09,false,en,Family|Horror
U02083,Diego Rodriguez,62,Argentina,2025-09-07,true,pt|en|de,Thriller|Adventure
U02084,Ricardo Morales,20,Brazil,2025-08-07,true,de|fr,Animation|Fantasy|Music
U02085,Daniel Rivera,24,Peru,2025-02-16,false,es|pt|ja,Music|Western
U02086,Cameron Ramirez,49,United States,2025-09-30,true,en|pt,Music|Family|Comedy
U02087,Sam Torres,35,Guatemala,2022-05-04,true,es|it,Family|Action|History|Documentary
U02088,Nicolas Morales,43,Colombia,2023-02-11,true,de|it|ko,Animation|Action
U02089,Avery Castillo,52,Canada,2024-05-11,true,en|pt|de,Western|Mystery|Fantasy|Horror
U02090,Casey Gomez,45,Brazil,2024-01-29,true,it|pt,Horror|Animation
U02091,Ricardo Perez,56,United States,2023-08-08,false,de,Romance|Crime|Drama
U02092,Cameron Lopez,28,Guatemala,2025-02-04,true,ko|en|it,Adventure|Romance|Thriller|Action
U02093,Nicolas Mendoza,42,Spain,2022-10-17,true,fr,History|Family|Animation|Adventure
U02094,Taylor Flores,43,Argentina,2025-04-15,true,fr|ja,Western|Horror|Adventure
U02095,Jose Martinez,38,Argentina,2022-11-25,false,fr|es|en,Mystery|Adventure|History|Family
U02096,Jose Lopez,62,Guatemala,2024-12-10,true,ko|pt,Fantasy|Music|Western
U02097,Hector Perez,54,Peru,2022-09-21,true,es|ja|it,Animation|History|Mystery
U02098,Paula Ramirez,38,Brazil,2024-08-20,false,fr|es,Mystery|Romance|Crime
U02099,Hector Lopez,52,Chile,2024-04-24,true,ja|en|pt,Action|Crime
U02100,Casey Rivera,39,Guatemala,2024-12-31,false,ja|en,Science Fiction|Action|Drama|Western
U02101,Avery Garcia,64,Canada,2024-06-30,true,en|es,Family|Romance|Action
U02102,Carla Diaz,55,Guatemala,2023-10-07,true,de,Western|Comedy
U02103,Morgan Garcia,39,Colombia,2023-08-09,true,it,Action|Crime|Music|Animation
U02104,Fernanda Vasquez,43,Guatemala,2024-05-09,true,fr,Science Fiction|Music|Family|Romance
U02105,Nicolas Morales,60,Peru,2024-09-08,false,ko|fr,Crime|Science Fiction
U02106,Gabriel Ramirez,39,Argentina,2025-10-22,true,it|pt|fr,Crime|Adventure|Horror|Western
U02107,Taylor Morales,36,Chile,2022-05-14,false,pt|it|es,Western|Comedy|Mystery|Documentary
U02108,Lucia Gomez,57,United States,2023-02-26,true,ko,Music|Crime
U02109,Diego Diaz,26,Chile,2024-05-28,false,ja,Family|Romance
U02110,Alex Vasquez,30,Peru,2022-05-02,true,en|es,Science Fiction|Crime|Romance
U02111,Sofia Castillo,22,United States,2024-04-27,true,en,Animation|Music
U02112,Jose Rodriguez,51,United States,2024-08-24,true,pt,Comedy|Horror|Romance
U02113,Sofia Hernandez,37,United States,2023-04-13,false,pt,History|Animation|Drama
U02114,Sam Gomez,21,Peru,2023-10-04,false,ko|it,Music|Drama|Comedy|Horror
U02115,Taylor Ortega,31,Spain,2022-09-21,false,ja|it,War|Mystery|Romance|Music
U02116,Lucia Martinez,60,Canada,2025-05-19,false,ko|fr|pt,Drama|Horror
U02117,Lucia Morales,48,Mexico,2022-04-25,false,ko,Science Fiction|Adventure|Documentary
U02118,Avery Lopez,45,United States,2025-11-16,true,pt,Documentary|Western
U02119,Riley Perez,20,Colombia,2023-01-30,true,ja|fr|ko,Thriller|Drama|Crime|Comedy
U02120,Diego Sanchez,48,Argentina,2023-03-12,true,fr|de,Science Fiction|Mystery|Documentary
U02121,Avery Morales,24,Chile,2024-03-03,true,fr|en|it,Crime|Adventure|Western|Comedy
U02122,Jordan Diaz,31,Chile,2025-09-25,false,it|fr|es,Family|Documentary
U02123,Jose Rodriguez,23,Peru,2025-08-31,false,ko|fr|ja,War|Crime|Action|Mystery
U02124,Mariana Flores,53,Argentina,2022-12-26,true,es|ko,Adventure|Science Fiction|Horror
U02125,Alex Lopez,58,Colombia,2024-06-24,true,ja,Family|Drama|Crime
U02126,Andres Vasquez,43,Chile,2024-11-23,false,en|de,Drama|Western|Animation
U02127,Alex Vasquez,42,Guatemala,2022-04-18,false,de,Western|Music
U02128,Nicolas Flores,20,United States,2023-03-24,false,es|pt,War|History|Crime|Horror
U02129,Luis Garcia,28,Spain,2023-01-06,false,pt|it,Fantasy|Action|Romance
U02130,Mateo Hernandez,63,Spain,2024-05-10,true,de,Action|Romance|Documentary|Western
U02131,Gabriel Castillo,46,Chile,2025-12-27,false,es|fr|it,Mystery|Fantasy|Romance
U02132,Nicolas Ramos,52,Chile,2025-11-23,true,ko|pt|it,Drama|Comedy|Western|History
U02133,Cameron Mendoza,36,Brazil,2026-03-27,true,en|ja,Romance|Adventure|Horror|Western
U02134,Casey Diaz,42,Mexico,2024-09-20,true,de|it|fr,Drama|Crime|War
U02135,Taylor Gonzalez,32,Chile,2025-05-07,true,it|ko|fr,Western|Animation|Comedy|Documentary
U02136,Alex Rodriguez,49,Chile,2023-04-19,true,it,Science Fiction|Romance|Documentary|Animation
U02137,Camila Gonzalez,26,Argentina,2024-03-09,false,fr,Science Fiction|War|Thriller
U02138,Elena Morales,51,Guatemala,2025-11-30,false,ja,Adventure|Horror|History
U02139,Mariana Rodriguez,19,Peru,2023-05-25,false,it|de,Fantasy|Music|Mystery|Crime
U02140,Jose Vasquez,27,Argentina,2025-10-08,false,ko,Mystery|Drama|Family
U02141,Gabriel Martinez,18,Mexico,2022-07-23,false,ja|es,Adventure|Crime|Romance|Western
U02142,Diego Rivera,51,Spain,2024-01-23,false,ko|pt,Science Fiction|War|Romance|Crime
U02143,Diego Rivera,18,Guatemala,2025-01-15,true,ja|fr,Comedy|Documentary|Fantasy
U02144,Lucia Castillo,22,Spain,2024-10-11,false,en|fr,War|Romance|Crime
U02145,Sofia Ramirez,22,Canada,2024-02-05,false,it|fr,Crime|Documentary
U02146,Hector Torres,19,Canada,2022-04-21,true,ja|it|de,Drama|Western
U02147,Camila Flores,44,Argentina,2024-11-28,true,de,Animation|Science Fiction
U02148,Natalia Mendoza,20,Peru,2023-12-12,true,fr,Crime|Drama|Romance
U02149,Daniel Mendoza,60,Brazil,2025-04-10,true,es|ko|fr,Action|Fantasy
U02150,Paula Diaz,39,Colombia,2025-11-07,false,ko|es|fr,Thriller|Western
U02151,Taylor Perez,47,Argentina,2024-04-22,false,pt|en,Fantasy|War|Action
U02152,Fernanda Gomez,58,Argentina,2026-02-24,false,pt|de|ko,History|War|Action
U02153,Jose Lopez,63,Brazil,2024-02-29,false,en|es,Western|Adventure|Crime|Horror
U02154,Cameron Hernandez,51,Chile,2025-12-03,true,fr|ko,Family|Animation
U02155,Valeria Perez,60,United States,2024-01-10,false,ko,Adventure|Family
U02156,Emerson Morales,45,Chile,2024-09-21,true,it|en|ko,Music|Western|Comedy
U02157,Riley Lopez,44,Colombia,2025-01-30,true,it|en|ko,Crime|Horror|Mystery|Music
U02158,Carla Sanchez,44,United States,2023-03-21,false,it|es|de,Action|Music|Mystery
U02159,Hector Castillo,29,Brazil,2023-06-14,true,en|de|ja,Science Fiction|Drama
U02160,Jose Rodriguez,27,Spain,2024-05-10,false,fr|ko,War|Animation
U02161,Camila Flores,26,United States,2025-06-07,true,de,Romance|Action|Western
U02162,Avery Ramos,48,Brazil,2022-12-10,true,de,War|Action|Crime
U02163,Sam Diaz,46,Brazil,2024-01-18,false,it|ja|de,Western|Science Fiction|Adventure
U02164,Mariana Ramirez,51,Mexico,2022-09-02,true,de|it,Science Fiction|Romance|Thriller|Documentary
U02165,Camila Vasquez,56,Guatemala,2023-06-15,false,es|fr|de,War|Animation|Music
U02166,Sofia Castillo,53,Canada,2025-09-08,false,de|it|fr,Mystery|Documentary|Western|Romance
U02167,Mateo Perez,27,Argentina,2025-03-21,false,ko|de|en,Crime|Action
U02168,Jose Martinez,24,Colombia,2023-04-15,false,es|it|ja,Action|Horror
U02169,Ricardo Martinez,42,Brazil,2025-02-20,true,ja,Action|Thriller
U02170,Ricardo Martinez,42,Canada,2022-07-16,true,fr,Crime|Family|Thriller
U02171,Avery Ramirez,63,Peru,2026-03-27,true,de,Romance|History|Science Fiction|Thriller
U02172,Mateo Ramos,40,United States,2024-02-11,true,pt,War|Romance|Family
U02173,Gabriel Ramos,39,Peru,2024-10-02,true,de|en|fr,Comedy|Documentary
U02174,Jose Flores,57,Brazil,2024-09-28,true,ko,Adventure|Music|Crime|Horror
U02175,Elena Ramirez,22,Chile,2026-04-05,true,de|en,Fantasy|Adventure|History
U02176,Emerson Ramos,43,Canada,2022-07-25,false,en|es,Comedy|Crime|Family|Horror
U02177,Taylor Flores,57,United States,2025-10-17,true,ko|ja|de,Western|Animation|Adventure
U02178,Ricardo Hernandez,48,Brazil,2023-07-30,false,it|fr|de,History|Fantasy|Music|Drama
U02179,Alex Sanchez,57,Peru,2024-08-24,false,de|es,Romance|History|Action|Adventure
U02180,Riley Ramos,63,Colombia,2025-02-10,true,pt|de,Drama|Comedy|Music|History
U02181,Jose Vasquez,26,Brazil,2023-08-02,true,de|pt|en,War|Mystery
U02182,Diego Morales,23,Spain,2024-05-04,false,it,History|Documentary|Family|Comedy
U02183,Jordan Morales,31,Chile,2024-03-21,false,en|de,Fantasy|Family|Romance|Mystery
U02184,Gabriel Gomez,65,Brazil,2024-11-30,false,pt,Fantasy|Mystery|Documentary|Music
U02185,Daniel Torres,46,Guatemala,2025-12-02,false,es|de|en,Thriller|Fantasy
U02186,Alex Gonzalez,36,Mexico,2023-03-16,true,es|pt,War|Comedy
U02187,Gabriel Torres,31,United States,2023-10-23,false,it|ja|ko,Thriller|Mystery|Adventure|Music
U02188,Emerson Lopez,27,Spain,2022-12-30,false,de|es|en,Crime|Mystery|History|Horror
U02189,Hector Lopez,42,United States,2025-07-01,false,ja,Mystery|Documentary|Comedy|Fantasy
U02190,Taylor Mendoza,38,Spain,2024-05-23,true,fr,Romance|Western|Animation
U02191,Cameron Gonzalez,55,Canada,2022-06-15,true,de|fr|it,Crime|Western
U02192,Jordan Perez,65,Guatemala,2024-09-23,true,pt|it,Western|Family|Romance
U02193,Andres Vasquez,25,Chile,2025-09-20,false,it|fr|de,Horror|Crime
U02194,Alex Mendoza,37,Spain,2023-03-13,false,ko,Family|Music
U02195,Mateo Torres,26,Spain,2023-01-22,true,ko,Adventure|Comedy|Mystery
U02196,Jordan Ortega,49,United States,2025-07-21,false,fr|pt|es,Mystery|Horror|Music
U02197,Ricardo Ramirez,65,Peru,2022-10-17,false,pt|en|es,Adventure|Action|Drama
U02198,Jordan Perez,52,Canada,2023-10-18,true,fr,Fantasy|Mystery|Thriller
U02199,Paula Lopez,42,Mexico,2023-12-17,false,pt|fr,Family|Western|Animation
U02200,Jose Ramos,62,Brazil,2023-11-30,false,it,Drama|Crime|Music|Adventure
