user_id,movie_id,rating,rating_date,comment
U00001,128,8.1,2024-03-17,Me gusto bastante
U00001,11247,5.9,2024-09-10,Buena para recomendar
U00001,9383,4.9,2026-02-04,No era lo que esperaba
U00001,14033,3.1,2022-06-26,La volveria a ver
U00001,9444,8.1,2022-07-09,Buen ritmo
U00001,121,7.9,2024-01-14,Buen ritmo
U00001,9541,6.5,2024-08-31,Excelente recomendacion
U00001,25763,3.6,2023-02-19,Visualmente increible
U00001,10560,5.8,2023-09-19,Visualmente increible
U00001,81005,6.0,2024-07-13,Buena para recomendar
U00001,2789,5.1,2023-11-07,No era lo que esperaba
U00001,250124,8.2,2026-01-05,Buen ritmo
U00001,12437,7.3,2023-08-14,Gran actuacion
U00001,14278,6.6,2024-04-13,Gran actuacion
U00001,7350,7.3,2025-10-31,Historia entretenida
U00001,1572,6.8,2025-09-07,Final inesperado
U00001,9392,7.0,2025-12-02,Visualmente increible
U00001,146203,5.4,2023-05-30,Buen ritmo
U00002,17134,6.1,2024-09-10,Buena para recomendar
U00002,8193,5.8,2025-11-21,Historia entretenida
U00002,304357,6.8,2025-07-26,Buen ritmo
U00002,37834,7.2,2025-11-12,Gran actuacion
U00002,9360,4.9,2025-02-06,Historia entretenida
U00002,316002,3.8,2023-05-14,No era lo que esperaba
U00002,12107,4.3,2026-04-02,No era lo que esperaba
U00002,2567,6.2,2025-09-08,Final inesperado
U00002,239678,7.1,2023-12-19,Me gusto bastante
U00003,8836,5.2,2026-01-29,Me gusto bastante
U00003,61984,5.5,2025-11-12,Buen ritmo
U00003,25793,6.4,2025-08-07,Buena para recomendar
U00003,4108,5.9,2025-08-19,Final inesperado
U00003,302699,5.0,2025-09-20,Me gusto bastante
U00003,874,6.2,2026-02-26,Buen ritmo
U00003,26268,7.7,2026-03-08,La volveria a ver
U00003,71688,5.1,2025-08-17,No era lo que esperaba
U00003,79,6.5,2025-10-04,Excelente recomendacion
U00003,12509,5.3,2025-08-14,Final inesperado
U00003,1585,9.3,2025-12-21,Buena para recomendar
U00003,64807,5.5,2025-08-24,Final inesperado
U00004,319910,4.4,2025-06-27,Historia entretenida
U00004,130150,8.1,2023-04-07,Historia entretenida
U00004,44594,6.7,2023-07-03,Buen ritmo
U00004,365222,5.7,2024-10-08,Visualmente increible
U00004,52790,6.2,2025-03-31,Gran actuacion
U00004,49521,7.0,2024-09-30,Gran actuacion
U00004,153518,6.6,2023-03-28,Buen ritmo
U00004,84188,7.5,2025-06-07,Visualmente increible
U00005,9045,8.5,2024-04-25,Historia entretenida
U00005,8427,4.9,2024-07-31,No era lo que esperaba
U00005,43347,7.5,2025-09-15,Excelente recomendacion
U00005,59859,6.5,2024-09-10,Gran actuacion
U00005,251,5.9,2024-05-03,No era lo que esperaba
U00005,11137,5.2,2025-04-21,Me gusto bastante
U00005,87827,8.4,2025-11-08,Buen ritmo
U00005,1901,6.3,2024-04-27,Visualmente increible
U00005,8842,4.6,2025-08-08,Buen ritmo
U00006,38365,5.3,2025-09-03,Buena para recomendar
U00006,4421,4.7,2026-04-10,Me gusto bastante
U00006,157,6.3,2025-11-26,Gran actuacion
U00006,36549,5.5,2025-11-09,Final inesperado
U00006,12192,5.8,2025-12-23,Gran actuacion
U00006,228970,6.4,2025-04-07,Final inesperado
U00006,11778,8.3,2025-04-27,No era lo que esperaba
U00006,12,7.6,2025-03-18,Me gusto bastante
U00006,13448,7.2,2025-08-01,Visualmente increible
U00007,40862,8.1,2024-03-16,Excelente recomendacion
U00007,11499,8.4,2026-02-18,Excelente recomendacion
U00007,253626,4.7,2025-08-18,Gran actuacion
U00007,58048,1.7,2024-01-26,Final inesperado
U00007,261,8.9,2024-01-26,Visualmente increible
U00007,12138,6.3,2023-03-26,Me gusto bastante
U00007,205588,6.4,2023-10-14,Final inesperado
U00007,954,7.1,2025-12-02,Excelente recomendacion
U00007,253412,7.7,2025-02-07,Historia entretenida
U00007,1245,7.1,2024-10-06,Buena para recomendar
U00008,39851,6.6,2025-01-16,Historia entretenida
U00008,1584,5.4,2024-06-11,Buena para recomendar
U00008,65749,5.6,2022-12-24,Final inesperado
U00008,9890,5.8,2026-02-26,Final inesperado
U00008,8337,6.1,2026-03-11,Final inesperado
U00008,44943,4.4,2023-05-03,La volveria a ver
U00008,6877,6.7,2024-03-28,Buen ritmo
U00008,243940,5.4,2023-01-20,La volveria a ver
U00008,433,7.3,2024-10-10,La volveria a ver
U00009,164558,9.0,2025-11-26,Historia entretenida
U00009,121676,5.5,2025-12-30,Excelente recomendacion
U00009,175555,6.5,2026-03-20,Buen ritmo
U00009,8337,8.2,2025-06-14,Excelente recomendacion
U00009,17436,5.5,2025-07-10,Visualmente increible
U00009,1904,7.3,2025-06-05,La volveria a ver
U00009,3594,7.4,2026-03-20,Gran actuacion
U00009,188652,6.9,2025-06-29,Excelente recomendacion
U00010,13067,4.9,2025-02-06,No era lo que esperaba
U00010,1547,5.6,2023-09-04,Excelente recomendacion
U00010,9327,6.4,2025-10-16,La volveria a ver
U00010,11870,5.5,2024-01-11,Buena para recomendar
U00010,9459,6.6,2023-05-15,Gran actuacion
U00010,8416,9.1,2024-06-28,Historia entretenida
U00010,34335,4.3,2024-06-16,Gran actuacion
U00011,26963,8.5,2026-03-08,Visualmente increible
U00011,15301,6.6,2026-02-11,Buen ritmo
U00011,8883,6.7,2026-03-09,Visualmente increible
U00011,198663,6.5,2026-02-03,Gran actuacion
U00011,302699,4.8,2026-03-31,Buena para recomendar
U00011,104,6.0,2026-02-15,Buen ritmo
U00011,10024,8.0,2026-02-15,Historia entretenida
U00011,257344,5.7,2026-02-28,Buena para recomendar
U00011,70160,7.4,2026-04-08,Buen ritmo
U00011,617,4.9,2026-04-02,Visualmente increible
U00011,9793,5.5,2026-03-08,No era lo que esperaba
U00012,22649,6.3,2026-02-11,Gran actuacion
U00012,50839,6.8,2025-09-19,No era lo que esperaba
U00012,10040,6.0,2025-02-16,Me gusto bastante
U00012,22301,6.9,2025-10-11,Gran actuacion
U00013,764,6.9,2025-12-18,Buena para recomendar
U00013,10603,5.3,2025-08-15,Gran actuacion
U00013,43942,5.8,2025-01-25,Gran actuacion
U00013,1894,6.3,2025-12-16,No era lo que esperaba
U00013,869,5.2,2026-01-29,Gran actuacion
U00013,22215,4.7,2025-09-06,Final inesperado
U00013,9963,7.1,2026-02-12,Me gusto bastante
U00013,75861,7.4,2026-01-21,Excelente recomendacion
U00013,175574,5.2,2025-08-07,Buena para recomendar
U00013,9671,5.7,2025-06-26,La volveria a ver
U00013,10761,7.4,2025-09-03,La volveria a ver
U00013,146198,4.7,2025-12-18,Final inesperado
U00013,55903,5.9,2025-12-25,La volveria a ver
U00014,46503,4.8,2025-10-18,Buen ritmo
U00014,25719,6.8,2025-12-18,Buen ritmo
U00014,13919,8.1,2025-08-22,No era lo que esperaba
U00014,943,6.5,2024-07-17,Buena para recomendar
U00014,361505,10.0,2026-03-19,Historia entretenida
U00015,1590,5.7,2026-03-07,La volveria a ver
U00015,879,6.9,2026-03-06,Final inesperado
U00015,23168,6.7,2026-03-01,Visualmente increible
U00015,10068,5.8,2026-04-03,Final inesperado
U00015,25719,8.1,2026-04-06,Excelente recomendacion
U00015,9310,4.1,2026-04-04,La volveria a ver
U00015,35,7.6,2026-03-26,Historia entretenida
U00015,4997,5.2,2026-04-02,Historia entretenida
U00015,1499,4.8,2026-04-06,Visualmente increible
U00015,60307,6.5,2026-03-03,No era lo que esperaba
U00016,16281,5.5,2025-02-25,Gran actuacion
U00016,2266,6.6,2024-09-07,Final inesperado
U00016,2110,4.7,2024-03-21,La volveria a ver
U00016,857,6.9,2025-04-07,Me gusto bastante
U00016,646,5.9,2025-04-18,No era lo que esperaba
U00016,14442,4.5,2025-12-12,Final inesperado
U00016,190859,8.0,2024-08-26,Buena para recomendar
U00017,11446,7.4,2025-07-30,Final inesperado
U00017,13193,6.3,2025-06-14,Buena para recomendar
U00017,376004,6.3,2025-11-01,Historia entretenida
U00017,812,8.2,2025-10-19,Gran actuacion
U00017,9280,5.2,2024-03-19,Me gusto bastante
U00017,8435,7.7,2024-04-08,Buena para recomendar
U00018,47686,7.2,2025-01-27,Buen ritmo
U00018,82654,5.6,2025-06-25,Visualmente increible
U00018,325789,5.7,2026-03-03,Final inesperado
U00018,228970,5.7,2025-08-15,Visualmente increible
U00019,253306,7.4,2022-10-10,Final inesperado
U00019,271718,5.1,2024-10-24,Buena para recomendar
U00019,108346,8.0,2025-12-19,Me gusto bastante
U00019,205775,6.0,2025-08-04,Buen ritmo
U00019,357837,4.6,2024-04-01,No era lo que esperaba
U00019,11141,4.9,2023-06-05,Final inesperado
U00019,144340,4.5,2024-08-22,Buena para recomendar
U00019,40794,5.6,2022-12-21,Gran actuacion
U00019,43074,5.9,2026-02-20,Gran actuacion
U00020,859,8.2,2024-04-09,Visualmente increible
U00020,8452,5.7,2025-01-28,Me gusto bastante
U00020,62177,6.5,2024-11-03,Gran actuacion
U00020,13201,4.6,2024-10-21,Gran actuacion
U00020,11282,6.5,2023-12-28,Historia entretenida
U00020,9624,4.8,2023-12-20,No era lo que esperaba
U00020,39800,6.1,2024-09-01,La volveria a ver
U00021,55347,7.5,2023-08-21,Historia entretenida
U00021,73247,4.0,2024-06-14,Buen ritmo
U00021,97020,5.3,2025-08-10,Buen ritmo
U00021,11459,5.0,2025-11-11,La volveria a ver
U00021,82687,4.6,2026-03-12,Me gusto bastante
U00022,10615,4.3,2026-03-31,Historia entretenida
U00022,270938,6.8,2026-01-07,Visualmente increible
U00022,12783,6.8,2024-11-22,La volveria a ver
U00022,865,5.3,2025-03-19,Gran actuacion
U00022,9647,7.6,2025-09-29,Historia entretenida
U00022,11066,5.3,2023-11-16,Buen ritmo
U00022,10590,6.1,2025-10-16,No era lo que esperaba
U00022,96721,9.0,2024-03-10,Gran actuacion
U00023,157336,7.3,2025-04-20,Buen ritmo
U00023,409,8.3,2022-11-03,Excelente recomendacion
U00023,317930,5.2,2025-11-03,Gran actuacion
U00023,72571,6.0,2025-04-14,Final inesperado
U00023,11212,6.5,2025-04-15,La volveria a ver
U00023,87825,7.9,2025-11-09,Excelente recomendacion
U00023,134374,7.2,2023-03-12,Visualmente increible
U00023,9906,5.5,2025-08-04,Visualmente increible
U00023,10045,7.5,2023-10-26,No era lo que esperaba
U00023,46729,8.2,2025-07-17,Excelente recomendacion
U00023,24226,6.6,2024-07-18,No era lo que esperaba
U00023,254904,6.3,2024-12-16,La volveria a ver
U00023,86838,7.2,2022-11-06,Buena para recomendar
U00024,264656,5.2,2026-03-13,No era lo que esperaba
U00024,59,6.6,2026-04-03,Me gusto bastante
U00024,8913,5.7,2026-03-02,Me gusto bastante
U00024,26367,7.3,2026-03-21,Buen ritmo
U00024,270303,5.7,2026-03-16,Buena para recomendar
U00024,378200,5.1,2026-03-23,Excelente recomendacion
U00024,8814,5.5,2026-01-23,Excelente recomendacion
U00024,3034,6.9,2026-01-29,Visualmente increible
U00025,329440,4.8,2025-06-15,No era lo que esperaba
U00025,76493,4.6,2025-07-09,Buen ritmo
U00025,10184,6.5,2025-06-24,Excelente recomendacion
U00025,9289,8.6,2026-04-02,No era lo que esperaba
U00025,45054,6.4,2026-02-11,Historia entretenida
U00025,29339,6.9,2025-09-07,Buen ritmo
U00026,14474,6.2,2023-08-31,Excelente recomendacion
U00026,11631,5.5,2025-10-15,Me gusto bastante
U00026,1389,6.3,2025-05-15,Buena para recomendar
U00026,10285,3.0,2025-01-17,Final inesperado
U00026,9285,6.8,2024-12-13,La volveria a ver
U00026,13,8.4,2023-10-23,Final inesperado
U00026,7485,6.7,2026-02-07,Final inesperado
U00026,9782,5.2,2025-12-25,Buen ritmo
U00026,11172,7.6,2026-03-01,No era lo que esperaba
U00026,367551,4.7,2025-08-13,Visualmente increible
U00026,9430,6.5,2025-01-10,La volveria a ver
U00026,11452,7.1,2024-11-01,Excelente recomendacion
U00026,17622,7.3,2024-07-08,Visualmente increible
U00026,11001,5.5,2024-12-21,Excelente recomendacion
U00026,10022,6.8,2024-02-29,La volveria a ver
U00027,10534,7.0,2023-10-04,Buen ritmo
U00027,10555,6.0,2022-10-12,Buena para recomendar
U00027,61038,4.0,2024-07-11,La volveria a ver
U00027,11023,6.8,2024-09-22,Final inesperado
U00027,46849,6.0,2022-12-06,No era lo que esperaba
U00027,11128,7.0,2023-11-04,Historia entretenida
U00027,9787,6.8,2023-07-03,Final inesperado
U00028,39055,5.4,2024-10-02,No era lo que esperaba
U00028,544,6.4,2024-01-12,La volveria a ver
U00028,293646,5.6,2024-01-07,Gran actuacion
U00028,11451,3.8,2025-08-17,Final inesperado
U00028,2023,6.8,2026-02-06,Me gusto bastante
U00029,1497,6.4,2025-06-10,Buena para recomendar
U00029,11051,6.4,2024-12-18,Final inesperado
U00029,16222,5.5,2025-10-18,Gran actuacion
U00030,9762,5.7,2025-06-29,Gran actuacion
U00030,261,7.0,2025-08-20,No era lo que esperaba
U00030,794,7.9,2024-09-28,La volveria a ver
U00030,3587,4.8,2025-02-04,Excelente recomendacion
U00030,17186,4.0,2024-02-25,Excelente recomendacion
U00030,3536,7.4,2025-02-22,Final inesperado
U00030,10075,4.5,2025-06-27,Visualmente increible
U00030,38363,6.1,2024-05-11,Visualmente increible
U00030,39210,6.4,2025-08-23,La volveria a ver
U00030,12779,5.2,2025-07-07,Buena para recomendar
U00030,1124,8.1,2025-09-12,Buen ritmo
U00030,294512,5.6,2025-03-14,Buen ritmo
U00030,238603,6.3,2025-10-16,Me gusto bastante
U00030,59981,4.8,2024-04-29,Buena para recomendar
U00030,73935,5.1,2024-08-18,Visualmente increible
U00031,10762,5.4,2026-04-04,Visualmente increible
U00031,9489,7.2,2026-03-16,Visualmente increible
U00031,174311,4.0,2026-03-02,Gran actuacion
U00031,9315,7.5,2026-04-08,Historia entretenida
U00031,673,8.9,2026-04-06,La volveria a ver
U00031,43959,7.6,2026-04-05,Historia entretenida
U00031,10160,4.3,2026-03-30,Final inesperado
U00031,294086,7.2,2026-03-18,Buena para recomendar
U00031,134374,5.2,2026-04-01,Gran actuacion
U00031,37786,6.3,2026-02-24,Visualmente increible
U00031,34152,5.3,2026-03-25,Final inesperado
U00031,256040,6.6,2026-03-05,Me gusto bastante
U00031,82675,5.7,2026-03-05,Gran actuacion
U00031,2395,4.8,2026-03-31,Visualmente increible
U00031,62214,7.5,2026-03-15,Buena para recomendar
U00032,790,6.1,2025-12-31,Me gusto bastante
U00032,694,7.0,2026-01-02,Gran actuacion
U00032,549,6.9,2025-11-06,Buen ritmo
U00033,273248,6.9,2025-07-03,Gran actuacion
U00033,12400,5.1,2025-02-02,Visualmente increible
U00033,9829,6.4,2024-05-22,Visualmente increible
U00033,18615,6.4,2024-02-26,Gran actuacion
U00033,10397,6.5,2023-12-05,Gran actuacion
U00033,49529,5.7,2025-07-18,Historia entretenida
U00033,1620,6.2,2025-01-03,No era lo que esperaba
U00033,8363,5.8,2024-06-04,No era lo que esperaba
U00034,953,7.5,2026-02-19,No era lo que esperaba
U00034,22798,7.8,2026-03-09,No era lo que esperaba
U00034,2501,6.8,2025-08-25,Gran actuacion
U00034,12163,7.6,2025-04-17,Historia entretenida
U00034,11128,5.5,2024-12-19,Historia entretenida
U00034,9594,5.7,2025-10-19,No era lo que esperaba
U00034,18701,6.8,2026-01-23,Excelente recomendacion
U00034,33217,4.7,2026-01-14,Visualmente increible
U00035,44048,5.3,2024-09-09,Gran actuacion
U00035,136795,5.8,2024-12-21,La volveria a ver
U00035,250124,7.2,2025-01-03,Buena para recomendar
U00035,24100,5.7,2025-11-04,Visualmente increible
U00035,18191,5.5,2026-02-21,Buena para recomendar
U00036,14012,7.4,2023-12-22,Gran actuacion
U00036,13187,7.1,2024-09-29,Visualmente increible
U00036,26963,6.1,2025-11-25,Visualmente increible
U00036,138832,6.5,2024-10-15,Visualmente increible
U00036,27360,6.2,2025-05-16,La volveria a ver
U00036,2056,6.5,2023-12-07,Gran actuacion
U00036,10136,4.9,2025-10-06,Buena para recomendar
U00036,46435,8.1,2025-10-07,Buena para recomendar
U00037,71676,5.3,2024-11-07,Excelente recomendacion
U00037,74465,7.1,2025-02-03,Buen ritmo
U00037,8054,5.4,2025-09-19,Historia entretenida
U00037,29912,5.1,2025-05-03,Excelente recomendacion
U00037,252360,2.1,2024-02-01,No era lo que esperaba
U00038,46435,5.3,2025-03-08,Excelente recomendacion
U00038,3179,7.2,2024-12-01,Buena para recomendar
U00038,268,7.0,2024-09-12,La volveria a ver
U00038,116741,5.0,2025-01-19,Excelente recomendacion
U00038,36955,7.2,2024-07-04,Excelente recomendacion
U00039,3059,7.0,2026-04-05,Final inesperado
U00039,317930,6.0,2025-11-16,La volveria a ver
U00039,11065,7.1,2025-11-27,Gran actuacion
U00039,297621,4.7,2026-03-10,Me gusto bastante
U00039,13051,4.3,2025-10-16,Historia entretenida
U00039,13408,5.4,2026-03-10,Final inesperado
U00039,14293,6.3,2025-12-27,Final inesperado
U00039,51828,5.8,2026-03-17,Excelente recomendacion
U00039,322443,3.5,2025-11-17,Visualmente increible
U00039,820,6.3,2026-01-02,Buena para recomendar
U00040,118,8.2,2025-10-19,Excelente recomendacion
U00040,134,6.3,2025-11-06,Visualmente increible
U00040,10930,5.5,2025-11-17,Me gusto bastante
U00040,14574,6.6,2026-03-08,Buena para recomendar
U00040,297761,6.7,2025-05-27,Gran actuacion
U00040,52790,6.1,2025-04-16,No era lo que esperaba
U00040,9486,7.3,2025-09-01,Historia entretenida
U00041,14271,9.0,2026-02-10,Buena para recomendar
U00041,334,7.3,2026-04-07,La volveria a ver
U00041,42889,5.9,2026-01-18,Buena para recomendar
U00041,9012,5.3,2026-04-08,Gran actuacion
U00041,10077,5.6,2026-04-01,Final inesperado
U00041,256274,4.6,2026-02-19,La volveria a ver
U00042,49948,6.5,2025-11-28,Me gusto bastante
U00042,8849,5.7,2026-03-22,Historia entretenida
U00042,47692,7.4,2026-02-14,No era lo que esperaba
U00042,14435,4.5,2026-03-15,Final inesperado
U00042,1957,7.1,2026-03-20,Me gusto bastante
U00042,30246,5.5,2026-02-10,Historia entretenida
U00042,7735,8.9,2025-12-04,Excelente recomendacion
U00042,6877,6.8,2026-01-02,No era lo que esperaba
U00042,34769,6.2,2025-12-18,Me gusto bastante
U00042,38073,4.9,2025-12-08,Gran actuacion
U00042,41436,6.3,2025-11-13,Me gusto bastante
U00042,78394,7.1,2025-10-29,La volveria a ver
U00042,3594,5.9,2026-03-31,Gran actuacion
U00043,2255,5.9,2024-01-03,Buen ritmo
U00043,12658,5.9,2026-02-01,La volveria a ver
U00043,2142,7.5,2025-09-05,Buen ritmo
U00043,20662,6.7,2025-09-26,Historia entretenida
U00043,12429,6.6,2024-05-15,Excelente recomendacion
U00043,3172,4.8,2025-01-07,Buen ritmo
U00043,948,8.0,2025-06-20,Excelente recomendacion
U00044,5994,7.1,2026-01-25,Me gusto bastante
U00044,10858,6.8,2026-02-18,Buen ritmo
U00044,62677,4.4,2026-02-10,Final inesperado
U00044,14560,4.1,2026-01-10,Buen ritmo
U00044,417859,5.6,2026-03-19,Excelente recomendacion
U00044,219,8.6,2026-01-09,Gran actuacion
U00044,7516,6.7,2026-03-22,La volveria a ver
U00044,26022,8.2,2026-03-17,Final inesperado
U00044,35690,7.3,2026-03-07,No era lo que esperaba
U00045,1268,6.7,2024-10-28,Excelente recomendacion
U00045,1213,7.8,2024-04-12,Gran actuacion
U00045,55301,6.7,2025-07-25,Buen ritmo
U00045,4244,7.2,2025-10-08,Gran actuacion
U00045,41233,8.0,2025-01-14,Me gusto bastante
U00045,53457,6.1,2026-02-14,Buena para recomendar
U00045,8271,6.8,2025-09-22,No era lo que esperaba
U00045,14160,8.0,2025-11-23,Excelente recomendacion
U00045,16358,4.9,2024-12-18,No era lo que esperaba
U00045,18713,5.8,2025-08-19,Historia entretenida
U00045,616,7.2,2023-11-07,Final inesperado
U00045,12289,7.6,2024-05-11,Me gusto bastante
U00046,94352,7.0,2024-10-11,La volveria a ver
U00046,256962,6.9,2024-06-06,Gran actuacion
U00046,14976,7.6,2025-02-09,Historia entretenida
U00046,20468,6.6,2025-01-09,Gran actuacion
U00046,30315,6.7,2024-03-20,Excelente recomendacion
U00046,5902,8.1,2024-04-23,Historia entretenida
U00046,11287,7.7,2024-04-16,Final inesperado
U00046,16222,6.1,2026-02-21,Me gusto bastante
U00047,563,6.7,2025-08-28,Excelente recomendacion
U00047,16996,7.2,2025-10-06,La volveria a ver
U00048,859,7.0,2024-07-19,La volveria a ver
U00048,27023,6.8,2025-12-20,Historia entretenida
U00048,9398,5.1,2025-12-20,Me gusto bastante
U00048,191714,6.9,2025-03-22,Gran actuacion
U00048,608,5.7,2024-06-27,Final inesperado
U00048,16911,4.6,2025-11-12,Gran actuacion
U00048,9100,5.0,2026-02-10,Historia entretenida
U00048,203801,5.8,2025-06-21,La volveria a ver
U00048,8843,5.4,2025-05-09,Historia entretenida
U00049,232672,7.5,2026-02-21,No era lo que esperaba
U00049,13403,6.6,2025-12-18,No era lo que esperaba
U00049,17654,8.1,2024-01-30,Historia entretenida
U00049,109421,5.1,2023-11-02,Visualmente increible
U00049,385383,2.6,2026-02-04,Visualmente increible
U00049,289,8.6,2024-08-18,Me gusto bastante
U00049,59457,5.9,2025-03-11,Excelente recomendacion
U00050,232672,6.1,2024-06-09,Final inesperado
U00050,72190,5.6,2024-04-05,Me gusto bastante
U00050,76726,6.2,2023-02-25,Final inesperado
U00050,25968,4.5,2024-12-15,Visualmente increible
U00050,27205,7.8,2025-04-08,Historia entretenida
U00050,10220,6.3,2023-08-24,Gran actuacion
U00050,10955,5.5,2024-07-25,Historia entretenida
U00050,13490,4.7,2025-11-08,Excelente recomendacion
U00050,17663,6.9,2023-04-06,Final inesperado
U00050,40880,3.7,2023-09-28,Buen ritmo
U00051,9571,6.7,2023-10-25,No era lo que esperaba
U00051,658,7.5,2024-10-04,Me gusto bastante
U00051,9700,5.7,2025-03-13,Buena para recomendar
U00051,12555,6.4,2024-12-31,La volveria a ver
U00051,36819,5.4,2026-01-12,Visualmente increible
U00051,345003,5.1,2025-08-24,Final inesperado
U00051,122,7.2,2023-10-07,Final inesperado
U00051,22798,8.0,2024-12-12,No era lo que esperaba
U00051,7873,5.3,2023-11-10,Final inesperado
U00051,47502,5.4,2023-09-19,Me gusto bastante
U00051,8357,5.0,2025-02-11,Me gusto bastante
U00051,5722,6.4,2025-08-21,La volveria a ver
U00052,671,6.3,2022-10-08,Gran actuacion
U00052,82690,7.4,2024-03-18,Final inesperado
U00052,25312,7.4,2024-06-26,Final inesperado
U00052,10710,6.0,2022-09-18,Me gusto bastante
U00052,9794,5.0,2024-04-23,Visualmente increible
U00052,44092,8.2,2026-01-02,No era lo que esperaba
U00052,507,5.2,2024-01-11,Buen ritmo
U00052,35688,4.7,2025-04-07,Me gusto bastante
U00052,14854,4.7,2024-08-12,Visualmente increible
U00053,10629,5.7,2025-06-25,Me gusto bastante
U00053,11460,4.9,2025-05-22,Me gusto bastante
U00053,9516,6.9,2025-12-23,Buena para recomendar
U00053,11397,4.3,2026-01-03,No era lo que esperaba
U00054,8265,5.9,2025-12-14,Buena para recomendar
U00054,23963,5.1,2025-09-04,No era lo que esperaba
U00054,137113,6.9,2024-07-05,Buena para recomendar
U00054,280,7.5,2024-05-05,Me gusto bastante
U00054,16358,6.4,2025-09-18,Buen ritmo
U00054,28260,5.5,2025-07-04,Buen ritmo
U00054,158011,7.8,2024-09-05,Historia entretenida
U00054,38448,6.0,2025-02-15,Gran actuacion
U00054,47607,5.1,2024-03-22,Buena para recomendar
U00054,37694,4.7,2025-09-02,Final inesperado
U00055,14577,5.1,2026-02-28,Me gusto bastante
U00055,68734,6.3,2026-02-20,Excelente recomendacion
U00055,25248,7.1,2026-03-15,Historia entretenida
U00055,6439,4.0,2026-03-04,Me gusto bastante
U00055,62215,6.9,2026-04-05,Buen ritmo
U00055,577,7.3,2026-03-09,No era lo que esperaba
U00055,280,8.4,2026-03-22,Visualmente increible
U00055,13501,5.3,2026-03-04,Buen ritmo
U00056,12183,5.0,2025-03-06,Historia entretenida
U00056,87428,4.1,2025-05-18,Buen ritmo
U00056,91314,6.4,2025-08-19,Gran actuacion
U00056,72976,6.1,2025-02-28,Buena para recomendar
U00056,267935,6.3,2025-08-07,Gran actuacion
U00056,640,6.3,2025-02-26,Buena para recomendar
U00056,11453,5.4,2026-02-24,No era lo que esperaba
U00056,9541,6.8,2025-03-17,No era lo que esperaba
U00056,1677,8.5,2025-08-29,Me gusto bastante
U00057,13405,7.7,2025-10-25,Gran actuacion
U00057,30890,6.4,2025-10-25,Visualmente increible
U00057,339984,6.0,2025-08-22,Buen ritmo
U00057,238615,7.7,2025-02-08,Visualmente increible
U00057,50725,7.0,2025-02-19,No era lo que esperaba
U00057,84200,7.0,2025-07-08,No era lo que esperaba
U00057,16358,6.4,2025-05-14,Buena para recomendar
U00057,8247,7.4,2026-03-25,Final inesperado
U00058,6282,6.6,2026-03-10,No era lo que esperaba
U00058,121826,7.5,2026-02-15,Buena para recomendar
U00058,29963,7.1,2025-06-25,Buena para recomendar
U00058,89750,8.0,2025-11-20,Gran actuacion
U00058,9339,6.2,2025-11-26,Excelente recomendacion
U00058,271185,4.7,2026-01-25,Final inesperado
U00058,45132,6.8,2025-07-06,La volveria a ver
U00058,9950,5.9,2026-04-10,La volveria a ver
U00058,35690,7.4,2025-10-13,La volveria a ver
U00058,11190,8.8,2025-10-10,No era lo que esperaba
U00058,59859,7.6,2026-02-14,No era lo que esperaba
U00059,38322,5.9,2025-10-24,No era lo que esperaba
U00059,767,7.4,2025-09-17,Gran actuacion
U00059,10425,5.3,2026-01-09,Final inesperado
U00059,54138,7.1,2025-08-23,Final inesperado
U00059,11065,4.8,2026-03-05,La volveria a ver
U00059,8920,4.2,2025-11-04,Excelente recomendacion
U00059,24021,5.6,2026-01-21,Visualmente increible
U00059,7191,5.9,2025-10-15,Visualmente increible
U00059,242512,4.9,2025-10-06,La volveria a ver
U00060,10045,7.3,2026-02-17,Me gusto bastante
U00060,25,7.3,2026-03-13,Visualmente increible
U00060,11863,6.2,2025-12-20,Gran actuacion
U00060,22102,5.5,2026-02-10,Excelente recomendacion
U00060,46528,7.4,2026-02-27,No era lo que esperaba
U00060,299245,4.7,2025-11-29,Me gusto bastante
U00060,604,5.4,2026-03-16,Gran actuacion
U00060,8069,6.3,2025-12-30,La volveria a ver
U00060,256740,5.5,2025-11-29,Me gusto bastante
U00061,3116,5.9,2025-09-23,Buena para recomendar
U00061,72190,7.5,2025-02-08,Me gusto bastante
U00061,42618,5.2,2024-10-08,Buena para recomendar
U00061,228066,5.4,2026-04-08,Me gusto bastante
U00061,9288,4.8,2025-04-19,Historia entretenida
U00061,1359,5.8,2024-06-08,No era lo que esperaba
U00061,11302,8.2,2024-07-20,Buena para recomendar
U00061,24961,6.0,2025-05-16,Buen ritmo
U00061,2056,8.0,2024-10-30,No era lo que esperaba
U00061,9451,6.4,2025-05-22,Me gusto bastante
U00061,489,6.4,2025-11-25,Buen ritmo
U00061,25376,9.0,2025-08-30,Visualmente increible
U00061,64688,5.9,2024-06-30,Historia entretenida
U00062,11058,4.6,2026-01-18,Visualmente increible
U00062,32740,6.6,2025-05-12,Final inesperado
U00062,49051,6.7,2025-08-31,Buena para recomendar
U00062,3512,4.4,2025-09-15,Gran actuacion
U00062,334531,5.4,2023-11-19,Visualmente increible
U00062,13700,7.0,2023-10-30,Buena para recomendar
U00062,24021,4.6,2025-10-19,Historia entretenida
U00062,1265,7.8,2025-09-19,Final inesperado
U00062,10985,4.4,2025-01-10,Gran actuacion
U00062,108346,9.0,2025-03-20,Visualmente increible
U00062,8675,4.8,2025-06-16,Buena para recomendar
U00062,86834,5.2,2025-03-09,No era lo que esperaba
U00062,253331,7.9,2023-11-15,La volveria a ver
U00062,13501,5.9,2025-11-11,Buen ritmo
U00063,26518,5.7,2025-12-21,Buena para recomendar
U00063,157386,6.9,2025-07-24,Gran actuacion
U00063,26388,6.4,2026-03-04,Final inesperado
U00063,135397,7.6,2025-09-12,Historia entretenida
U00063,3093,3.9,2025-12-22,La volveria a ver
U00064,291081,5.9,2025-04-12,No era lo que esperaba
U00064,41515,5.0,2023-05-02,Buena para recomendar
U00064,398,5.5,2025-07-03,Final inesperado
U00064,1586,6.1,2023-12-21,Excelente recomendacion
U00064,42497,7.1,2024-07-30,Buen ritmo
U00064,1366,6.0,2023-09-18,La volveria a ver
U00064,127493,6.0,2024-01-10,Historia entretenida
U00064,9671,7.4,2025-04-26,Visualmente increible
U00064,10312,6.5,2025-11-11,Gran actuacion
U00064,109091,6.1,2023-06-07,La volveria a ver
U00065,39514,5.8,2025-08-31,Excelente recomendacion
U00065,87,7.8,2026-04-05,Excelente recomendacion
U00065,11688,7.0,2025-05-01,Historia entretenida
U00065,9889,5.5,2026-03-18,Final inesperado
U00065,24684,7.5,2025-09-10,Me gusto bastante
U00065,691,5.8,2025-06-05,Gran actuacion
U00065,23655,6.1,2025-12-21,No era lo que esperaba
U00065,60400,5.9,2026-01-05,Visualmente increible
U00065,9353,6.9,2026-03-26,Final inesperado
U00066,58595,6.1,2026-02-04,Gran actuacion
U00066,874,7.2,2026-01-31,Visualmente increible
U00066,24418,6.1,2026-02-08,Buena para recomendar
U00066,15059,5.5,2025-11-08,Visualmente increible
U00066,13785,7.2,2026-03-06,Historia entretenida
U00066,857,8.3,2026-02-05,Buena para recomendar
U00066,2310,6.2,2026-01-11,No era lo que esperaba
U00066,13072,6.6,2025-12-21,Excelente recomendacion
U00066,29076,5.8,2026-03-09,Visualmente increible
U00066,146,7.7,2026-03-10,Buen ritmo
U00067,772,5.8,2026-02-20,No era lo que esperaba
U00067,36095,7.0,2026-03-08,Gran actuacion
U00067,35169,5.9,2026-03-23,Final inesperado
U00067,9473,5.8,2025-10-17,Excelente recomendacion
U00067,67911,5.0,2025-10-21,Visualmente increible
U00067,594,7.9,2025-11-05,Excelente recomendacion
U00067,26815,5.6,2026-01-27,La volveria a ver
U00067,51162,7.5,2025-11-03,No era lo que esperaba
U00067,10187,6.4,2026-04-04,Buena para recomendar
U00067,15122,5.8,2025-11-18,Me gusto bastante
U00067,9912,8.3,2025-10-20,Excelente recomendacion
U00067,57157,6.5,2026-01-28,No era lo que esperaba
U00068,39541,5.4,2023-04-06,Buen ritmo
U00068,10012,4.5,2023-10-03,Gran actuacion
U00068,21641,6.1,2024-12-03,Buena para recomendar
U00068,29426,3.3,2023-03-20,No era lo que esperaba
U00068,10947,7.5,2023-09-09,No era lo que esperaba
U00068,61791,8.5,2025-01-10,Buen ritmo
U00069,245916,7.7,2025-12-14,Final inesperado
U00069,65,8.2,2025-12-16,Me gusto bastante
U00069,754,7.1,2024-08-17,Historia entretenida
U00070,9821,6.6,2025-03-25,Me gusto bastante
U00070,1621,8.2,2026-02-10,Visualmente increible
U00070,29514,7.5,2025-04-19,Buen ritmo
U00070,5516,6.1,2025-03-18,No era lo que esperaba
U00070,15365,4.2,2025-04-16,No era lo que esperaba
U00070,36647,7.1,2024-02-29,Historia entretenida
U00070,20083,7.9,2024-06-21,Gran actuacion
U00070,70981,5.1,2024-07-02,Me gusto bastante
U00070,36351,6.9,2024-11-16,Buena para recomendar
U00070,9427,6.4,2024-12-29,Gran actuacion
U00070,792,6.5,2024-07-05,Buen ritmo
U00070,347548,4.0,2026-04-04,Gran actuacion
U00070,58224,6.4,2023-12-20,Visualmente increible
U00071,199373,7.5,2024-08-23,Excelente recomendacion
U00071,175574,6.2,2026-04-01,Me gusto bastante
U00071,66942,7.0,2025-08-16,No era lo que esperaba
U00071,9809,6.8,2024-09-20,Visualmente increible
U00071,4912,7.5,2024-02-02,Gran actuacion
U00071,37950,7.7,2026-02-09,Gran actuacion
U00071,22907,6.0,2024-02-03,Buena para recomendar
U00071,234212,4.4,2024-12-28,Excelente recomendacion
U00071,10533,5.0,2025-12-14,La volveria a ver
U00071,64973,7.7,2024-01-07,Buen ritmo
U00072,370980,8.7,2025-10-28,No era lo que esperaba
U00072,25941,7.3,2025-09-09,No era lo que esperaba
U00072,116745,5.9,2026-01-06,Visualmente increible
U00072,9676,5.9,2025-12-15,Buen ritmo
U00072,117,8.3,2026-02-05,Me gusto bastante
U00072,8374,6.9,2025-12-19,Buen ritmo
U00072,2898,7.8,2025-11-01,Buen ritmo
U00072,242,7.3,2025-09-12,Visualmente increible
U00072,168259,6.0,2026-01-07,La volveria a ver
U00072,38428,5.0,2026-01-07,Buen ritmo
U00072,9573,7.5,2025-09-27,Me gusto bastante
U00073,4942,5.7,2026-03-10,Historia entretenida
U00073,222250,6.8,2026-02-11,Me gusto bastante
U00073,16871,7.3,2026-02-11,Excelente recomendacion
U00073,55720,5.9,2025-11-18,Final inesperado
U00073,45243,6.5,2026-01-22,Excelente recomendacion
U00073,273481,7.4,2026-03-18,Me gusto bastante
U00073,8841,5.7,2026-01-23,Historia entretenida
U00073,1726,7.2,2025-07-24,Visualmente increible
U00073,25769,6.5,2025-09-17,Visualmente increible
U00073,489,8.3,2025-09-04,Buena para recomendar
U00073,2841,6.3,2025-10-18,Gran actuacion
U00074,604,7.9,2025-02-05,No era lo que esperaba
U00074,1391,8.5,2025-06-22,No era lo que esperaba
U00074,59968,5.5,2026-02-20,Buen ritmo
U00074,210860,5.2,2025-12-23,Buena para recomendar
U00074,41894,6.6,2026-01-20,Gran actuacion
U00074,1950,5.4,2025-01-26,La volveria a ver
U00074,14293,5.1,2024-11-05,No era lo que esperaba
U00074,347764,7.6,2026-03-23,Buena para recomendar
U00075,34653,5.8,2025-11-12,Historia entretenida
U00075,283671,5.9,2025-05-29,Historia entretenida
U00075,860,7.2,2026-03-02,Visualmente increible
U00075,59917,6.2,2026-03-22,Gran actuacion
U00075,17187,5.7,2025-07-25,Visualmente increible
U00075,2266,7.1,2025-12-23,Buena para recomendar
U00075,321697,7.0,2025-10-30,Visualmente increible
U00075,50646,6.8,2025-10-22,Visualmente increible
U00075,165864,4.0,2025-08-20,Me gusto bastante
U00075,18239,4.5,2025-07-26,Final inesperado
U00075,327833,6.3,2025-08-23,Excelente recomendacion
U00075,7978,6.1,2025-11-06,Excelente recomendacion
U00075,109443,6.0,2025-08-06,Gran actuacion
U00076,22345,4.8,2025-11-12,Me gusto bastante
U00076,1535,6.5,2024-12-05,Visualmente increible
U00076,14325,7.3,2025-07-22,Gran actuacion
U00076,253235,6.0,2025-08-19,Historia entretenida
U00076,10663,6.6,2025-10-04,Me gusto bastante
U00076,24428,8.3,2025-04-14,Excelente recomendacion
U00077,707,6.7,2025-01-06,Buena para recomendar
U00077,10615,4.5,2024-03-25,Buen ritmo
U00077,18900,7.5,2025-09-05,No era lo que esperaba
U00077,10025,6.7,2025-01-19,La volveria a ver
U00077,943,7.5,2025-03-28,Me gusto bastante
U00077,3597,5.3,2025-08-04,Visualmente increible
U00078,158015,7.3,2025-12-04,Buen ritmo
U00078,26665,6.1,2024-01-11,Buena para recomendar
U00078,19,9.1,2024-10-09,Gran actuacion
U00078,31306,7.0,2023-01-10,Final inesperado
U00078,12109,7.7,2025-07-29,Gran actuacion
U00078,86838,7.3,2025-10-29,Excelente recomendacion
U00079,8988,5.7,2026-03-22,La volveria a ver
U00079,329440,5.7,2025-12-31,No era lo que esperaba
U00079,13066,4.6,2025-06-04,Me gusto bastante
U00079,9297,5.2,2026-02-07,Gran actuacion
U00079,26171,7.2,2026-01-04,Historia entretenida
U00079,2253,7.5,2025-08-15,No era lo que esperaba
U00079,8435,6.4,2025-04-21,Visualmente increible
U00079,45138,7.1,2025-11-22,La volveria a ver
U00079,142,8.6,2025-11-04,Final inesperado
U00080,6071,4.3,2025-11-05,Historia entretenida
U00080,23629,5.5,2026-02-05,Final inesperado
U00080,87502,5.8,2024-07-20,No era lo que esperaba
U00080,13495,6.6,2024-05-10,Visualmente increible
U00080,203,6.1,2024-10-26,Gran actuacion
U00080,59859,7.7,2025-03-22,Buena para recomendar
U00080,122,7.0,2024-10-28,Buen ritmo
U00080,8968,3.9,2025-09-09,No era lo que esperaba
U00080,10691,5.4,2025-01-12,La volveria a ver
U00080,13183,8.3,2024-08-04,La volveria a ver
U00081,76617,6.0,2025-09-19,Excelente recomendacion
U00081,10212,6.2,2026-01-31,Historia entretenida
U00081,37903,7.8,2026-02-11,La volveria a ver
U00081,13156,6.8,2025-12-29,No era lo que esperaba
U00081,25793,7.7,2025-11-30,Excelente recomendacion
U00081,1402,7.1,2025-12-03,Buen ritmo
U00081,24420,7.1,2025-09-23,Buen ritmo
U00081,76996,5.2,2025-05-22,Excelente recomendacion
U00081,14177,4.5,2025-11-11,Buen ritmo
U00081,504,5.9,2026-03-15,Visualmente increible
U00081,11374,4.3,2026-03-26,No era lo que esperaba
U00081,657,7.2,2026-04-04,Visualmente increible
U00082,72976,7.8,2025-08-19,Gran actuacion
U00082,10315,7.2,2022-07-22,Visualmente increible
U00082,36597,7.6,2024-10-09,Excelente recomendacion
U00082,174311,6.3,2023-07-14,No era lo que esperaba
U00082,193613,7.6,2025-05-05,Final inesperado
U00082,36825,6.2,2026-03-26,Me gusto bastante
U00082,184098,5.5,2024-01-19,Gran actuacion
U00082,646,7.5,2025-02-20,Gran actuacion
U00082,270303,6.3,2023-12-07,Visualmente increible
U00082,34592,5.5,2023-12-19,Buen ritmo
U00082,316152,7.2,2023-09-09,Visualmente increible
U00082,133694,5.8,2025-10-01,Final inesperado
U00083,36557,7.4,2024-12-13,Me gusto bastante
U00083,98,7.2,2025-08-09,Buena para recomendar
U00083,193,7.7,2024-10-11,Gran actuacion
U00083,41402,7.1,2026-01-12,Buena para recomendar
U00083,13260,5.9,2024-12-28,Me gusto bastante
U00083,667,5.7,2025-10-23,Final inesperado
U00083,75531,5.5,2025-04-01,No era lo que esperaba
U00083,11313,5.4,2026-01-10,Visualmente increible
U00083,124606,7.0,2025-06-28,Visualmente increible
U00083,28178,6.6,2025-03-07,Visualmente increible
U00083,171274,7.9,2025-04-03,Historia entretenida
U00083,4597,7.0,2026-01-26,Final inesperado
U00083,307081,6.9,2025-11-22,Excelente recomendacion
U00084,10858,6.2,2025-07-10,La volveria a ver
U00084,4476,7.5,2025-03-19,No era lo que esperaba
U00084,3175,9.1,2024-04-02,Gran actuacion
U00084,7443,7.4,2024-06-01,Gran actuacion
U00084,1624,7.6,2025-06-09,Historia entretenida
U00084,9532,7.9,2025-06-25,Historia entretenida
U00084,106646,9.0,2025-05-20,Excelente recomendacion
U00084,10925,6.8,2025-07-14,Excelente recomendacion
U00084,10336,5.4,2024-05-14,Historia entretenida
U00084,1891,8.3,2025-11-04,Buena para recomendar
U00084,41154,5.3,2025-06-19,No era lo que esperaba
U00084,327,8.0,2024-03-26,Final inesperado
U00084,12573,5.7,2026-01-04,Visualmente increible
U00084,9778,7.4,2025-12-20,Me gusto bastante
U00084,168672,7.6,2026-03-17,Me gusto bastante
U00085,9802,5.5,2025-09-13,Historia entretenida
U00085,244772,7.4,2025-01-25,La volveria a ver
U00085,15250,8.1,2024-02-20,Visualmente increible
U00085,79161,7.1,2025-04-30,No era lo que esperaba
U00085,17820,8.2,2025-10-16,Historia entretenida
U00086,34813,7.6,2024-07-16,No era lo que esperaba
U00086,22,6.4,2025-02-16,Buena para recomendar
U00086,45226,6.2,2024-07-14,No era lo que esperaba
U00086,389425,5.1,2023-10-02,Buena para recomendar
U00086,28902,6.1,2025-01-14,Visualmente increible
U00086,24428,6.2,2023-11-10,Excelente recomendacion
U00087,16110,3.9,2025-02-15,Buen ritmo
U00087,87093,8.1,2024-11-04,Me gusto bastante
U00087,20862,5.3,2024-05-28,Me gusto bastante
U00087,215,7.1,2025-09-24,Final inesperado
U00087,7350,8.1,2026-01-05,Visualmente increible
U00087,26748,6.9,2024-10-26,Excelente recomendacion
U00087,82696,5.7,2024-11-04,Me gusto bastante
U00087,489,7.3,2025-04-08,Historia entretenida
U00087,2100,5.9,2025-10-25,Buena para recomendar
U00087,8847,6.1,2025-02-20,Buena para recomendar
U00087,8814,4.1,2024-02-01,Buen ritmo
U00088,153,6.0,2026-04-05,Buen ritmo
U00088,9902,6.2,2025-07-13,La volveria a ver
U00088,77987,4.6,2025-02-10,Gran actuacion
U00088,250184,7.1,2025-07-08,Excelente recomendacion
U00088,253261,5.4,2024-11-09,La volveria a ver
U00088,11778,8.4,2025-03-25,Excelente recomendacion
U00088,3635,6.3,2025-09-04,Excelente recomendacion
U00088,254472,5.3,2026-01-03,No era lo que esperaba
U00089,48034,6.6,2026-04-02,Historia entretenida
U00089,73532,6.1,2026-03-19,Excelente recomendacion
U00089,872,8.0,2026-03-03,Excelente recomendacion
U00089,10316,5.7,2026-03-05,La volveria a ver
U00089,10999,5.8,2026-02-26,La volveria a ver
U00089,157849,5.8,2026-03-14,Visualmente increible
U00090,12783,8.1,2026-03-18,La volveria a ver
U00090,10426,4.7,2026-04-09,Buena para recomendar
U00090,13460,6.2,2026-04-03,No era lo que esperaba
U00090,33511,6.0,2026-03-20,Gran actuacion
U00090,8981,7.0,2026-03-26,Buena para recomendar
U00090,9297,5.4,2026-04-04,Buen ritmo
U00090,38757,7.7,2026-03-28,La volveria a ver
U00090,239,6.9,2026-04-06,Me gusto bastante
U00090,10331,6.3,2026-04-04,Gran actuacion
U00090,14164,4.2,2026-03-19,Me gusto bastante
U00090,41110,5.5,2026-04-02,Buen ritmo
U00090,14736,8.3,2026-03-17,No era lo que esperaba
U00090,628,6.4,2026-03-20,Buena para recomendar
U00091,278927,5.3,2026-04-09,Buena para recomendar
U00091,147441,6.7,2025-11-02,Gran actuacion
U00091,769,7.2,2026-03-04,Gran actuacion
U00092,35019,6.8,2025-09-13,Gran actuacion
U00092,62204,7.5,2023-10-08,Buen ritmo
U00092,87428,4.3,2025-01-20,Excelente recomendacion
U00092,14854,5.9,2025-12-24,La volveria a ver
U00092,2080,6.5,2024-07-23,Visualmente increible
U00092,8358,8.2,2022-09-01,Buena para recomendar
U00092,587,8.1,2025-11-11,Final inesperado
U00092,17431,7.6,2025-10-05,La volveria a ver
U00092,14758,7.2,2024-08-28,Visualmente increible
U00093,26665,8.0,2026-03-12,La volveria a ver
U00093,107,7.4,2024-06-18,Excelente recomendacion
U00093,17332,7.1,2024-08-09,Buena para recomendar
U00093,3062,7.2,2024-08-30,Buena para recomendar
U00093,244534,5.2,2026-03-16,Buen ritmo
U00093,63287,6.2,2025-10-18,La volveria a ver
U00093,295886,7.2,2025-01-22,Visualmente increible
U00093,109418,6.1,2025-03-09,Buena para recomendar
U00093,59981,6.7,2025-08-22,Buen ritmo
U00093,10105,7.5,2025-07-09,Buen ritmo
U00094,15765,5.7,2026-03-22,La volveria a ver
U00094,47546,3.4,2023-12-25,Final inesperado
U00094,2123,6.0,2023-12-04,Historia entretenida
U00094,65086,6.9,2025-02-17,Me gusto bastante
U00094,15237,5.4,2024-12-04,Excelente recomendacion
U00095,228161,6.5,2026-03-13,Gran actuacion
U00095,39541,5.2,2025-11-14,Buen ritmo
U00095,2059,7.4,2026-03-20,Excelente recomendacion
U00095,605,6.5,2025-09-17,Buen ritmo
U00095,812,6.8,2025-11-23,La volveria a ver
U00095,10478,5.6,2025-08-09,Buen ritmo
U00095,1966,5.0,2026-02-16,Visualmente increible
U00095,77948,3.8,2026-01-02,Buen ritmo
U00095,82693,6.5,2025-11-24,Me gusto bastante
U00096,2359,7.8,2026-03-13,Buen ritmo
U00096,18632,5.0,2026-03-17,No era lo que esperaba
U00096,17578,6.2,2026-02-21,Buena para recomendar
U00096,122,8.3,2025-11-27,Visualmente increible
U00096,24206,4.4,2026-04-06,Buen ritmo
U00096,11257,5.4,2026-01-13,Buen ritmo
U00096,136795,5.9,2025-12-13,Me gusto bastante
U00096,8363,7.4,2026-02-21,La volveria a ver
U00096,72431,7.2,2025-11-20,Buena para recomendar
U00096,13198,7.2,2025-12-03,Buena para recomendar
U00097,6073,5.1,2026-01-28,Me gusto bastante
U00097,62116,7.5,2025-08-17,Final inesperado
U00097,1598,8.3,2024-01-12,Gran actuacion
U00097,10646,3.5,2024-01-13,Final inesperado
U00097,2118,6.6,2024-06-08,Me gusto bastante
U00098,11217,4.9,2025-12-16,Me gusto bastante
U00098,14425,6.5,2025-09-08,No era lo que esperaba
U00099,57158,7.1,2026-02-19,Historia entretenida
U00099,9762,5.4,2026-01-13,La volveria a ver
U00099,198184,7.4,2025-05-05,Gran actuacion
U00099,162,6.5,2026-02-06,Visualmente increible
U00099,8871,7.2,2026-02-22,No era lo que esperaba
U00099,27029,6.2,2025-05-17,Historia entretenida
U00099,241771,7.7,2025-08-14,Buen ritmo
U00099,49530,5.5,2025-05-13,No era lo que esperaba
U00099,184346,7.2,2025-09-05,Excelente recomendacion
U00099,83542,7.2,2025-07-11,La volveria a ver
U00099,244316,6.1,2025-08-09,Buen ritmo
U00099,86838,7.6,2025-07-10,La volveria a ver
U00100,89861,9.2,2022-12-25,Historia entretenida
U00100,24663,3.4,2022-07-16,Historia entretenida
U00100,10198,6.7,2026-03-11,Gran actuacion
U00100,22971,6.4,2022-10-26,Excelente recomendacion
U00100,346081,9.9,2025-04-18,Final inesperado
U00100,310131,5.0,2025-05-19,Buena para recomendar
U00100,2447,5.3,2025-10-17,Me gusto bastante
U00100,26916,4.4,2023-10-29,Me gusto bastante
U00100,332285,5.2,2024-01-16,Buen ritmo
U00100,257,8.1,2023-07-06,Final inesperado
U00101,34813,6.1,2026-02-13,Final inesperado
U00101,1824,6.5,2026-02-25,Buen ritmo
U00101,11863,5.4,2023-12-10,Buena para recomendar
U00101,13197,6.3,2024-11-10,No era lo que esperaba
U00101,4553,8.7,2024-03-16,Historia entretenida
U00101,464,7.3,2025-10-06,Buen ritmo
U00101,12,8.0,2024-07-22,Buena para recomendar
U00101,16162,6.5,2023-11-17,Excelente recomendacion
U00102,10238,8.2,2023-04-27,Visualmente increible
U00102,88042,6.5,2024-03-28,Me gusto bastante
U00102,10140,6.8,2025-07-14,La volveria a ver
U00102,864,6.9,2024-10-02,Gran actuacion
U00102,4174,6.7,2024-07-17,Final inesperado
U00102,184374,4.6,2023-05-06,Me gusto bastante
U00103,118957,4.1,2025-04-21,Final inesperado
U00103,35689,6.4,2025-11-04,Excelente recomendacion
U00103,205587,7.2,2025-05-24,Gran actuacion
U00103,13483,7.2,2025-09-21,Excelente recomendacion
U00103,82675,7.3,2025-11-21,Final inesperado
U00103,54138,7.0,2025-08-08,Final inesperado
U00104,10156,7.0,2025-12-22,Gran actuacion
U00104,5780,6.1,2025-12-10,Visualmente increible
U00104,49051,5.9,2026-03-11,Buen ritmo
U00104,109451,6.2,2026-02-04,Visualmente increible
U00104,766,8.0,2026-02-05,Buena para recomendar
U00104,11363,6.0,2025-12-24,Gran actuacion
U00104,23963,6.1,2025-09-29,Visualmente increible
U00104,14057,6.1,2026-02-19,Visualmente increible
U00104,11812,6.6,2026-03-05,Final inesperado
U00104,10674,7.5,2025-12-21,Gran actuacion
U00105,17994,7.1,2025-01-19,Gran actuacion
U00105,621,8.6,2025-01-21,No era lo que esperaba
U00105,18840,7.3,2025-02-08,Gran actuacion
U00105,270946,5.4,2025-09-05,Buen ritmo
U00105,135397,6.2,2026-01-05,Me gusto bastante
U00105,254904,6.4,2025-05-07,La volveria a ver
U00105,602,8.0,2025-09-01,Historia entretenida
U00105,10527,7.1,2025-05-24,Buena para recomendar
U00105,13508,7.9,2025-07-09,Buen ritmo
U00105,10743,5.2,2026-03-26,No era lo que esperaba
U00106,64686,6.7,2025-06-07,Gran actuacion
U00106,14278,8.2,2026-03-14,La volveria a ver
U00106,50780,6.7,2025-11-02,Visualmente increible
U00106,26673,2.0,2026-01-22,Historia entretenida
U00106,109443,5.1,2025-04-01,Gran actuacion
U00107,4421,7.4,2025-08-19,Excelente recomendacion
U00107,156022,6.8,2025-11-17,Me gusto bastante
U00107,27023,4.5,2023-07-22,Final inesperado
U00107,7299,7.9,2023-10-17,Gran actuacion
U00107,9398,7.0,2025-09-19,Buena para recomendar
U00107,49521,7.8,2023-08-21,La volveria a ver
U00107,10329,3.5,2026-01-14,Gran actuacion
U00107,22798,6.7,2023-11-23,La volveria a ver
U00107,49520,6.7,2024-09-27,Visualmente increible
U00107,11577,5.8,2023-07-27,Buena para recomendar
U00107,37718,5.9,2023-11-05,Me gusto bastante
U00107,293863,6.5,2023-12-18,Gran actuacion
U00108,51384,6.6,2026-03-26,Historia entretenida
U00108,113947,5.4,2026-03-16,Final inesperado
U00108,33511,8.4,2026-03-26,No era lo que esperaba
U00108,20,6.5,2026-03-04,Buena para recomendar
U00108,39209,4.8,2026-03-15,Final inesperado
U00108,24684,7.7,2026-03-27,Final inesperado
U00108,12109,8.3,2026-04-05,Excelente recomendacion
U00108,5123,7.3,2026-02-19,Visualmente increible
U00109,79777,4.4,2025-08-08,Gran actuacion
U00109,42618,6.7,2026-03-31,Buen ritmo
U00109,424,9.4,2026-02-05,Visualmente increible
U00109,48340,5.9,2026-03-05,Final inesperado
U00109,44826,6.6,2025-12-29,No era lo que esperaba
U00109,137,6.5,2025-08-26,Gran actuacion
U00109,10383,5.1,2025-10-21,Buena para recomendar
U00109,10637,8.0,2025-10-14,Buen ritmo
U00109,11818,5.6,2025-12-04,Final inesperado
U00109,45612,8.5,2025-08-30,Historia entretenida
U00109,10368,6.1,2026-02-09,No era lo que esperaba
U00109,10590,7.6,2025-12-30,Final inesperado
U00110,859,7.6,2025-01-07,La volveria a ver
U00110,9726,5.1,2024-08-21,Excelente recomendacion
U00110,44833,5.6,2024-06-28,No era lo que esperaba
U00110,9304,4.1,2025-11-01,Buen ritmo
U00110,50620,6.1,2025-05-15,Visualmente increible
U00110,239,7.7,2024-08-14,Visualmente increible
U00110,10760,7.3,2024-12-15,Buena para recomendar
U00110,211672,6.1,2024-06-30,Historia entretenida
U00110,8053,7.5,2025-10-02,Excelente recomendacion
U00111,38358,6.8,2024-11-10,Buen ritmo
U00111,314365,7.2,2025-04-27,Gran actuacion
U00111,10673,6.7,2025-07-03,Historia entretenida
U00111,1359,8.0,2026-03-27,Historia entretenida
U00111,68684,7.0,2024-05-16,Buena para recomendar
U00111,9626,4.1,2024-10-12,Visualmente increible
U00111,332285,6.2,2024-06-21,Buena para recomendar
U00111,48034,6.4,2025-10-11,Me gusto bastante
U00111,38365,7.2,2025-03-07,Me gusto bastante
U00111,287524,3.5,2025-08-24,No era lo que esperaba
U00111,37165,8.2,2024-09-11,Final inesperado
U00111,17795,5.0,2025-07-22,Excelente recomendacion
U00111,52032,7.0,2025-07-30,Buen ritmo
U00111,159824,6.4,2025-02-21,Historia entretenida
U00112,55604,7.7,2026-04-02,Final inesperado
U00112,45791,8.2,2026-04-08,Buena para recomendar
U00112,27586,5.5,2026-03-23,Visualmente increible
U00112,17187,7.4,2026-03-25,Excelente recomendacion
U00112,10162,8.1,2026-04-10,Gran actuacion
U00112,253450,6.0,2026-03-26,No era lo que esperaba
U00113,11619,5.0,2025-01-16,Gran actuacion
U00113,1417,8.5,2025-05-19,No era lo que esperaba
U00113,20024,7.3,2025-10-01,No era lo que esperaba
U00113,188652,6.0,2024-08-26,Buen ritmo
U00113,55720,7.5,2025-09-03,Visualmente increible
U00113,4929,6.4,2025-12-17,Me gusto bastante
U00113,76493,6.1,2025-09-05,Excelente recomendacion
U00113,13475,7.3,2023-07-03,Buena para recomendar
U00113,9955,4.8,2024-11-07,Final inesperado
U00113,9781,5.6,2025-01-04,Historia entretenida
U00113,89325,5.3,2025-06-07,Excelente recomendacion
U00113,340611,7.6,2026-02-05,Visualmente increible
U00113,264644,8.7,2023-09-20,Gran actuacion
U00114,2621,6.0,2026-01-09,Excelente recomendacion
U00114,4421,7.2,2025-11-18,Excelente recomendacion
U00114,100402,8.0,2025-11-05,Gran actuacion
U00114,227306,6.0,2026-03-11,Gran actuacion
U00114,10705,6.7,2025-12-11,Historia entretenida
U00114,9685,7.8,2025-11-28,Gran actuacion
U00114,101179,4.3,2026-01-14,Historia entretenida
U00114,62838,5.8,2026-03-24,La volveria a ver
U00114,2669,7.9,2026-02-23,Buena para recomendar
U00114,9424,4.9,2026-02-11,Me gusto bastante
U00114,319,6.4,2025-10-13,Buena para recomendar
U00114,296096,6.3,2026-02-19,Excelente recomendacion
U00114,19840,5.1,2026-01-26,No era lo que esperaba
U00114,4944,7.0,2026-01-22,Excelente recomendacion
U00114,19905,4.5,2025-09-23,La volveria a ver
U00114,86837,6.5,2026-02-25,Buena para recomendar
U00114,14544,5.2,2025-09-08,Historia entretenida
U00114,7515,6.1,2025-10-27,Excelente recomendacion
U00114,20766,5.4,2025-10-15,Buen ritmo
U00115,11620,6.2,2025-05-29,La volveria a ver
U00115,10987,3.7,2026-04-09,Gran actuacion
U00115,921,6.2,2025-12-18,Excelente recomendacion
U00115,18079,7.8,2026-04-07,La volveria a ver
U00115,375950,6.6,2025-01-03,Buen ritmo
U00115,44413,7.3,2025-03-31,Me gusto bastante
U00115,15121,8.0,2025-01-11,La volveria a ver
U00115,12454,6.9,2025-04-28,Excelente recomendacion
U00115,63492,6.4,2025-02-13,Gran actuacion
U00115,54138,7.1,2025-03-24,Me gusto bastante
U00116,4584,8.0,2023-12-20,Excelente recomendacion
U00116,125052,5.4,2023-06-28,Visualmente increible
U00116,11665,6.5,2023-09-13,Visualmente increible
U00116,20024,7.5,2022-11-14,Me gusto bastante
U00116,13991,4.2,2025-06-27,Final inesperado
U00116,272726,1.0,2025-01-12,Buena para recomendar
U00116,16620,7.3,2023-10-21,Me gusto bastante
U00116,241251,4.8,2024-06-07,Me gusto bastante
U00116,18,7.2,2023-01-01,Buena para recomendar
U00117,924,6.4,2025-03-09,Final inesperado
U00117,16351,6.2,2026-02-05,Me gusto bastante
U00117,196867,5.7,2025-07-14,Me gusto bastante
U00117,22794,7.7,2025-02-26,Final inesperado
U00117,4551,6.9,2025-10-05,No era lo que esperaba
U00117,44718,7.0,2024-10-01,Visualmente increible
U00117,9705,6.2,2024-11-19,La volveria a ver
U00117,14048,8.2,2025-08-19,Final inesperado
U00118,13950,4.9,2026-03-29,Gran actuacion
U00118,9275,5.6,2026-01-15,No era lo que esperaba
U00118,37710,7.1,2026-02-09,No era lo que esperaba
U00118,287948,4.4,2026-02-28,Visualmente increible
U00118,193893,6.0,2026-03-07,Buen ritmo
U00118,17043,4.7,2026-04-01,Excelente recomendacion
U00118,5393,5.8,2026-01-18,Gran actuacion
U00118,9779,5.7,2026-02-14,Buen ritmo
U00118,10153,6.2,2026-03-29,Gran actuacion
U00118,82532,7.3,2026-01-17,Gran actuacion
U00118,294512,7.2,2026-03-13,Visualmente increible
U00118,11858,6.3,2026-02-04,Buen ritmo
U00118,283671,5.9,2026-02-23,Buen ritmo
U00118,242512,6.3,2026-01-30,La volveria a ver
U00119,8592,7.0,2026-04-09,Historia entretenida
U00119,11184,6.6,2026-04-05,Me gusto bastante
U00119,308639,8.0,2026-04-09,Final inesperado
U00119,44413,8.0,2026-04-04,Visualmente increible
U00119,9588,5.1,2026-04-03,Gran actuacion
U00119,5759,7.1,2026-04-03,Buena para recomendar
U00120,8386,7.3,2024-01-07,Historia entretenida
U00120,24420,6.1,2026-03-07,Final inesperado
U00120,9016,7.0,2025-12-28,Final inesperado
U00120,92591,6.8,2024-07-07,Buena para recomendar
U00120,3034,8.5,2024-04-18,No era lo que esperaba
U00121,157841,5.4,2025-06-02,Excelente recomendacion
U00121,38117,5.0,2023-09-15,Excelente recomendacion
U00121,150211,5.6,2025-02-25,Buena para recomendar
U00121,173,5.8,2024-07-12,Gran actuacion
U00122,4251,6.4,2025-11-04,Buena para recomendar
U00122,1443,8.1,2024-10-27,La volveria a ver
U00122,10160,5.7,2024-08-29,Buen ritmo
U00122,336004,5.1,2024-07-02,La volveria a ver
U00122,74725,5.4,2024-08-23,Historia entretenida
U00122,17334,5.7,2025-10-21,Me gusto bastante
U00122,27404,2.7,2024-10-28,Buen ritmo
U00122,11697,6.3,2025-03-09,Excelente recomendacion
U00122,171424,5.9,2023-10-29,Historia entretenida
U00122,15647,6.8,2025-10-11,Gran actuacion
U00122,14047,7.4,2024-07-01,Historia entretenida
U00123,346,8.9,2026-01-08,Excelente recomendacion
U00123,11876,7.2,2025-12-08,Visualmente increible
U00123,9029,4.7,2026-02-11,Gran actuacion
U00123,11467,5.3,2025-11-21,Buen ritmo
U00123,12106,5.1,2026-02-01,Historia entretenida
U00123,10400,7.9,2025-12-30,Visualmente increible
U00123,9906,4.3,2026-03-26,Visualmente increible
U00123,77950,6.9,2026-04-05,Buena para recomendar
U00123,12573,6.1,2026-01-31,No era lo que esperaba
U00123,10955,6.6,2026-03-31,Me gusto bastante
U00124,18357,3.6,2025-12-23,Final inesperado
U00124,46261,5.8,2025-02-25,La volveria a ver
U00124,11377,5.5,2026-02-25,Visualmente increible
U00124,205584,5.1,2025-04-08,La volveria a ver
U00124,57212,6.7,2025-06-04,Me gusto bastante
U00124,10913,6.2,2025-03-15,Buen ritmo
U00124,4960,6.5,2024-06-12,Excelente recomendacion
U00124,2486,4.5,2024-12-23,Buena para recomendar
U00124,510,7.1,2025-05-18,Historia entretenida
U00125,4995,9.0,2026-04-01,Me gusto bastante
U00125,18923,6.5,2026-02-02,Historia entretenida
U00125,844,6.0,2026-04-10,Historia entretenida
U00125,14284,7.2,2026-01-19,Buena para recomendar
U00125,3902,5.2,2026-03-21,Excelente recomendacion
U00125,198277,8.2,2025-12-07,Excelente recomendacion
U00125,122,7.3,2025-10-11,La volveria a ver
U00125,9557,6.2,2026-03-12,Excelente recomendacion
U00125,111794,4.1,2026-03-09,Buen ritmo
U00125,9032,4.8,2026-03-21,Final inesperado
U00125,139998,7.4,2026-01-07,Buena para recomendar
U00126,259943,7.9,2025-09-17,Buena para recomendar
U00126,9763,6.3,2025-12-20,Final inesperado
U00126,27322,9.2,2025-11-11,Historia entretenida
U00126,9074,6.1,2025-12-06,La volveria a ver
U00126,1597,6.5,2026-01-31,Final inesperado
U00126,222250,7.5,2025-08-30,Historia entretenida
U00126,792,8.7,2025-07-30,Excelente recomendacion
U00126,35073,6.9,2025-04-09,Visualmente increible
U00127,94329,7.7,2026-03-31,Me gusto bastante
U00127,14846,6.7,2026-04-05,Final inesperado
U00127,13193,7.4,2026-04-01,No era lo que esperaba
U00127,81220,4.9,2026-04-01,No era lo que esperaba
U00127,116745,6.8,2026-04-06,Gran actuacion
U00128,9032,4.8,2022-11-06,Excelente recomendacion
U00128,65448,5.2,2024-06-02,Excelente recomendacion
U00128,10744,6.0,2024-12-08,Final inesperado
U00128,10557,5.2,2025-03-09,Buena para recomendar
U00128,62676,7.1,2022-11-17,Visualmente increible
U00128,105,8.1,2024-05-08,Excelente recomendacion
U00128,1587,6.4,2023-03-07,La volveria a ver
U00129,12509,5.7,2025-08-22,Buena para recomendar
U00129,533,7.3,2026-03-14,No era lo que esperaba
U00129,14544,5.1,2025-07-27,Buena para recomendar
U00129,17044,6.0,2025-10-17,Me gusto bastante
U00129,24,6.4,2025-09-08,Final inesperado
U00129,23759,6.2,2026-03-03,La volveria a ver
U00129,157353,4.9,2025-09-24,Final inesperado
U00129,426469,7.4,2025-12-27,Excelente recomendacion
U00129,290595,4.5,2025-11-15,Final inesperado
U00130,308531,5.3,2026-03-19,Visualmente increible
U00130,421,5.7,2026-03-15,Visualmente increible
U00130,18785,7.0,2026-01-02,No era lo que esperaba
U00130,10776,7.2,2026-02-02,No era lo que esperaba
U00130,59,8.3,2026-04-05,Visualmente increible
U00130,8069,5.2,2025-12-23,Visualmente increible
U00130,64688,6.8,2026-02-12,Me gusto bastante
U00131,73247,4.0,2024-09-19,Gran actuacion
U00131,10955,7.6,2025-03-14,Buena para recomendar
U00131,33693,7.1,2024-08-25,Me gusto bastante
U00131,23730,6.5,2024-11-02,Excelente recomendacion
U00131,762,8.3,2025-08-09,Buena para recomendar
U00131,10147,6.3,2025-09-20,La volveria a ver
U00132,5137,4.4,2026-01-06,No era lo que esperaba
U00132,62206,4.4,2025-11-28,Excelente recomendacion
U00132,10781,4.4,2026-04-05,No era lo que esperaba
U00132,75780,6.8,2026-01-15,No era lo que esperaba
U00132,14631,9.4,2026-03-20,Buen ritmo
U00132,9907,6.8,2026-01-04,Excelente recomendacion
U00132,223,7.1,2026-02-08,Me gusto bastante
U00132,227,7.9,2026-01-01,Me gusto bastante
U00132,238636,6.2,2026-02-04,Historia entretenida
U00132,639,7.0,2026-04-06,Me gusto bastante
U00132,7873,7.3,2026-01-18,Buena para recomendar
U00132,10806,4.9,2025-10-31,Historia entretenida
U00132,31246,2.9,2026-03-06,No era lo que esperaba
U00132,8408,8.0,2025-11-03,Gran actuacion
U00132,21461,8.3,2025-11-05,Me gusto bastante
U00133,14834,6.8,2023-07-12,Me gusto bastante
U00133,76163,7.1,2025-05-16,Historia entretenida
U00133,43931,5.0,2025-08-03,Visualmente increible
U00133,22907,5.2,2022-10-10,Excelente recomendacion
U00133,262504,6.2,2024-01-30,No era lo que esperaba
U00133,10705,8.1,2022-10-27,Excelente recomendacion
U00133,10490,7.2,2023-11-11,No era lo que esperaba
U00133,10866,6.6,2025-03-21,Buena para recomendar
U00133,7548,6.3,2022-08-17,Buen ritmo
U00133,5255,5.0,2025-05-20,Visualmente increible
U00133,257088,4.5,2023-03-07,Me gusto bastante
U00133,8359,6.3,2025-12-18,No era lo que esperaba
U00133,14538,6.6,2025-09-14,Gran actuacion
U00133,68735,6.4,2022-07-29,La volveria a ver
U00133,13856,7.9,2024-01-27,No era lo que esperaba
U00134,11687,6.9,2025-07-31,Excelente recomendacion
U00134,107846,6.4,2023-08-26,La volveria a ver
U00134,15067,7.5,2023-10-02,Buen ritmo
U00134,8292,6.0,2024-10-02,Buena para recomendar
U00134,65,8.2,2026-04-02,Visualmente increible
U00134,1924,7.2,2025-08-03,La volveria a ver
U00134,40185,4.3,2026-02-07,Final inesperado
U00134,63574,6.4,2025-03-31,Me gusto bastante
U00134,8688,5.7,2024-06-26,Historia entretenida
U00134,30890,5.8,2023-11-26,Final inesperado
U00135,25195,7.8,2025-07-23,Buena para recomendar
U00135,8467,6.6,2022-12-04,Buen ritmo
U00135,4348,8.6,2023-08-25,No era lo que esperaba
U00135,55301,4.9,2025-02-13,Buena para recomendar
U00135,198663,5.9,2024-10-29,Buena para recomendar
U00135,87825,6.0,2023-12-31,Me gusto bastante
U00135,24055,6.0,2022-11-24,Historia entretenida
U00135,10167,4.4,2022-10-26,Me gusto bastante
U00135,392,6.5,2025-01-21,Excelente recomendacion
U00135,9893,6.4,2025-12-04,Buena para recomendar
U00135,703,8.8,2025-04-04,Visualmente increible
U00135,18320,8.0,2024-02-10,La volveria a ver
U00135,159014,7.7,2022-11-25,Excelente recomendacion
U00135,1495,6.3,2025-05-05,Buen ritmo
U00135,8814,6.4,2024-01-03,Me gusto bastante
U00135,244776,3.0,2024-11-09,Me gusto bastante
U00136,227306,8.8,2024-05-26,Gran actuacion
U00136,76493,5.2,2025-10-21,Final inesperado
U00136,811,7.2,2023-09-14,Historia entretenida
U00136,2123,6.9,2025-09-28,Me gusto bastante
U00136,98568,6.0,2025-07-09,Me gusto bastante
U00136,77930,6.5,2024-12-01,Buen ritmo
U00136,10073,2.8,2025-05-29,Excelente recomendacion
U00136,10481,5.6,2025-11-27,Visualmente increible
U00136,158895,5.7,2026-01-04,No era lo que esperaba
U00136,19997,6.3,2026-03-29,Historia entretenida
U00136,109418,7.3,2023-09-19,Visualmente increible
U00136,957,8.1,2025-02-23,Buena para recomendar
U00136,558,7.9,2025-03-11,Gran actuacion
U00136,137106,8.0,2024-09-20,Buena para recomendar
U00137,44639,9.0,2025-06-29,Historia entretenida
U00137,9952,5.8,2023-03-26,Historia entretenida
U00137,9645,5.8,2024-08-11,Gran actuacion
U00137,177572,8.5,2022-09-29,Buen ritmo
U00137,12100,6.8,2026-03-08,Buena para recomendar
U00137,11156,6.6,2023-05-27,Buena para recomendar
U00137,11459,4.4,2024-02-18,La volveria a ver
U00137,84401,7.5,2025-10-08,La volveria a ver
U00137,318846,6.4,2022-12-19,Me gusto bastante
U00137,14271,8.2,2023-01-01,Historia entretenida
U00138,11697,8.3,2026-03-31,Buena para recomendar
U00138,86331,5.2,2026-03-26,Excelente recomendacion
U00138,37718,5.9,2026-03-22,Final inesperado
U00138,205126,5.3,2026-03-13,La volveria a ver
U00138,27581,6.1,2026-03-28,Historia entretenida
U00138,22600,5.4,2026-03-24,Historia entretenida
U00138,309,8.9,2026-03-15,Excelente recomendacion
U00138,10030,6.8,2026-04-10,Historia entretenida
U00138,9029,4.7,2026-03-29,Me gusto bastante
U00139,18126,5.0,2025-07-26,Visualmente increible
U00139,121826,6.6,2025-07-22,Buena para recomendar
U00139,1123,7.8,2026-02-14,Excelente recomendacion
U00139,217,6.2,2025-12-14,Me gusto bastante
U00139,3049,7.6,2025-10-27,Excelente recomendacion
U00139,329540,5.0,2025-10-09,Visualmente increible
U00139,8054,6.7,2025-10-28,Excelente recomendacion
U00139,9257,6.9,2025-04-21,Gran actuacion
U00139,9361,7.0,2025-03-26,La volveria a ver
U00140,63006,5.4,2025-08-18,Gran actuacion
U00140,9899,6.7,2026-03-11,Buena para recomendar
U00140,12085,6.3,2025-04-28,Excelente recomendacion
U00140,335874,5.3,2025-10-23,La volveria a ver
U00140,11678,6.1,2025-11-23,Final inesperado
U00140,24266,6.8,2025-02-23,Buena para recomendar
U00140,38303,6.8,2025-09-01,Historia entretenida
U00141,1777,7.9,2025-07-06,Me gusto bastante
U00141,252680,6.1,2026-03-12,Me gusto bastante
U00141,170687,7.1,2025-05-17,Gran actuacion
U00141,25209,7.8,2026-04-06,Buena para recomendar
U00141,1272,6.2,2025-01-17,Gran actuacion
U00141,16614,7.7,2025-03-09,Final inesperado
U00141,15059,4.3,2025-08-28,Excelente recomendacion
U00141,115,7.7,2025-09-12,Me gusto bastante
U00141,9576,7.3,2025-03-10,Final inesperado
U00141,20653,7.2,2024-09-10,Buena para recomendar
U00141,601,8.2,2026-01-02,Buen ritmo
U00142,580,3.8,2022-12-03,Buena para recomendar
U00142,46738,8.1,2023-09-01,Excelente recomendacion
U00142,11968,6.0,2024-12-28,Me gusto bastante
U00142,1637,8.3,2025-10-15,No era lo que esperaba
U00142,7347,6.7,2022-08-11,Buen ritmo
U00142,654,6.7,2022-10-27,La volveria a ver
U00142,64678,5.2,2025-07-27,Visualmente increible
U00142,11308,7.3,2024-03-10,Buena para recomendar
U00142,9618,6.7,2025-11-29,Excelente recomendacion
U00142,199933,2.8,2023-09-26,La volveria a ver
U00142,184341,5.1,2025-09-22,No era lo que esperaba
U00142,43213,6.1,2024-12-14,Buen ritmo
U00142,11973,5.9,2023-04-12,Visualmente increible
U00143,12763,6.6,2026-01-13,Visualmente increible
U00143,13538,6.5,2025-10-22,Historia entretenida
U00143,242166,3.4,2026-04-10,Visualmente increible
U00143,769,8.7,2026-01-10,Visualmente increible
U00144,185567,7.8,2026-04-08,Historia entretenida
U00144,9428,6.4,2023-12-26,Final inesperado
U00144,18736,7.2,2024-08-28,Me gusto bastante
U00144,54518,3.7,2023-01-29,Historia entretenida
U00144,284293,6.2,2023-03-07,Visualmente increible
U00144,8337,7.3,2025-10-04,Visualmente increible
U00144,8095,6.1,2023-09-04,No era lo que esperaba
U00144,228203,7.8,2025-01-22,La volveria a ver
U00144,65055,5.1,2025-03-21,Excelente recomendacion
U00144,206563,6.4,2024-12-06,Final inesperado
U00144,11516,7.0,2023-12-01,Final inesperado
U00144,109424,7.6,2023-06-27,La volveria a ver
U00144,57431,6.1,2024-11-04,Final inesperado
U00144,48463,5.4,2024-04-27,Buena para recomendar
U00144,9280,5.3,2023-05-29,Historia entretenida
U00144,37495,5.9,2023-09-26,Buena para recomendar
U00145,8681,8.5,2026-04-07,No era lo que esperaba
U00145,166624,5.8,2025-03-25,La volveria a ver
U00145,13516,6.2,2025-10-14,Me gusto bastante
U00145,8978,4.9,2026-02-27,La volveria a ver
U00145,2287,5.4,2025-05-21,Gran actuacion
U00145,14164,1.8,2026-02-07,Final inesperado
U00145,36658,7.7,2025-10-13,Visualmente increible
U00146,99861,7.5,2025-04-21,Me gusto bastante
U00146,11208,7.8,2025-04-07,La volveria a ver
U00146,71,7.3,2025-11-02,Final inesperado
U00146,146,5.8,2025-05-23,La volveria a ver
U00146,205220,6.4,2024-12-30,La volveria a ver
U00146,218,7.0,2024-11-29,Final inesperado
U00146,13811,6.8,2025-01-23,Visualmente increible
U00146,15927,7.4,2025-11-22,Visualmente increible
U00146,116745,8.0,2023-11-03,La volveria a ver
U00146,2069,6.3,2025-08-18,Visualmente increible
U00146,49478,4.2,2026-01-24,La volveria a ver
U00146,292481,1.8,2023-12-08,Gran actuacion
U00146,13523,5.6,2025-12-11,La volveria a ver
U00146,8456,6.8,2025-09-08,Historia entretenida
U00146,50544,5.8,2025-01-11,Visualmente increible
U00146,2268,5.2,2023-12-07,La volveria a ver
U00146,43213,7.2,2025-06-14,Buena para recomendar
U00147,13435,7.5,2024-09-22,Buen ritmo
U00147,888,3.7,2025-09-10,Gran actuacion
U00147,1637,7.2,2026-02-19,Buena para recomendar
U00147,29963,6.0,2026-02-06,Buena para recomendar
U00147,9344,5.9,2024-06-07,La volveria a ver
U00147,184098,5.4,2024-05-20,Visualmente increible
U00147,31908,6.0,2024-08-16,Buena para recomendar
U00147,21413,5.6,2025-12-16,Me gusto bastante
U00148,17287,5.5,2026-02-07,La volveria a ver
U00148,110415,7.9,2025-12-31,No era lo que esperaba
U00148,9766,6.3,2026-01-04,Gran actuacion
U00148,500,9.2,2026-01-15,Gran actuacion
U00148,8669,7.5,2026-02-19,Gran actuacion
U00148,1669,6.6,2026-04-01,Visualmente increible
U00148,33693,6.3,2026-03-27,Historia entretenida
U00148,9683,6.0,2026-04-07,Gran actuacion
U00148,1581,7.7,2026-03-18,Gran actuacion
U00148,9701,6.4,2026-01-17,Historia entretenida
U00148,66468,3.6,2026-02-17,Buen ritmo
U00149,42684,4.5,2025-10-23,Buena para recomendar
U00149,312791,4.5,2026-01-25,Buena para recomendar
U00149,8329,7.5,2025-09-22,Final inesperado
U00149,8960,4.9,2026-03-05,Buen ritmo
U00149,14283,6.7,2026-01-22,No era lo que esperaba
U00149,72207,4.5,2026-02-09,Visualmente increible
U00149,105,6.8,2026-03-10,Historia entretenida
U00149,10890,6.3,2025-12-01,La volveria a ver
U00149,72190,7.7,2025-10-05,Buena para recomendar
U00149,9679,5.7,2026-03-04,No era lo que esperaba
U00149,10307,5.2,2026-02-12,Buen ritmo
U00149,8363,6.6,2025-12-11,Historia entretenida
U00150,1613,4.6,2026-02-28,Gran actuacion
U00150,280871,5.6,2026-04-01,La volveria a ver
U00150,14358,7.0,2026-02-20,Visualmente increible
U00150,192210,4.0,2026-02-03,Historia entretenida
U00151,22,6.5,2026-04-08,No era lo que esperaba
U00151,6521,6.9,2026-02-18,Excelente recomendacion
U00151,9991,6.5,2026-03-12,No era lo que esperaba
U00151,10390,7.5,2026-04-10,Gran actuacion
U00151,36668,5.0,2026-03-17,Buena para recomendar
U00151,7303,5.2,2026-02-26,Visualmente increible
U00151,270487,5.8,2026-02-01,Visualmente increible
U00151,1891,9.3,2026-02-13,No era lo que esperaba
U00151,32456,4.5,2026-03-17,Buen ritmo
U00151,11519,4.4,2026-03-18,Buen ritmo
U00151,18191,4.5,2026-02-24,Historia entretenida
U00151,320146,5.6,2026-02-20,Buen ritmo
U00151,274479,6.0,2026-03-22,Gran actuacion
U00151,77987,4.1,2026-02-05,Final inesperado
U00151,339408,7.3,2026-03-08,Buena para recomendar
U00151,74536,4.6,2026-01-31,No era lo que esperaba
U00152,49051,5.7,2024-09-13,Gran actuacion
U00152,8838,5.5,2025-04-19,Excelente recomendacion
U00152,6537,6.0,2025-07-28,La volveria a ver
U00152,76493,6.6,2024-12-22,No era lo que esperaba
U00152,131631,8.0,2023-12-14,Buen ritmo
U00152,44770,5.8,2023-11-11,La volveria a ver
U00152,42819,7.0,2024-11-27,Final inesperado
U00152,8592,7.1,2026-03-09,Me gusto bastante
U00152,13938,7.7,2025-08-02,Me gusto bastante
U00152,15489,3.3,2025-03-12,Buen ritmo
U00152,34069,5.6,2024-10-20,No era lo que esperaba
U00152,8847,5.5,2025-06-30,No era lo que esperaba
U00152,45610,5.0,2025-02-19,No era lo que esperaba
U00152,198185,7.6,2024-07-25,Gran actuacion
U00153,8587,6.7,2025-12-26,Buen ritmo
U00153,308467,3.4,2024-08-29,Buena para recomendar
U00153,479,4.4,2024-02-22,Final inesperado
U00153,24575,6.5,2024-04-12,Buen ritmo
U00153,292,7.5,2025-04-15,Final inesperado
U00153,24021,5.4,2024-12-23,Buen ritmo
U00153,435,7.2,2026-03-10,No era lo que esperaba
U00153,11635,7.1,2024-02-22,Buena para recomendar
U00154,11667,3.7,2026-04-09,Buena para recomendar
U00154,10074,5.3,2026-01-26,Historia entretenida
U00154,1546,5.9,2026-03-25,Buen ritmo
U00154,9408,6.5,2026-01-18,Historia entretenida
U00154,92591,6.6,2026-01-29,Me gusto bastante
U00154,22327,4.8,2026-02-26,Buen ritmo
U00154,16186,7.8,2026-03-18,Excelente recomendacion
U00154,57201,4.4,2026-02-18,No era lo que esperaba
U00154,9350,5.1,2026-03-14,Final inesperado
U00154,10413,4.8,2026-04-06,Excelente recomendacion
U00154,1948,5.7,2026-03-11,Final inesperado
U00154,257344,6.5,2026-02-05,Gran actuacion
U00154,45153,5.9,2026-04-09,No era lo que esperaba
U00154,15765,5.6,2026-03-06,Visualmente increible
U00154,668,7.6,2026-03-20,Me gusto bastante
U00154,7737,7.0,2026-03-21,Buena para recomendar
U00154,29463,6.9,2026-02-04,Visualmente increible
U00154,36419,5.9,2026-03-06,Buen ritmo
U00154,2185,5.1,2026-01-23,Buen ritmo
U00154,34016,5.8,2026-02-06,No era lo que esperaba
U00155,70687,6.1,2024-03-15,Buen ritmo
U00155,11975,7.1,2025-06-06,La volveria a ver
U00155,9969,4.7,2023-02-02,Buena para recomendar
U00155,75638,5.1,2024-09-28,Gran actuacion
U00155,8095,5.5,2025-07-04,No era lo que esperaba
U00155,6435,4.9,2025-04-09,Final inesperado
U00155,9615,7.4,2024-05-09,La volveria a ver
U00155,16358,5.1,2025-12-10,Visualmente increible
U00155,205321,4.8,2025-06-10,No era lo que esperaba
U00156,11977,5.2,2025-04-23,Excelente recomendacion
U00156,926,7.5,2024-10-10,Excelente recomendacion
U00156,11827,6.0,2025-03-10,Visualmente increible
U00156,16858,8.5,2024-11-18,Historia entretenida
U00156,120,8.9,2025-09-28,Excelente recomendacion
U00156,41630,6.6,2024-08-08,Buena para recomendar
U00156,87818,4.2,2025-09-01,Final inesperado
U00156,2253,8.2,2026-01-06,Me gusto bastante
U00156,21338,6.6,2025-07-17,Gran actuacion
U00156,1690,6.4,2024-07-13,Final inesperado
U00156,1381,8.2,2025-05-23,Buen ritmo
U00156,12634,3.6,2025-02-18,La volveria a ver
U00156,11240,5.3,2024-08-26,Gran actuacion
U00156,62,7.2,2025-04-08,Me gusto bastante
U00157,68734,5.8,2025-04-25,No era lo que esperaba
U00157,9778,7.8,2024-06-05,Historia entretenida
U00157,21512,6.4,2025-03-12,Visualmente increible
U00157,652,5.7,2025-10-16,Me gusto bastante
U00158,286217,7.6,2024-12-28,Gran actuacion
U00158,889,5.2,2024-10-03,La volveria a ver
U00158,32823,5.3,2025-09-05,La volveria a ver
U00158,13193,4.8,2024-10-25,Gran actuacion
U00158,15644,6.3,2025-10-13,Final inesperado
U00158,15699,7.2,2025-03-31,Visualmente increible
U00159,26039,6.4,2024-05-06,Visualmente increible
U00159,18276,5.3,2025-06-06,Buena para recomendar
U00159,46261,5.0,2025-03-16,Final inesperado
U00159,33157,7.5,2025-11-14,Gran actuacion
U00159,30315,5.3,2026-03-09,Me gusto bastante
U00160,76617,5.7,2025-02-21,Excelente recomendacion
U00160,77875,4.4,2024-12-11,Buena para recomendar
U00160,9074,6.8,2024-02-08,Buena para recomendar
U00160,72387,6.2,2024-09-26,Final inesperado
U00160,29076,5.2,2025-06-14,Gran actuacion
U00160,27329,6.4,2025-09-01,Historia entretenida
U00160,10016,4.5,2024-06-05,Buen ritmo
U00160,11007,5.9,2024-06-17,La volveria a ver
U00160,12596,6.7,2022-08-16,Gran actuacion
U00160,57294,5.7,2024-03-10,Buen ritmo
U00161,13187,8.2,2025-05-20,No era lo que esperaba
U00161,60422,5.4,2024-10-03,Excelente recomendacion
U00161,26352,6.4,2024-10-27,Excelente recomendacion
U00161,9659,8.0,2025-11-13,Final inesperado
U00162,17277,4.7,2025-05-20,La volveria a ver
U00162,10331,6.2,2025-01-21,Me gusto bastante
U00162,29078,6.6,2025-08-19,Gran actuacion
U00162,139038,6.9,2025-05-03,Excelente recomendacion
U00162,9945,5.5,2025-07-31,Visualmente increible
U00162,10663,7.1,2025-06-07,Buen ritmo
U00162,1550,6.0,2025-01-11,Final inesperado
U00163,8840,7.5,2026-01-31,Gran actuacion
U00163,11362,8.2,2025-12-14,La volveria a ver
U00163,277,7.6,2025-09-28,Buena para recomendar
U00163,27205,8.6,2025-10-04,Buen ritmo
U00163,746,8.6,2025-03-16,No era lo que esperaba
U00164,14582,7.7,2026-03-22,Me gusto bastante
U00164,22074,7.0,2024-02-11,La volveria a ver
U00164,16433,5.4,2024-10-24,Gran actuacion
U00164,44562,4.2,2025-12-31,Visualmente increible
U00164,65203,5.5,2024-01-09,Historia entretenida
U00164,16052,8.1,2026-01-23,Final inesperado
U00164,2355,7.8,2024-01-09,La volveria a ver
U00164,184098,6.0,2024-03-24,La volveria a ver
U00164,44833,5.6,2024-02-14,Gran actuacion
U00164,78373,10.0,2024-07-08,Buena para recomendar
U00164,87827,7.9,2025-12-31,Me gusto bastante
U00164,238603,4.4,2024-10-21,Final inesperado
U00165,91314,6.8,2025-09-28,Gran actuacion
U00165,5915,8.6,2026-02-28,Visualmente increible
U00165,7944,7.7,2026-04-01,Excelente recomendacion
U00165,7364,4.8,2025-07-17,Buen ritmo
U00165,11901,7.4,2026-02-07,Me gusto bastante
U00165,853,6.9,2025-12-05,Historia entretenida
U00165,10060,6.5,2026-02-12,Visualmente increible
U00165,11153,8.6,2025-10-27,Excelente recomendacion
U00165,38985,6.5,2026-02-26,Excelente recomendacion
U00165,256961,6.1,2026-03-13,Visualmente increible
U00165,17663,7.5,2025-02-15,Buena para recomendar
U00165,31246,2.4,2025-12-16,Gran actuacion
U00165,137094,6.5,2026-02-14,Visualmente increible
U00166,334531,6.2,2025-10-05,Historia entretenida
U00166,1865,4.9,2025-09-02,Excelente recomendacion
U00166,98549,3.8,2025-02-15,Buen ritmo
U00166,10218,8.3,2026-02-18,Buena para recomendar
U00166,61038,3.2,2026-02-04,Buen ritmo
U00166,11431,6.5,2026-03-14,Me gusto bastante
U00166,49026,7.8,2026-01-29,No era lo que esperaba
U00166,2133,6.8,2025-05-08,Excelente recomendacion
U00166,9942,6.6,2026-02-23,Buena para recomendar
U00166,2667,5.0,2025-04-19,Historia entretenida
U00166,272878,5.7,2025-04-29,Buen ritmo
U00167,23479,5.4,2024-12-18,Excelente recomendacion
U00167,23655,5.8,2025-10-18,Me gusto bastante
U00167,364,5.9,2024-09-24,Me gusto bastante
U00167,1273,6.0,2025-07-12,Excelente recomendacion
U00167,11011,5.3,2025-06-01,La volveria a ver
U00167,9099,5.5,2026-01-09,Visualmente increible
U00167,77934,4.4,2024-11-25,La volveria a ver
U00167,1966,6.7,2025-10-19,Me gusto bastante
U00167,10501,5.7,2025-12-14,Final inesperado
U00167,11062,4.5,2025-05-04,La volveria a ver
U00167,2907,7.2,2025-06-16,Historia entretenida
U00167,327833,5.2,2025-11-07,Historia entretenida
U00167,17834,6.6,2024-10-09,Visualmente increible
U00167,25166,5.4,2024-10-21,Me gusto bastante
U00168,1683,6.3,2026-02-08,La volveria a ver
U00168,256924,5.7,2026-03-31,La volveria a ver
U00168,9950,7.2,2025-10-13,Me gusto bastante
U00168,39780,5.1,2026-04-04,La volveria a ver
U00168,49527,7.6,2025-06-21,Buen ritmo
U00169,19052,7.2,2025-02-13,Historia entretenida
U00169,11780,6.3,2024-10-22,Historia entretenida
U00169,9388,6.5,2025-07-21,Historia entretenida
U00169,371690,5.4,2023-09-12,Final inesperado
U00169,11086,8.1,2024-11-28,Gran actuacion
U00169,13476,6.8,2023-12-22,No era lo que esperaba
U00169,5955,6.1,2024-02-23,Gran actuacion
U00169,24,7.4,2025-10-05,Historia entretenida
U00169,107,7.7,2023-11-16,La volveria a ver
U00169,55720,7.5,2023-09-06,Buen ritmo
U00169,539,8.1,2025-02-06,Visualmente increible
U00170,11798,8.7,2025-04-23,No era lo que esperaba
U00170,293646,6.6,2023-02-18,Visualmente increible
U00170,24021,5.5,2024-03-20,Historia entretenida
U00171,30596,6.5,2025-08-17,Buena para recomendar
U00171,43090,7.0,2025-10-02,La volveria a ver
U00171,14156,6.4,2025-12-13,Visualmente increible
U00171,10858,8.4,2025-04-30,No era lo que esperaba
U00171,81390,5.5,2025-06-12,Gran actuacion
U00172,40264,4.6,2025-10-29,Buen ritmo
U00172,43935,3.4,2025-10-17,Excelente recomendacion
U00172,11971,5.9,2026-03-24,Visualmente increible
U00172,43923,7.9,2026-01-26,La volveria a ver
U00172,606,8.3,2026-01-28,Gran actuacion
U00173,76,6.3,2025-01-02,Me gusto bastante
U00173,8847,6.3,2023-03-07,Gran actuacion
U00173,6519,4.6,2026-02-18,Excelente recomendacion
U00173,1777,6.8,2022-09-29,No era lo que esperaba
U00173,12837,6.9,2024-12-03,No era lo que esperaba
U00173,8883,7.3,2024-02-19,Buena para recomendar
U00173,5551,7.0,2025-07-04,Buena para recomendar
U00173,27374,7.4,2024-06-03,Final inesperado
U00173,10781,5.0,2024-06-22,Final inesperado
U00173,75531,5.1,2025-09-01,Gran actuacion
U00174,1245,8.7,2026-01-11,Buena para recomendar
U00174,1705,6.6,2025-08-01,Excelente recomendacion
U00174,3597,4.5,2025-11-08,Me gusto bastante
U00174,9726,6.8,2025-05-08,Buen ritmo
U00174,44943,4.8,2025-05-11,No era lo que esperaba
U00174,23618,7.8,2026-03-26,Final inesperado
U00174,41479,6.8,2025-05-31,Historia entretenida
U00175,15037,4.8,2025-07-13,Me gusto bastante
U00175,89,8.5,2026-03-25,Historia entretenida
U00175,2292,8.4,2025-03-31,Final inesperado
U00175,55903,7.8,2024-10-23,Gran actuacion
U00175,12106,5.4,2026-03-08,Buena para recomendar
U00176,9662,7.1,2026-04-05,Buen ritmo
U00176,72914,7.6,2026-03-28,Final inesperado
U00176,257091,6.1,2026-04-10,La volveria a ver
U00176,43867,8.8,2026-04-09,La volveria a ver
U00176,13007,8.1,2026-04-07,Buena para recomendar
U00176,47692,7.4,2026-03-26,La volveria a ver
U00176,268238,6.6,2026-03-29,Buen ritmo
U00176,11973,8.1,2026-04-05,Buena para recomendar
U00177,24227,4.9,2026-03-03,Historia entretenida
U00177,18840,8.0,2026-03-01,Me gusto bastante
U00177,10537,7.3,2026-01-26,Visualmente increible
U00177,96721,6.4,2026-03-27,Buen ritmo
U00178,1051,6.6,2026-04-01,Visualmente increible
U00178,1593,6.4,2026-01-15,Me gusto bastante
U00178,10987,5.3,2025-12-29,Buen ritmo
U00178,10564,7.0,2026-03-10,Visualmente increible
U00178,14181,7.8,2026-01-30,Final inesperado
U00178,244403,6.6,2026-03-28,Excelente recomendacion
U00178,10528,6.8,2026-02-13,La volveria a ver
U00178,10610,3.8,2025-12-14,Gran actuacion
U00178,328307,9.1,2026-01-04,La volveria a ver
U00178,36691,5.3,2026-01-03,Final inesperado
U00179,67913,6.4,2024-11-27,Excelente recomendacion
U00179,119450,6.8,2026-01-25,Historia entretenida
U00179,50646,7.0,2026-01-01,No era lo que esperaba
U00179,1726,6.0,2024-11-06,Visualmente increible
U00179,293863,8.1,2026-01-19,No era lo que esperaba
U00179,59728,4.1,2025-09-29,Buen ritmo
U00179,10133,5.7,2024-01-23,Me gusto bastante
U00180,3021,5.6,2023-06-06,Me gusto bastante
U00180,125490,4.8,2026-02-04,Excelente recomendacion
U00180,202604,3.7,2025-10-12,Excelente recomendacion
U00180,12162,8.6,2023-12-25,La volveria a ver
U00180,24150,6.1,2025-09-02,Excelente recomendacion
U00180,35199,8.2,2023-06-21,Final inesperado
U00180,10077,5.7,2025-07-28,Excelente recomendacion
U00180,203801,7.2,2023-06-30,Final inesperado
U00181,2289,6.2,2023-04-12,Buen ritmo
U00181,24748,8.0,2023-01-06,Excelente recomendacion
U00181,26390,6.7,2023-09-23,Me gusto bastante
U00181,205220,7.1,2024-07-10,No era lo que esperaba
U00181,10563,6.6,2025-01-13,Excelente recomendacion
U00181,146233,8.5,2022-12-24,Buena para recomendar
U00181,7485,5.7,2024-09-28,Historia entretenida
U00181,6877,4.4,2022-12-23,No era lo que esperaba
U00181,14161,6.7,2022-12-10,Buena para recomendar
U00181,6478,5.3,2023-08-13,No era lo que esperaba
U00181,1573,5.8,2024-09-02,Buena para recomendar
U00181,301351,7.7,2023-01-21,Visualmente increible
U00182,10684,6.9,2026-04-09,Excelente recomendacion
U00182,403,5.8,2025-11-01,Visualmente increible
U00182,15186,3.3,2023-01-27,Buena para recomendar
U00182,274854,7.1,2023-02-10,Buen ritmo
U00182,41402,7.8,2025-11-14,La volveria a ver
U00182,10070,7.3,2026-01-24,Gran actuacion
U00182,1865,6.4,2023-10-04,Gran actuacion
U00182,244316,4.7,2024-05-16,Me gusto bastante
U00182,557,7.2,2025-08-15,Me gusto bastante
U00182,39800,5.4,2024-11-15,Visualmente increible
U00183,300673,5.4,2025-03-19,Excelente recomendacion
U00183,8836,4.2,2025-11-12,Visualmente increible
U00183,14462,7.6,2025-06-22,Final inesperado
U00183,60400,5.2,2025-09-10,Me gusto bastante
U00183,10288,5.9,2026-03-13,Historia entretenida
U00183,6639,6.3,2026-04-10,Visualmente increible
U00183,8847,7.7,2025-07-12,Buena para recomendar
U00183,1729,5.2,2025-11-29,Visualmente increible
U00183,2841,7.2,2025-12-24,Excelente recomendacion
U00183,177572,6.9,2025-07-21,La volveria a ver
U00183,11412,7.9,2026-03-02,Buena para recomendar
U00184,13649,5.9,2026-01-21,Buen ritmo
U00184,9645,6.1,2025-04-01,Visualmente increible
U00184,26022,8.0,2026-01-06,Buena para recomendar
U00184,33,7.4,2025-03-22,Excelente recomendacion
U00184,156022,8.2,2024-07-26,Buena para recomendar
U00184,9783,5.0,2024-02-24,Visualmente increible
U00184,44945,5.2,2024-09-02,Final inesperado
U00184,55,7.8,2025-01-15,La volveria a ver
U00184,10956,4.0,2025-09-08,Gran actuacion
U00184,84188,6.4,2025-03-02,Buen ritmo
U00184,9691,4.7,2024-07-16,Visualmente increible
U00185,27573,5.9,2025-11-15,Buena para recomendar
U00185,921,6.7,2024-11-02,Visualmente increible
U00185,65203,6.2,2025-06-01,Me gusto bastante
U00185,45243,6.1,2026-02-03,Gran actuacion
U00185,308531,6.7,2026-01-11,No era lo que esperaba
U00185,641,9.4,2026-03-24,Gran actuacion
U00185,244534,6.4,2025-01-14,La volveria a ver
U00185,49517,5.7,2025-03-19,Final inesperado
U00185,8080,4.5,2024-08-09,No era lo que esperaba
U00185,24226,6.6,2025-03-15,La volveria a ver
U00185,584,5.6,2025-05-12,Me gusto bastante
U00185,13132,4.6,2025-05-30,Visualmente increible
U00185,231576,6.5,2026-01-13,Excelente recomendacion
U00186,926,7.8,2022-11-23,Excelente recomendacion
U00186,18736,4.3,2023-08-20,Buena para recomendar
U00186,43931,5.0,2025-06-26,Excelente recomendacion
U00186,16899,5.8,2023-01-21,Excelente recomendacion
U00186,9631,7.6,2023-09-07,Gran actuacion
U00186,26748,5.7,2025-01-02,La volveria a ver
U00186,9944,6.2,2023-11-12,Final inesperado
U00186,16,7.7,2023-11-21,La volveria a ver
U00186,9342,7.4,2026-04-02,Excelente recomendacion
U00186,33676,3.4,2023-05-28,Gran actuacion
U00186,464,8.4,2024-07-10,La volveria a ver
U00186,14113,4.6,2022-12-12,Excelente recomendacion
U00187,8617,4.2,2025-12-31,Excelente recomendacion
U00187,31166,6.8,2026-03-09,Buen ritmo
U00187,2008,4.9,2026-02-20,La volveria a ver
U00187,22794,7.7,2025-11-09,Visualmente increible
U00187,261,7.8,2026-03-11,Me gusto bastante
U00187,25376,6.4,2025-12-28,Excelente recomendacion
U00187,1852,5.8,2026-01-23,Buena para recomendar
U00187,10634,7.8,2025-12-02,Historia entretenida
U00187,34806,4.8,2026-02-09,Excelente recomendacion
U00187,90369,7.4,2026-02-23,Excelente recomendacion
U00187,96721,8.5,2026-02-13,La volveria a ver
U00188,3170,6.5,2026-03-15,La volveria a ver
U00188,1777,7.2,2025-08-05,Historia entretenida
U00188,25786,3.3,2025-05-27,Visualmente increible
U00188,110415,5.9,2025-01-24,Final inesperado
U00188,18238,5.1,2025-06-14,Visualmente increible
U00188,76341,7.7,2024-12-15,Excelente recomendacion
U00188,10136,5.9,2025-03-14,Historia entretenida
U00188,13075,6.0,2025-09-18,Final inesperado
U00188,28580,6.6,2024-12-04,Buen ritmo
U00188,319,6.1,2026-04-02,Buena para recomendar
U00188,6007,6.9,2025-04-12,Visualmente increible
U00188,8416,7.3,2025-05-02,Me gusto bastante
U00188,347548,3.6,2025-04-04,Final inesperado
U00188,12149,6.7,2025-09-05,Buena para recomendar
U00189,15037,7.5,2026-03-30,Final inesperado
U00189,13938,7.1,2025-03-15,La volveria a ver
U00189,3902,7.5,2025-04-11,Excelente recomendacion
U00189,10022,6.1,2025-07-14,Historia entretenida
U00189,9963,5.2,2025-09-28,No era lo que esperaba
U00189,20857,5.2,2026-04-03,Final inesperado
U00190,103,7.3,2025-12-26,Buen ritmo
U00190,2661,5.4,2025-12-25,Excelente recomendacion
U00190,10734,8.1,2025-09-03,Buena para recomendar
U00190,79698,4.3,2025-10-27,Buena para recomendar
U00190,9641,5.0,2025-12-24,Visualmente increible
U00190,9331,7.5,2026-03-04,Excelente recomendacion
U00190,927,5.4,2026-01-20,Buen ritmo
U00190,951,7.0,2025-11-03,Visualmente increible
U00190,14160,8.2,2025-12-09,Me gusto bastante
U00190,1537,5.3,2026-02-13,Me gusto bastante
U00190,329,8.5,2025-11-02,Gran actuacion
U00190,558,8.2,2025-10-18,Historia entretenida
U00191,11560,5.5,2023-06-21,Gran actuacion
U00191,13920,7.8,2024-09-20,Excelente recomendacion
U00191,17139,6.3,2025-08-31,Buena para recomendar
U00191,1544,6.6,2023-07-10,Me gusto bastante
U00191,11770,7.7,2025-03-31,No era lo que esperaba
U00191,13776,6.2,2025-11-10,No era lo que esperaba
U00191,106646,8.8,2025-06-06,Final inesperado
U00191,215,4.9,2025-12-22,Visualmente increible
U00191,10996,3.9,2025-06-15,Buen ritmo
U00191,6073,6.7,2026-02-19,Me gusto bastante
U00191,10664,7.7,2022-08-14,La volveria a ver
U00192,9381,4.4,2026-01-13,No era lo que esperaba
U00192,1887,6.3,2024-06-08,Final inesperado
U00192,59436,7.0,2024-10-27,Me gusto bastante
U00192,356987,4.3,2025-09-23,Historia entretenida
U00192,6520,5.4,2024-06-05,Buena para recomendar
U00192,8291,7.8,2024-05-02,Historia entretenida
U00192,46705,5.5,2025-04-06,Historia entretenida
U00192,50620,5.2,2026-01-24,Gran actuacion
U00192,37498,4.4,2025-07-14,Historia entretenida
U00192,1429,7.1,2025-06-24,La volveria a ver
U00192,36657,5.7,2025-12-09,Me gusto bastante
U00192,454,6.0,2025-06-29,Buena para recomendar
U00193,2771,7.4,2024-12-21,La volveria a ver
U00193,2447,5.5,2025-09-07,Buena para recomendar
U00193,9766,6.4,2024-12-17,Excelente recomendacion
U00193,30379,5.0,2025-05-08,Historia entretenida
U00193,855,8.4,2025-01-01,Gran actuacion
U00193,10563,6.0,2025-12-03,Historia entretenida
U00193,14451,5.5,2024-08-04,No era lo que esperaba
U00193,10744,5.6,2025-09-03,Buen ritmo
U00193,243938,4.5,2025-07-29,Historia entretenida
U00193,11831,5.3,2025-09-23,Me gusto bastante
U00193,948,8.9,2025-06-24,Gran actuacion
U00193,104896,6.7,2024-08-27,Gran actuacion
U00193,327,6.7,2025-07-27,Excelente recomendacion
U00193,8618,6.2,2025-05-02,Buena para recomendar
U00193,18041,5.9,2024-12-28,Historia entretenida
U00194,76726,7.3,2025-05-03,Historia entretenida
U00194,9991,7.3,2025-11-22,Buena para recomendar
U00194,16358,7.0,2024-07-10,Historia entretenida
U00194,16614,7.7,2025-08-04,La volveria a ver
U00195,10739,5.9,2024-12-08,Final inesperado
U00195,1895,7.2,2024-05-28,Gran actuacion
U00195,27936,6.9,2025-03-19,Excelente recomendacion
U00195,38543,5.0,2024-03-09,La volveria a ver
U00195,9621,4.6,2026-02-12,Buen ritmo
U00195,12117,7.7,2025-04-22,Historia entretenida
U00195,9737,7.5,2024-07-08,Historia entretenida
U00195,1833,5.7,2025-01-03,Final inesperado
U00195,251979,5.0,2024-08-07,Excelente recomendacion
U00195,255266,5.9,2025-04-29,Visualmente increible
U00196,205,6.1,2026-03-10,La volveria a ver
U00196,20694,4.1,2025-12-22,No era lo que esperaba
U00196,1381,6.6,2025-12-23,Visualmente increible
U00196,13475,7.8,2025-12-09,Buena para recomendar
U00196,136795,7.3,2026-03-07,No era lo que esperaba
U00197,15070,6.8,2025-05-05,Me gusto bastante
U00197,156022,6.4,2024-01-30,Excelente recomendacion
U00197,10634,8.1,2024-01-04,Visualmente increible
U00197,9481,5.0,2024-10-27,Me gusto bastante
U00197,8090,5.1,2023-12-26,Me gusto bastante
U00197,49521,6.6,2024-07-30,Historia entretenida
U00197,12183,6.0,2025-11-06,No era lo que esperaba
U00197,10663,5.5,2025-04-20,Buen ritmo
U00197,9341,5.5,2026-04-05,No era lo que esperaba
U00197,480,7.0,2024-07-03,La volveria a ver
U00198,72570,7.8,2024-07-02,La volveria a ver
U00198,9441,8.0,2025-10-14,La volveria a ver
U00198,6615,6.1,2024-04-15,Gran actuacion
U00198,16991,5.6,2025-01-03,Buena para recomendar
U00198,29193,7.2,2024-07-20,Me gusto bastante
U00198,9273,7.0,2025-08-16,Buen ritmo
U00198,65086,6.7,2026-03-14,Buena para recomendar
U00198,865,6.7,2025-03-30,Me gusto bastante
U00198,8408,6.0,2024-01-25,Excelente recomendacion
U00198,38541,6.3,2024-01-28,Historia entretenida
U00198,84175,6.1,2025-11-20,Historia entretenida
U00199,30973,8.2,2025-11-04,La volveria a ver
U00199,41730,6.9,2025-10-25,Historia entretenida
U00199,9759,6.6,2025-10-11,Gran actuacion
U00199,131631,5.2,2026-03-15,Me gusto bastante
U00199,24356,4.5,2025-09-17,No era lo que esperaba
U00199,1808,6.2,2025-10-04,La volveria a ver
U00199,14181,5.4,2025-10-16,Gran actuacion
U00199,15639,2.4,2025-11-07,Me gusto bastante
U00199,14275,7.0,2025-11-05,Excelente recomendacion
U00199,17113,6.8,2025-10-06,Buena para recomendar
U00199,9582,6.3,2025-11-08,Historia entretenida
U00199,88751,7.3,2025-12-15,No era lo que esperaba
U00200,11022,5.7,2024-01-05,La volveria a ver
U00200,10858,6.6,2025-06-18,Buena para recomendar
U00200,539,7.4,2024-03-21,Final inesperado
U00200,193613,6.8,2025-05-29,No era lo que esperaba
U00200,2290,6.7,2024-12-06,Gran actuacion
U00200,138832,7.7,2024-11-15,La volveria a ver
U00200,12690,5.8,2024-02-11,Final inesperado
U00200,82693,7.5,2025-05-25,Excelente recomendacion
U00200,34723,5.8,2024-01-19,Final inesperado
U00200,10030,4.6,2025-01-16,Historia entretenida
U00200,47534,4.0,2024-07-16,Historia entretenida
U00200,44115,6.0,2025-09-29,Excelente recomendacion
U00201,14608,6.9,2025-08-16,Excelente recomendacion
U00201,10782,5.9,2025-12-06,Buen ritmo
U00201,252512,5.4,2025-08-03,La volveria a ver
U00201,3933,5.8,2025-08-28,Visualmente increible
U00201,398,6.4,2026-01-05,Visualmente increible
U00201,55465,6.9,2025-09-20,Buena para recomendar
U00202,287948,3.8,2024-09-22,No era lo que esperaba
U00202,149,6.5,2025-01-16,Buen ritmo
U00202,12085,4.8,2024-10-13,Excelente recomendacion
U00202,756,7.8,2025-11-27,Excelente recomendacion
U00202,109729,3.0,2026-02-19,Buena para recomendar
U00202,10187,5.0,2024-10-15,Excelente recomendacion
U00202,250066,4.1,2024-07-05,Buena para recomendar
U00202,2001,5.7,2024-10-31,Me gusto bastante
U00202,9313,6.3,2024-11-13,Historia entretenida
U00202,10523,7.4,2025-02-25,No era lo que esperaba
U00202,9767,4.7,2025-05-28,Final inesperado
U00202,8408,8.2,2024-06-18,Historia entretenida
U00202,13490,5.7,2025-04-16,No era lo que esperaba
U00202,96721,8.6,2025-07-22,La volveria a ver
U00203,10320,5.9,2024-03-13,La volveria a ver
U00203,17332,6.2,2024-05-22,No era lo que esperaba
U00203,393,7.7,2025-03-31,La volveria a ver
U00203,46138,6.1,2024-10-30,La volveria a ver
U00203,10534,5.3,2024-05-14,No era lo que esperaba
U00203,11831,6.2,2023-09-21,Final inesperado
U00203,550,8.7,2024-12-04,Gran actuacion
U00203,41439,5.5,2023-09-05,Gran actuacion
U00203,264644,9.3,2023-09-24,La volveria a ver
U00203,9292,4.6,2025-01-31,Historia entretenida
U00204,11901,8.8,2025-06-16,Buen ritmo
U00204,12207,7.0,2024-02-03,Final inesperado
U00204,206563,7.5,2025-03-04,Historia entretenida
U00204,2292,6.8,2025-09-07,Gran actuacion
U00204,9495,7.7,2025-02-06,Excelente recomendacion
U00204,54897,6.8,2023-12-05,Me gusto bastante
U00204,46529,6.5,2025-06-23,Buen ritmo
U00204,39437,7.1,2024-03-19,Buen ritmo
U00204,83588,7.6,2023-12-31,No era lo que esperaba
U00204,2116,4.6,2023-11-04,Buen ritmo
U00204,40001,3.9,2024-08-27,Historia entretenida
U00205,157354,6.8,2024-12-07,Buen ritmo
U00205,21349,6.6,2024-07-06,Buen ritmo
U00205,1885,8.0,2025-01-10,Visualmente increible
U00205,1588,5.3,2024-04-26,No era lo que esperaba
U00205,193756,7.4,2024-08-18,Buen ritmo
U00205,309503,6.2,2024-10-24,La volveria a ver
U00206,11968,6.5,2025-06-19,Buena para recomendar
U00206,222649,6.3,2026-04-02,Gran actuacion
U00206,2080,5.7,2025-12-05,Me gusto bastante
U00206,11457,8.3,2025-12-24,Me gusto bastante
U00206,39780,5.5,2025-08-14,Me gusto bastante
U00206,184374,4.5,2025-10-03,Final inesperado
U00207,218043,4.7,2025-12-03,Historia entretenida
U00208,12569,4.4,2025-04-20,Buena para recomendar
U00208,193893,6.2,2024-11-01,Historia entretenida
U00208,663,6.2,2026-03-25,No era lo que esperaba
U00208,62728,4.9,2023-12-22,Buen ritmo
U00208,270946,6.1,2023-11-21,Me gusto bastante
U00208,118340,9.0,2024-10-14,Buen ritmo
U00208,82654,6.5,2023-12-18,La volveria a ver
U00208,2604,6.5,2023-07-21,Visualmente increible
U00208,26688,5.9,2025-01-16,Final inesperado
U00208,9470,7.3,2024-10-25,Excelente recomendacion
U00208,700,5.0,2023-04-03,Historia entretenida
U00208,10386,7.3,2025-03-03,Buen ritmo
U00209,281957,6.1,2024-12-03,Visualmente increible
U00209,10707,6.5,2023-10-26,Excelente recomendacion
U00209,12163,6.8,2025-03-30,Excelente recomendacion
U00209,8065,6.5,2022-10-27,Historia entretenida
U00209,16899,7.4,2026-01-22,Buen ritmo
U00209,28355,6.3,2025-04-18,Historia entretenida
U00209,10353,5.0,2022-10-13,No era lo que esperaba
U00210,285783,5.5,2025-11-08,Historia entretenida
U00210,12192,4.6,2026-01-27,Gran actuacion
U00210,14306,5.8,2025-12-10,Buena para recomendar
U00210,193893,6.8,2026-01-01,Me gusto bastante
U00210,138832,6.0,2026-01-22,Buena para recomendar
U00210,5125,6.3,2025-11-12,Me gusto bastante
U00210,11978,5.5,2026-02-03,Buena para recomendar
U00210,335874,3.2,2026-03-14,No era lo que esperaba
U00210,188927,5.7,2026-01-10,Final inesperado
U00210,11959,7.6,2026-01-24,Gran actuacion
U00210,223702,4.7,2026-01-02,Visualmente increible
U00210,68734,6.9,2025-11-22,Final inesperado
U00210,44413,8.0,2025-12-25,Historia entretenida
U00211,15198,5.5,2026-03-26,Final inesperado
U00211,6877,6.6,2026-04-09,Historia entretenida
U00211,205588,6.7,2026-04-03,Excelente recomendacion
U00211,5125,5.8,2026-04-07,Gran actuacion
U00212,188161,5.0,2025-12-08,Historia entretenida
U00212,9889,6.5,2025-02-11,Visualmente increible
U00212,12096,5.0,2025-08-30,La volveria a ver
U00212,11866,6.2,2024-10-13,Excelente recomendacion
U00212,9488,4.8,2024-04-12,Gran actuacion
U00212,8488,7.0,2025-02-27,No era lo que esperaba
U00212,692,6.4,2025-06-25,Final inesperado
U00213,17994,5.8,2025-09-08,No era lo que esperaba
U00213,216015,4.6,2024-03-24,Final inesperado
U00213,318850,5.5,2023-05-19,La volveria a ver
U00213,89540,6.5,2023-04-11,Excelente recomendacion
U00213,44040,5.7,2023-03-01,Buen ritmo
U00213,235260,5.3,2024-02-11,No era lo que esperaba
U00213,16340,5.7,2023-03-22,Buen ritmo
U00213,158852,7.5,2025-11-09,Excelente recomendacion
U00213,312791,5.4,2023-03-23,Excelente recomendacion
U00213,11873,6.0,2025-05-09,Buena para recomendar
U00213,9889,5.8,2024-10-23,Excelente recomendacion
U00213,12177,4.1,2023-11-10,Gran actuacion
U00213,2453,7.2,2024-09-16,Buen ritmo
U00214,313922,7.9,2026-02-05,Excelente recomendacion
U00214,228205,6.7,2025-12-13,Historia entretenida
U00214,375950,6.3,2026-03-16,Buena para recomendar
U00214,322745,7.5,2026-02-20,Final inesperado
U00214,11397,4.6,2025-11-21,Me gusto bastante
U00214,25636,6.3,2025-12-08,No era lo que esperaba
U00214,244786,8.1,2026-03-02,Historia entretenida
U00215,68735,6.6,2023-11-19,Final inesperado
U00215,51384,5.2,2023-03-22,Buena para recomendar
U00215,342521,7.2,2026-02-20,Visualmente increible
U00215,109431,5.4,2026-03-06,Historia entretenida
U00215,17044,7.7,2024-11-13,Me gusto bastante
U00215,365222,7.1,2024-03-16,No era lo que esperaba
U00215,576,6.8,2023-05-10,Me gusto bastante
U00215,907,8.1,2024-09-11,Buen ritmo
U00215,40428,5.0,2023-05-13,Buena para recomendar
U00215,271331,3.4,2023-01-24,Visualmente increible
U00216,246655,7.5,2025-08-27,Historia entretenida
U00216,15976,6.7,2024-01-17,Me gusto bastante
U00216,18841,6.2,2024-10-16,La volveria a ver
U00216,33468,3.7,2024-03-22,Visualmente increible
U00216,98557,6.2,2025-11-01,Buena para recomendar
U00216,21724,3.3,2026-03-26,Visualmente increible
U00216,23963,8.1,2025-01-04,Buena para recomendar
U00216,310,7.3,2024-09-05,La volveria a ver
U00217,944,7.3,2024-11-19,Historia entretenida
U00217,72976,8.1,2024-12-07,La volveria a ver
U00217,9685,5.3,2025-02-07,Buena para recomendar
U00217,11564,7.4,2025-07-10,Buena para recomendar
U00217,1649,5.2,2025-10-21,Buen ritmo
U00217,22556,7.6,2025-02-28,Me gusto bastante
U00217,8337,7.4,2025-04-05,Buen ritmo
U00217,2610,6.9,2026-02-12,Gran actuacion
U00217,585,8.1,2026-03-03,Buena para recomendar
U00217,10895,7.9,2025-11-17,Historia entretenida
U00217,2196,5.6,2025-07-24,No era lo que esperaba
U00217,8536,6.4,2025-05-04,Historia entretenida
U00217,31064,5.1,2025-05-31,Gran actuacion
U00217,65086,5.2,2025-06-19,Buena para recomendar
U00217,8193,7.5,2024-10-05,Gran actuacion
U00217,187017,6.2,2025-03-06,Excelente recomendacion
U00217,10632,4.6,2025-08-27,La volveria a ver
U00217,160588,6.5,2025-09-15,La volveria a ver
U00218,8408,6.1,2025-05-01,Excelente recomendacion
U00218,24424,5.6,2025-01-20,No era lo que esperaba
U00218,68724,6.3,2024-10-14,Me gusto bastante
U00218,157849,7.0,2025-09-20,Historia entretenida
U00218,9352,6.0,2026-01-31,Final inesperado
U00218,86838,8.0,2024-10-19,Final inesperado
U00218,2976,5.1,2024-08-01,Visualmente increible
U00219,22488,5.5,2025-06-01,Buena para recomendar
U00219,2976,5.3,2025-06-15,La volveria a ver
U00219,76285,5.9,2024-12-27,Final inesperado
U00219,49017,5.1,2026-01-11,Historia entretenida
U00219,200,6.3,2024-02-19,Gran actuacion
U00219,216282,6.7,2025-03-31,Final inesperado
U00219,8374,5.8,2026-03-25,Final inesperado
U00219,14024,6.4,2023-07-04,Gran actuacion
U00219,627,9.1,2025-12-28,Final inesperado
U00220,13223,6.7,2025-04-21,No era lo que esperaba
U00220,6972,7.4,2025-10-05,Buen ritmo
U00220,14849,5.6,2023-01-06,Me gusto bastante
U00220,24226,6.5,2024-07-30,Me gusto bastante
U00220,70868,4.6,2024-04-25,Excelente recomendacion
U00220,9787,7.6,2023-06-16,Gran actuacion
U00220,10708,5.0,2023-10-04,La volveria a ver
U00221,10153,5.0,2025-03-28,Excelente recomendacion
U00221,10384,5.9,2023-06-08,Buena para recomendar
U00221,13223,6.3,2023-11-14,Visualmente increible
U00221,590,6.7,2025-09-09,Buena para recomendar
U00221,301748,4.8,2023-09-25,Gran actuacion
U00221,31908,7.5,2023-02-07,Buen ritmo
U00221,672,7.7,2024-10-22,Final inesperado
U00221,9208,5.8,2026-01-31,Visualmente increible
U00221,394047,5.3,2023-12-18,Me gusto bastante
U00222,13649,6.0,2025-02-13,Visualmente increible
U00222,16617,5.5,2023-10-05,Excelente recomendacion
U00222,228194,7.0,2024-05-17,Gran actuacion
U00222,11382,6.7,2026-01-01,Visualmente increible
U00222,3131,6.3,2024-07-18,Buena para recomendar
U00222,33644,7.2,2025-03-27,Historia entretenida
U00222,39180,5.3,2023-11-08,Buen ritmo
U00222,331745,5.5,2025-06-15,Me gusto bastante
U00222,8883,7.9,2025-10-04,Excelente recomendacion
U00222,109443,6.8,2023-09-23,Excelente recomendacion
U00223,316002,2.6,2024-01-03,Final inesperado
U00223,10930,5.7,2025-05-26,Excelente recomendacion
U00223,16995,5.2,2026-02-16,Buena para recomendar
U00223,2084,5.2,2024-06-03,No era lo que esperaba
U00223,1858,6.2,2023-05-06,Visualmente increible
U00223,9620,4.8,2024-07-19,Visualmente increible
U00223,12596,4.5,2023-05-31,Excelente recomendacion
U00223,10760,7.0,2023-11-02,Final inesperado
U00223,8285,4.7,2026-01-12,Historia entretenida
U00223,4133,7.3,2026-01-28,La volveria a ver
U00224,7942,6.2,2024-05-30,Excelente recomendacion
U00224,1088,6.5,2026-01-31,Visualmente increible
U00224,228967,4.9,2024-05-30,Historia entretenida
U00224,5722,6.7,2025-04-07,Excelente recomendacion
U00224,7304,7.7,2024-08-18,Visualmente increible
U00224,1640,6.3,2026-01-20,Excelente recomendacion
U00225,27936,6.4,2025-11-17,Gran actuacion
U00225,8204,6.8,2025-09-18,Gran actuacion
U00225,270487,4.8,2025-07-28,Final inesperado
U00226,44564,5.1,2026-03-04,Me gusto bastante
U00226,21074,4.4,2026-03-23,Historia entretenida
U00226,15059,6.1,2026-03-08,Visualmente increible
U00226,88641,8.9,2026-03-20,La volveria a ver
U00226,37821,5.4,2026-03-14,Buena para recomendar
U00226,49051,8.3,2026-03-13,Excelente recomendacion
U00226,13,8.4,2026-04-09,Me gusto bastante
U00226,5279,5.7,2026-03-15,La volveria a ver
U00226,3093,4.0,2026-03-27,No era lo que esperaba
U00226,667,6.6,2026-03-30,Historia entretenida
U00226,17994,5.3,2026-03-11,Historia entretenida
U00227,8988,6.4,2025-06-16,Final inesperado
U00227,329440,4.6,2024-01-27,Buena para recomendar
U00227,24264,5.6,2025-10-08,La volveria a ver
U00227,62215,5.9,2024-02-02,Visualmente increible
U00227,8069,4.5,2025-02-10,Buen ritmo
U00227,820,7.8,2024-12-08,Final inesperado
U00228,1951,7.4,2024-10-14,Visualmente increible
U00228,15189,5.4,2025-09-01,Buena para recomendar
U00228,24961,6.5,2023-11-20,No era lo que esperaba
U00228,18602,7.1,2025-06-01,Buen ritmo
U00228,9357,5.7,2024-12-22,Gran actuacion
U00229,9962,5.4,2026-03-11,Final inesperado
U00229,40920,7.9,2026-02-21,Final inesperado
U00229,77,7.1,2025-09-04,No era lo que esperaba
U00229,75,6.8,2025-12-06,Gran actuacion
U00229,268920,5.4,2025-09-14,Buena para recomendar
U00229,10833,6.5,2025-07-18,Buen ritmo
U00229,1598,7.2,2025-12-18,Visualmente increible
U00229,9440,5.2,2026-01-21,Buena para recomendar
U00229,8870,6.0,2025-07-30,Gran actuacion
U00229,12610,6.9,2025-12-23,No era lo que esperaba
U00229,118,6.9,2025-12-20,Me gusto bastante
U00229,752,7.5,2025-09-24,Me gusto bastante
U00229,9826,5.1,2025-11-27,Buena para recomendar
U00230,61752,6.1,2025-12-25,La volveria a ver
U00230,10796,7.0,2025-12-31,Me gusto bastante
U00230,348,9.0,2026-01-03,No era lo que esperaba
U00230,8839,4.7,2026-03-27,Buen ritmo
U00230,87499,7.7,2026-03-04,Final inesperado
U00230,25678,6.3,2026-03-15,Historia entretenida
U00231,54054,6.4,2026-03-08,Final inesperado
U00231,1495,8.0,2024-02-25,Visualmente increible
U00231,11247,4.8,2025-10-25,Excelente recomendacion
U00231,16911,5.6,2025-06-16,Excelente recomendacion
U00231,62728,6.3,2024-03-06,Excelente recomendacion
U00231,5174,5.0,2024-05-14,Final inesperado
U00231,955,5.0,2025-10-29,Excelente recomendacion
U00231,1852,6.2,2023-12-30,Me gusto bastante
U00232,11382,6.6,2025-10-24,Buen ritmo
U00232,13498,4.1,2025-03-13,Buena para recomendar
U00232,11631,5.0,2025-07-30,Excelente recomendacion
U00232,1930,6.3,2025-03-15,La volveria a ver
U00232,244339,4.9,2025-08-31,Gran actuacion
U00233,58626,5.5,2026-01-10,Visualmente increible
U00233,1954,7.5,2026-03-21,Visualmente increible
U00233,10313,7.0,2025-10-03,Historia entretenida
U00233,308529,3.1,2025-12-02,Gran actuacion
U00233,27581,7.2,2025-02-10,Excelente recomendacion
U00233,257932,5.8,2024-11-26,Excelente recomendacion
U00233,11342,7.2,2025-03-15,Buen ritmo
U00233,27588,5.8,2025-03-12,La volveria a ver
U00233,192210,5.6,2025-07-02,No era lo que esperaba
U00234,10163,5.2,2023-03-18,Me gusto bastante
U00234,9762,8.2,2022-10-29,Visualmente increible
U00234,9032,7.1,2025-01-22,Visualmente increible
U00234,34341,5.0,2025-12-25,Gran actuacion
U00234,86825,5.0,2024-07-12,Gran actuacion
U00234,8090,6.1,2025-05-28,Final inesperado
U00234,12404,7.2,2025-08-04,Gran actuacion
U00235,38358,6.4,2026-02-11,No era lo que esperaba
U00235,7509,6.7,2025-09-14,Buena para recomendar
U00235,12763,6.6,2025-08-11,Buen ritmo
U00235,20856,4.1,2025-11-02,No era lo que esperaba
U00235,11162,6.6,2024-08-05,Buen ritmo
U00235,14317,7.1,2025-11-09,Excelente recomendacion
U00235,25113,5.0,2026-03-12,Gran actuacion
U00235,295886,6.2,2024-06-10,Visualmente increible
U00235,70006,4.8,2025-10-14,Gran actuacion
U00236,13688,5.6,2023-11-22,Buen ritmo
U00236,805,7.4,2025-08-24,Me gusto bastante
U00236,74643,7.9,2024-07-29,Visualmente increible
U00236,291270,6.3,2023-08-17,Buena para recomendar
U00236,16016,3.8,2025-06-30,Buena para recomendar
U00237,252512,6.0,2023-12-04,Buena para recomendar
U00237,8291,8.0,2023-05-01,Gran actuacion
U00237,613,7.8,2024-10-08,Gran actuacion
U00237,2044,6.0,2026-03-10,Me gusto bastante
U00237,1913,5.9,2024-08-09,La volveria a ver
U00238,8998,6.6,2025-11-05,La volveria a ver
U00238,10592,5.2,2025-11-09,Visualmente increible
U00238,80278,8.2,2026-02-04,Buena para recomendar
U00238,49852,6.6,2026-02-18,La volveria a ver
U00238,13498,4.5,2025-11-12,Buena para recomendar
U00238,14337,7.8,2026-03-22,No era lo que esperaba
U00238,9087,5.4,2025-11-21,No era lo que esperaba
U00238,310933,1.6,2026-02-16,No era lo que esperaba
U00238,51995,5.6,2025-10-17,Final inesperado
U00238,217708,6.9,2026-03-27,Buena para recomendar
U00238,9075,6.1,2026-03-20,Excelente recomendacion
U00238,11086,5.6,2026-02-05,Gran actuacion
U00238,1844,4.6,2025-11-26,Historia entretenida
U00239,1417,8.7,2025-05-03,No era lo que esperaba
U00239,11253,6.2,2025-01-22,Historia entretenida
U00239,254904,4.6,2025-01-20,Excelente recomendacion
U00239,122,7.2,2024-04-30,No era lo que esperaba
U00240,924,6.3,2025-02-14,Visualmente increible
U00240,1717,7.2,2024-08-17,Gran actuacion
U00240,16158,7.1,2023-10-02,Final inesperado
U00240,10067,5.3,2024-12-04,Me gusto bastante
U00240,9728,7.2,2025-01-24,Visualmente increible
U00240,7451,5.0,2024-08-31,Buen ritmo
U00240,13027,7.1,2025-04-12,La volveria a ver
U00240,157353,5.7,2025-10-08,Buen ritmo
U00240,9495,8.5,2024-12-30,Buena para recomendar
U00240,9880,7.2,2025-02-14,Visualmente increible
U00240,24034,5.0,2024-08-13,Gran actuacion
U00240,431,7.6,2023-03-13,Visualmente increible
U00240,9311,6.1,2025-01-08,La volveria a ver
U00240,682,6.9,2025-10-27,Final inesperado
U00241,180296,6.2,2026-03-01,Me gusto bastante
U00241,49040,4.7,2026-02-25,Historia entretenida
U00241,127560,7.5,2026-03-08,No era lo que esperaba
U00241,426469,8.8,2025-03-26,Final inesperado
U00241,146631,2.4,2026-02-28,Final inesperado
U00241,49730,5.3,2025-03-15,Me gusto bastante
U00241,10471,7.0,2026-01-16,Me gusto bastante
U00241,3083,8.4,2024-12-23,Historia entretenida
U00241,41154,5.8,2025-11-14,Me gusto bastante
U00241,11648,5.8,2025-10-01,Me gusto bastante
U00241,181330,8.1,2025-05-31,Me gusto bastante
U00242,11619,5.7,2024-12-25,Historia entretenida
U00242,1428,4.8,2025-04-25,Excelente recomendacion
U00242,225886,5.2,2025-05-05,Visualmente increible
U00242,11229,7.9,2025-07-11,Excelente recomendacion
U00242,227973,5.3,2025-10-11,Final inesperado
U00242,24428,6.3,2025-07-03,No era lo que esperaba
U00242,62837,7.3,2025-01-13,Buena para recomendar
U00243,9339,5.0,2025-02-12,Buena para recomendar
U00243,14849,6.4,2025-07-27,Buen ritmo
U00243,31166,4.7,2024-03-22,Excelente recomendacion
U00244,31867,7.1,2025-06-07,Excelente recomendacion
U00244,11826,5.5,2024-12-18,Gran actuacion
U00244,239,8.8,2024-12-30,Buen ritmo
U00244,8966,5.0,2025-10-24,Gran actuacion
U00244,10336,4.9,2025-03-13,Historia entretenida
U00244,10796,6.9,2025-09-10,Final inesperado
U00244,7304,7.5,2025-02-17,Buena para recomendar
U00244,13363,6.2,2025-01-02,Excelente recomendacion
U00244,14538,7.0,2025-10-19,No era lo que esperaba
U00244,810,5.1,2024-10-08,Excelente recomendacion
U00244,244783,4.2,2025-01-10,Visualmente increible
U00245,41479,5.6,2025-06-18,La volveria a ver
U00245,10246,6.7,2026-04-05,Me gusto bastante
U00245,20337,4.4,2025-07-09,Buena para recomendar
U00245,9067,5.0,2025-11-09,Gran actuacion
U00245,364,5.5,2025-12-20,Historia entretenida
U00245,46529,5.4,2025-03-25,No era lo que esperaba
U00245,58492,5.5,2025-04-01,Final inesperado
U00245,192134,5.4,2025-05-07,Final inesperado
U00246,117263,7.6,2026-02-06,Buena para recomendar
U00246,9074,6.2,2025-05-24,Excelente recomendacion
U00246,17654,7.1,2025-04-15,Gran actuacion
U00246,19495,4.6,2025-11-05,Excelente recomendacion
U00246,1892,6.7,2024-04-16,No era lo que esperaba
U00246,1245,7.8,2025-08-29,Visualmente increible
U00247,13972,5.1,2025-10-31,La volveria a ver
U00247,13155,7.8,2024-08-01,Me gusto bastante
U00247,70478,5.1,2025-03-06,Visualmente increible
U00247,126509,3.3,2025-01-26,Me gusto bastante
U00247,11229,7.2,2024-04-18,Historia entretenida
U00247,95,6.7,2024-12-19,Visualmente increible
U00247,1598,7.8,2024-09-28,Gran actuacion
U00247,2577,7.0,2024-07-01,Gran actuacion
U00247,10806,5.4,2024-04-27,Buena para recomendar
U00247,2043,7.2,2025-12-24,La volveria a ver
U00247,9799,6.8,2025-02-20,Buena para recomendar
U00247,57431,5.6,2024-05-17,La volveria a ver
U00248,853,6.0,2026-04-07,Historia entretenida
U00248,10160,5.5,2026-04-09,Buen ritmo
U00248,675,8.0,2026-04-10,Final inesperado
U00248,4982,6.6,2026-04-09,Final inesperado
U00248,10068,5.9,2026-04-09,Excelente recomendacion
U00248,302,6.5,2026-04-08,No era lo que esperaba
U00248,332411,3.6,2026-04-08,Historia entretenida
U00249,49049,7.1,2025-11-14,Visualmente increible
U00249,1282,7.0,2025-11-11,Buena para recomendar
U00249,50646,7.9,2026-02-15,Gran actuacion
U00249,235,6.6,2026-02-28,Visualmente increible
U00249,40688,5.1,2025-12-29,Me gusto bastante
U00249,37232,6.4,2025-12-02,Historia entretenida
U00249,9702,8.2,2025-12-27,Final inesperado
U00249,11439,7.4,2026-01-02,La volveria a ver
U00249,13363,8.4,2025-12-23,Visualmente increible
U00249,62214,6.3,2025-11-11,Historia entretenida
U00249,30890,7.9,2026-01-29,Final inesperado
U00249,200,6.3,2026-04-06,Final inesperado
U00249,8909,6.6,2026-04-05,Buen ritmo
U00249,259694,7.3,2025-11-23,Gran actuacion
U00250,22,6.5,2023-07-31,Final inesperado
U00250,3509,6.0,2024-05-18,Buena para recomendar
U00250,45132,6.3,2023-12-13,Excelente recomendacion
U00250,82654,5.2,2025-12-23,No era lo que esperaba
U00250,8944,3.9,2024-09-03,Gran actuacion
U00250,2026,5.3,2024-01-25,La volveria a ver
U00250,9557,6.0,2026-01-10,Excelente recomendacion
U00250,4512,6.7,2024-05-12,Gran actuacion
U00251,1903,6.4,2025-12-10,Gran actuacion
U00251,539,8.8,2025-02-24,Historia entretenida
U00251,8358,7.1,2025-08-03,Final inesperado
U00251,16651,5.4,2025-06-18,Buena para recomendar
U00251,77948,5.5,2025-10-07,Final inesperado
U00251,59678,5.3,2025-05-10,La volveria a ver
U00251,123678,8.3,2024-03-12,Historia entretenida
U00251,251979,4.6,2024-09-16,Excelente recomendacion
U00251,7305,5.3,2025-03-24,No era lo que esperaba
U00251,39451,6.3,2025-06-26,Gran actuacion
U00252,9042,4.0,2025-03-03,Gran actuacion
U00252,38365,6.2,2026-02-15,La volveria a ver
U00252,57201,4.8,2024-11-29,Visualmente increible
U00252,284536,6.1,2026-03-22,Buena para recomendar
U00252,9655,7.3,2025-05-03,Excelente recomendacion
U00252,83588,7.7,2025-09-18,Historia entretenida
U00252,9928,6.7,2026-04-04,No era lo que esperaba
U00252,39538,7.6,2025-09-05,No era lo que esperaba
U00252,64688,6.7,2025-10-03,Buena para recomendar
U00253,20761,4.4,2025-08-23,Buena para recomendar
U00253,807,7.9,2023-10-21,Buena para recomendar
U00253,152601,7.0,2026-03-09,Final inesperado
U00253,39851,6.0,2024-06-18,Historia entretenida
U00253,688,6.6,2024-01-03,La volveria a ver
U00253,393,6.4,2025-08-14,La volveria a ver
U00253,274,7.0,2025-12-26,Gran actuacion
U00253,49950,5.2,2025-12-10,La volveria a ver
U00253,9030,6.1,2025-07-29,Visualmente increible
U00253,68735,6.7,2025-02-23,Buena para recomendar
U00253,338,8.2,2023-11-10,No era lo que esperaba
U00253,568,6.5,2024-08-23,Gran actuacion
U00254,5137,4.9,2026-03-23,La volveria a ver
U00254,18360,5.7,2026-04-03,Buen ritmo
U00254,44853,6.7,2026-03-26,Me gusto bastante
U00254,9725,5.4,2026-04-01,La volveria a ver
U00254,11298,7.3,2026-04-10,Buena para recomendar
U00254,8456,5.1,2026-04-03,La volveria a ver
U00254,14353,6.5,2026-04-04,No era lo que esperaba
U00254,9292,6.3,2026-04-07,Buen ritmo
U00254,44835,6.5,2026-03-26,La volveria a ver
U00255,86829,6.6,2026-03-20,Buen ritmo
U00255,19,7.9,2026-03-28,Visualmente increible
U00255,254,7.5,2026-03-30,Me gusto bastante
U00255,25388,7.4,2026-03-28,No era lo que esperaba
U00255,367551,6.1,2026-03-24,Buena para recomendar
U00255,1724,5.9,2026-03-06,Gran actuacion
U00255,8688,6.3,2026-04-05,No era lo que esperaba
U00256,89,8.2,2025-04-08,La volveria a ver
U00256,2105,5.9,2025-12-12,Visualmente increible
U00256,226458,5.3,2024-06-25,Visualmente increible
U00256,752,8.5,2024-08-19,Buen ritmo
U00256,26673,3.8,2025-02-28,Buena para recomendar
U00256,7518,4.8,2025-04-16,Historia entretenida
U00257,72559,4.1,2024-10-11,Visualmente increible
U00257,96724,5.6,2024-08-17,No era lo que esperaba
U00257,6978,6.5,2023-06-30,Final inesperado
U00257,17994,6.3,2024-07-17,Buen ritmo
U00257,9950,6.6,2025-10-02,La volveria a ver
U00257,1640,7.8,2024-12-31,Visualmente increible
U00257,357441,7.3,2026-03-31,Final inesperado
U00257,10220,6.4,2025-10-27,Final inesperado
U00257,11451,3.7,2024-12-09,Visualmente increible
U00257,50348,8.4,2025-11-21,Buen ritmo
U00257,46838,8.5,2025-12-31,Gran actuacion
U00257,7288,7.3,2025-03-08,Excelente recomendacion
U00257,33217,4.7,2023-08-01,Historia entretenida
U00258,44490,5.3,2025-01-30,Gran actuacion
U00258,607,7.7,2025-11-16,La volveria a ver
U00258,1831,5.7,2025-08-10,Final inesperado
U00258,20391,6.3,2025-09-10,Buen ritmo
U00258,1696,7.7,2025-04-25,Excelente recomendacion
U00258,12506,5.4,2026-04-09,Me gusto bastante
U00258,9713,5.5,2026-02-06,Buen ritmo
U00259,302688,5.9,2025-12-26,Me gusto bastante
U00259,1368,6.8,2026-01-30,Visualmente increible
U00259,577,6.5,2026-02-01,Historia entretenida
U00260,27582,5.0,2024-06-19,Final inesperado
U00260,43306,5.3,2024-05-28,Final inesperado
U00260,10366,3.2,2024-11-28,La volveria a ver
U00260,9504,7.3,2024-03-10,Final inesperado
U00260,40807,5.9,2023-10-15,Buen ritmo
U00260,20520,6.1,2024-04-24,Gran actuacion
U00260,872,8.6,2024-03-23,Visualmente increible
U00260,48034,5.8,2025-07-22,Buen ritmo
U00260,68728,5.2,2024-05-04,Buen ritmo
U00260,50848,6.4,2023-09-03,Me gusto bastante
U00261,853,6.5,2026-03-19,No era lo que esperaba
U00261,11967,7.7,2026-02-24,Final inesperado
U00261,71676,4.8,2026-03-27,Excelente recomendacion
U00261,34941,6.3,2026-02-19,Gran actuacion
U00261,1282,7.9,2026-03-05,Buena para recomendar
U00261,500,7.5,2026-02-22,Excelente recomendacion
U00261,22954,7.8,2026-03-08,Historia entretenida
U00261,3595,5.8,2026-02-07,Buena para recomendar
U00262,57214,6.0,2024-07-12,Final inesperado
U00262,9543,7.3,2025-10-10,Me gusto bastante
U00262,4233,5.9,2024-11-14,Historia entretenida
U00262,62204,5.9,2025-12-31,Excelente recomendacion
U00262,10320,6.4,2024-09-10,Buen ritmo
U00262,308639,6.8,2025-04-27,Final inesperado
U00262,15708,8.0,2024-11-28,La volveria a ver
U00262,152742,7.0,2025-05-06,Gran actuacion
U00263,10167,4.3,2024-09-21,Final inesperado
U00263,301351,5.4,2025-12-21,Historia entretenida
U00263,96534,5.8,2024-01-18,Buen ritmo
U00263,210577,8.4,2025-04-13,Buena para recomendar
U00263,205584,4.8,2025-12-21,Excelente recomendacion
U00263,698,4.9,2025-04-12,Buena para recomendar
U00263,9798,6.1,2024-04-14,Historia entretenida
U00263,990,7.1,2025-12-07,No era lo que esperaba
U00264,4258,3.1,2023-12-07,Excelente recomendacion
U00264,9880,7.3,2024-07-21,Buen ritmo
U00264,228203,6.2,2024-02-23,Buen ritmo
U00264,591,6.2,2025-02-14,Historia entretenida
U00264,9849,3.9,2025-05-28,Historia entretenida
U00264,744,7.4,2024-06-20,Gran actuacion
U00264,4547,7.6,2024-07-09,No era lo que esperaba
U00265,10559,8.1,2024-01-03,Visualmente increible
U00265,13920,8.1,2023-08-24,Gran actuacion
U00265,10315,7.5,2024-05-29,La volveria a ver
U00265,41733,5.6,2025-08-22,Final inesperado
U00265,9095,6.8,2025-08-28,Gran actuacion
U00265,10514,7.7,2023-06-21,Visualmente increible
U00265,9870,5.5,2023-10-14,Excelente recomendacion
U00265,709,7.2,2026-02-11,Buena para recomendar
U00265,9027,4.6,2023-11-23,Final inesperado
U00266,2211,7.0,2023-10-23,Excelente recomendacion
U00266,9502,7.5,2024-03-25,No era lo que esperaba
U00266,5178,5.8,2025-06-12,La volveria a ver
U00266,136835,4.9,2025-04-09,La volveria a ver
U00266,588,7.5,2025-02-04,Excelente recomendacion
U00266,7347,8.3,2023-02-11,La volveria a ver
U00266,920,5.1,2025-11-12,Gran actuacion
U00266,16620,7.8,2024-11-20,Excelente recomendacion
U00267,11835,7.4,2025-03-29,Gran actuacion
U00267,41630,5.2,2025-03-19,Visualmente increible
U00267,10200,5.2,2025-06-27,Me gusto bastante
U00267,51052,7.7,2025-04-10,No era lo que esperaba
U00267,1999,7.4,2025-08-11,Historia entretenida
U00267,755,7.1,2025-03-17,Final inesperado
U00267,37080,8.2,2025-02-26,La volveria a ver
U00267,338,6.8,2025-07-24,Historia entretenida
U00267,5172,5.7,2025-12-07,Historia entretenida
U00268,508,6.4,2022-06-18,La volveria a ver
U00268,297,6.2,2025-09-04,Visualmente increible
U00268,59861,5.6,2024-05-12,Buen ritmo
U00268,9045,8.5,2025-12-07,Buen ritmo
U00269,38970,7.0,2025-10-26,Gran actuacion
U00269,11620,6.8,2025-07-07,Buen ritmo
U00269,597,7.6,2025-07-16,Me gusto bastante
U00269,8273,5.9,2025-12-12,Buen ritmo
U00269,76349,6.1,2025-11-11,Buena para recomendar
U00269,26486,6.9,2026-04-03,Historia entretenida
U00269,13092,6.5,2025-09-23,Final inesperado
U00269,9741,6.1,2025-07-19,Buena para recomendar
U00269,242582,6.1,2026-02-19,Me gusto bastante
U00269,283671,5.9,2025-06-10,Buena para recomendar
U00269,9889,5.2,2025-05-25,Visualmente increible
U00269,9986,5.8,2025-05-17,Buena para recomendar
U00269,27686,7.5,2025-06-09,Buena para recomendar
U00269,1542,7.7,2026-03-01,Buen ritmo
U00269,64973,5.5,2026-03-17,La volveria a ver
U00270,812,6.3,2026-03-28,Visualmente increible
U00270,1073,5.6,2026-02-07,La volveria a ver
U00270,75174,6.2,2026-03-19,Gran actuacion
U00270,34335,6.6,2026-02-24,La volveria a ver
U00270,12703,6.9,2026-03-27,Visualmente increible
U00270,7301,5.7,2026-02-12,Buen ritmo
U00270,176,6.5,2026-02-25,Buena para recomendar
U00270,10833,5.6,2026-02-26,Historia entretenida
U00270,38745,4.1,2026-02-10,Me gusto bastante
U00270,109424,7.1,2026-03-23,Gran actuacion
U00270,11676,6.6,2026-01-23,La volveria a ver
U00271,11058,5.9,2025-08-05,Excelente recomendacion
U00271,54702,5.1,2025-05-28,La volveria a ver
U00271,303858,6.4,2025-09-02,Buen ritmo
U00271,120,8.5,2025-05-31,No era lo que esperaba
U00271,19366,5.6,2025-08-03,Excelente recomendacion
U00271,17654,6.4,2025-12-01,Buen ritmo
U00271,44943,6.9,2025-10-14,Buena para recomendar
U00271,240,7.8,2025-12-28,Visualmente increible
U00271,10865,6.5,2025-11-20,No era lo que esperaba
U00271,50037,5.2,2026-03-28,Excelente recomendacion
U00271,33676,3.3,2026-02-07,Final inesperado
U00271,329,8.0,2026-01-18,Gran actuacion
U00272,19457,4.9,2025-09-12,Buen ritmo
U00272,9279,5.6,2025-08-10,Historia entretenida
U00272,15186,3.6,2026-03-30,Buen ritmo
U00272,13685,7.6,2026-02-20,Visualmente increible
U00272,2669,5.3,2025-11-01,Visualmente increible
U00272,250124,6.2,2025-07-23,Excelente recomendacion
U00272,27342,7.4,2025-05-29,Buena para recomendar
U00273,16558,4.7,2026-01-16,Buena para recomendar
U00273,19994,6.3,2025-11-20,No era lo que esperaba
U00273,228161,6.5,2026-01-05,La volveria a ver
U00273,46705,6.8,2026-03-13,No era lo que esperaba
U00273,9682,4.4,2026-03-02,Buena para recomendar
U00273,375290,8.0,2025-12-10,Visualmente increible
U00273,584,5.5,2026-03-11,Gran actuacion
U00273,78705,8.5,2026-02-10,Gran actuacion
U00274,9473,5.6,2025-06-26,La volveria a ver
U00274,11129,5.5,2026-01-07,Me gusto bastante
U00274,2675,7.1,2025-09-17,Me gusto bastante
U00274,13990,5.6,2024-12-10,Excelente recomendacion
U00274,10472,3.6,2024-06-23,No era lo que esperaba
U00274,46195,7.0,2024-01-01,Visualmente increible
U00274,10585,6.1,2025-02-22,Gran actuacion
U00274,1440,5.8,2025-09-29,No era lo que esperaba
U00274,1572,8.3,2023-11-14,Visualmente increible
U00275,20763,7.4,2025-02-17,Historia entretenida
U00275,192141,5.7,2026-03-17,Gran actuacion
U00275,866,6.3,2025-08-17,Buen ritmo
U00275,426469,6.9,2024-11-16,Visualmente increible
U00275,14536,5.7,2026-04-03,Final inesperado
U00275,193756,6.1,2025-10-28,Excelente recomendacion
U00275,137113,8.0,2025-09-14,Visualmente increible
U00275,627,8.3,2025-12-23,No era lo que esperaba
U00276,81188,7.0,2024-05-26,Visualmente increible
U00276,11283,6.8,2024-10-09,La volveria a ver
U00276,1865,5.0,2024-02-11,Visualmente increible
U00276,57201,5.8,2024-07-21,Me gusto bastante
U00276,228205,8.5,2026-03-20,Buen ritmo
U00276,1370,5.1,2024-04-27,La volveria a ver
U00276,19556,6.5,2026-03-19,Buen ritmo
U00276,53953,2.8,2024-05-18,Me gusto bastante
U00276,9562,5.4,2024-11-04,Buen ritmo
U00276,172385,5.3,2023-08-25,Excelente recomendacion
U00277,52067,5.7,2026-03-30,Historia entretenida
U00277,226857,7.9,2025-08-30,Buena para recomendar
U00277,49526,5.8,2025-09-03,Gran actuacion
U00277,1024,5.9,2025-11-03,Buena para recomendar
U00277,17345,6.3,2026-02-05,Visualmente increible
U00277,77930,7.4,2026-03-13,No era lo que esperaba
U00277,347755,8.2,2025-09-28,Gran actuacion
U00277,79316,4.9,2025-12-08,La volveria a ver
U00278,11202,6.5,2025-11-12,Me gusto bastante
U00278,14293,6.9,2025-10-11,Final inesperado
U00278,11072,5.8,2025-02-28,Buen ritmo
U00278,11802,6.6,2025-09-12,Historia entretenida
U00278,2057,6.5,2025-05-30,La volveria a ver
U00278,440,4.7,2026-04-06,No era lo que esperaba
U00278,20862,6.6,2025-04-17,No era lo que esperaba
U00278,10410,5.4,2024-11-01,Excelente recomendacion
U00278,2110,6.1,2024-07-18,Historia entretenida
U00278,10386,8.5,2026-02-25,Buena para recomendar
U00278,64499,7.9,2025-10-06,Visualmente increible
U00278,10490,6.8,2025-10-12,No era lo que esperaba
U00279,862,9.1,2026-04-10,Final inesperado
U00279,77156,3.0,2026-03-27,Final inesperado
U00279,61038,4.5,2026-03-31,Gran actuacion
U00279,10160,5.9,2026-03-27,Me gusto bastante
U00279,73191,6.3,2026-03-24,No era lo que esperaba
U00279,9331,5.6,2026-04-07,Final inesperado
U00279,9504,7.6,2026-04-06,Gran actuacion
U00279,210860,6.0,2026-04-06,La volveria a ver
U00280,702,9.0,2025-10-14,Buena para recomendar
U00280,9449,6.3,2025-01-12,La volveria a ver
U00280,10393,6.8,2023-10-11,Historia entretenida
U00280,36739,6.2,2025-08-05,Visualmente increible
U00280,70436,5.8,2025-04-04,Visualmente increible
U00280,40880,4.9,2024-04-27,La volveria a ver
U00281,46503,4.6,2024-03-14,Final inesperado
U00281,2771,7.2,2024-05-11,Gran actuacion
U00281,10559,7.6,2025-08-27,Excelente recomendacion
U00281,11093,8.0,2024-09-25,Me gusto bastante
U00281,222649,7.0,2023-08-15,Me gusto bastante
U00281,49787,4.2,2023-02-01,Historia entretenida
U00281,241771,5.8,2026-02-04,Gran actuacion
U00281,9388,5.8,2026-01-11,Buen ritmo
U00281,62211,5.6,2025-09-25,Gran actuacion
U00281,133931,4.7,2024-10-11,Final inesperado
U00281,11042,8.0,2024-01-22,Visualmente increible
U00281,9208,4.4,2023-10-11,Gran actuacion
U00281,27004,4.6,2026-02-04,No era lo que esperaba
U00281,660,7.8,2025-06-22,Gran actuacion
U00281,106,6.5,2022-08-17,Gran actuacion
U00282,9583,5.5,2024-08-29,Me gusto bastante
U00282,12106,6.6,2023-04-14,Historia entretenida
U00282,44826,7.2,2024-08-02,Visualmente increible
U00282,5769,6.7,2025-02-20,Buena para recomendar
U00282,27029,8.2,2023-05-05,No era lo que esperaba
U00282,22256,5.4,2022-05-30,La volveria a ver
U00282,9776,4.1,2023-01-10,Final inesperado
U00282,323677,7.6,2025-08-05,Buena para recomendar
U00282,340611,5.7,2024-11-04,Excelente recomendacion
U00282,181330,8.3,2023-10-16,No era lo que esperaba
U00282,192210,5.0,2022-07-21,Final inesperado
U00283,24418,5.8,2025-12-08,Gran actuacion
U00283,10017,5.3,2024-08-30,Gran actuacion
U00283,1954,6.7,2024-09-21,Me gusto bastante
U00283,3638,7.5,2024-07-08,Visualmente increible
U00283,188166,8.2,2025-01-02,Gran actuacion
U00283,121826,5.8,2025-09-28,Me gusto bastante
U00283,100241,4.4,2023-10-19,Final inesperado
U00283,379532,5.6,2024-10-25,Buena para recomendar
U00283,9306,4.7,2023-12-10,No era lo que esperaba
U00283,1427,7.8,2023-04-01,La volveria a ver
U00283,24066,4.1,2026-01-12,Excelente recomendacion
U00283,41110,7.5,2025-03-19,Buena para recomendar
U00283,639,8.0,2024-09-01,Final inesperado
U00283,38319,4.0,2023-12-13,Me gusto bastante
U00283,26371,7.4,2025-10-25,Gran actuacion
U00283,5769,7.1,2024-05-27,Gran actuacion
U00284,10676,3.9,2025-03-24,Visualmente increible
U00284,7304,6.8,2025-08-02,Visualmente increible
U00284,297596,5.1,2026-03-06,Buena para recomendar
U00284,47941,5.1,2024-10-31,La volveria a ver
U00285,266857,1.0,2025-04-08,Buen ritmo
U00285,16161,6.5,2026-02-07,Historia entretenida
U00285,12246,7.8,2025-01-17,Excelente recomendacion
U00285,19344,7.4,2024-08-30,Buen ritmo
U00285,1548,5.8,2026-04-08,Buen ritmo
U00285,328425,5.8,2025-07-03,Historia entretenida
U00285,9685,5.8,2026-04-03,Buen ritmo
U00285,61337,6.9,2025-01-12,Me gusto bastante
U00285,9676,4.7,2024-09-21,Gran actuacion
U00285,242582,6.9,2025-03-07,Buena para recomendar
U00286,11426,5.7,2025-01-22,Buena para recomendar
U00286,11460,6.1,2025-12-22,Excelente recomendacion
U00286,266856,9.0,2025-07-15,No era lo que esperaba
U00286,86829,7.4,2025-12-25,Buena para recomendar
U00286,15489,4.8,2025-10-14,Me gusto bastante
U00286,10944,5.5,2025-08-11,Visualmente increible
U00286,138103,5.6,2025-11-02,Final inesperado
U00286,507,5.7,2025-12-27,Historia entretenida
U00286,160588,7.2,2025-07-13,No era lo que esperaba
U00286,9794,5.7,2026-01-25,La volveria a ver
U00286,16388,5.0,2026-03-20,Final inesperado
U00286,6488,6.6,2025-01-17,La volveria a ver
U00286,14202,8.5,2025-02-27,Excelente recomendacion
U00286,119283,6.4,2025-06-13,Buena para recomendar
U00287,55306,5.8,2024-11-27,Visualmente increible
U00287,15198,6.2,2024-07-30,Buena para recomendar
U00287,1271,8.3,2024-01-31,Gran actuacion
U00287,240832,7.0,2024-05-06,Visualmente increible
U00287,8009,7.0,2023-05-31,Buena para recomendar
U00287,783,7.1,2022-11-14,Visualmente increible
U00287,9655,7.8,2023-06-14,No era lo que esperaba
U00287,174311,5.6,2023-03-08,Me gusto bastante
U00288,10159,6.4,2026-03-11,No era lo que esperaba
U00288,1574,6.4,2023-11-11,Gran actuacion
U00288,146,7.6,2025-12-23,Excelente recomendacion
U00288,157350,6.4,2025-04-23,No era lo que esperaba
U00288,18550,4.6,2023-08-17,Final inesperado
U00288,22649,5.0,2023-10-08,Buen ritmo
U00288,270946,6.2,2024-06-16,La volveria a ver
U00288,14576,5.5,2025-09-06,Excelente recomendacion
U00288,87827,8.6,2023-10-25,Final inesperado
U00288,920,6.9,2025-08-11,Me gusto bastante
U00288,6440,7.2,2024-02-01,La volveria a ver
U00288,11397,4.3,2025-07-03,Excelente recomendacion
U00288,171424,4.3,2025-12-10,Buen ritmo
U00288,9567,5.2,2026-01-08,La volveria a ver
U00288,25186,8.1,2024-01-15,Buen ritmo
U00289,17908,6.4,2026-04-08,Gran actuacion
U00289,8966,4.5,2025-08-02,Buena para recomendar
U00289,4597,4.1,2025-08-13,Visualmente increible
U00289,8999,5.6,2025-09-19,Historia entretenida
U00289,9008,7.9,2025-07-31,Excelente recomendacion
U00289,10077,5.7,2025-09-17,Excelente recomendacion
U00289,4517,8.1,2025-11-20,Buena para recomendar
U00289,1724,5.3,2025-09-08,Buen ritmo
U00289,40769,5.3,2025-09-09,Final inesperado
U00290,9616,3.5,2025-02-22,Buen ritmo
U00290,29461,7.8,2024-02-12,Excelente recomendacion
U00290,10488,5.9,2023-10-29,Visualmente increible
U00290,87421,6.6,2025-09-23,Final inesperado
U00290,266856,8.0,2025-01-28,Excelente recomendacion
U00290,10914,1.0,2023-09-30,Buena para recomendar
U00290,7942,6.2,2025-07-12,La volveria a ver
U00290,68722,5.6,2025-04-16,La volveria a ver
U00290,17663,7.1,2023-11-01,La volveria a ver
U00290,375950,5.9,2024-06-08,Historia entretenida
U00290,9800,8.6,2024-05-10,Visualmente increible
U00290,45317,6.5,2024-10-08,No era lo que esperaba
U00291,29917,5.2,2026-01-20,Gran actuacion
U00291,2976,7.3,2024-04-12,Final inesperado
U00291,169,6.5,2025-02-23,Me gusto bastante
U00291,44048,5.8,2025-12-15,Gran actuacion
U00291,694,9.1,2025-09-18,Visualmente increible
U00291,9725,5.2,2025-09-29,Visualmente increible
U00291,34069,5.2,2024-08-13,No era lo que esperaba
U00291,9800,6.8,2025-04-19,Me gusto bastante
U00291,3595,6.8,2024-11-02,Gran actuacion
U00291,214,7.3,2025-01-05,Visualmente increible
U00292,2447,6.1,2026-02-17,Visualmente increible
U00292,54138,6.7,2025-08-02,Excelente recomendacion
U00292,157354,7.7,2025-08-07,Gran actuacion
U00292,339984,6.9,2025-11-17,Buen ritmo
U00292,244786,9.1,2026-03-09,Final inesperado
U00292,540,5.8,2025-09-15,Visualmente increible
U00293,103328,6.3,2025-08-07,Historia entretenida
U00293,25968,5.5,2023-08-19,La volveria a ver
U00293,259694,6.0,2024-01-10,Gran actuacion
U00293,343795,4.6,2025-12-31,No era lo que esperaba
U00293,84318,5.6,2024-03-21,Excelente recomendacion
U00293,24913,6.5,2023-08-18,Me gusto bastante
U00293,6968,7.7,2023-09-16,Buen ritmo
U00293,268,7.3,2025-01-02,Gran actuacion
U00293,239563,5.8,2023-12-23,Gran actuacion
U00293,408,7.7,2025-01-20,Me gusto bastante
U00293,67675,5.8,2026-02-07,La volveria a ver
U00293,241554,5.7,2025-04-14,Visualmente increible
U00294,10029,7.3,2026-04-03,La volveria a ver
U00294,4170,8.1,2026-03-19,Excelente recomendacion
U00294,9509,6.8,2026-04-01,Visualmente increible
U00294,370464,3.3,2026-03-25,Historia entretenida
U00294,20857,6.4,2026-03-18,Me gusto bastante
U00295,2355,7.1,2023-07-15,Buen ritmo
U00295,97370,6.0,2023-09-09,No era lo que esperaba
U00295,4032,7.8,2024-06-02,Historia entretenida
U00295,687,7.4,2023-01-13,Buena para recomendar
U00295,54138,7.4,2023-08-19,Gran actuacion
U00296,10930,5.7,2025-12-26,Visualmente increible
U00296,8095,8.1,2024-10-30,Historia entretenida
U00296,10072,6.0,2025-03-24,No era lo que esperaba
U00296,10214,3.7,2026-04-06,Buena para recomendar
U00296,45138,7.6,2025-01-30,Gran actuacion
U00296,227707,5.6,2024-05-24,Me gusto bastante
U00296,6964,6.4,2026-01-13,Buena para recomendar
U00296,1927,4.0,2024-10-28,Me gusto bastante
U00296,9282,6.2,2025-04-25,No era lo que esperaba
U00296,10550,3.7,2025-07-07,Gran actuacion
U00297,25968,6.8,2024-04-21,La volveria a ver
U00297,81188,5.9,2023-04-06,No era lo que esperaba
U00297,75986,5.2,2025-09-05,Visualmente increible
U00297,308529,4.9,2023-12-14,Excelente recomendacion
U00297,28121,5.9,2026-02-17,Me gusto bastante
U00297,35073,7.1,2024-08-25,Buena para recomendar
U00297,11577,6.5,2026-03-22,Buen ritmo
U00298,1734,6.6,2023-06-21,Excelente recomendacion
U00298,9339,7.1,2025-03-11,Gran actuacion
U00298,228967,7.2,2023-09-14,La volveria a ver
U00298,9900,5.4,2025-09-23,Buena para recomendar
U00298,18254,6.2,2025-04-25,Gran actuacion
U00298,82693,6.3,2025-10-19,Historia entretenida
U00299,9762,6.8,2025-08-17,Me gusto bastante
U00299,77,8.8,2025-08-19,Buen ritmo
U00299,4951,8.7,2026-03-20,Gran actuacion
U00299,310933,2.6,2026-04-02,Gran actuacion
U00299,122,9.3,2025-09-26,Buena para recomendar
U00299,9327,4.0,2025-12-26,Historia entretenida
U00299,480,5.3,2026-02-14,Historia entretenida
U00299,244783,4.3,2026-02-01,La volveria a ver
U00300,9947,3.7,2023-06-01,La volveria a ver
U00300,408429,6.2,2025-11-16,Excelente recomendacion
U00300,140823,6.6,2024-10-30,Excelente recomendacion
U00300,24684,6.8,2023-02-07,Buen ritmo
U00300,76758,5.7,2025-04-04,Buen ritmo
U00300,12877,7.5,2025-08-03,Final inesperado
U00300,137094,7.1,2024-10-21,La volveria a ver
U00301,767,6.4,2025-08-13,Final inesperado
U00301,118957,6.0,2026-02-21,Visualmente increible
U00301,182873,4.6,2025-07-18,Buen ritmo
U00301,9367,5.1,2025-12-28,Buena para recomendar
U00301,7288,5.7,2025-12-03,Final inesperado
U00301,161,7.2,2025-09-08,No era lo que esperaba
U00301,60599,4.8,2026-04-08,No era lo que esperaba
U00302,17287,6.3,2025-05-07,Buena para recomendar
U00302,9016,7.5,2024-09-01,Visualmente increible
U00302,36355,4.5,2025-04-13,La volveria a ver
U00302,38356,4.7,2022-09-04,Me gusto bastante
U00302,755,7.4,2026-02-14,Buen ritmo
U00302,83860,5.8,2025-02-23,Buen ritmo
U00302,8780,4.9,2022-08-09,Buen ritmo
U00302,17332,5.6,2023-10-28,Visualmente increible
U00302,1499,4.6,2022-09-12,Visualmente increible
U00302,203,6.0,2025-04-21,La volveria a ver
U00302,76203,8.3,2025-01-29,La volveria a ver
U00302,71805,6.0,2024-03-24,Final inesperado
U00302,2055,7.9,2025-07-06,Historia entretenida
U00302,72190,8.1,2025-01-12,Visualmente increible
U00302,9718,7.4,2024-10-21,Visualmente increible
U00302,10437,8.2,2025-11-30,Excelente recomendacion
U00302,12770,4.6,2024-12-10,Gran actuacion
U00303,18785,6.5,2026-04-06,Buena para recomendar
U00303,17431,6.2,2026-02-19,Excelente recomendacion
U00303,10877,4.4,2026-03-02,Excelente recomendacion
U00303,13198,8.1,2026-02-01,Final inesperado
U00303,11892,4.9,2026-03-22,Buena para recomendar
U00303,298,7.3,2026-03-31,Excelente recomendacion
U00303,16508,4.5,2026-01-10,No era lo que esperaba
U00303,71805,5.5,2026-03-29,Buena para recomendar
U00303,10364,5.5,2026-03-30,Me gusto bastante
U00303,63287,6.0,2026-03-31,Gran actuacion
U00303,326284,5.7,2026-02-01,Historia entretenida
U00303,4517,5.5,2025-12-25,No era lo que esperaba
U00303,306667,4.3,2026-01-21,Final inesperado
U00304,24113,3.3,2025-04-15,Visualmente increible
U00304,10641,4.4,2025-10-19,Buena para recomendar
U00304,11546,4.6,2025-10-27,Buena para recomendar
U00304,12837,7.6,2024-12-30,Final inesperado
U00304,6466,4.7,2025-05-21,Buen ritmo
U00304,42222,6.8,2024-11-20,Me gusto bastante
U00304,11442,4.8,2024-11-21,Visualmente increible
U00304,164372,5.3,2025-01-30,Visualmente increible
U00305,10329,3.6,2025-04-30,Gran actuacion
U00305,9383,4.6,2026-01-03,Gran actuacion
U00305,10691,5.7,2024-06-29,No era lo que esperaba
U00305,43546,8.3,2024-03-13,Gran actuacion
U00305,558,5.4,2024-09-26,Buena para recomendar
U00305,1574,7.5,2024-06-18,Me gusto bastante
U00305,32657,5.3,2025-10-30,No era lo que esperaba
U00306,1640,6.4,2025-04-04,Historia entretenida
U00306,10428,5.4,2026-02-01,Buen ritmo
U00306,10208,6.5,2025-10-11,No era lo que esperaba
U00306,11836,7.1,2025-12-21,La volveria a ver
U00306,36696,6.2,2025-04-07,Buen ritmo
U00306,385383,3.6,2025-12-18,Buen ritmo
U00306,10476,5.7,2026-02-03,Final inesperado
U00307,87,5.6,2024-12-22,Gran actuacion
U00307,27205,8.7,2022-09-20,Me gusto bastante
U00307,79777,5.7,2025-05-15,Buena para recomendar
U00307,325373,5.4,2023-07-01,No era lo que esperaba
U00307,679,8.3,2024-05-22,No era lo que esperaba
U00307,41402,7.6,2024-04-13,Buen ritmo
U00307,1809,7.4,2023-02-01,Visualmente increible
U00307,330,5.4,2024-09-27,Buen ritmo
U00307,13809,8.2,2023-07-19,Buena para recomendar
U00307,10362,7.1,2025-07-07,Me gusto bastante
U00308,4012,6.2,2025-11-08,Excelente recomendacion
U00308,9286,5.6,2025-05-17,Final inesperado
U00308,12637,7.4,2025-10-07,Buena para recomendar
U00308,109418,4.7,2025-06-03,Me gusto bastante
U00308,8922,5.4,2026-02-24,No era lo que esperaba
U00308,292,6.2,2026-01-20,Visualmente increible
U00308,1930,5.7,2025-09-30,No era lo que esperaba
U00308,137093,5.8,2025-09-24,La volveria a ver
U00308,20794,7.2,2025-12-15,No era lo que esperaba
U00308,1408,5.5,2025-11-03,Historia entretenida
U00308,13,7.5,2026-04-07,Buen ritmo
U00308,6538,7.6,2025-09-04,Final inesperado
U00308,84332,6.2,2026-03-31,Excelente recomendacion
U00308,264656,7.7,2025-09-01,Me gusto bastante
U00309,2085,6.1,2025-10-15,Historia entretenida
U00309,4477,5.1,2025-09-21,Gran actuacion
U00309,14284,6.6,2025-09-15,Buena para recomendar
U00309,286217,8.1,2025-12-07,Gran actuacion
U00309,24469,6.2,2025-08-13,Final inesperado
U00309,253450,5.7,2025-08-05,No era lo que esperaba
U00309,334,7.7,2025-12-08,No era lo que esperaba
U00309,55721,6.0,2025-12-29,Visualmente increible
U00309,2300,6.3,2025-12-28,Historia entretenida
U00309,2008,4.3,2026-01-30,La volveria a ver
U00309,7345,7.3,2025-11-16,Final inesperado
U00309,183894,6.5,2026-02-09,Excelente recomendacion
U00309,13600,6.0,2025-12-09,La volveria a ver
U00309,6479,7.0,2026-03-15,Buen ritmo
U00310,838,6.7,2025-06-21,Me gusto bastante
U00310,23655,4.4,2025-05-29,Buena para recomendar
U00310,85,8.7,2025-09-28,Buen ritmo
U00310,116711,6.0,2026-03-04,Buena para recomendar
U00310,1593,5.8,2025-06-26,La volveria a ver
U00310,2084,7.1,2025-01-09,Gran actuacion
U00310,319910,4.6,2025-06-20,La volveria a ver
U00310,403,7.4,2025-04-26,Buen ritmo
U00310,19913,8.0,2025-09-05,La volveria a ver
U00310,680,7.5,2024-12-25,Excelente recomendacion
U00310,979,5.9,2025-06-22,La volveria a ver
U00310,51995,5.1,2026-01-15,Buen ritmo
U00311,13187,8.2,2026-04-03,No era lo que esperaba
U00311,10133,6.2,2026-03-23,La volveria a ver
U00311,21612,7.0,2026-03-16,Historia entretenida
U00311,48231,6.6,2026-03-08,Excelente recomendacion
U00311,9469,7.4,2026-03-06,Buena para recomendar
U00311,10331,7.6,2026-03-30,Buena para recomendar
U00311,9686,6.0,2026-02-28,Buena para recomendar
U00311,769,7.1,2026-03-17,Buena para recomendar
U00311,82702,6.7,2026-03-03,Me gusto bastante
U00311,68734,7.8,2026-04-09,Final inesperado
U00311,36696,5.4,2026-02-28,Historia entretenida
U00312,838,6.1,2026-03-15,Buena para recomendar
U00312,9685,7.2,2026-03-15,La volveria a ver
U00312,29595,7.0,2026-03-25,Gran actuacion
U00312,10987,4.4,2026-03-23,Gran actuacion
U00312,38717,5.4,2026-03-25,Final inesperado
U00312,198184,6.9,2026-04-07,Visualmente increible
U00312,10060,6.7,2026-04-03,Buena para recomendar
U00312,60308,7.7,2026-03-21,Excelente recomendacion
U00312,11699,6.6,2026-03-25,No era lo que esperaba
U00312,10833,4.4,2026-04-02,La volveria a ver
U00312,47964,6.0,2026-04-01,Final inesperado
U00312,82525,5.0,2026-03-29,Gran actuacion
U00312,2059,7.7,2026-03-10,Visualmente increible
U00313,125490,6.7,2024-02-29,La volveria a ver
U00313,10012,4.0,2025-12-04,No era lo que esperaba
U00313,218778,5.3,2024-05-11,No era lo que esperaba
U00313,100975,6.9,2025-03-28,Me gusto bastante
U00313,18632,5.4,2024-12-08,Gran actuacion
U00314,50544,6.1,2025-12-08,La volveria a ver
U00314,120467,9.0,2026-01-24,Me gusto bastante
U00314,480,5.8,2026-01-30,Buena para recomendar
U00314,1546,6.2,2025-07-18,Visualmente increible
U00314,8409,5.4,2026-04-09,No era lo que esperaba
U00314,37080,5.4,2025-09-20,No era lo que esperaba
U00314,10314,4.5,2025-12-24,Excelente recomendacion
U00314,9355,5.8,2025-07-10,La volveria a ver
U00314,24977,7.3,2025-10-11,Buen ritmo
U00315,8875,3.8,2026-03-26,Excelente recomendacion
U00315,19615,7.5,2026-04-10,Buena para recomendar
U00315,78381,5.4,2026-03-29,Buena para recomendar
U00315,26672,7.5,2026-03-28,Gran actuacion
U00315,298,6.9,2026-04-02,Buena para recomendar
U00315,9728,5.3,2026-03-30,Buen ritmo
U00315,292539,6.7,2026-04-04,Visualmente increible
U00315,1430,6.5,2026-03-30,Buena para recomendar
U00315,239,8.5,2026-04-09,No era lo que esperaba
U00315,192141,5.3,2026-03-27,Me gusto bastante
U00315,62116,5.0,2026-03-25,Buen ritmo
U00315,44718,6.7,2026-04-02,La volveria a ver
U00315,9903,5.1,2026-04-01,No era lo que esperaba
U00315,10066,6.4,2026-04-03,Excelente recomendacion
U00316,110415,6.7,2025-08-21,La volveria a ver
U00316,13121,5.7,2026-02-16,La volveria a ver
U00316,9982,6.4,2026-02-06,Gran actuacion
U00316,75638,5.8,2025-11-21,No era lo que esperaba
U00316,27569,6.8,2025-12-07,Historia entretenida
U00316,10567,6.1,2025-09-07,Buen ritmo
U00316,1598,6.6,2025-11-26,Buen ritmo
U00316,322194,4.4,2026-01-19,Excelente recomendacion
U00316,10077,4.7,2026-02-21,Visualmente increible
U00316,36696,7.3,2025-12-08,No era lo que esperaba
U00316,4997,5.2,2025-11-12,Gran actuacion
U00316,526,7.9,2025-11-17,Buena para recomendar
U00317,10188,7.3,2026-01-05,Historia entretenida
U00317,274479,6.8,2024-02-13,Visualmente increible
U00317,745,7.4,2024-03-08,Buen ritmo
U00317,174,6.9,2025-03-25,Historia entretenida
U00317,20352,6.3,2022-09-08,Final inesperado
U00317,10537,7.6,2024-12-28,No era lo que esperaba
U00318,9428,7.9,2025-07-23,Buena para recomendar
U00318,28089,6.8,2026-03-29,Excelente recomendacion
U00318,12093,7.9,2026-03-15,Excelente recomendacion
U00318,14976,7.0,2025-09-23,Historia entretenida
U00318,107985,6.3,2025-04-03,Final inesperado
U00318,1550,6.9,2025-07-25,Gran actuacion
U00318,280871,6.2,2025-09-25,La volveria a ver
U00318,26367,6.0,2025-08-17,Visualmente increible
U00318,5236,5.8,2025-07-06,Excelente recomendacion
U00318,9615,6.0,2025-07-15,Visualmente increible
U00318,17113,6.7,2025-05-07,No era lo que esperaba
U00318,14034,5.3,2025-11-15,Buen ritmo
U00318,281957,8.1,2025-03-11,Buena para recomendar
U00319,9021,6.1,2025-05-18,Me gusto bastante
U00319,2501,6.3,2025-07-19,Me gusto bastante
U00319,164457,5.4,2026-01-17,La volveria a ver
U00319,10765,4.9,2024-09-11,Buena para recomendar
U00319,48382,4.3,2024-07-14,Me gusto bastante
U00319,9607,3.0,2025-10-28,Visualmente increible
U00319,386826,1.0,2024-07-02,La volveria a ver
U00319,36658,7.1,2024-11-05,Excelente recomendacion
U00319,682,7.7,2025-05-16,Excelente recomendacion
U00320,36095,8.1,2025-09-18,La volveria a ver
U00320,10279,7.1,2026-03-05,Excelente recomendacion
U00320,8051,7.6,2026-02-03,Final inesperado
U00320,193893,7.7,2026-03-15,Me gusto bastante
U00320,264660,9.0,2025-09-16,No era lo que esperaba
U00320,38093,7.5,2025-10-31,La volveria a ver
U00320,1635,7.7,2025-12-17,No era lo que esperaba
U00320,8976,6.8,2025-11-05,Gran actuacion
U00320,319910,6.1,2025-12-30,Final inesperado
U00320,268238,6.7,2025-11-04,Buen ritmo
U00320,111,7.1,2025-12-03,Buen ritmo
U00320,9452,6.5,2025-10-24,Buena para recomendar
U00320,20504,5.2,2026-03-07,Visualmente increible
U00320,11495,5.4,2026-02-18,Historia entretenida
U00320,74536,5.0,2025-10-18,Final inesperado
U00320,71552,6.9,2026-04-04,Historia entretenida
U00321,3080,8.9,2024-09-30,Historia entretenida
U00321,3049,6.1,2023-06-02,La volveria a ver
U00321,16072,5.0,2025-11-22,Visualmente increible
U00321,24664,5.8,2023-12-26,La volveria a ver
U00321,591,7.7,2025-06-24,Me gusto bastante
U00321,222250,7.5,2024-03-12,Gran actuacion
U00321,14139,8.0,2024-03-19,Visualmente increible
U00321,49365,7.2,2024-07-08,Final inesperado
U00321,41154,4.9,2025-03-22,Excelente recomendacion
U00321,423,7.0,2024-02-26,No era lo que esperaba
U00321,25941,6.4,2025-02-23,Visualmente increible
U00322,616,6.2,2026-03-21,Historia entretenida
U00322,14278,7.3,2026-01-28,Buen ritmo
U00322,39180,3.3,2026-02-23,Final inesperado
U00322,74,7.4,2026-02-10,Buen ritmo
U00322,10410,6.1,2026-02-10,Excelente recomendacion
U00322,6968,7.9,2026-01-27,Final inesperado
U00322,218778,5.3,2026-02-26,No era lo que esperaba
U00322,11467,4.2,2026-03-22,Excelente recomendacion
U00322,617,6.8,2026-02-13,Buen ritmo
U00322,30315,5.0,2025-12-24,La volveria a ver
U00322,1687,6.9,2026-03-19,Historia entretenida
U00322,747,6.7,2026-03-29,Final inesperado
U00323,82684,7.3,2026-03-07,Gran actuacion
U00323,87428,5.3,2026-03-01,Historia entretenida
U00323,37724,6.6,2026-03-13,Buena para recomendar
U00323,21349,5.0,2026-04-06,Excelente recomendacion
U00323,61984,7.3,2026-02-16,No era lo que esperaba
U00323,15067,6.5,2026-03-16,Buen ritmo
U00323,5971,6.4,2026-02-22,Buen ritmo
U00323,47889,5.1,2026-03-05,Me gusto bastante
U00323,51588,6.5,2026-03-18,No era lo que esperaba
U00323,266647,4.9,2026-03-17,Buena para recomendar
U00323,1690,6.0,2026-03-27,Excelente recomendacion
U00323,78705,7.4,2026-03-14,Historia entretenida
U00323,77949,7.5,2026-03-25,Historia entretenida
U00323,8871,5.4,2026-04-02,La volveria a ver
U00324,43610,6.7,2025-09-13,Buena para recomendar
U00324,264660,6.4,2025-07-22,Gran actuacion
U00324,216015,5.4,2026-03-23,Gran actuacion
U00324,20943,6.3,2025-06-17,Historia entretenida
U00324,840,8.1,2026-03-11,Historia entretenida
U00324,12312,6.6,2026-02-10,Gran actuacion
U00324,2008,4.7,2026-01-19,No era lo que esperaba
U00324,11260,4.0,2026-02-27,Visualmente increible
U00324,550,9.0,2025-10-10,La volveria a ver
U00324,13483,6.3,2025-12-30,Buen ritmo
U00324,591,6.0,2025-07-04,Historia entretenida
U00324,10992,4.2,2025-08-07,Buen ritmo
U00324,319888,7.3,2025-08-20,Buena para recomendar
U00325,18736,4.5,2025-05-29,La volveria a ver
U00325,1590,6.3,2025-06-14,Excelente recomendacion
U00325,78381,5.0,2025-10-30,Historia entretenida
U00325,8435,6.4,2024-08-07,No era lo que esperaba
U00325,239,7.1,2025-06-01,Final inesperado
U00325,172391,4.7,2025-02-23,Final inesperado
U00325,375950,5.5,2025-06-20,Visualmente increible
U00325,8871,4.9,2024-05-14,Final inesperado
U00325,281957,8.1,2025-10-16,Buen ritmo
U00325,11191,5.8,2025-02-26,La volveria a ver
U00325,325133,4.4,2024-09-25,Buena para recomendar
U00326,76640,6.8,2026-03-20,Visualmente increible
U00326,176124,5.8,2025-11-29,Historia entretenida
U00326,216015,6.1,2025-03-12,No era lo que esperaba
U00326,67911,5.6,2025-04-21,Historia entretenida
U00326,8810,7.2,2025-10-11,Historia entretenida
U00326,10024,8.2,2025-08-04,Buen ritmo
U00326,987,7.1,2025-10-02,Buen ritmo
U00326,38579,4.0,2025-06-22,Me gusto bastante
U00326,10431,6.9,2025-09-18,Excelente recomendacion
U00326,152599,6.4,2025-08-11,La volveria a ver
U00327,13150,7.1,2025-10-28,Gran actuacion
U00327,13374,4.4,2026-01-03,Historia entretenida
U00327,11395,6.9,2025-07-15,La volveria a ver
U00327,8976,6.9,2025-11-23,Buen ritmo
U00327,10179,5.1,2026-03-06,Excelente recomendacion
U00328,13856,5.3,2022-12-23,Historia entretenida
U00328,39513,6.2,2025-01-04,Visualmente increible
U00328,262504,5.6,2026-01-30,La volveria a ver
U00328,35688,5.8,2026-02-18,Excelente recomendacion
U00329,331190,6.5,2025-05-20,Final inesperado
U00329,19052,8.0,2025-07-27,Historia entretenida
U00329,10070,4.9,2024-10-07,Visualmente increible
U00329,87826,6.5,2025-12-11,Me gusto bastante
U00329,13072,7.0,2025-04-18,Excelente recomendacion
U00329,146,6.1,2026-03-22,Me gusto bastante
U00330,333371,7.3,2025-12-22,Visualmente increible
U00330,4107,6.5,2026-01-24,Excelente recomendacion
U00330,59860,7.2,2025-08-14,Buen ritmo
U00330,10188,5.1,2026-03-26,La volveria a ver
U00331,26963,6.5,2026-01-23,Visualmente increible
U00331,5559,4.3,2025-11-22,Excelente recomendacion
U00331,10132,5.5,2026-04-05,No era lo que esperaba
U00331,1487,5.4,2025-10-05,Gran actuacion
U00331,116711,5.2,2025-03-16,La volveria a ver
U00332,9104,6.8,2024-11-02,Excelente recomendacion
U00332,25763,6.2,2025-09-04,Me gusto bastante
U00332,31668,6.6,2025-01-15,La volveria a ver
U00332,5503,8.5,2024-04-04,Final inesperado
U00332,10488,5.2,2025-06-22,Visualmente increible
U00332,764,7.4,2024-11-18,Gran actuacion
U00332,11456,6.7,2024-07-14,No era lo que esperaba
U00332,23618,7.0,2024-10-08,La volveria a ver
U00332,10077,4.9,2025-03-18,Excelente recomendacion
U00332,9839,5.2,2025-12-20,La volveria a ver
U00333,241257,6.8,2025-09-07,Historia entretenida
U00333,816,6.7,2025-12-26,Buen ritmo
U00333,106845,5.1,2025-10-26,Excelente recomendacion
U00333,181283,6.6,2025-11-16,La volveria a ver
U00333,142061,7.4,2026-04-02,Gran actuacion
U00333,12404,5.8,2026-03-07,Historia entretenida
U00333,184374,6.0,2025-11-30,No era lo que esperaba
U00333,80215,7.7,2025-09-10,Visualmente increible
U00333,13785,5.9,2026-03-22,Historia entretenida
U00333,68728,4.9,2026-02-06,Gran actuacion
U00333,138103,5.9,2025-11-14,Final inesperado
U00333,9678,4.2,2025-12-05,Me gusto bastante
U00333,16996,7.1,2025-12-06,Historia entretenida
U00334,10385,5.4,2026-01-24,La volveria a ver
U00334,12400,6.2,2026-02-16,Buena para recomendar
U00334,331190,6.0,2026-01-04,Final inesperado
U00334,2163,8.0,2026-02-01,Visualmente increible
U00334,15005,6.3,2026-03-20,La volveria a ver
U00335,12133,5.6,2024-04-18,Final inesperado
U00335,9045,7.8,2024-08-03,Gran actuacion
U00335,130150,7.4,2024-04-10,Me gusto bastante
U00335,70478,4.6,2023-06-29,Excelente recomendacion
U00335,4982,8.1,2023-09-18,Gran actuacion
U00335,86834,5.4,2023-12-22,No era lo que esperaba
U00335,13811,7.2,2024-09-29,Visualmente increible
U00335,121,7.0,2025-03-23,Excelente recomendacion
U00335,168672,5.5,2025-02-09,Final inesperado
U00335,182291,5.2,2023-12-08,La volveria a ver
U00335,291362,7.5,2023-12-23,Visualmente increible
U00336,50497,4.9,2025-03-14,La volveria a ver
U00336,257211,7.1,2025-11-28,No era lo que esperaba
U00336,273481,7.2,2025-05-08,No era lo que esperaba
U00336,133698,5.8,2025-09-08,La volveria a ver
U00336,25784,4.3,2025-08-03,Gran actuacion
U00336,22787,5.4,2025-06-28,Excelente recomendacion
U00336,119657,1.0,2026-01-19,Me gusto bastante
U00336,10040,4.9,2025-12-11,Me gusto bastante
U00336,20653,6.2,2025-11-18,Gran actuacion
U00337,22,6.7,2025-03-27,La volveria a ver
U00337,35696,4.4,2025-05-19,Me gusto bastante
U00337,9367,6.3,2026-02-01,No era lo que esperaba
U00337,921,7.1,2025-08-20,Historia entretenida
U00337,33511,8.3,2025-06-26,Visualmente increible
U00337,755,7.3,2026-03-21,No era lo que esperaba
U00337,17332,6.9,2025-10-16,No era lo que esperaba
U00337,1781,6.7,2025-12-26,No era lo que esperaba
U00337,215924,6.0,2025-06-25,No era lo que esperaba
U00337,15670,5.8,2025-04-08,Buena para recomendar
U00338,69270,3.6,2025-04-15,No era lo que esperaba
U00338,11240,5.4,2025-10-31,No era lo que esperaba
U00338,11831,5.4,2025-07-20,Buen ritmo
U00338,7453,6.3,2025-03-08,Historia entretenida
U00338,57119,5.9,2024-07-07,Me gusto bastante
U00338,44115,7.0,2024-11-06,Me gusto bastante
U00338,168259,8.0,2024-11-15,Buen ritmo
U00338,22949,6.0,2025-05-15,Final inesperado
U00338,9588,5.7,2024-08-14,No era lo que esperaba
U00338,8198,5.8,2025-07-09,La volveria a ver
U00339,59917,8.1,2024-06-08,Excelente recomendacion
U00339,274479,7.0,2025-06-02,Gran actuacion
U00339,1360,7.2,2025-05-06,Historia entretenida
U00339,1439,6.7,2024-11-05,Buen ritmo
U00339,180,7.0,2024-05-30,No era lo que esperaba
U00339,82690,8.2,2023-10-16,La volveria a ver
U00340,22821,7.2,2024-03-30,Visualmente increible
U00340,68727,6.3,2025-07-17,La volveria a ver
U00340,1586,6.6,2025-05-19,Excelente recomendacion
U00340,16608,6.3,2024-07-21,Buena para recomendar
U00340,1443,6.4,2024-10-28,Gran actuacion
U00340,253331,6.2,2024-12-01,Buen ritmo
U00340,58431,4.2,2025-09-26,Final inesperado
U00340,121986,6.5,2024-06-06,No era lo que esperaba
U00341,3080,6.2,2025-12-11,Final inesperado
U00341,455,7.5,2025-01-29,Buena para recomendar
U00341,41513,4.8,2025-11-12,Gran actuacion
U00341,67238,8.2,2025-06-24,La volveria a ver
U00341,9353,5.8,2026-01-10,Buen ritmo
U00342,81796,5.8,2026-02-22,Final inesperado
U00342,2637,7.2,2026-04-01,Gran actuacion
U00342,10431,6.1,2026-03-18,Buen ritmo
U00342,3021,5.2,2026-03-27,Visualmente increible
U00342,11468,6.1,2026-03-17,No era lo que esperaba
U00342,18533,5.5,2026-04-02,Historia entretenida
U00342,14538,5.5,2026-03-28,Gran actuacion
U00343,82702,8.4,2025-03-07,Buena para recomendar
U00343,9762,6.5,2026-01-29,Buen ritmo
U00343,29595,7.5,2026-03-07,Excelente recomendacion
U00343,269057,6.5,2025-08-05,Gran actuacion
U00343,19150,6.6,2026-03-19,No era lo que esperaba
U00343,2977,6.6,2026-01-21,Excelente recomendacion
U00344,74725,6.2,2026-02-24,Final inesperado
U00344,17578,5.7,2025-07-30,Gran actuacion
U00344,11904,5.3,2023-11-17,Excelente recomendacion
U00344,60421,8.6,2026-02-14,Historia entretenida
U00344,8676,6.6,2023-04-01,Buen ritmo
U00344,41402,7.6,2024-10-04,La volveria a ver
U00344,1282,8.7,2026-04-07,Buen ritmo
U00344,1770,7.2,2026-03-30,Gran actuacion
U00344,14295,5.8,2025-03-29,No era lo que esperaba
U00345,42151,6.0,2025-05-06,Final inesperado
U00345,50780,7.6,2025-09-28,Historia entretenida
U00345,10761,5.0,2026-01-15,Historia entretenida
U00345,312221,6.7,2025-05-28,Me gusto bastante
U00345,8981,7.3,2026-01-05,Gran actuacion
U00345,10877,4.6,2025-09-26,Final inesperado
U00345,255266,7.1,2025-05-18,Buena para recomendar
U00345,9955,5.6,2025-11-15,Me gusto bastante
U00346,48289,5.4,2025-12-11,No era lo que esperaba
U00346,357441,8.7,2025-11-24,Gran actuacion
U00346,9772,7.4,2025-04-23,Buena para recomendar
U00346,47088,5.7,2025-04-18,Buen ritmo
U00346,6639,5.0,2025-09-12,La volveria a ver
U00346,76163,5.4,2026-02-05,Gran actuacion
U00346,9737,6.2,2026-03-18,Historia entretenida
U00346,84401,8.3,2025-03-03,Visualmente increible
U00346,38303,5.8,2025-12-11,Historia entretenida
U00346,179144,7.1,2026-01-12,Gran actuacion
U00346,400,6.7,2025-11-30,Historia entretenida
U00347,43839,3.5,2025-12-14,Buena para recomendar
U00347,76285,5.5,2025-06-24,Buena para recomendar
U00347,36095,7.3,2026-01-01,La volveria a ver
U00347,291081,5.6,2025-08-30,Visualmente increible
U00347,16911,6.6,2025-05-30,No era lo que esperaba
U00347,109418,7.0,2025-10-24,Gran actuacion
U00347,13600,6.9,2025-05-31,Me gusto bastante
U00347,38357,5.2,2026-02-23,Buen ritmo
U00347,16471,6.8,2025-07-25,Visualmente increible
U00347,11375,6.2,2025-12-22,No era lo que esperaba
U00347,1369,5.1,2025-11-22,Final inesperado
U00347,39939,6.3,2025-07-28,Gran actuacion
U00347,72105,5.3,2025-09-25,Buen ritmo
U00348,161,7.5,2025-11-06,No era lo que esperaba
U00348,12901,7.5,2025-11-02,Gran actuacion
U00348,16769,8.5,2024-10-26,Historia entretenida
U00348,116584,8.5,2025-02-04,Gran actuacion
U00348,49020,7.8,2025-07-27,Historia entretenida
U00348,32856,7.0,2024-12-14,No era lo que esperaba
U00348,9273,6.1,2025-07-20,Me gusto bastante
U00348,9781,5.6,2026-01-14,Visualmente increible
U00348,89857,6.0,2025-07-06,Historia entretenida
U00348,10719,7.3,2026-02-22,Me gusto bastante
U00348,10077,4.5,2026-04-06,No era lo que esperaba
U00348,89,7.7,2025-11-30,Final inesperado
U00348,9543,4.9,2025-09-19,Buen ritmo
U00349,702,7.9,2026-03-16,Buena para recomendar
U00349,10715,6.2,2026-03-22,Historia entretenida
U00349,1428,5.0,2025-10-19,Excelente recomendacion
U00349,17654,8.2,2026-01-26,Visualmente increible
U00349,20352,8.1,2026-02-15,Visualmente increible
U00349,60307,7.8,2025-12-13,Excelente recomendacion
U00350,13491,5.3,2026-03-01,La volveria a ver
U00350,580,3.0,2026-03-13,Buen ritmo
U00350,46195,5.3,2025-11-14,Final inesperado
U00350,943,5.3,2026-01-04,La volveria a ver
U00350,692,6.1,2025-11-25,Excelente recomendacion
U00350,169917,7.5,2025-11-17,Visualmente increible
U00351,12153,7.2,2025-05-23,Visualmente increible
U00351,15660,7.2,2025-09-28,La volveria a ver
U00351,8386,6.3,2025-12-23,Buena para recomendar
U00351,1961,7.0,2025-07-06,Historia entretenida
U00351,102362,6.1,2026-03-27,Historia entretenida
U00351,25636,7.1,2025-08-19,No era lo que esperaba
U00351,22267,6.8,2025-05-16,Visualmente increible
U00351,17277,6.4,2026-02-09,Historia entretenida
U00351,206563,6.9,2025-07-08,Me gusto bastante
U00351,345911,5.9,2025-09-08,La volveria a ver
U00351,12634,4.2,2026-02-15,Buen ritmo
U00351,73937,7.0,2026-02-19,Me gusto bastante
U00351,94072,4.8,2026-03-11,Gran actuacion
U00352,9616,6.1,2024-01-04,La volveria a ver
U00352,170480,1.0,2024-08-26,Buena para recomendar
U00352,10461,3.7,2025-03-09,No era lo que esperaba
U00352,766,7.2,2024-08-03,La volveria a ver
U00352,10991,7.2,2023-09-20,Me gusto bastante
U00352,18254,7.2,2025-09-22,Excelente recomendacion
U00352,10030,6.7,2024-12-11,Buena para recomendar
U00353,707,7.0,2026-02-06,Buena para recomendar
U00353,49021,6.7,2024-10-31,Historia entretenida
U00353,1581,7.7,2025-12-16,Final inesperado
U00353,12133,5.3,2026-01-03,No era lo que esperaba
U00353,1813,8.3,2022-07-25,La volveria a ver
U00353,138103,7.0,2023-06-25,Final inesperado
U00353,11979,5.7,2022-12-18,Buen ritmo
U00354,272693,6.7,2026-01-25,Buen ritmo
U00354,9043,5.5,2026-01-31,Excelente recomendacion
U00354,71547,3.3,2025-07-18,Buen ritmo
U00354,837,8.6,2026-03-13,La volveria a ver
U00354,3083,7.8,2025-05-26,Final inesperado
U00354,83666,9.0,2025-03-19,Buena para recomendar
U00355,211557,4.5,2025-12-13,Gran actuacion
U00355,10678,5.7,2025-05-28,Buena para recomendar
U00355,19344,7.8,2025-08-29,Excelente recomendacion
U00355,4032,8.1,2024-06-19,Me gusto bastante
U00355,82696,5.6,2024-04-28,Final inesperado
U00355,3580,6.5,2025-05-03,Visualmente increible
U00355,44092,7.7,2024-12-15,Final inesperado
U00355,106646,8.7,2024-03-20,Final inesperado
U00356,9023,6.0,2025-11-14,Gran actuacion
U00356,40963,10.0,2025-12-19,Me gusto bastante
U00356,62255,7.1,2026-01-07,Gran actuacion
U00356,109513,4.6,2026-01-09,Historia entretenida
U00356,2832,6.9,2026-02-28,Me gusto bastante
U00357,37958,4.9,2026-03-19,La volveria a ver
U00357,334074,6.4,2026-03-30,Historia entretenida
U00357,255343,5.5,2026-03-27,La volveria a ver
U00357,328111,4.6,2026-04-08,Buena para recomendar
U00357,43931,5.2,2026-03-22,Final inesperado
U00357,9549,8.4,2026-03-05,Final inesperado
U00357,18533,6.4,2026-03-31,Buen ritmo
U00357,17186,6.5,2026-04-08,No era lo que esperaba
U00358,50359,5.3,2026-04-01,Historia entretenida
U00358,31175,7.7,2022-08-31,Historia entretenida
U00358,12400,5.4,2025-12-20,Historia entretenida
U00358,14709,4.7,2022-11-22,Excelente recomendacion
U00358,133698,6.1,2023-07-15,Me gusto bastante
U00358,37003,7.4,2026-03-28,Final inesperado
U00358,32274,5.8,2022-06-20,Excelente recomendacion
U00358,138103,7.3,2023-04-18,Historia entretenida
U00358,11361,5.0,2023-06-26,Buen ritmo
U00359,35791,4.7,2024-01-30,Buen ritmo
U00359,211557,6.8,2024-04-02,Buena para recomendar
U00359,256962,6.3,2025-05-17,No era lo que esperaba
U00359,12220,6.0,2024-11-15,Visualmente increible
U00359,8810,7.4,2025-12-05,Final inesperado
U00359,773,7.4,2025-10-26,La volveria a ver
U00359,9260,6.0,2025-11-13,Gran actuacion
U00359,91076,5.6,2026-01-23,Buena para recomendar
U00359,62676,5.9,2024-02-19,Me gusto bastante
U00360,978,6.9,2024-08-13,Buena para recomendar
U00360,496,6.6,2025-04-09,Gran actuacion
U00360,223,6.3,2026-02-04,Me gusto bastante
U00360,13053,7.6,2025-05-28,La volveria a ver
U00360,6020,5.4,2025-05-23,Visualmente increible
U00360,192141,6.5,2024-07-08,Gran actuacion
U00360,9396,6.1,2025-12-13,Historia entretenida
U00360,227783,5.3,2024-08-21,Visualmente increible
U00360,218778,5.2,2025-09-09,Historia entretenida
U00360,10045,6.1,2025-02-09,Buena para recomendar
U00360,9282,7.7,2024-07-20,Gran actuacion
U00360,819,5.9,2025-09-25,No era lo que esperaba
U00361,13370,6.6,2025-11-27,La volveria a ver
U00361,10468,5.4,2024-12-27,Me gusto bastante
U00361,21334,7.8,2023-11-26,Final inesperado
U00361,700,7.0,2024-05-02,La volveria a ver
U00361,11866,4.4,2025-11-16,La volveria a ver
U00361,319888,7.8,2024-05-12,Gran actuacion
U00361,40794,6.6,2024-08-02,Buen ritmo
U00361,773,6.8,2025-08-31,No era lo que esperaba
U00361,50725,7.2,2026-01-10,Final inesperado
U00361,14202,6.0,2024-07-17,No era lo que esperaba
U00362,24034,5.1,2024-07-14,Me gusto bastante
U00362,27586,7.1,2025-07-22,Gran actuacion
U00362,100042,4.1,2026-02-17,Me gusto bastante
U00362,6038,6.6,2026-01-17,Buen ritmo
U00362,362105,7.0,2024-06-20,No era lo que esperaba
U00362,11983,6.8,2024-09-07,Historia entretenida
U00363,71676,4.9,2026-01-31,Me gusto bastante
U00363,22479,5.1,2026-01-27,Me gusto bastante
U00363,192141,7.6,2025-09-23,No era lo que esperaba
U00363,2355,7.1,2025-10-17,La volveria a ver
U00363,11172,5.4,2026-02-11,Visualmente increible
U00363,250124,5.7,2025-09-13,Visualmente increible
U00363,11577,6.3,2025-08-13,Gran actuacion
U00364,45649,5.4,2026-03-27,Buen ritmo
U00364,10186,4.4,2026-02-16,Buen ritmo
U00364,24055,5.0,2026-01-10,Excelente recomendacion
U00364,30973,6.8,2026-03-31,No era lo que esperaba
U00364,10589,4.8,2026-02-27,Gran actuacion
U00364,62211,5.8,2026-04-05,Buen ritmo
U00364,14337,5.8,2026-03-12,Buen ritmo
U00364,9452,5.7,2025-12-26,Excelente recomendacion
U00364,280092,5.4,2026-04-05,Buen ritmo
U00364,24747,4.8,2026-03-12,No era lo que esperaba
U00364,69668,7.1,2026-01-01,Gran actuacion
U00365,11687,5.7,2024-11-28,Buena para recomendar
U00365,9449,6.5,2025-09-10,Gran actuacion
U00365,11202,6.8,2023-12-07,Me gusto bastante
U00365,13937,4.6,2025-07-27,Visualmente increible
U00365,13201,6.4,2025-08-03,Gran actuacion
U00365,21612,6.7,2026-01-27,Buena para recomendar
U00365,3902,5.9,2026-03-19,Final inesperado
U00365,8427,6.0,2023-05-14,Buen ritmo
U00365,12404,6.8,2025-11-17,Buen ritmo
U00365,142132,7.0,2024-12-04,No era lo que esperaba
U00365,1725,7.4,2024-03-30,Historia entretenida
U00365,10362,5.3,2025-09-17,Excelente recomendacion
U00365,953,6.2,2023-06-13,Gran actuacion
U00365,257087,4.1,2024-08-12,Visualmente increible
U00365,612,6.2,2023-04-07,Buena para recomendar
U00366,46727,6.2,2023-09-08,La volveria a ver
U00366,14435,4.3,2026-04-09,Buen ritmo
U00366,26371,6.3,2025-12-09,Buen ritmo
U00366,408,8.1,2026-03-12,Visualmente increible
U00367,19724,4.5,2025-06-12,Historia entretenida
U00367,133575,3.4,2025-09-17,Visualmente increible
U00368,239571,6.4,2024-02-17,Me gusto bastante
U00368,58574,6.3,2025-02-16,Visualmente increible
U00368,44264,7.9,2024-01-15,Visualmente increible
U00368,9023,7.6,2025-01-14,Final inesperado
U00368,9021,5.1,2025-01-12,No era lo que esperaba
U00368,195589,7.0,2025-10-16,Historia entretenida
U00368,12227,6.2,2025-09-11,Visualmente increible
U00368,3580,7.1,2026-02-22,Buen ritmo
U00368,1538,7.6,2024-08-30,Final inesperado
U00368,1988,5.7,2025-09-12,Historia entretenida
U00369,36557,5.8,2026-02-25,No era lo que esperaba
U00369,13006,5.2,2026-03-25,Buena para recomendar
U00369,44214,7.5,2026-03-18,Excelente recomendacion
U00369,19997,6.9,2026-03-03,Buen ritmo
U00369,12405,7.3,2026-02-15,Historia entretenida
U00369,9509,5.8,2026-03-09,No era lo que esperaba
U00369,8204,7.6,2026-03-04,Buen ritmo
U00369,9903,6.4,2026-03-24,Me gusto bastante
U00369,87421,6.7,2026-03-16,Gran actuacion
U00369,49471,7.6,2026-04-08,Gran actuacion
U00369,9469,7.5,2026-04-03,No era lo que esperaba
U00370,1621,7.5,2025-05-22,Historia entretenida
U00370,9335,5.1,2023-10-07,Buen ritmo
U00370,72387,7.0,2023-11-20,Me gusto bastante
U00370,108346,7.5,2024-11-20,Excelente recomendacion
U00370,811,7.2,2023-10-30,Me gusto bastante
U00370,4858,5.7,2023-09-18,La volveria a ver
U00370,639,6.6,2026-03-17,Historia entretenida
U00370,22345,3.7,2023-10-17,Me gusto bastante
U00370,200,6.5,2025-03-01,Final inesperado
U00370,7515,6.6,2025-10-09,Final inesperado
U00370,34314,4.9,2024-07-08,Historia entretenida
U00371,188161,5.2,2026-04-08,La volveria a ver
U00371,2320,5.0,2025-08-13,Gran actuacion
U00371,11969,8.1,2025-08-22,La volveria a ver
U00371,421,7.1,2025-12-04,Final inesperado
U00371,10571,5.5,2025-04-24,Excelente recomendacion
U00371,53256,7.5,2025-08-07,Visualmente increible
U00371,10312,7.0,2025-07-14,Final inesperado
U00372,10610,3.9,2022-09-05,La volveria a ver
U00372,11228,5.6,2024-09-07,Buen ritmo
U00372,10800,7.4,2024-10-19,Final inesperado
U00372,6521,7.6,2025-09-25,Buena para recomendar
U00372,21301,5.6,2024-01-30,No era lo que esperaba
U00372,321,6.8,2023-03-06,Historia entretenida
U00372,102899,5.8,2024-10-12,Final inesperado
U00373,38322,6.5,2025-10-05,Historia entretenida
U00373,675,7.6,2024-09-21,Buen ritmo
U00373,48463,6.2,2024-09-11,La volveria a ver
U00373,14823,7.7,2024-10-22,Final inesperado
U00373,50942,3.0,2024-09-20,No era lo que esperaba
U00373,109424,9.1,2026-02-11,Excelente recomendacion
U00373,241259,5.6,2025-10-15,Final inesperado
U00374,853,7.9,2025-05-18,Buen ritmo
U00374,2290,4.9,2024-09-24,Me gusto bastante
U00374,4935,8.4,2025-10-26,La volveria a ver
U00374,244534,6.5,2024-07-16,La volveria a ver
U00374,9312,3.9,2026-03-04,Buena para recomendar
U00374,3179,7.3,2025-10-27,Historia entretenida
U00374,292483,3.2,2025-02-02,No era lo que esperaba
U00374,301365,6.7,2025-01-19,Gran actuacion
U00374,27588,4.9,2024-05-09,Visualmente increible
U00374,9433,6.6,2025-08-27,La volveria a ver
U00375,10074,7.6,2023-08-17,Gran actuacion
U00375,25209,8.7,2024-11-07,No era lo que esperaba
U00375,112430,8.4,2025-04-16,Final inesperado
U00375,38117,6.0,2025-05-26,Visualmente increible
U00375,84659,5.9,2025-08-01,La volveria a ver
U00375,12838,5.1,2025-02-27,La volveria a ver
U00375,50135,5.0,2025-05-07,Historia entretenida
U00375,1124,8.5,2023-02-22,Historia entretenida
U00376,40652,7.4,2024-03-03,No era lo que esperaba
U00376,76706,5.0,2024-08-04,Final inesperado
U00376,10431,6.3,2023-11-27,La volveria a ver
U00376,109424,7.1,2025-02-20,La volveria a ver
U00376,39538,7.4,2024-05-03,Gran actuacion
U00376,319069,5.7,2025-10-17,Buen ritmo
U00377,23479,6.8,2023-08-26,Buen ritmo
U00377,102899,6.8,2025-08-21,Visualmente increible
U00377,85446,7.7,2024-02-19,Visualmente increible
U00377,31175,8.2,2024-09-11,No era lo que esperaba
U00377,20943,6.1,2025-08-09,Buena para recomendar
U00377,248774,6.0,2024-12-05,Final inesperado
U00377,1359,7.6,2023-09-01,Buen ritmo
U00377,10448,5.2,2024-08-14,Me gusto bastante
U00377,11153,8.6,2025-11-03,Buena para recomendar
U00377,10865,6.9,2023-03-10,Final inesperado
U00377,7501,4.6,2025-09-28,Visualmente increible
U00377,1701,7.7,2026-03-13,Gran actuacion
U00377,281730,4.0,2024-11-10,Visualmente increible
U00377,979,5.6,2025-05-06,Historia entretenida
U00377,7913,8.7,2023-06-01,Buena para recomendar
U00378,1830,6.2,2026-01-21,Final inesperado
U00378,39269,5.3,2025-12-21,La volveria a ver
U00378,681,6.1,2026-03-12,Visualmente increible
U00378,49517,7.5,2026-01-02,Me gusto bastante
U00378,11190,6.0,2026-01-11,Historia entretenida
U00378,14585,5.6,2026-02-21,Gran actuacion
U00379,49538,6.9,2024-01-13,La volveria a ver
U00379,680,8.5,2024-01-24,Excelente recomendacion
U00379,10885,6.7,2024-10-16,La volveria a ver
U00379,50538,6.1,2024-02-15,Visualmente increible
U00379,8078,4.7,2024-03-18,Buen ritmo
U00379,49521,5.8,2024-01-15,No era lo que esperaba
U00379,79316,3.3,2025-12-01,Buen ritmo
U00380,44857,4.5,2024-08-28,La volveria a ver
U00380,862,7.8,2025-04-15,Historia entretenida
U00380,65759,6.1,2026-01-13,Gran actuacion
U00380,25196,5.6,2023-05-03,Buen ritmo
U00380,39781,6.0,2024-07-07,No era lo que esperaba
U00380,49051,7.3,2024-05-22,Excelente recomendacion
U00380,40805,4.7,2026-03-12,No era lo que esperaba
U00381,205596,9.0,2026-01-24,Final inesperado
U00381,7980,7.2,2025-08-09,Visualmente increible
U00381,9297,6.4,2025-12-17,Gran actuacion
U00381,4523,5.6,2025-11-20,No era lo que esperaba
U00381,228194,8.5,2025-11-02,Buena para recomendar
U00381,8999,6.0,2025-10-09,Final inesperado
U00381,21334,8.7,2025-08-23,Me gusto bastante
U00381,17044,8.0,2025-08-07,Final inesperado
U00382,9428,7.8,2025-05-13,Gran actuacion
U00382,559,4.7,2023-12-23,Me gusto bastante
U00382,2895,6.6,2024-05-22,Buen ritmo
U00382,6466,5.8,2025-04-17,Final inesperado
U00382,61891,5.5,2026-01-14,No era lo que esperaba
U00382,18254,8.1,2026-01-13,La volveria a ver
U00382,102840,4.6,2025-02-06,Visualmente increible
U00383,318040,5.5,2026-02-16,La volveria a ver
U00383,10715,4.5,2026-02-24,Me gusto bastante
U00383,294254,6.9,2026-03-07,Historia entretenida
U00383,30141,6.7,2026-03-13,Historia entretenida
U00383,39210,4.5,2026-04-07,Me gusto bastante
U00383,3028,4.1,2026-03-09,La volveria a ver
U00384,82684,7.6,2025-05-05,Buen ritmo
U00384,44562,4.2,2024-09-24,La volveria a ver
U00384,451,6.4,2024-11-01,Excelente recomendacion
U00384,38780,6.0,2024-07-09,Historia entretenida
U00384,9707,6.9,2025-05-05,No era lo que esperaba
U00384,80271,6.6,2024-11-06,La volveria a ver
U00384,9396,4.0,2026-03-16,Buen ritmo
U00384,9702,7.6,2024-08-27,Excelente recomendacion
U00384,11817,6.5,2024-08-28,No era lo que esperaba
U00384,14057,6.0,2025-02-25,Me gusto bastante
U00384,70160,6.0,2025-10-12,Buen ritmo
U00384,43418,6.2,2025-03-01,Historia entretenida
U00384,414,3.7,2025-03-23,La volveria a ver
U00384,358451,6.1,2025-01-05,La volveria a ver
U00385,128,7.4,2025-09-02,Buen ritmo
U00385,38007,7.2,2026-02-25,La volveria a ver
U00385,8999,7.0,2025-07-07,Excelente recomendacion
U00385,1891,7.8,2025-04-18,No era lo que esperaba
U00385,10201,5.5,2025-10-10,Gran actuacion
U00386,23169,8.3,2025-12-10,Historia entretenida
U00386,16899,6.5,2026-03-20,Gran actuacion
U00386,8645,6.2,2026-02-06,Buena para recomendar
U00386,76493,6.0,2026-01-24,Buen ritmo
U00386,38543,5.5,2026-03-27,Gran actuacion
U00386,11439,5.4,2026-03-16,Historia entretenida
U00386,45054,4.8,2026-02-18,Historia entretenida
U00386,546,6.2,2025-11-14,Gran actuacion
U00386,9361,8.5,2026-04-04,Gran actuacion
U00386,11889,5.8,2025-11-13,Me gusto bastante
U00387,228150,7.9,2026-02-01,Me gusto bastante
U00387,838,5.8,2025-03-31,Excelente recomendacion
U00387,5393,6.0,2025-12-02,Final inesperado
U00387,10153,5.7,2025-09-15,Excelente recomendacion
U00387,130150,6.6,2025-12-31,Excelente recomendacion
U00387,100402,7.2,2025-06-23,No era lo que esperaba
U00387,9285,4.7,2025-06-03,Visualmente increible
U00387,277519,6.7,2025-04-08,La volveria a ver
U00387,15624,7.4,2025-12-22,Excelente recomendacion
U00387,257344,4.5,2025-06-26,La volveria a ver
U00388,11398,6.2,2025-06-10,No era lo que esperaba
U00388,9257,6.1,2025-11-06,Buen ritmo
U00388,32274,6.0,2025-04-22,Historia entretenida
U00388,60243,7.4,2025-06-21,Visualmente increible
U00388,855,7.4,2025-08-18,Buen ritmo
U00388,10480,6.9,2025-04-10,Excelente recomendacion
U00388,801,5.8,2025-03-11,Final inesperado
U00389,4170,5.9,2025-11-09,Me gusto bastante
U00389,13776,5.8,2026-02-05,Historia entretenida
U00389,1103,7.5,2024-07-14,Excelente recomendacion
U00389,3635,7.6,2023-04-22,Buen ritmo
U00389,50321,6.1,2023-04-29,Gran actuacion
U00389,10060,6.0,2025-03-23,Visualmente increible
U00389,10047,4.8,2026-03-31,La volveria a ver
U00389,139038,4.5,2022-12-29,Historia entretenida
U00389,769,9.7,2023-12-22,Buena para recomendar
U00389,44214,6.3,2024-02-07,Me gusto bastante
U00389,1088,8.2,2024-08-26,Excelente recomendacion
U00389,50014,8.6,2024-03-30,Me gusto bastante
U00389,64499,8.4,2023-11-15,Buen ritmo
U00390,215918,6.2,2026-02-28,Final inesperado
U00390,43266,8.1,2026-02-20,Excelente recomendacion
U00390,4251,7.9,2025-12-01,Gran actuacion
U00390,5915,6.5,2026-03-03,Gran actuacion
U00390,10071,4.7,2025-08-08,La volveria a ver
U00390,788,5.6,2025-12-05,Final inesperado
U00390,10132,6.8,2026-01-21,Historia entretenida
U00390,33,7.9,2025-09-01,Final inesperado
U00390,2486,3.8,2026-03-12,Gran actuacion
U00390,16337,5.3,2026-03-15,Excelente recomendacion
U00390,35199,6.6,2025-09-11,Gran actuacion
U00390,74,7.0,2026-02-15,Buen ritmo
U00390,773,6.1,2025-12-08,Gran actuacion
U00391,26428,6.2,2025-10-07,Historia entretenida
U00391,27360,4.9,2025-12-28,Excelente recomendacion
U00391,72571,7.3,2025-10-11,Final inesperado
U00391,4523,6.0,2026-03-24,Visualmente increible
U00391,84892,7.6,2025-10-29,La volveria a ver
U00392,756,7.4,2025-11-28,Me gusto bastante
U00392,23483,6.4,2024-09-16,No era lo que esperaba
U00392,10739,7.2,2024-09-17,Me gusto bastante
U00392,38365,6.2,2025-02-14,Visualmente increible
U00392,192132,5.5,2025-12-09,Buena para recomendar
U00392,26171,6.8,2025-08-24,Me gusto bastante
U00392,84188,5.2,2025-10-04,Historia entretenida
U00392,36669,6.3,2025-02-16,Gran actuacion
U00393,10996,6.6,2024-05-11,Gran actuacion
U00393,40862,9.4,2024-02-06,Excelente recomendacion
U00393,89750,7.2,2023-01-17,Me gusto bastante
U00393,256962,8.2,2025-10-22,Historia entretenida
U00393,157841,7.0,2026-01-09,Final inesperado
U00393,865,6.1,2025-06-15,Historia entretenida
U00393,4547,6.9,2023-05-24,Excelente recomendacion
U00393,347764,5.2,2026-02-24,Visualmente increible
U00394,72190,5.8,2025-10-22,Visualmente increible
U00394,13067,5.0,2026-03-12,Excelente recomendacion
U00394,5559,6.6,2026-02-26,La volveria a ver
U00394,18501,4.4,2025-09-14,Visualmente increible
U00394,2637,6.0,2025-11-12,Me gusto bastante
U00394,12634,5.5,2025-12-11,La volveria a ver
U00394,580,3.4,2025-10-27,Historia entretenida
U00394,33430,6.7,2025-12-03,Excelente recomendacion
U00395,43610,5.9,2025-09-07,Buena para recomendar
U00395,308531,4.6,2025-10-29,Excelente recomendacion
U00395,211672,7.7,2026-01-21,La volveria a ver
U00395,2567,8.1,2026-02-02,No era lo que esperaba
U00395,646,7.2,2025-06-04,No era lo que esperaba
U00395,1487,7.8,2025-12-18,No era lo que esperaba
U00396,72710,6.6,2025-05-02,La volveria a ver
U00396,8643,6.9,2026-01-14,La volveria a ver
U00396,1255,6.9,2024-06-16,Buen ritmo
U00396,10027,5.9,2024-06-09,Final inesperado
U00396,8359,7.5,2023-11-06,Me gusto bastante
U00396,227719,6.6,2026-03-05,Gran actuacion
U00397,357441,9.2,2024-08-01,Visualmente increible
U00397,49010,6.9,2026-03-07,No era lo que esperaba
U00397,157354,6.3,2025-02-28,Final inesperado
U00397,10733,5.7,2024-08-10,Visualmente increible
U00397,7345,7.0,2025-01-12,Buen ritmo
U00397,367961,5.1,2026-02-19,Historia entretenida
U00397,17139,7.9,2024-11-10,Buena para recomendar
U00398,26039,7.3,2025-08-04,No era lo que esperaba
U00398,1951,7.8,2025-05-23,Buen ritmo
U00398,298,5.6,2025-02-15,Buena para recomendar
U00398,175555,7.3,2024-11-09,Buena para recomendar
U00398,14462,6.8,2025-05-31,Buen ritmo
U00398,351819,4.6,2024-09-20,Excelente recomendacion
U00398,22007,4.3,2025-09-14,Gran actuacion
U00399,37724,7.9,2026-02-23,Gran actuacion
U00399,10416,6.6,2026-01-14,Excelente recomendacion
U00399,10930,7.0,2025-12-26,Final inesperado
U00399,62215,7.3,2025-11-09,Buen ritmo
U00399,9588,5.3,2025-08-28,Historia entretenida
U00399,11353,7.3,2025-10-18,Visualmente increible
U00399,11561,8.1,2026-03-08,Buena para recomendar
U00400,10866,7.0,2026-02-02,Visualmente increible
U00400,1696,5.5,2024-03-21,Buena para recomendar
U00400,44594,6.1,2023-02-24,Final inesperado
U00400,3050,5.7,2025-12-17,Final inesperado
U00400,146304,5.8,2024-05-13,Me gusto bastante
U00401,36355,6.0,2025-01-19,Excelente recomendacion
U00401,10934,6.1,2025-05-10,Gran actuacion
U00401,9718,7.4,2025-05-09,Buen ritmo
U00401,10858,6.9,2026-02-21,Excelente recomendacion
U00401,315011,6.6,2024-12-18,Gran actuacion
U00401,144340,6.7,2025-01-25,Buena para recomendar
U00401,11586,5.1,2025-05-13,Buen ritmo
U00401,667,7.1,2025-06-02,Final inesperado
U00402,13776,7.8,2025-11-07,Buena para recomendar
U00402,293660,7.1,2026-03-09,Final inesperado
U00402,73981,5.6,2024-10-13,Historia entretenida
U00402,10488,4.7,2025-07-16,Excelente recomendacion
U00402,3040,6.8,2024-10-30,Excelente recomendacion
U00402,109424,8.5,2025-08-25,Final inesperado
U00402,598,8.8,2025-03-31,Final inesperado
U00402,10557,6.6,2025-12-03,Buen ritmo
U00402,547,6.3,2024-11-17,Final inesperado
U00403,470,8.7,2024-11-17,Buena para recomendar
U00403,28580,7.2,2024-02-03,Gran actuacion
U00403,18516,7.1,2024-04-27,Historia entretenida
U00403,49010,5.3,2025-05-10,Visualmente increible
U00403,15655,7.2,2025-01-28,Historia entretenida
U00403,7863,6.2,2025-02-12,No era lo que esperaba
U00403,78307,7.2,2025-10-07,Buen ritmo
U00403,14295,7.5,2025-11-02,Historia entretenida
U00403,39806,3.4,2025-02-05,Visualmente increible
U00403,8247,6.5,2024-12-14,Historia entretenida
U00404,10488,4.2,2023-12-25,Gran actuacion
U00404,64682,6.0,2025-05-03,La volveria a ver
U00404,154,6.8,2025-10-18,Gran actuacion
U00404,525,6.9,2023-05-22,Visualmente increible
U00404,88042,5.1,2023-07-03,Visualmente increible
U00405,10226,5.4,2025-05-19,Excelente recomendacion
U00405,291362,5.9,2025-08-17,Gran actuacion
U00405,9053,5.1,2023-02-19,La volveria a ver
U00405,10678,6.0,2025-01-24,Final inesperado
U00405,48231,5.4,2023-05-06,Buen ritmo
U00405,239563,6.6,2023-02-19,Excelente recomendacion
U00405,226354,6.4,2024-05-24,Me gusto bastante
U00405,396152,6.1,2025-03-01,Me gusto bastante
U00405,1852,5.4,2026-03-21,Gran actuacion
U00405,17834,6.3,2023-07-08,Buen ritmo
U00405,8665,7.2,2024-07-29,La volveria a ver
U00406,9571,8.3,2025-11-22,Excelente recomendacion
U00406,9416,4.6,2026-02-20,Historia entretenida
U00406,9637,6.8,2024-02-16,Excelente recomendacion
U00406,18405,6.8,2024-12-06,Buena para recomendar
U00406,2501,6.9,2025-10-07,Visualmente increible
U00406,10710,4.1,2025-12-16,Buena para recomendar
U00406,9422,6.7,2025-06-22,Final inesperado
U00406,322443,2.9,2025-01-16,Visualmente increible
U00406,9946,6.1,2025-12-10,Buena para recomendar
U00406,12090,5.0,2025-08-27,Buena para recomendar
U00406,259693,7.9,2023-11-30,Buena para recomendar
U00406,9366,6.0,2025-05-29,No era lo que esperaba
U00407,470,7.7,2025-02-21,Buena para recomendar
U00407,854,6.0,2025-06-09,La volveria a ver
U00407,913,8.1,2024-12-21,Buena para recomendar
U00407,539,8.2,2025-07-14,Final inesperado
U00408,9471,3.9,2023-09-14,Historia entretenida
U00408,3082,7.0,2025-08-16,La volveria a ver
U00408,285743,7.4,2023-06-02,No era lo que esperaba
U00408,47686,8.5,2025-12-25,Buen ritmo
U00408,29595,6.0,2025-02-01,Final inesperado
U00408,10585,5.1,2023-04-23,Buena para recomendar
U00408,76349,4.1,2023-10-05,Buena para recomendar
U00408,10998,5.2,2025-11-26,No era lo que esperaba
U00408,340611,7.1,2025-05-06,Buen ritmo
U00408,11013,6.6,2024-07-20,Final inesperado
U00408,9767,5.2,2023-03-12,Historia entretenida
U00408,57119,6.8,2022-08-03,Buen ritmo
U00408,640,6.4,2024-02-10,Visualmente increible
U00409,1691,4.5,2025-12-05,Visualmente increible
U00409,77934,4.3,2025-10-27,Me gusto bastante
U00409,2122,5.3,2025-10-02,Gran actuacion
U00409,49040,5.8,2025-06-24,Gran actuacion
U00409,68721,6.7,2025-06-07,Gran actuacion
U00410,336004,4.9,2025-01-30,Final inesperado
U00410,176124,6.6,2025-10-02,Buen ritmo
U00410,238615,5.0,2025-02-12,La volveria a ver
U00410,58431,6.8,2025-02-02,Final inesperado
U00410,13536,4.5,2025-02-24,Historia entretenida
U00411,10866,5.8,2026-03-24,Buen ritmo
U00411,12144,6.8,2025-06-26,Visualmente increible
U00411,3082,7.7,2024-07-05,Buena para recomendar
U00411,26352,6.2,2026-03-02,Visualmente increible
U00411,25132,5.0,2023-11-27,Buen ritmo
U00411,10762,4.4,2025-02-05,Excelente recomendacion
U00411,36658,6.7,2023-11-15,Excelente recomendacion
U00411,10664,5.3,2024-09-18,Me gusto bastante
U00412,48289,6.0,2026-02-27,Final inesperado
U00412,11644,8.3,2026-03-26,Final inesperado
U00412,52520,5.9,2026-02-11,Buen ritmo
U00412,1833,8.2,2026-03-12,Final inesperado
U00412,26371,7.4,2026-04-01,Buena para recomendar
U00412,10783,4.7,2026-03-24,Historia entretenida
U00413,12088,5.5,2026-02-15,Historia entretenida
U00413,50348,6.6,2025-07-15,Visualmente increible
U00413,141,8.9,2025-03-25,Me gusto bastante
U00413,12245,5.9,2025-03-06,Final inesperado
U00413,5126,6.3,2025-06-06,Historia entretenida
U00414,20662,4.9,2025-12-28,Final inesperado
U00414,10480,5.8,2026-01-07,Buena para recomendar
U00414,41210,7.0,2025-03-15,Visualmente increible
U00414,58595,6.1,2025-12-01,Historia entretenida
U00414,2056,8.2,2025-04-12,Visualmente increible
U00414,9289,6.3,2025-08-25,No era lo que esperaba
U00414,266647,5.3,2025-06-26,Visualmente increible
U00415,6977,8.7,2022-12-03,Buen ritmo
U00415,8095,7.3,2025-06-15,La volveria a ver
U00415,59108,7.1,2026-02-22,Gran actuacion
U00415,31535,4.0,2023-04-26,Excelente recomendacion
U00415,18126,5.6,2023-06-19,Historia entretenida
U00416,46415,2.6,2025-06-04,Historia entretenida
U00416,150540,7.0,2025-07-15,La volveria a ver
U00416,10715,5.0,2025-09-08,Excelente recomendacion
U00416,25786,3.5,2025-07-26,Visualmente increible
U00416,58233,6.8,2026-02-14,Historia entretenida
U00416,6950,7.6,2025-03-13,Buen ritmo
U00416,262504,6.2,2025-02-28,Me gusto bastante
U00416,9352,7.8,2025-04-06,Buena para recomendar
U00416,409,7.2,2025-09-23,No era lo que esperaba
U00417,4638,7.7,2023-05-26,Excelente recomendacion
U00417,10208,4.7,2025-01-03,Excelente recomendacion
U00417,329833,3.5,2022-12-10,Visualmente increible
U00417,97370,4.7,2023-08-25,La volveria a ver
U00417,239566,6.9,2023-11-10,Visualmente increible
U00417,10557,6.2,2024-02-23,Final inesperado
U00418,855,7.3,2024-08-22,Final inesperado
U00418,258509,6.7,2025-07-30,Gran actuacion
U00418,244316,5.5,2024-09-04,Buena para recomendar
U00418,9549,6.0,2025-10-03,Historia entretenida
U00418,16300,3.6,2025-09-01,Excelente recomendacion
U00418,19344,6.9,2024-07-26,Visualmente increible
U00418,73981,6.5,2025-10-02,Me gusto bastante
U00418,49517,7.1,2025-01-14,Me gusto bastante
U00418,8982,8.0,2025-12-19,No era lo que esperaba
U00418,1429,6.3,2024-06-19,Gran actuacion
U00418,194,6.8,2024-09-01,Buena para recomendar
U00418,33157,6.7,2023-05-02,Final inesperado
U00418,7515,6.2,2026-03-17,Buena para recomendar
U00419,272693,6.0,2026-03-02,No era lo que esperaba
U00419,21610,6.1,2026-03-15,Excelente recomendacion
U00419,15049,7.0,2026-03-07,Buena para recomendar
U00419,14517,5.7,2026-04-10,Final inesperado
U00419,32274,8.4,2026-03-09,Excelente recomendacion
U00419,9877,5.9,2026-03-27,Buen ritmo
U00419,9306,4.0,2026-03-17,Excelente recomendacion
U00419,708,5.9,2026-03-24,Final inesperado
U00419,10991,6.9,2026-02-25,La volveria a ver
U00419,1372,6.4,2026-04-03,Final inesperado
U00420,91314,4.5,2026-04-10,Buena para recomendar
U00420,14849,4.7,2023-10-04,La volveria a ver
U00420,4174,8.2,2024-12-11,Buen ritmo
U00420,284293,7.2,2025-02-13,Visualmente increible
U00420,100042,6.3,2025-10-23,Historia entretenida
U00420,294086,5.6,2024-09-16,Final inesperado
U00420,135397,6.6,2025-07-11,Me gusto bastante
U00420,77883,5.5,2025-01-19,Buen ritmo
U00420,14160,8.4,2025-10-13,Buena para recomendar
U00420,7350,8.1,2026-04-04,Final inesperado
U00420,44214,8.8,2024-11-21,Buen ritmo
U00420,268171,7.1,2025-04-08,La volveria a ver
U00420,36669,6.2,2023-12-31,Visualmente increible
U00421,14462,6.2,2026-02-16,Buena para recomendar
U00421,10054,5.1,2025-12-22,Me gusto bastante
U00421,190859,7.9,2026-03-14,Me gusto bastante
U00421,19366,6.3,2026-01-11,Gran actuacion
U00421,808,8.3,2026-01-10,Gran actuacion
U00421,42819,5.1,2026-01-10,Buen ritmo
U00422,11132,4.6,2024-04-03,La volveria a ver
U00422,7220,6.7,2024-06-24,Final inesperado
U00422,1636,6.3,2025-05-04,Excelente recomendacion
U00422,679,7.7,2025-05-03,Me gusto bastante
U00422,1997,6.8,2024-03-19,Gran actuacion
U00422,293670,5.9,2025-02-22,Historia entretenida
U00422,935,7.1,2025-08-26,Historia entretenida
U00422,10758,5.3,2024-03-15,La volveria a ver
U00422,192210,5.6,2025-10-05,Gran actuacion
U00423,157336,7.8,2024-08-25,Gran actuacion
U00423,451,7.1,2024-08-03,Visualmente increible
U00423,9344,6.1,2024-05-23,Gran actuacion
U00423,17979,6.1,2025-07-07,Gran actuacion
U00423,134411,6.2,2025-12-07,Excelente recomendacion
U00423,818,6.9,2024-03-15,Gran actuacion
U00424,209403,6.6,2023-10-20,La volveria a ver
U00424,11170,7.3,2023-11-20,Final inesperado
U00424,13460,6.3,2023-09-09,No era lo que esperaba
U00424,62728,5.7,2025-09-22,Buena para recomendar
U00424,18840,5.5,2026-01-18,Me gusto bastante
U00424,4816,6.8,2023-10-09,Final inesperado
U00424,1257,6.1,2026-02-02,Me gusto bastante
U00424,82675,5.7,2025-12-18,No era lo que esperaba
U00424,4258,5.2,2026-01-06,Final inesperado
U00425,2155,4.6,2025-10-27,Final inesperado
U00425,667,6.6,2025-08-25,Me gusto bastante
U00425,8291,6.8,2025-06-04,Me gusto bastante
U00425,3638,5.2,2023-10-25,Gran actuacion
U00425,173,5.3,2025-02-28,Final inesperado
U00425,5852,6.2,2025-01-23,Gran actuacion
U00425,6639,7.5,2024-02-17,Historia entretenida
U00425,71859,6.6,2023-10-17,La volveria a ver
U00425,50357,4.7,2024-10-30,Gran actuacion
U00425,117,6.4,2023-01-08,Buena para recomendar
U00425,3580,8.7,2023-07-19,Excelente recomendacion
U00426,23483,8.1,2024-11-25,Buen ritmo
U00426,4517,7.9,2023-07-24,No era lo que esperaba
U00426,61752,5.8,2025-09-30,Gran actuacion
U00426,18736,5.8,2025-10-28,Buen ritmo
U00426,29406,6.1,2023-06-30,Final inesperado
U00426,49787,6.0,2025-07-08,Buen ritmo
U00426,25784,4.1,2026-02-15,La volveria a ver
U00426,70160,7.8,2024-04-06,Gran actuacion
U00426,10029,6.1,2025-08-07,Final inesperado
U00426,1852,5.6,2024-03-19,Buen ritmo
U00426,49524,6.3,2024-08-29,Visualmente increible
U00426,274,8.9,2025-11-01,Me gusto bastante
U00426,2604,5.2,2024-04-01,Buena para recomendar
U00427,861,7.3,2023-03-21,Gran actuacion
U00427,1268,6.2,2023-06-28,Buen ritmo
U00427,9662,5.9,2024-06-22,Visualmente increible
U00427,11644,8.0,2025-10-14,La volveria a ver
U00427,21283,5.1,2024-02-13,Visualmente increible
U00427,11358,5.6,2024-02-10,Gran actuacion
U00427,37724,7.7,2023-08-22,Historia entretenida
U00427,447027,1.0,2024-04-28,La volveria a ver
U00427,87943,7.4,2025-08-13,Me gusto bastante
U00427,52451,4.5,2025-11-29,Historia entretenida
U00427,795,6.6,2024-03-26,Historia entretenida
U00427,22947,6.2,2024-07-07,Buen ritmo
U00427,44770,5.6,2023-11-21,Buena para recomendar
U00427,62835,7.9,2025-07-08,Me gusto bastante
U00427,10715,4.5,2025-06-15,Me gusto bastante
U00427,7305,8.1,2023-12-13,La volveria a ver
U00428,663,4.6,2023-12-24,Gran actuacion
U00428,16,9.1,2026-03-21,Me gusto bastante
U00428,19803,5.3,2024-11-29,Excelente recomendacion
U00428,46738,8.4,2023-02-16,Historia entretenida
U00429,11687,7.5,2025-04-04,Buena para recomendar
U00429,244267,7.6,2025-12-05,Visualmente increible
U00429,558,8.1,2025-10-05,Historia entretenida
U00429,2123,7.2,2025-08-12,No era lo que esperaba
U00429,10067,4.2,2026-03-19,Gran actuacion
U00429,50357,6.2,2025-06-08,La volveria a ver
U00429,634,6.8,2026-02-11,Buen ritmo
U00429,14299,7.4,2025-03-21,La volveria a ver
U00429,395766,1.0,2025-10-31,Me gusto bastante
U00430,215,6.2,2026-01-23,Visualmente increible
U00430,2043,6.7,2024-02-25,Me gusto bastante
U00430,25461,9.1,2025-11-25,Buena para recomendar
U00430,245846,5.7,2026-04-09,Excelente recomendacion
U00430,6466,7.2,2023-03-15,No era lo que esperaba
U00430,34723,5.7,2025-01-18,Historia entretenida
U00430,13853,5.3,2025-01-06,Me gusto bastante
U00430,12109,7.3,2024-11-25,Buena para recomendar
U00430,39254,5.9,2024-12-14,Historia entretenida
U00431,292,7.6,2025-10-29,Buen ritmo
U00431,3040,6.5,2026-03-04,La volveria a ver
U00431,2034,8.4,2026-01-08,Final inesperado
U00432,11619,6.5,2026-03-14,Buen ritmo
U00432,192141,5.8,2026-03-20,Historia entretenida
U00432,1927,6.5,2026-03-06,Excelente recomendacion
U00432,189,5.7,2026-04-07,Buen ritmo
U00432,111,8.7,2025-12-16,Final inesperado
U00432,15301,4.7,2025-12-10,Buena para recomendar
U00432,44115,5.9,2025-12-11,Visualmente increible
U00432,16727,7.8,2025-12-11,Excelente recomendacion
U00433,18975,4.2,2025-06-15,Excelente recomendacion
U00433,30973,8.8,2024-08-31,Visualmente increible
U00433,16448,7.3,2025-07-10,Buena para recomendar
U00433,10198,7.6,2025-05-27,Excelente recomendacion
U00433,45243,5.0,2025-12-19,Buena para recomendar
U00433,9707,6.2,2025-01-22,Buena para recomendar
U00433,2604,6.2,2025-01-08,Gran actuacion
U00433,1824,8.0,2025-06-08,Final inesperado
U00433,11446,5.7,2024-11-15,Gran actuacion
U00434,8386,6.8,2025-08-07,Visualmente increible
U00434,226458,4.0,2026-02-18,No era lo que esperaba
U00434,12763,5.6,2025-05-05,Final inesperado
U00434,6073,4.3,2026-01-10,Visualmente increible
U00434,13853,5.4,2026-02-18,Historia entretenida
U00434,23759,5.6,2026-01-24,Gran actuacion
U00434,10105,7.4,2025-02-05,Excelente recomendacion
U00435,2211,7.4,2025-11-26,Excelente recomendacion
U00435,42151,6.4,2025-09-07,La volveria a ver
U00435,9731,5.1,2025-02-06,Buen ritmo
U00435,9665,6.1,2024-07-19,Visualmente increible
U00435,771,6.9,2025-04-25,Gran actuacion
U00435,47686,7.9,2025-01-07,Final inesperado
U00435,13223,8.2,2024-09-24,No era lo que esperaba
U00435,329540,6.8,2024-04-15,La volveria a ver
U00435,14709,7.5,2025-09-03,Buen ritmo
U00435,48231,5.3,2026-02-14,Buena para recomendar
U00435,8373,5.8,2025-07-22,La volveria a ver
U00435,28580,7.6,2024-06-07,La volveria a ver
U00435,351043,4.6,2024-12-06,Excelente recomendacion
U00435,846,7.1,2024-10-12,Excelente recomendacion
U00435,7516,6.1,2025-03-19,Buena para recomendar
U00435,224141,5.7,2025-02-08,Gran actuacion
U00436,56930,6.9,2025-10-16,Buen ritmo
U00436,4348,8.3,2025-07-10,La volveria a ver
U00436,404,6.8,2024-10-13,Visualmente increible
U00436,20322,7.4,2025-01-23,Gran actuacion
U00436,4512,6.9,2024-08-30,Final inesperado
U00436,292539,6.9,2025-02-27,Gran actuacion
U00436,990,7.6,2025-04-06,Visualmente increible
U00437,228194,7.8,2026-03-17,Me gusto bastante
U00437,11495,6.4,2022-09-30,Historia entretenida
U00437,188161,6.0,2024-11-01,Me gusto bastante
U00437,40264,5.5,2025-02-28,Me gusto bastante
U00437,10555,6.4,2025-10-04,Me gusto bastante
U00437,12498,7.8,2025-03-21,La volveria a ver
U00437,13596,5.7,2024-06-14,Me gusto bastante
U00437,927,7.5,2022-10-27,Buena para recomendar
U00438,37724,5.9,2026-03-05,Excelente recomendacion
U00438,6977,8.6,2025-09-09,No era lo que esperaba
U00438,45145,4.9,2025-01-11,Final inesperado
U00438,1934,6.6,2024-06-10,Gran actuacion
U00438,978,7.5,2026-02-20,No era lo que esperaba
U00438,302688,4.1,2024-11-11,Excelente recomendacion
U00438,34941,7.4,2025-12-29,Me gusto bastante
U00438,102382,7.8,2025-03-30,Historia entretenida
U00438,10744,6.5,2025-01-05,Historia entretenida
U00438,67675,7.2,2026-02-03,Buena para recomendar
U00438,11661,6.4,2024-11-25,La volveria a ver
U00439,13680,7.2,2025-09-11,Me gusto bastante
U00439,126319,7.2,2023-08-18,Visualmente increible
U00439,398,6.7,2024-12-04,Buen ritmo
U00439,84175,7.0,2024-04-15,Buen ritmo
U00439,199,6.1,2025-06-30,Final inesperado
U00439,8916,5.0,2025-05-18,Buen ritmo
U00439,10925,8.2,2025-07-24,La volveria a ver
U00440,11901,8.8,2026-01-29,Visualmente increible
U00440,9099,6.8,2025-10-30,Historia entretenida
U00440,9942,5.3,2026-01-24,Me gusto bastante
U00440,304357,7.8,2026-03-16,Visualmente increible
U00440,9336,7.4,2026-02-13,Buen ritmo
U00440,292,7.3,2025-12-15,No era lo que esperaba
U00440,114,5.9,2026-02-13,No era lo que esperaba
U00440,177,7.7,2026-02-13,Final inesperado
U00440,579,5.7,2026-04-03,Me gusto bastante
U00440,71864,6.0,2025-11-04,Visualmente increible
U00440,10133,5.8,2026-02-25,La volveria a ver
U00441,12155,7.2,2026-02-28,Excelente recomendacion
U00441,295886,6.9,2026-04-02,No era lo que esperaba
U00441,277,5.3,2026-03-05,Excelente recomendacion
U00441,18320,7.4,2026-03-06,La volveria a ver
U00441,328425,6.1,2026-03-25,No era lo que esperaba
U00441,64682,6.5,2026-03-12,Me gusto bastante
U00441,11836,8.0,2026-04-08,Me gusto bastante
U00442,9372,5.9,2023-07-21,Excelente recomendacion
U00442,340816,7.1,2025-01-13,Excelente recomendacion
U00442,278927,5.8,2025-02-18,Gran actuacion
U00442,97020,6.7,2022-09-08,Buen ritmo
U00442,100402,7.5,2024-02-03,La volveria a ver
U00442,57119,6.7,2025-10-17,Buena para recomendar
U00442,507,7.2,2025-07-19,Me gusto bastante
U00442,2292,7.5,2024-03-30,No era lo que esperaba
U00443,816,5.1,2023-02-18,Buena para recomendar
U00443,38050,5.7,2025-12-13,Final inesperado
U00443,9583,4.4,2024-07-22,Buena para recomendar
U00443,425,7.1,2022-12-03,Historia entretenida
U00443,38543,5.4,2023-10-14,La volveria a ver
U00443,16727,7.1,2025-07-15,No era lo que esperaba
U00443,49529,7.4,2023-07-11,Gran actuacion
U00443,26367,6.1,2023-06-11,La volveria a ver
U00443,168705,2.5,2025-03-26,La volveria a ver
U00443,44826,8.3,2022-09-01,Visualmente increible
U00443,9093,7.6,2022-11-30,Gran actuacion
U00443,9294,7.2,2025-06-03,Buen ritmo
U00443,38365,5.2,2022-08-15,Visualmente increible
U00444,50456,7.1,2026-02-17,Gran actuacion
U00444,11026,5.9,2023-12-10,Excelente recomendacion
U00444,9729,6.0,2026-03-10,Buen ritmo
U00444,587,8.9,2024-12-06,Visualmente increible
U00444,14411,8.1,2024-10-21,Excelente recomendacion
U00444,10585,6.7,2024-02-23,No era lo que esperaba
U00444,27723,5.0,2024-05-09,Buena para recomendar
U00444,10016,6.0,2025-10-01,Buena para recomendar
U00444,50035,6.1,2024-12-02,Historia entretenida
U00444,40963,9.8,2024-06-14,Historia entretenida
U00444,316152,8.0,2026-03-31,Buena para recomendar
U00444,3172,5.9,2024-08-01,Me gusto bastante
U00445,22796,5.2,2023-07-21,Visualmente increible
U00445,12589,5.0,2025-01-22,La volveria a ver
U00445,10280,6.2,2023-12-22,Buena para recomendar
U00445,10761,5.1,2023-11-08,Buen ritmo
U00445,260778,5.9,2026-03-10,Excelente recomendacion
U00445,89325,5.7,2025-08-16,Buen ritmo
U00446,10647,5.6,2023-12-29,Excelente recomendacion
U00446,12819,3.9,2025-01-09,La volveria a ver
U00446,2771,5.7,2023-12-30,Buena para recomendar
U00446,11253,5.4,2023-11-25,Buena para recomendar
U00446,89,7.7,2025-11-04,Historia entretenida
U00446,16653,7.6,2022-11-20,Historia entretenida
U00446,4965,5.3,2024-09-14,Final inesperado
U00446,45138,8.7,2024-02-11,Final inesperado
U00446,299553,5.2,2023-07-06,No era lo que esperaba
U00446,8065,5.4,2023-01-14,Final inesperado
U00446,8838,5.9,2022-09-02,La volveria a ver
U00447,49018,6.6,2024-04-24,Buen ritmo
U00447,9526,5.4,2023-12-31,Historia entretenida
U00447,9557,5.7,2024-05-05,La volveria a ver
U00447,44634,4.4,2025-01-10,Buen ritmo
U00447,5175,6.8,2024-07-02,No era lo que esperaba
U00447,11091,5.6,2025-02-08,La volveria a ver
U00447,9645,6.1,2025-11-30,La volveria a ver
U00447,11975,5.5,2023-08-16,Visualmente increible
U00447,238615,4.8,2025-02-09,Gran actuacion
U00447,14574,8.2,2026-01-08,Buena para recomendar
U00447,74536,3.8,2024-05-26,Me gusto bastante
U00448,1018,6.8,2023-05-09,Excelente recomendacion
U00448,24126,4.7,2024-03-15,Final inesperado
U00448,2084,5.0,2024-01-14,Visualmente increible
U00448,1997,6.6,2023-06-07,Historia entretenida
U00448,35073,6.7,2025-04-17,Final inesperado
U00448,161795,7.8,2024-01-04,Excelente recomendacion
U00449,246655,6.0,2025-04-26,La volveria a ver
U00449,4256,5.9,2025-07-07,La volveria a ver
U00449,99861,6.0,2025-08-19,Buen ritmo
U00449,211557,7.3,2026-04-02,Final inesperado
U00449,10008,4.9,2025-10-07,Buena para recomendar
U00449,4995,8.3,2026-01-19,Excelente recomendacion
U00449,14582,7.2,2025-09-05,Me gusto bastante
U00450,29917,8.1,2024-11-30,Me gusto bastante
U00450,49018,7.3,2025-10-27,Excelente recomendacion
U00450,11170,7.2,2025-05-07,No era lo que esperaba
U00450,205596,7.0,2025-03-11,Me gusto bastante
U00450,14536,4.9,2026-01-12,Me gusto bastante
U00450,17139,7.7,2024-07-26,No era lo que esperaba
U00450,6488,5.6,2025-08-11,La volveria a ver
U00450,102651,7.2,2025-09-07,La volveria a ver
U00450,230266,7.3,2025-02-03,Visualmente increible
U00450,8358,7.0,2025-03-14,Final inesperado
U00450,126509,3.6,2024-11-08,Me gusto bastante
U00450,38321,6.8,2024-04-19,Final inesperado
U00450,183894,6.3,2025-06-19,La volveria a ver
U00450,9535,5.3,2025-05-13,Buen ritmo
U00450,8835,4.9,2025-02-08,No era lo que esperaba
U00451,26791,6.0,2025-04-16,Gran actuacion
U00451,1544,5.6,2025-06-08,Gran actuacion
U00451,9842,6.3,2026-01-31,Me gusto bastante
U00451,28121,5.3,2025-10-09,Visualmente increible
U00451,137113,7.9,2025-05-29,Final inesperado
U00451,65203,5.3,2026-02-22,Historia entretenida
U00452,2749,6.2,2026-02-11,Excelente recomendacion
U00452,130150,5.7,2025-12-27,Me gusto bastante
U00452,59678,7.2,2025-02-14,La volveria a ver
U00452,1667,7.9,2025-03-07,Final inesperado
U00452,29076,5.0,2025-06-30,Me gusto bastante
U00452,302699,5.9,2025-03-10,Me gusto bastante
U00453,616,6.6,2026-01-31,Buen ritmo
U00453,171274,6.7,2026-03-20,Historia entretenida
U00453,9952,7.9,2026-01-27,Buena para recomendar
U00453,50014,6.6,2026-02-11,Me gusto bastante
U00453,252680,5.1,2026-01-05,Final inesperado
U00453,10448,7.7,2026-02-14,Historia entretenida
U00453,18238,5.4,2025-12-20,La volveria a ver
U00453,82675,5.7,2026-03-06,Buen ritmo
U00454,15070,5.3,2025-10-05,Buen ritmo
U00454,888,4.6,2024-03-26,Historia entretenida
U00454,80278,5.9,2024-10-02,No era lo que esperaba
U00454,137113,8.1,2026-03-22,Gran actuacion
U00454,49026,8.0,2025-08-15,Buena para recomendar
U00454,9839,7.3,2024-04-11,Buen ritmo
U00454,769,7.7,2025-05-21,Final inesperado
U00455,1621,7.8,2024-11-28,Visualmente increible
U00455,14306,7.8,2024-01-21,Historia entretenida
U00455,179,6.4,2024-10-05,Excelente recomendacion
U00455,30596,7.7,2025-01-02,Me gusto bastante
U00455,322,8.1,2025-07-19,Buen ritmo
U00455,280391,6.0,2025-10-09,Historia entretenida
U00455,125263,4.6,2025-12-27,Gran actuacion
U00455,203833,8.7,2025-05-15,Excelente recomendacion
U00455,11426,8.6,2025-08-28,Buen ritmo
U00455,11775,6.0,2025-06-10,Visualmente increible
U00455,4380,6.8,2024-03-31,La volveria a ver
U00455,347969,3.8,2024-07-30,Excelente recomendacion
U00455,8814,5.6,2026-02-24,Excelente recomendacion
U00455,24226,8.5,2025-09-17,Historia entretenida
U00455,492,6.1,2024-03-17,Buen ritmo
U00456,861,6.8,2026-01-23,Me gusto bastante
U00456,297761,4.6,2025-10-24,Gran actuacion
U00456,10705,7.0,2026-03-29,La volveria a ver
U00456,11026,3.7,2025-12-20,Visualmente increible
U00456,334531,8.2,2025-08-16,No era lo que esperaba
U00456,888,4.3,2025-07-12,Final inesperado
U00456,272,6.5,2026-02-18,La volveria a ver
U00456,149,9.3,2025-07-12,No era lo que esperaba
U00456,16614,7.0,2025-10-17,Final inesperado
U00456,14112,7.5,2026-01-21,La volveria a ver
U00456,239,9.0,2026-02-25,Excelente recomendacion
U00456,152532,8.0,2025-08-31,Final inesperado
U00456,1656,4.6,2025-05-23,No era lo que esperaba
U00456,8968,5.9,2025-12-05,Historia entretenida
U00456,9989,5.1,2025-07-17,La volveria a ver
U00456,158895,6.3,2025-10-04,Visualmente increible
U00456,14538,5.6,2026-04-06,Historia entretenida
U00457,38357,5.6,2025-05-21,Buen ritmo
U00457,13184,4.5,2023-10-26,Buen ritmo
U00457,34806,6.6,2026-01-25,Visualmente increible
U00457,10708,5.9,2025-03-26,No era lo que esperaba
U00457,9770,5.7,2024-03-26,Historia entretenida
U00457,9963,6.8,2025-03-17,Gran actuacion
U00457,83666,8.3,2025-04-30,Gran actuacion
U00457,15059,6.5,2025-10-01,Excelente recomendacion
U00457,703,7.7,2025-02-08,Buen ritmo
U00457,187017,6.5,2024-05-02,Gran actuacion
U00457,44115,8.2,2026-02-27,Me gusto bastante
U00457,287524,4.1,2025-08-13,La volveria a ver
U00457,13689,7.5,2024-02-23,Visualmente increible
U00458,41479,6.9,2025-10-26,Buena para recomendar
U00458,25196,5.9,2026-03-31,Historia entretenida
U00458,257445,6.9,2025-12-24,Excelente recomendacion
U00458,2786,6.5,2025-01-31,Visualmente increible
U00458,189711,5.9,2025-09-24,Historia entretenida
U00459,10996,4.9,2026-04-08,Buena para recomendar
U00459,53457,6.2,2025-01-04,Me gusto bastante
U00459,281957,6.9,2026-01-05,Buen ritmo
U00459,20322,7.0,2025-11-16,Final inesperado
U00459,11635,7.9,2024-11-20,Buen ritmo
U00459,59930,5.2,2024-07-29,Final inesperado
U00460,10684,7.1,2023-10-28,Historia entretenida
U00460,12620,6.5,2023-09-22,Final inesperado
U00460,3049,5.4,2023-05-10,Visualmente increible
U00460,11162,6.3,2023-02-09,Excelente recomendacion
U00461,23631,5.3,2025-08-28,Me gusto bastante
U00461,61752,6.1,2025-12-06,Final inesperado
U00461,4464,6.8,2025-11-26,Gran actuacion
U00461,9621,6.8,2025-08-06,No era lo que esperaba
U00461,19265,6.7,2025-08-11,No era lo que esperaba
U00461,8198,5.3,2025-08-29,Final inesperado
U00461,11775,6.8,2025-12-19,No era lo que esperaba
U00462,770,7.3,2025-06-12,Buena para recomendar
U00462,3082,8.1,2026-01-21,Historia entretenida
U00462,8358,6.9,2025-08-09,Buen ritmo
U00462,41733,7.2,2025-06-07,Historia entretenida
U00462,5494,4.1,2026-03-03,Historia entretenida
U00462,9257,5.1,2026-03-13,Final inesperado
U00463,57158,8.0,2025-01-22,Excelente recomendacion
U00463,25209,6.9,2025-02-08,Gran actuacion
U00463,14631,9.4,2026-01-13,Buena para recomendar
U00463,11217,4.3,2025-06-22,No era lo que esperaba
U00463,18632,7.1,2025-04-20,Final inesperado
U00464,84197,5.3,2023-07-14,Me gusto bastante
U00464,11546,4.7,2024-10-07,Historia entretenida
U00464,10283,4.8,2025-04-26,Final inesperado
U00464,8321,6.9,2023-07-07,Gran actuacion
U00464,21724,3.4,2024-03-23,Visualmente increible
U00464,801,5.6,2026-03-27,Me gusto bastante
U00464,191714,7.1,2023-11-27,Me gusto bastante
U00464,32275,6.4,2026-02-07,La volveria a ver
U00465,44264,5.7,2024-10-03,Visualmente increible
U00465,11377,4.2,2025-08-26,Historia entretenida
U00465,9682,3.9,2024-08-31,Excelente recomendacion
U00465,534,6.8,2024-04-10,No era lo que esperaba
U00465,299245,5.5,2023-09-12,Final inesperado
U00465,9693,7.5,2024-10-28,Me gusto bastante
U00465,35,6.8,2023-06-04,Buen ritmo
U00465,3034,7.6,2024-03-24,Buena para recomendar
U00465,16353,7.4,2024-01-17,Final inesperado
U00466,32235,6.9,2023-05-09,Buena para recomendar
U00466,1979,4.0,2025-08-13,No era lo que esperaba
U00466,19913,7.0,2026-03-23,Gran actuacion
U00466,8814,4.8,2023-03-06,Buen ritmo
U00466,46829,5.7,2025-10-31,No era lo que esperaba
U00466,307081,7.4,2025-08-01,Buen ritmo
U00467,2277,6.4,2023-03-16,Buena para recomendar
U00467,14034,5.9,2024-06-03,Visualmente increible
U00467,7305,7.3,2024-11-24,Me gusto bastante
U00467,25189,5.6,2025-12-09,Excelente recomendacion
U00467,14047,7.5,2023-10-20,Gran actuacion
U00467,1537,6.5,2024-04-12,Buen ritmo
U00468,10395,4.6,2026-01-08,Final inesperado
U00468,205775,6.9,2026-03-21,La volveria a ver
U00468,79161,7.3,2026-01-27,Buena para recomendar
U00468,328307,9.4,2026-02-09,La volveria a ver
U00468,687,7.4,2025-12-30,Historia entretenida
U00468,710,6.5,2026-01-13,Buena para recomendar
U00468,546,7.5,2026-03-13,Historia entretenida
U00469,22,8.9,2025-12-21,Buena para recomendar
U00469,2447,6.2,2025-12-31,Me gusto bastante
U00469,16642,6.5,2026-02-20,Historia entretenida
U00469,10461,6.1,2026-02-02,Final inesperado
U00469,215211,5.2,2026-02-10,Gran actuacion
U00469,187,7.8,2026-03-13,Gran actuacion
U00469,17917,6.2,2025-12-27,Visualmente increible
U00469,10530,7.6,2026-01-12,Me gusto bastante
U00469,10590,5.7,2026-04-06,Me gusto bastante
U00470,16869,7.1,2025-08-24,Buen ritmo
U00470,4349,5.7,2025-01-07,Me gusto bastante
U00470,9588,5.7,2024-03-25,Buena para recomendar
U00470,489,9.1,2024-04-02,Final inesperado
U00470,11353,6.1,2025-08-31,Historia entretenida
U00470,8814,6.3,2025-07-03,Visualmente increible
U00470,5820,6.9,2025-07-29,Buen ritmo
U00470,43213,5.8,2023-11-10,No era lo que esperaba
U00470,7512,6.9,2025-10-23,Visualmente increible
U00471,17711,4.4,2023-02-09,Gran actuacion
U00471,10623,7.2,2023-06-15,La volveria a ver
U00471,9504,8.2,2022-09-10,No era lo que esperaba
U00471,22013,7.0,2024-09-24,La volveria a ver
U00471,46529,5.9,2024-04-08,Excelente recomendacion
U00471,1273,5.4,2024-08-24,Buena para recomendar
U00471,3078,6.6,2024-12-10,Excelente recomendacion
U00472,770,8.9,2024-11-25,Buen ritmo
U00472,10676,5.8,2026-01-23,Final inesperado
U00472,9737,6.1,2024-11-14,Me gusto bastante
U00473,76726,7.4,2026-02-13,Gran actuacion
U00473,211086,2.7,2025-06-24,Final inesperado
U00473,8095,6.3,2025-01-27,Me gusto bastante
U00473,622,7.4,2026-03-04,Visualmente increible
U00473,1904,8.1,2025-05-28,Buena para recomendar
U00474,330770,6.0,2026-01-29,Final inesperado
U00474,287903,4.6,2024-07-07,Gran actuacion
U00474,324322,5.1,2024-10-17,Me gusto bastante
U00474,11354,5.4,2024-08-10,Historia entretenida
U00474,8328,7.1,2025-11-22,La volveria a ver
U00474,2067,4.3,2025-03-15,Excelente recomendacion
U00474,12621,7.3,2024-12-11,Me gusto bastante
U00474,8363,6.1,2024-07-27,Historia entretenida
U00474,64682,6.7,2025-02-04,La volveria a ver
U00474,9593,5.1,2024-12-03,Visualmente increible
U00475,2395,4.8,2024-02-25,Visualmente increible
U00475,38356,5.4,2024-08-29,La volveria a ver
U00475,55561,4.1,2024-11-03,Buena para recomendar
U00475,164457,7.7,2025-03-21,Excelente recomendacion
U00475,9488,4.2,2023-08-22,Gran actuacion
U00475,10024,8.4,2024-02-26,Final inesperado
U00475,5494,3.9,2023-12-05,Visualmente increible
U00475,378200,5.3,2026-02-18,Buena para recomendar
U00475,109414,5.1,2026-03-24,Excelente recomendacion
U00475,116741,7.4,2025-02-25,Buen ritmo
U00476,8966,5.4,2024-03-11,La volveria a ver
U00476,1562,5.8,2026-02-16,Historia entretenida
U00476,1251,6.1,2024-08-22,Final inesperado
U00476,15765,8.0,2025-06-09,Excelente recomendacion
U00476,14438,8.3,2024-05-08,No era lo que esperaba
U00476,12634,4.7,2024-02-29,La volveria a ver
U00477,81390,5.3,2026-01-02,Historia entretenida
U00477,59961,7.6,2025-11-15,La volveria a ver
U00477,8326,5.3,2026-04-01,Visualmente increible
U00477,77016,7.9,2025-10-01,Buen ritmo
U00477,197,8.7,2025-12-10,Excelente recomendacion
U00477,8457,4.7,2025-10-15,Buen ritmo
U00477,10985,5.8,2026-02-28,Visualmente increible
U00478,152742,8.2,2025-06-30,Me gusto bastante
U00478,12245,4.9,2024-12-30,Me gusto bastante
U00478,826,8.7,2025-08-08,Gran actuacion
U00478,34152,5.9,2024-12-07,Final inesperado
U00478,18041,4.6,2024-12-06,Gran actuacion
U00478,9509,6.2,2025-11-05,Visualmente increible
U00478,1770,5.7,2024-12-18,Buena para recomendar
U00479,37137,5.1,2025-12-07,Excelente recomendacion
U00479,9470,8.3,2025-03-23,Me gusto bastante
U00479,116977,1.2,2024-06-05,Me gusto bastante
U00479,16899,6.5,2024-06-19,Buen ritmo
U00480,16871,6.7,2025-07-26,Gran actuacion
U00480,258509,6.1,2025-07-15,Visualmente increible
U00480,59,6.0,2025-08-30,Buena para recomendar
U00480,2277,7.4,2025-05-09,Buen ritmo
U00480,8810,8.6,2025-01-26,No era lo que esperaba
U00480,22794,7.8,2025-12-19,Final inesperado
U00480,175574,7.2,2025-06-13,Gran actuacion
U00480,20337,4.8,2024-11-09,Visualmente increible
U00480,18632,5.0,2025-10-02,Me gusto bastante
U00480,178862,7.6,2026-01-05,Buena para recomendar
U00481,230266,5.1,2025-10-28,Buena para recomendar
U00481,4348,8.8,2026-03-29,Buen ritmo
U00481,30890,7.2,2026-02-17,Me gusto bastante
U00481,24684,5.6,2026-02-05,Gran actuacion
U00481,10802,4.5,2026-03-18,La volveria a ver
U00481,35688,4.6,2025-12-10,Final inesperado
U00481,11324,7.2,2025-10-12,Buena para recomendar
U00481,10313,5.1,2025-10-15,Buen ritmo
U00481,76203,7.3,2025-11-13,Historia entretenida
U00482,12289,7.2,2025-09-11,Visualmente increible
U00482,129670,7.2,2025-10-07,Buena para recomendar
U00482,70687,5.3,2026-02-22,Me gusto bastante
U00482,10436,8.5,2025-11-13,Buen ritmo
U00482,13963,9.3,2026-03-18,No era lo que esperaba
U00482,602,6.9,2025-12-24,Buen ritmo
U00482,10316,7.1,2025-06-07,Me gusto bastante
U00482,2034,7.8,2025-11-13,No era lo que esperaba
U00482,83686,7.6,2025-06-28,La volveria a ver
U00482,12535,7.4,2025-08-29,Final inesperado
U00482,12094,6.0,2026-02-06,Historia entretenida
U00483,11130,5.7,2024-03-01,Me gusto bastante
U00483,11208,7.5,2024-12-24,Buena para recomendar
U00483,82679,4.5,2025-08-10,Gran actuacion
U00483,35691,7.5,2024-03-20,La volveria a ver
U00483,1878,7.5,2024-01-17,Visualmente increible
U00483,617,6.6,2025-11-10,Gran actuacion
U00483,1585,7.8,2024-04-08,Historia entretenida
U00483,10929,6.6,2025-07-05,Visualmente increible
U00483,15983,4.9,2024-11-12,Buena para recomendar
U00483,11635,5.3,2025-05-04,Buena para recomendar
U00483,9400,8.0,2024-11-21,No era lo que esperaba
U00484,241257,5.2,2026-03-21,Buena para recomendar
U00484,11212,5.4,2026-03-25,Me gusto bastante
U00484,254470,5.3,2026-03-06,Final inesperado
U00484,12877,6.5,2026-04-08,Historia entretenida
U00484,14299,6.9,2026-03-11,Final inesperado
U00484,2088,5.0,2026-03-22,No era lo que esperaba
U00484,10013,7.0,2026-04-05,No era lo que esperaba
U00484,10139,5.9,2026-03-09,Excelente recomendacion
U00484,205584,5.1,2026-03-30,Historia entretenida
U00484,46528,7.1,2026-03-23,Visualmente increible
U00484,105,6.6,2026-04-06,Me gusto bastante
U00484,256962,5.5,2026-03-10,Historia entretenida
U00484,13785,7.0,2026-03-17,Historia entretenida
U00484,28211,4.8,2026-03-08,Historia entretenida
U00485,2062,8.4,2025-05-31,Gran actuacion
U00485,10377,6.0,2025-12-09,Buena para recomendar
U00485,39513,6.0,2024-01-12,La volveria a ver
U00485,217,6.5,2023-09-26,Gran actuacion
U00485,395,5.8,2025-07-01,Buen ritmo
U00485,190847,4.0,2024-08-16,Buen ritmo
U00485,4515,4.5,2024-08-07,Gran actuacion
U00485,10782,7.2,2023-08-26,Buena para recomendar
U00486,228150,7.8,2026-04-07,Final inesperado
U00486,4942,4.8,2026-03-29,La volveria a ver
U00486,157847,5.4,2026-03-31,Me gusto bastante
U00486,24137,6.5,2026-04-06,Final inesperado
U00486,85446,7.8,2026-04-03,Final inesperado
U00486,62676,6.6,2026-04-07,No era lo que esperaba
U00486,192136,6.2,2026-04-01,No era lo que esperaba
U00486,55721,6.9,2026-04-06,Visualmente increible
U00486,122081,5.1,2026-04-05,Historia entretenida
U00486,12403,6.1,2026-04-06,Visualmente increible
U00486,12819,6.2,2026-03-30,La volveria a ver
U00486,126186,4.6,2026-03-29,Final inesperado
U00486,13600,5.6,2026-04-06,La volveria a ver
U00486,11342,6.6,2026-04-05,Me gusto bastante
U00487,328111,4.9,2024-11-02,Final inesperado
U00487,18,6.4,2024-11-14,Excelente recomendacion
U00487,28005,7.2,2024-08-27,Visualmente increible
U00487,31640,4.5,2025-10-23,Historia entretenida
U00487,24071,6.2,2024-03-30,Buen ritmo
U00487,14411,6.7,2025-05-01,Excelente recomendacion
U00487,9963,4.7,2024-04-10,No era lo que esperaba
U00487,49520,6.1,2025-09-07,Excelente recomendacion
U00487,20794,5.8,2024-11-25,Me gusto bastante
U00487,299245,6.2,2025-10-21,Historia entretenida
U00487,10956,6.8,2025-10-27,Visualmente increible
U00487,152742,7.8,2024-02-25,Buena para recomendar
U00487,3028,4.4,2026-01-30,Me gusto bastante
U00487,14024,6.6,2024-11-07,Visualmente increible
U00488,135397,5.3,2025-11-26,La volveria a ver
U00488,67238,8.1,2026-03-10,Buena para recomendar
U00488,17926,6.0,2025-11-17,Visualmente increible
U00488,314,4.7,2025-11-18,Buen ritmo
U00489,9481,6.2,2025-07-09,Historia entretenida
U00489,11026,4.2,2025-08-04,Buen ritmo
U00489,58,7.2,2024-11-22,Final inesperado
U00489,1956,4.7,2024-11-02,Historia entretenida
U00489,11137,5.4,2025-02-10,Buena para recomendar
U00489,10683,6.4,2026-03-11,Buen ritmo
U00489,50837,7.6,2026-01-08,Historia entretenida
U00489,1572,6.2,2025-04-26,Gran actuacion
U00489,256274,7.3,2026-02-03,Me gusto bastante
U00489,19994,4.8,2026-03-23,Visualmente increible
U00489,1586,5.7,2025-04-17,Historia entretenida
U00489,16161,8.1,2025-10-21,Me gusto bastante
U00490,24264,6.1,2023-07-23,No era lo que esperaba
U00490,5915,8.2,2024-02-09,Buena para recomendar
U00490,30497,6.1,2023-09-26,Visualmente increible
U00490,13576,6.5,2025-09-04,Buena para recomendar
U00490,138832,5.7,2024-03-24,Visualmente increible
U00490,302156,4.3,2023-03-16,Final inesperado
U00490,225235,7.5,2024-04-24,Final inesperado
U00490,137347,7.6,2024-04-30,Excelente recomendacion
U00490,11458,4.5,2025-05-07,Final inesperado
U00490,9659,7.3,2023-07-12,Final inesperado
U00490,57157,5.4,2024-12-12,Historia entretenida
U00491,10800,7.9,2024-06-07,Me gusto bastante
U00491,14462,6.5,2024-09-03,La volveria a ver
U00491,6795,6.5,2025-06-21,No era lo que esperaba
U00491,5393,4.6,2023-04-11,Excelente recomendacion
U00492,116584,7.4,2026-03-20,Buen ritmo
U00492,40264,4.4,2025-05-03,Visualmente increible
U00492,51942,6.5,2024-11-17,Me gusto bastante
U00492,35073,7.6,2026-03-17,Final inesperado
U00493,13776,6.8,2024-03-29,Buen ritmo
U00493,39055,5.1,2023-02-17,Excelente recomendacion
U00493,27936,7.0,2025-08-25,Visualmente increible
U00493,278927,6.1,2025-01-18,La volveria a ver
U00493,10876,6.5,2025-11-09,Historia entretenida
U00493,25196,6.9,2025-09-21,Gran actuacion
U00493,13990,6.5,2023-05-21,Excelente recomendacion
U00493,55721,6.2,2023-05-17,Historia entretenida
U00493,25350,5.6,2025-02-03,Final inesperado
U00493,348,8.5,2023-12-03,Historia entretenida
U00493,10740,5.5,2024-11-28,Gran actuacion
U00494,88794,5.2,2025-12-19,Buena para recomendar
U00494,16072,7.6,2026-02-24,Historia entretenida
U00494,3587,5.7,2026-04-08,Final inesperado
U00494,6217,6.9,2026-03-05,Buen ritmo
U00494,41233,5.4,2026-02-02,Visualmente increible
U00494,13223,9.2,2026-01-15,Gran actuacion
U00494,8069,6.7,2025-11-19,Historia entretenida
U00494,12079,7.9,2025-11-17,Buena para recomendar
U00494,1667,8.2,2025-10-23,La volveria a ver
U00494,5854,7.5,2025-12-02,No era lo que esperaba
U00494,244114,4.6,2025-11-18,Buena para recomendar
U00495,12088,4.6,2025-11-02,Me gusto bastante
U00495,1933,6.2,2025-09-30,Gran actuacion
U00495,4951,6.6,2026-03-29,Buena para recomendar
U00495,177572,8.4,2026-03-14,Buena para recomendar
U00495,1635,6.9,2025-10-01,Excelente recomendacion
U00495,9473,7.2,2026-02-25,Final inesperado
U00495,10925,6.0,2025-12-03,Excelente recomendacion
U00496,13491,7.4,2025-07-16,Excelente recomendacion
U00496,28,9.0,2023-09-19,Excelente recomendacion
U00496,46727,6.0,2025-12-22,Gran actuacion
U00496,11404,7.8,2024-05-27,Visualmente increible
U00496,387,8.3,2023-05-05,La volveria a ver
U00496,51130,5.6,2023-09-09,Excelente recomendacion
U00496,7547,6.3,2025-02-24,No era lo que esperaba
U00496,44943,6.0,2025-04-27,No era lo que esperaba
U00496,38665,3.9,2025-09-14,Me gusto bastante
U00496,39939,8.0,2025-08-03,Me gusto bastante
U00496,29371,5.2,2023-07-08,Gran actuacion
U00496,68721,6.2,2022-12-31,Me gusto bastante
U00496,9705,5.4,2022-11-06,Excelente recomendacion
U00497,2110,6.5,2026-03-19,La volveria a ver
U00497,3050,6.9,2026-02-23,Me gusto bastante
U00497,10586,5.0,2026-04-09,No era lo que esperaba
U00497,86834,6.2,2026-04-02,Me gusto bastante
U00497,88005,7.1,2026-03-17,Final inesperado
U00497,9464,7.6,2026-04-06,Final inesperado
U00497,244772,6.6,2026-04-09,Buena para recomendar
U00497,41144,6.9,2026-02-28,Excelente recomendacion
U00498,668,5.1,2025-08-29,Gran actuacion
U00498,11001,6.6,2025-09-06,Excelente recomendacion
U00499,228194,6.9,2025-11-29,Excelente recomendacion
U00499,77875,6.7,2025-11-18,Historia entretenida
U00499,156022,5.6,2025-08-26,Buen ritmo
U00499,7979,8.7,2025-10-12,Visualmente increible
U00499,260947,3.4,2025-05-05,La volveria a ver
U00499,40805,6.1,2025-04-23,Visualmente increible
U00499,9353,5.5,2025-12-07,No era lo que esperaba
U00500,1268,6.5,2026-03-26,Visualmente increible
U00500,24264,5.8,2026-03-04,Gran actuacion
U00500,9398,6.9,2026-02-18,Buen ritmo
U00500,9776,4.9,2026-04-06,Excelente recomendacion
U00500,25769,4.3,2026-04-08,Buena para recomendar
U00500,32657,5.4,2026-03-08,Historia entretenida
U00500,16523,6.5,2026-02-24,Gran actuacion
U00501,43839,3.7,2024-11-26,Buena para recomendar
U00501,192141,6.2,2026-01-08,Final inesperado
U00501,953,5.9,2024-06-29,Gran actuacion
U00501,13682,7.0,2024-11-18,Visualmente increible
U00501,72571,6.6,2026-02-16,Me gusto bastante
U00501,9877,6.8,2025-04-25,La volveria a ver
U00501,5689,6.7,2025-03-29,Visualmente increible
U00501,3093,3.2,2025-07-27,Buena para recomendar
U00501,48988,4.9,2024-07-25,Final inesperado
U00501,11353,6.2,2025-07-14,No era lo que esperaba
U00501,27576,4.8,2024-12-30,Gran actuacion
U00501,787,7.2,2025-10-15,Me gusto bastante
U00502,226458,5.2,2025-09-02,Me gusto bastante
U00502,2085,5.1,2025-02-23,Gran actuacion
U00502,27573,6.7,2025-03-24,Gran actuacion
U00502,214756,7.2,2026-01-10,Final inesperado
U00502,14655,6.7,2024-07-19,Visualmente increible
U00502,9644,4.3,2025-07-14,Excelente recomendacion
U00502,22794,6.0,2024-06-02,Final inesperado
U00502,62116,5.3,2024-08-23,Gran actuacion
U00502,13051,6.7,2025-10-11,Me gusto bastante
U00502,342,7.3,2025-03-22,Excelente recomendacion
U00502,10096,6.9,2024-09-10,La volveria a ver
U00502,301351,6.2,2024-11-12,Historia entretenida
U00502,205775,7.6,2025-12-29,Gran actuacion
U00502,135595,4.5,2025-09-09,Final inesperado
U00503,273481,5.9,2025-10-25,La volveria a ver
U00503,49529,4.6,2024-11-25,Final inesperado
U00503,37232,8.2,2025-06-01,Visualmente increible
U00503,525,8.1,2025-05-02,Buen ritmo
U00503,11062,5.6,2026-01-13,Me gusto bastante
U00503,140300,6.1,2025-11-14,Final inesperado
U00503,79,6.3,2026-01-19,Buen ritmo
U00503,11446,7.8,2025-08-01,Final inesperado
U00503,22832,5.4,2025-02-23,No era lo que esperaba
U00504,14033,4.4,2025-03-26,La volveria a ver
U00504,198062,5.6,2026-01-23,Me gusto bastante
U00504,18785,6.5,2025-06-26,Excelente recomendacion
U00504,1669,6.7,2025-12-17,Excelente recomendacion
U00504,12184,5.3,2025-04-25,Me gusto bastante
U00504,57612,7.7,2025-12-02,Final inesperado
U00504,10029,4.9,2025-10-09,Gran actuacion
U00504,10092,6.1,2026-01-29,Buena para recomendar
U00504,1781,5.7,2026-03-24,Buena para recomendar
U00504,199,5.7,2025-06-27,Historia entretenida
U00504,9870,5.4,2025-09-07,Excelente recomendacion
U00504,11863,4.6,2025-12-26,No era lo que esperaba
U00504,10761,5.9,2025-08-27,Me gusto bastante
U00504,157386,7.1,2025-11-03,No era lo que esperaba
U00504,7288,7.2,2025-09-02,Gran actuacion
U00505,17287,4.6,2024-09-09,Excelente recomendacion
U00505,8587,9.4,2024-11-18,Me gusto bastante
U00505,21349,5.1,2025-09-24,No era lo que esperaba
U00505,22,8.4,2025-06-14,No era lo que esperaba
U00505,21283,5.3,2023-08-24,Buena para recomendar
U00505,17139,9.0,2022-12-24,Visualmente increible
U00505,49051,8.1,2023-07-21,No era lo que esperaba
U00505,10468,4.8,2024-12-16,Me gusto bastante
U00505,12312,5.1,2022-08-15,Visualmente increible
U00505,76341,7.5,2022-11-20,Buena para recomendar
U00505,13853,4.7,2025-01-04,Gran actuacion
U00505,8427,6.0,2025-12-22,Me gusto bastante
U00505,6435,6.9,2025-12-25,Me gusto bastante
U00505,2567,7.4,2023-02-18,Me gusto bastante
U00505,86837,8.6,2024-11-29,Me gusto bastante
U00505,14202,6.2,2025-08-18,Buen ritmo
U00506,52520,7.1,2025-02-14,Visualmente increible
U00506,671,6.2,2025-04-29,Final inesperado
U00506,264660,6.3,2024-07-28,Buen ritmo
U00506,11363,4.5,2026-03-22,Me gusto bastante
U00506,62838,6.7,2024-03-08,Buen ritmo
U00506,13001,5.6,2024-12-06,Visualmente increible
U00506,28355,7.2,2026-02-10,Visualmente increible
U00506,87827,6.8,2024-03-12,Visualmente increible
U00506,14160,7.1,2026-02-13,Excelente recomendacion
U00506,12154,5.0,2024-05-08,Buen ritmo
U00506,7214,8.4,2024-10-30,Visualmente increible
U00506,2577,5.9,2024-10-08,Final inesperado
U00507,13807,6.4,2025-07-19,Buen ritmo
U00507,29963,6.5,2025-12-22,Gran actuacion
U00507,11456,6.3,2026-02-06,La volveria a ver
U00508,7220,4.9,2025-07-10,Gran actuacion
U00508,75900,5.1,2024-10-26,Me gusto bastante
U00508,23742,4.7,2026-03-03,Gran actuacion
U00508,62676,6.6,2025-12-27,La volveria a ver
U00508,13497,5.8,2025-09-15,Visualmente increible
U00508,9989,5.8,2024-06-06,Buen ritmo
U00508,12535,7.8,2024-12-05,No era lo que esperaba
U00509,271110,6.0,2024-08-04,Buena para recomendar
U00509,3683,5.5,2022-11-08,Buen ritmo
U00509,6016,6.1,2024-02-16,Historia entretenida
U00509,24227,4.6,2025-08-23,Final inesperado
U00509,312791,4.7,2024-03-07,Buena para recomendar
U00509,12437,7.4,2023-01-25,Gran actuacion
U00509,1880,7.8,2026-04-09,Final inesperado
U00509,68924,7.7,2024-06-20,Historia entretenida
U00510,7364,6.3,2025-08-11,Final inesperado
U00510,290751,6.7,2025-12-15,Excelente recomendacion
U00510,834,6.8,2026-03-18,Me gusto bastante
U00510,18405,7.0,2025-10-17,La volveria a ver
U00510,489,6.6,2025-07-21,Buena para recomendar
U00510,333348,6.9,2026-03-21,Me gusto bastante
U00511,8587,8.7,2026-02-08,Buen ritmo
U00511,14849,4.4,2023-08-09,Visualmente increible
U00511,14582,7.3,2023-11-22,Buena para recomendar
U00511,594,8.4,2025-11-25,Gran actuacion
U00511,11004,7.1,2025-06-16,Final inesperado
U00511,21208,5.2,2023-04-27,Buen ritmo
U00511,13685,7.2,2023-08-24,Final inesperado
U00511,227,7.5,2023-05-21,Final inesperado
U00511,1930,7.3,2025-12-04,Visualmente increible
U00511,20653,7.5,2023-12-05,No era lo que esperaba
U00511,9675,5.6,2025-01-10,No era lo que esperaba
U00511,41488,6.3,2026-03-21,La volveria a ver
U00512,18501,5.6,2023-04-03,Excelente recomendacion
U00512,14429,5.7,2026-01-21,Buen ritmo
U00512,9746,7.8,2024-09-30,No era lo que esperaba
U00513,11499,7.7,2024-06-30,Buena para recomendar
U00513,79120,7.4,2024-04-25,Buena para recomendar
U00513,273248,7.2,2025-06-29,Visualmente increible
U00513,603,9.3,2025-11-13,No era lo que esperaba
U00513,2157,3.7,2025-04-05,No era lo que esperaba
U00513,26428,6.3,2025-02-10,Final inesperado
U00513,192577,5.3,2025-02-05,Excelente recomendacion
U00513,333371,6.3,2024-06-18,Gran actuacion
U00513,15037,7.4,2024-05-21,Buena para recomendar
U00513,2749,6.6,2025-03-22,Buen ritmo
U00513,74465,5.9,2024-11-02,No era lo que esperaba
U00513,241554,6.6,2024-05-08,Gran actuacion
U00513,7446,5.3,2025-05-11,Buen ritmo
U00514,137,8.8,2023-12-16,Buena para recomendar
U00514,26428,6.4,2025-03-03,Excelente recomendacion
U00514,10065,6.9,2025-03-16,La volveria a ver
U00514,846,7.2,2025-03-08,La volveria a ver
U00514,42345,5.9,2024-01-12,Historia entretenida
U00514,302156,4.6,2025-09-24,Visualmente increible
U00514,33909,6.9,2026-03-31,Me gusto bastante
U00514,1904,7.4,2023-05-31,Visualmente increible
U00514,380733,5.8,2022-09-13,Final inesperado
U00515,594,8.5,2025-05-18,Final inesperado
U00515,9616,3.9,2025-11-22,Buen ritmo
U00515,8840,7.5,2025-02-15,Excelente recomendacion
U00515,193613,5.8,2025-12-07,Visualmente increible
U00515,698,4.6,2025-08-22,Final inesperado
U00515,423,7.4,2025-11-19,Me gusto bastante
U00516,76285,4.8,2023-12-26,Me gusto bastante
U00516,16205,4.3,2024-07-27,Gran actuacion
U00516,8885,8.7,2024-11-15,Excelente recomendacion
U00516,8373,6.0,2023-10-31,Final inesperado
U00516,31064,5.6,2023-11-14,Excelente recomendacion
U00516,225574,8.2,2023-01-01,Final inesperado
U00516,21301,5.9,2025-08-31,Final inesperado
U00516,73,9.0,2024-03-20,Final inesperado
U00516,295886,7.7,2023-05-29,Buen ritmo
U00516,714,6.5,2025-02-03,Gran actuacion
U00517,10549,8.4,2026-02-02,Visualmente increible
U00517,208763,4.8,2026-01-27,Gran actuacion
U00517,15875,5.0,2026-03-10,Buena para recomendar
U00517,13191,4.3,2026-03-05,Visualmente increible
U00517,68724,5.1,2026-02-07,La volveria a ver
U00517,23398,6.1,2026-02-21,Historia entretenida
U00517,271718,4.4,2026-04-01,Excelente recomendacion
U00517,14585,7.0,2026-02-10,Buena para recomendar
U00517,11826,8.0,2026-04-02,Gran actuacion
U00517,14278,5.9,2026-03-11,La volveria a ver
U00517,276907,6.4,2026-04-04,Gran actuacion
U00517,228205,7.6,2026-03-12,Excelente recomendacion
U00517,15028,3.6,2025-12-28,Excelente recomendacion
U00517,9257,5.9,2026-01-16,Visualmente increible
U00518,199373,5.8,2025-09-26,La volveria a ver
U00518,59,7.7,2025-06-01,Gran actuacion
U00518,300706,4.7,2025-01-23,La volveria a ver
U00518,10132,5.4,2025-07-29,Gran actuacion
U00518,1649,5.4,2025-02-06,Me gusto bastante
U00518,61752,6.4,2025-06-27,Buen ritmo
U00518,9408,5.9,2024-11-09,Me gusto bastante
U00518,21208,8.0,2025-06-06,Historia entretenida
U00518,149,8.2,2024-11-01,Visualmente increible
U00518,11908,6.0,2024-11-01,La volveria a ver
U00518,339984,5.6,2025-08-15,Excelente recomendacion
U00518,5723,6.3,2026-02-02,Buen ritmo
U00518,1949,5.8,2025-09-10,No era lo que esperaba
U00518,321258,5.2,2026-04-07,Historia entretenida
U00518,2185,6.6,2025-07-04,Final inesperado
U00519,23483,7.5,2025-08-12,Final inesperado
U00519,77953,5.7,2024-09-17,Gran actuacion
U00519,71859,8.6,2025-05-29,Historia entretenida
U00519,280092,6.2,2023-10-27,Gran actuacion
U00519,15394,7.3,2023-07-27,La volveria a ver
U00519,15699,7.4,2022-10-02,Visualmente increible
U00519,175528,5.0,2024-03-31,Buen ritmo
U00519,927,7.6,2024-06-06,Buena para recomendar
U00520,25379,7.0,2026-03-07,Historia entretenida
U00520,7006,5.6,2025-10-26,Me gusto bastante
U00520,12771,3.7,2024-10-29,Buena para recomendar
U00521,7450,5.6,2024-10-04,Buena para recomendar
U00521,7006,5.4,2024-12-21,Buen ritmo
U00521,68818,5.8,2025-12-17,Buen ritmo
U00521,10212,6.7,2025-08-23,Me gusto bastante
U00521,146203,4.6,2026-03-31,Me gusto bastante
U00522,79698,3.8,2026-01-30,No era lo que esperaba
U00522,18681,4.3,2026-02-03,No era lo que esperaba
U00522,71469,3.9,2026-03-07,Excelente recomendacion
U00522,17379,5.3,2026-03-27,Visualmente increible
U00522,36584,6.8,2026-01-30,Buena para recomendar
U00522,49051,7.0,2026-02-01,Buena para recomendar
U00522,5551,5.1,2026-02-17,La volveria a ver
U00522,602,6.8,2026-03-02,La volveria a ver
U00522,2698,5.4,2026-01-29,Buena para recomendar
U00522,11778,6.4,2025-12-30,Historia entretenida
U00522,1542,7.4,2025-12-20,Buena para recomendar
U00522,539,9.2,2026-02-07,Final inesperado
U00523,281957,7.3,2025-06-04,No era lo que esperaba
U00523,223702,4.2,2024-12-21,Visualmente increible
U00523,9451,5.5,2024-12-13,Buen ritmo
U00523,30139,2.9,2025-03-16,Visualmente increible
U00523,4232,6.1,2025-04-16,Final inesperado
U00523,17707,7.2,2025-03-04,Excelente recomendacion
U00523,13132,6.2,2025-10-04,Historia entretenida
U00524,117263,5.5,2025-10-08,Final inesperado
U00524,2255,6.1,2024-06-27,Final inesperado
U00524,84318,8.3,2023-12-16,Excelente recomendacion
U00524,10220,8.4,2025-08-14,Me gusto bastante
U00524,11873,6.7,2025-04-18,Gran actuacion
U00524,26390,5.4,2024-09-27,No era lo que esperaba
U00524,9493,5.3,2025-08-05,Excelente recomendacion
U00524,294272,7.4,2023-11-03,Gran actuacion
U00524,10591,7.6,2023-08-21,Excelente recomendacion
U00524,20697,5.5,2024-01-10,Historia entretenida
U00524,71552,6.2,2024-10-08,La volveria a ver
U00525,861,6.3,2025-02-13,Excelente recomendacion
U00525,45791,6.4,2025-02-22,Historia entretenida
U00525,10223,7.1,2025-06-02,Buen ritmo
U00525,68724,7.1,2026-02-17,Historia entretenida
U00525,9647,7.4,2025-01-02,Visualmente increible
U00525,11600,6.0,2025-05-12,Gran actuacion
U00525,11517,4.3,2026-01-12,La volveria a ver
U00525,11042,6.5,2025-03-18,Excelente recomendacion
U00525,342,5.9,2026-03-04,Excelente recomendacion
U00526,9821,6.3,2026-03-18,Historia entretenida
U00526,161,8.2,2026-02-23,Visualmente increible
U00526,10377,6.2,2026-03-17,Buen ritmo
U00526,82631,6.1,2026-03-02,Historia entretenida
U00526,26306,5.8,2026-03-26,La volveria a ver
U00526,46829,5.9,2026-04-05,Visualmente increible
U00526,13475,5.9,2026-03-12,Gran actuacion
U00526,546,7.8,2026-02-25,Buen ritmo
U00526,153795,4.4,2026-03-06,Buena para recomendar
U00526,10537,6.4,2026-02-24,Buena para recomendar
U00527,1649,6.9,2024-12-31,Buen ritmo
U00527,270303,7.9,2025-02-11,Gran actuacion
U00527,1090,7.2,2025-02-07,Gran actuacion
U00527,22301,5.0,2025-11-23,Historia entretenida
U00527,59,6.1,2024-08-24,Buen ritmo
U00528,76489,5.0,2025-10-01,La volveria a ver
U00528,14582,7.1,2026-02-24,Me gusto bastante
U00528,26390,6.0,2026-01-17,Gran actuacion
U00528,2925,7.9,2025-09-19,Buena para recomendar
U00528,270487,5.5,2025-11-21,Me gusto bastante
U00528,3034,8.2,2026-03-15,Excelente recomendacion
U00528,77866,7.6,2025-10-24,Buena para recomendar
U00528,4597,5.8,2025-11-13,Historia entretenida
U00528,324322,5.6,2026-03-25,La volveria a ver
U00528,306745,6.2,2025-07-15,Gran actuacion
U00528,5854,5.3,2026-03-12,No era lo que esperaba
U00528,9464,7.8,2025-11-25,Historia entretenida
U00528,4997,7.6,2025-07-27,Buena para recomendar
U00529,39303,3.5,2023-11-23,La volveria a ver
U00529,10034,5.1,2024-01-09,Excelente recomendacion
U00529,297100,2.8,2026-03-06,Buena para recomendar
U00529,3509,6.4,2025-02-24,No era lo que esperaba
U00529,82695,7.0,2024-04-04,Final inesperado
U00529,12819,4.6,2024-04-02,Excelente recomendacion
U00529,33644,7.4,2024-03-14,Me gusto bastante
U00529,327833,5.6,2024-10-14,No era lo que esperaba
U00529,16172,5.4,2025-04-07,Excelente recomendacion
U00529,14144,5.8,2025-08-28,Final inesperado
U00529,15037,6.7,2024-02-25,Historia entretenida
U00529,4233,4.8,2025-11-24,Gran actuacion
U00529,1645,8.4,2026-03-28,Buena para recomendar
U00529,9425,7.4,2025-03-31,Gran actuacion
U00529,71552,6.6,2025-08-28,Historia entretenida
U00530,1777,8.2,2024-02-12,Me gusto bastante
U00530,9441,8.4,2023-10-28,Final inesperado
U00530,1550,5.8,2025-08-29,Buena para recomendar
U00530,627,7.0,2025-09-02,Me gusto bastante
U00530,13374,6.9,2026-01-19,La volveria a ver
U00530,817,6.9,2024-08-08,Historia entretenida
U00530,9294,6.3,2025-05-22,Me gusto bastante
U00530,865,5.3,2024-09-03,Historia entretenida
U00530,190955,6.6,2025-05-05,Buena para recomendar
U00530,14271,8.0,2025-08-08,Buen ritmo
U00531,9275,5.4,2025-11-14,Historia entretenida
U00531,10477,3.6,2026-01-18,Final inesperado
U00531,16643,5.5,2025-09-20,Gran actuacion
U00531,45243,5.5,2025-10-09,Excelente recomendacion
U00531,131631,6.0,2025-10-04,Buen ritmo
U00531,3902,7.3,2025-08-31,Visualmente increible
U00531,20156,7.7,2026-01-11,No era lo que esperaba
U00531,18925,5.6,2026-03-01,Excelente recomendacion
U00531,13495,4.4,2025-12-20,Visualmente increible
U00531,9782,6.3,2025-11-25,Me gusto bastante
U00531,215,6.3,2025-10-08,Buena para recomendar
U00531,266647,7.2,2026-02-14,Historia entretenida
U00531,935,6.5,2026-01-27,Final inesperado
U00531,3083,6.5,2026-01-11,Excelente recomendacion
U00531,11282,6.6,2025-11-14,Excelente recomendacion
U00531,39514,5.3,2025-09-01,Excelente recomendacion
U00531,62214,5.5,2025-09-09,No era lo que esperaba
U00531,11780,7.9,2025-12-10,Excelente recomendacion
U00531,11258,5.8,2025-09-03,Buen ritmo
U00531,9400,6.3,2025-10-13,Me gusto bastante
U00532,37710,7.4,2025-07-05,Final inesperado
U00532,30596,7.4,2024-12-16,Gran actuacion
U00532,26815,6.4,2024-02-26,Excelente recomendacion
U00532,11093,7.7,2024-07-26,Visualmente increible
U00532,25462,6.4,2023-07-29,Buena para recomendar
U00532,314365,9.2,2023-04-07,No era lo que esperaba
U00532,47889,4.4,2025-07-09,Visualmente increible
U00532,142061,9.0,2025-03-09,La volveria a ver
U00532,281957,7.7,2025-02-28,La volveria a ver
U00532,33468,4.8,2025-12-15,Buena para recomendar
U00532,1369,7.6,2025-08-25,Visualmente increible
U00532,29463,6.2,2022-08-29,Me gusto bastante
U00532,9260,6.5,2025-04-17,Buena para recomendar
U00532,132316,8.4,2025-08-09,Excelente recomendacion
U00533,1523,7.6,2025-05-03,No era lo que esperaba
U00533,14582,5.5,2025-02-28,Me gusto bastante
U00533,20055,4.6,2025-05-15,Me gusto bastante
U00533,37821,6.9,2025-07-03,No era lo que esperaba
U00533,33542,6.8,2025-10-13,No era lo que esperaba
U00533,304410,6.5,2025-01-24,Gran actuacion
U00533,13510,5.5,2026-01-28,Buen ritmo
U00533,10733,4.4,2025-01-11,Visualmente increible
U00533,11565,6.3,2025-09-15,Gran actuacion
U00533,45054,6.4,2026-01-15,Buen ritmo
U00533,25189,7.7,2026-04-01,Gran actuacion
U00533,42345,5.3,2025-07-20,Historia entretenida
U00534,238636,8.0,2024-07-10,Visualmente increible
U00534,8842,4.9,2025-12-02,La volveria a ver
U00534,140300,6.5,2024-12-26,Historia entretenida
U00534,33909,6.9,2024-08-04,Me gusto bastante
U00534,2652,6.7,2024-10-26,La volveria a ver
U00535,117263,5.5,2026-02-21,Me gusto bastante
U00535,20,6.7,2026-04-06,La volveria a ver
U00535,26022,6.9,2026-02-27,Buena para recomendar
U00535,14976,7.2,2026-03-01,No era lo que esperaba
U00535,9703,4.7,2026-02-16,Buen ritmo
U00535,70829,4.4,2026-03-05,Buena para recomendar
U00535,1891,7.0,2026-03-22,Buen ritmo
U00535,300168,6.9,2026-02-13,Gran actuacion
U00535,9582,6.5,2026-01-22,No era lo que esperaba
U00535,20504,8.0,2026-02-13,Final inesperado
U00536,157336,7.0,2025-10-11,Buen ritmo
U00536,12277,5.7,2025-04-04,Visualmente increible
U00536,628,6.5,2026-01-15,Buen ritmo
U00536,41283,4.9,2023-11-28,Buena para recomendar
U00536,10984,6.0,2025-01-27,Historia entretenida
U00536,147441,6.6,2025-09-24,Final inesperado
U00536,40428,5.7,2025-06-16,Me gusto bastante
U00536,81390,5.9,2023-11-01,Visualmente increible
U00537,153,6.8,2026-03-06,La volveria a ver
U00537,162,7.4,2026-04-05,La volveria a ver
U00537,533,6.7,2026-01-27,No era lo que esperaba
U00537,129670,6.8,2026-03-08,No era lo que esperaba
U00537,6978,7.7,2026-01-02,La volveria a ver
U00537,13496,6.9,2026-03-16,Final inesperado
U00537,8435,6.1,2026-01-30,Excelente recomendacion
U00538,9312,4.2,2026-03-19,Buena para recomendar
U00538,16508,4.5,2026-03-13,Me gusto bastante
U00538,857,8.2,2026-03-24,Buen ritmo
U00538,215211,4.9,2026-03-08,No era lo que esperaba
U00539,10877,5.6,2025-11-13,Me gusto bastante
U00539,71880,4.0,2025-01-21,Historia entretenida
U00539,14438,6.1,2024-07-17,Buena para recomendar
U00539,13700,6.8,2025-06-12,Excelente recomendacion
U00539,62116,7.0,2025-11-09,Excelente recomendacion
U00539,49026,6.2,2024-06-02,Final inesperado
U00539,657,6.1,2024-07-10,Final inesperado
U00540,106747,4.8,2024-02-09,Historia entretenida
U00540,8618,7.9,2025-07-28,Gran actuacion
U00540,136795,6.0,2025-05-02,Me gusto bastante
U00540,9355,4.8,2025-04-18,Buena para recomendar
U00541,3558,7.2,2023-10-10,Historia entretenida
U00541,84355,5.7,2025-02-25,No era lo que esperaba
U00541,9709,4.8,2025-12-04,Final inesperado
U00541,48138,7.1,2023-12-27,Buen ritmo
U00541,837,5.7,2025-03-25,Buen ritmo
U00541,60304,4.4,2025-09-24,Historia entretenida
U00541,1690,4.7,2024-02-20,Excelente recomendacion
U00541,15644,7.0,2025-10-12,Historia entretenida
U00541,10193,7.7,2026-02-23,La volveria a ver
U00541,15765,6.8,2023-11-24,Buena para recomendar
U00541,187017,7.2,2023-12-25,Visualmente increible
U00541,1452,4.4,2026-02-07,Historia entretenida
U00542,55720,8.5,2023-12-06,Visualmente increible
U00542,17994,6.0,2024-11-10,Buen ritmo
U00543,245916,7.0,2025-12-29,La volveria a ver
U00543,13768,7.0,2025-09-14,Buena para recomendar
U00543,1885,5.5,2025-06-05,La volveria a ver
U00543,9449,5.2,2025-07-04,Buen ritmo
U00543,6973,5.5,2025-11-20,Buen ritmo
U00543,2539,6.6,2025-09-18,Buena para recomendar
U00543,4964,6.9,2025-10-10,Me gusto bastante
U00543,13183,7.2,2026-02-10,Historia entretenida
U00543,19904,4.9,2025-12-03,Buena para recomendar
U00543,8374,7.1,2026-03-22,Visualmente increible
U00543,161795,8.5,2026-01-31,Final inesperado
U00543,11371,7.6,2025-06-22,Visualmente increible
U00544,209451,8.0,2026-01-22,Gran actuacion
U00544,17345,6.7,2025-06-28,No era lo que esperaba
U00544,17813,5.4,2026-02-24,Visualmente increible
U00544,18533,7.2,2025-05-07,Final inesperado
U00544,122,8.6,2025-05-17,Buen ritmo
U00545,55306,7.0,2024-05-20,Buen ritmo
U00545,2771,5.8,2024-05-13,La volveria a ver
U00545,50620,5.0,2025-05-31,Visualmente increible
U00545,38940,5.6,2024-11-29,Final inesperado
U00545,433,7.0,2024-01-03,La volveria a ver
U00546,94072,5.2,2025-12-30,Visualmente increible
U00546,124606,7.0,2026-01-30,Excelente recomendacion
U00546,18900,6.3,2026-02-14,No era lo que esperaba
U00546,13051,6.1,2025-10-28,Buen ritmo
U00546,38033,2.5,2026-02-24,No era lo que esperaba
U00546,47452,6.0,2026-03-19,Historia entretenida
U00546,34314,4.4,2025-11-19,Final inesperado
U00546,19150,6.4,2026-01-13,Buena para recomendar
U00546,62402,2.0,2026-02-14,Gran actuacion
U00546,5902,6.7,2026-03-25,Me gusto bastante
U00546,9963,5.8,2026-01-21,La volveria a ver
U00546,35199,8.8,2025-11-29,Excelente recomendacion
U00547,365052,5.7,2026-01-20,Visualmente increible
U00547,403,6.8,2024-07-29,Gran actuacion
U00547,27586,7.0,2025-08-31,Gran actuacion
U00547,44115,8.0,2023-11-25,Historia entretenida
U00547,12690,7.1,2023-04-12,Visualmente increible
U00547,70829,5.1,2023-12-31,Buen ritmo
U00547,9950,5.9,2023-11-24,No era lo que esperaba
U00547,9945,6.2,2025-08-12,Buen ritmo
U00547,87101,7.0,2023-11-22,Buen ritmo
U00548,86829,6.5,2023-11-28,Buen ritmo
U00548,61984,6.3,2025-09-15,Buen ritmo
U00548,1900,7.0,2025-01-05,Historia entretenida
U00548,1883,8.5,2024-10-22,Historia entretenida
U00548,25388,5.0,2025-11-24,Excelente recomendacion
U00548,272,8.2,2024-10-15,No era lo que esperaba
U00548,25248,7.6,2023-11-24,No era lo que esperaba
U00548,102382,5.7,2025-05-29,Me gusto bastante
U00548,7451,5.2,2023-07-01,La volveria a ver
U00548,7978,5.9,2023-12-02,Historia entretenida
U00548,319910,5.8,2023-12-13,Me gusto bastante
U00548,3131,7.5,2024-03-03,La volveria a ver
U00549,186935,7.6,2025-11-07,Gran actuacion
U00549,14278,6.5,2025-09-29,Historia entretenida
U00549,597,6.1,2025-12-13,No era lo que esperaba
U00549,62116,6.8,2025-08-16,Me gusto bastante
U00549,10802,6.3,2026-02-17,Gran actuacion
U00549,783,8.7,2025-03-12,Me gusto bastante
U00549,1858,7.2,2025-07-30,Visualmente increible
U00549,6575,7.6,2025-03-07,Final inesperado
U00549,108346,8.4,2025-10-29,Final inesperado
U00550,329,7.8,2026-03-13,La volveria a ver
U00550,14324,3.8,2025-08-15,Gran actuacion
U00550,364,5.9,2025-11-20,Me gusto bastante
U00550,186,7.4,2025-09-26,Buena para recomendar
U00550,223,9.2,2026-02-22,Excelente recomendacion
U00550,17795,5.7,2026-02-15,Visualmente increible
U00550,13967,5.3,2025-10-01,La volveria a ver
U00551,11968,7.1,2025-01-18,Historia entretenida
U00551,100042,4.5,2026-03-13,Buen ritmo
U00551,9667,6.3,2024-04-16,Buena para recomendar
U00551,68412,5.4,2024-10-13,Buen ritmo
U00551,581,6.7,2025-10-12,Historia entretenida
U00551,9644,5.9,2025-11-04,Gran actuacion
U00551,33644,6.3,2025-05-14,Me gusto bastante
U00551,11969,8.2,2024-07-31,Excelente recomendacion
U00551,367551,3.6,2026-02-10,Historia entretenida
U00551,2370,5.3,2025-03-13,La volveria a ver
U00551,10658,6.0,2025-08-13,Excelente recomendacion
U00552,68735,6.9,2023-03-02,No era lo que esperaba
U00552,39514,7.3,2025-10-31,Buen ritmo
U00552,302156,7.2,2025-07-22,Historia entretenida
U00552,4935,8.3,2025-08-14,Final inesperado
U00552,82690,7.9,2025-03-27,No era lo que esperaba
U00553,23483,7.4,2026-02-08,Final inesperado
U00553,13805,3.0,2025-11-12,Final inesperado
U00553,138832,5.9,2026-03-12,Historia entretenida
U00553,19316,7.3,2025-12-19,La volveria a ver
U00553,9387,5.1,2026-01-20,Buena para recomendar
U00554,13778,5.0,2025-12-01,Me gusto bastante
U00554,45226,7.8,2025-09-22,Historia entretenida
U00554,2666,6.1,2024-01-28,Final inesperado
U00554,328111,5.0,2024-01-30,Final inesperado
U00554,157350,5.7,2025-02-15,No era lo que esperaba
U00554,22796,5.6,2026-02-10,No era lo que esperaba
U00554,9919,7.5,2024-03-17,Historia entretenida
U00554,107315,3.6,2024-01-13,No era lo que esperaba
U00554,244786,7.3,2025-09-06,Final inesperado
U00554,274479,6.2,2024-09-19,No era lo que esperaba
U00554,146198,4.2,2025-02-14,Historia entretenida
U00555,11358,5.5,2026-02-09,Visualmente increible
U00555,2787,7.8,2025-12-17,La volveria a ver
U00555,8913,5.5,2025-10-18,Buen ritmo
U00555,792,6.7,2026-03-21,Buen ritmo
U00555,2011,6.9,2025-11-12,Visualmente increible
U00555,41110,8.3,2026-03-02,Final inesperado
U00555,3580,8.2,2025-10-24,La volveria a ver
U00555,225565,7.1,2025-12-07,Gran actuacion
U00556,50359,4.3,2025-07-20,Buena para recomendar
U00556,809,7.3,2024-06-13,Excelente recomendacion
U00556,8011,4.6,2025-03-25,La volveria a ver
U00556,77950,4.8,2025-05-03,Me gusto bastante
U00556,1542,6.3,2024-12-02,Gran actuacion
U00557,1771,6.9,2024-08-06,Historia entretenida
U00557,56491,2.6,2025-08-14,Visualmente increible
U00557,10246,6.4,2024-08-31,Excelente recomendacion
U00557,89492,6.3,2026-02-20,No era lo que esperaba
U00557,11237,4.5,2024-03-09,No era lo que esperaba
U00557,9928,6.8,2025-08-20,Buen ritmo
U00558,38223,5.8,2023-04-16,Excelente recomendacion
U00558,18240,6.2,2025-07-14,Buen ritmo
U00558,25784,3.5,2023-01-11,Gran actuacion
U00558,77987,5.2,2026-02-08,Excelente recomendacion
U00558,694,8.9,2023-10-10,Final inesperado
U00558,1946,5.6,2022-10-05,No era lo que esperaba
U00558,9087,6.5,2026-02-25,La volveria a ver
U00558,10557,5.7,2024-09-03,Me gusto bastante
U00559,431,6.1,2025-11-11,Visualmente increible
U00559,4922,7.2,2025-07-08,Final inesperado
U00559,242166,4.7,2026-03-09,Gran actuacion
U00559,51130,7.4,2025-10-07,La volveria a ver
U00559,950,6.5,2025-12-26,Historia entretenida
U00560,16096,4.1,2026-03-14,Historia entretenida
U00560,12271,5.5,2026-02-19,Historia entretenida
U00560,40920,9.5,2026-02-18,Gran actuacion
U00560,52067,5.8,2026-02-06,La volveria a ver
U00560,10016,4.4,2026-04-05,Historia entretenida
U00560,17813,5.6,2026-03-21,La volveria a ver
U00560,255343,6.3,2026-04-10,Excelente recomendacion
U00561,9647,8.0,2024-02-04,Historia entretenida
U00561,10131,4.6,2023-06-13,Me gusto bastante
U00561,12479,5.9,2023-04-08,Final inesperado
U00561,4174,6.2,2023-02-07,Final inesperado
U00561,29697,7.5,2023-09-09,Excelente recomendacion
U00561,10132,5.5,2025-02-13,Excelente recomendacion
U00561,334531,6.8,2024-02-12,No era lo que esperaba
U00561,87729,4.1,2022-12-20,Historia entretenida
U00561,587,8.4,2025-12-23,Buen ritmo
U00561,253412,6.1,2025-04-17,No era lo que esperaba
U00561,10643,5.4,2025-07-12,Gran actuacion
U00561,14844,5.8,2025-02-08,La volveria a ver
U00561,10183,8.1,2025-11-14,Me gusto bastante
U00561,10674,8.0,2025-07-01,Excelente recomendacion
U00561,255343,6.3,2025-05-24,Historia entretenida
U00561,140823,8.3,2023-10-03,Historia entretenida
U00561,6479,6.5,2025-12-02,No era lo que esperaba
U00561,35690,7.9,2024-12-17,Buena para recomendar
U00562,19366,6.4,2025-01-17,Excelente recomendacion
U00562,45324,5.1,2023-03-19,Buen ritmo
U00562,1687,7.7,2024-09-29,Visualmente increible
U00562,94348,3.8,2023-03-14,Excelente recomendacion
U00562,16857,5.1,2023-09-28,Final inesperado
U00562,88751,4.6,2023-11-26,Me gusto bastante
U00563,1911,6.3,2024-11-27,Visualmente increible
U00563,691,5.1,2024-04-28,Final inesperado
U00563,299145,5.4,2024-08-15,La volveria a ver
U00563,10336,6.2,2023-07-26,Buena para recomendar
U00563,32456,6.6,2023-09-01,Excelente recomendacion
U00563,11648,7.1,2025-09-19,La volveria a ver
U00563,72431,5.8,2023-03-17,Buen ritmo
U00563,8338,6.1,2025-12-17,Gran actuacion
U00563,23330,6.9,2024-01-25,No era lo que esperaba
U00563,10782,7.3,2025-11-08,Historia entretenida
U00563,328307,6.6,2023-08-22,Historia entretenida
U00564,13197,4.8,2026-02-20,La volveria a ver
U00564,327833,5.0,2024-10-14,Historia entretenida
U00564,9986,6.7,2025-12-05,Buena para recomendar
U00564,6947,7.7,2023-08-21,No era lo que esperaba
U00564,9013,7.0,2025-06-16,Historia entretenida
U00564,819,6.6,2024-01-30,Historia entretenida
U00565,3033,7.8,2024-05-14,La volveria a ver
U00565,12509,7.4,2024-08-24,Visualmente increible
U00565,1051,7.4,2024-02-22,No era lo que esperaba
U00565,6007,7.1,2023-09-17,La volveria a ver
U00565,13596,4.8,2025-08-04,Visualmente increible
U00565,9928,6.6,2024-11-08,Visualmente increible
U00565,652,6.9,2024-01-12,Gran actuacion
U00565,13198,7.2,2026-01-17,Gran actuacion
U00566,310569,7.1,2025-08-07,Excelente recomendacion
U00566,240,7.4,2025-02-12,Me gusto bastante
U00566,703,7.9,2025-02-07,Buen ritmo
U00566,9007,6.1,2026-03-03,Final inesperado
U00566,9603,6.4,2025-04-28,Excelente recomendacion
U00566,5971,6.3,2025-12-21,Visualmente increible
U00566,2639,8.5,2025-05-19,Buena para recomendar
U00566,11586,5.0,2025-10-11,No era lo que esperaba
U00566,12412,5.0,2025-11-13,La volveria a ver
U00567,99826,7.7,2023-03-06,Buen ritmo
U00567,74777,6.3,2022-12-03,No era lo que esperaba
U00567,47546,4.3,2025-04-11,No era lo que esperaba
U00567,3766,5.9,2023-06-12,Buen ritmo
U00567,13673,4.6,2024-05-25,Final inesperado
U00567,54897,5.9,2025-04-17,Final inesperado
U00567,109445,8.1,2026-02-11,Me gusto bastante
U00567,10724,4.2,2023-05-16,La volveria a ver
U00567,64639,6.7,2023-02-17,Historia entretenida
U00567,12410,6.6,2024-12-24,Excelente recomendacion
U00567,433,7.7,2024-02-17,Historia entretenida
U00568,262543,7.0,2023-07-07,Excelente recomendacion
U00568,17979,5.6,2023-11-17,No era lo que esperaba
U00568,37414,7.2,2025-05-29,Visualmente increible
U00568,792,8.7,2024-02-13,Buena para recomendar
U00568,127493,4.3,2025-01-30,La volveria a ver
U00568,9792,5.6,2025-11-22,Me gusto bastante
U00568,9297,6.6,2025-01-03,La volveria a ver
U00568,24977,6.2,2024-01-19,La volveria a ver
U00568,306745,6.6,2024-09-01,Me gusto bastante
U00569,11137,6.2,2026-01-16,Me gusto bastante
U00569,496,6.9,2026-02-13,Final inesperado
U00569,9096,7.1,2026-01-30,La volveria a ver
U00569,11975,7.7,2026-01-06,Final inesperado
U00569,13090,5.2,2025-11-28,Excelente recomendacion
U00569,687,7.3,2026-04-02,Me gusto bastante
U00569,9273,6.2,2026-02-16,Visualmente increible
U00569,9654,6.5,2026-02-28,No era lo que esperaba
U00569,18238,4.1,2026-01-16,Visualmente increible
U00569,264660,6.3,2026-01-03,Final inesperado
U00570,15875,5.3,2025-11-06,Gran actuacion
U00570,302688,4.3,2026-03-31,Final inesperado
U00570,12498,7.9,2026-02-02,No era lo que esperaba
U00570,29122,6.2,2026-02-25,Final inesperado
U00570,24424,8.0,2026-03-18,La volveria a ver
U00570,25248,7.3,2025-12-24,Final inesperado
U00570,297,7.9,2025-11-09,Historia entretenida
U00571,8681,7.9,2024-06-18,Gran actuacion
U00571,1088,8.1,2025-03-15,Historia entretenida
U00571,256917,8.0,2025-05-21,La volveria a ver
U00571,8080,6.5,2025-06-10,Final inesperado
U00571,39349,4.2,2024-07-01,Me gusto bastante
U00571,121,7.4,2025-12-21,Gran actuacion
U00571,45324,4.9,2025-03-26,Me gusto bastante
U00571,36047,5.5,2025-10-12,Gran actuacion
U00571,159824,7.9,2025-06-12,Excelente recomendacion
U00571,77459,6.0,2024-07-05,No era lo que esperaba
U00572,37724,6.3,2025-11-10,Gran actuacion
U00572,4251,7.0,2026-01-08,No era lo que esperaba
U00572,10776,6.2,2025-10-21,Buena para recomendar
U00572,107811,5.8,2025-08-10,No era lo que esperaba
U00572,201,5.3,2026-01-14,Buen ritmo
U00572,22538,5.9,2025-10-16,Historia entretenida
U00572,9570,5.0,2025-12-25,Buen ritmo
U00572,14161,5.6,2026-04-08,Buena para recomendar
U00572,225886,6.5,2025-07-28,Excelente recomendacion
U00572,9701,7.7,2025-10-22,Historia entretenida
U00572,58428,5.6,2026-01-12,Buena para recomendar
U00572,11592,5.6,2026-02-27,Excelente recomendacion
U00572,2757,7.5,2025-12-19,Me gusto bastante
U00573,8587,6.7,2025-07-31,Buena para recomendar
U00573,82684,7.2,2025-09-26,Final inesperado
U00573,14709,6.3,2026-04-03,Historia entretenida
U00573,131631,7.9,2026-01-27,Buen ritmo
U00573,11775,4.9,2025-12-24,La volveria a ver
U00573,180,6.8,2025-01-31,Buena para recomendar
U00573,302,6.4,2026-03-12,No era lo que esperaba
U00574,271110,7.9,2023-01-19,Historia entretenida
U00574,9793,5.2,2025-01-31,Historia entretenida
U00574,13682,6.0,2023-05-10,Excelente recomendacion
U00574,13510,6.5,2024-09-17,Final inesperado
U00574,192134,5.6,2024-03-14,Excelente recomendacion
U00575,5,6.0,2025-08-15,Gran actuacion
U00575,73532,5.8,2025-02-18,Excelente recomendacion
U00575,62177,7.1,2025-08-28,Final inesperado
U00575,26390,7.3,2025-06-22,Me gusto bastante
U00575,11066,6.3,2026-01-08,Me gusto bastante
U00576,17610,4.4,2025-08-04,Buena para recomendar
U00576,10858,5.9,2025-05-12,Final inesperado
U00576,745,8.9,2025-01-06,No era lo que esperaba
U00576,203833,8.3,2025-07-27,Buena para recomendar
U00576,2636,6.3,2025-12-11,Gran actuacion
U00576,196,6.4,2026-03-07,Final inesperado
U00576,13983,3.6,2025-11-12,Historia entretenida
U00576,347764,4.9,2024-12-24,Excelente recomendacion
U00577,228161,6.8,2025-04-09,Me gusto bastante
U00577,74534,6.8,2025-07-08,Historia entretenida
U00577,46332,7.9,2025-06-11,No era lo que esperaba
U00577,129670,7.4,2026-01-31,Visualmente increible
U00577,100,6.8,2025-02-06,Buen ritmo
U00577,9516,8.7,2025-04-28,Visualmente increible
U00578,79316,4.9,2025-06-23,No era lo que esperaba
U00578,37710,5.0,2025-12-03,Excelente recomendacion
U00578,1985,8.0,2025-04-09,Excelente recomendacion
U00578,74457,6.1,2026-01-24,La volveria a ver
U00578,362105,6.9,2026-02-08,Buen ritmo
U00578,9425,5.5,2024-10-05,La volveria a ver
U00578,289,8.0,2024-11-06,Historia entretenida
U00578,2116,4.7,2024-12-03,Excelente recomendacion
U00579,72190,8.0,2026-04-07,Buena para recomendar
U00579,39513,6.2,2026-04-09,Visualmente increible
U00579,13405,7.9,2026-04-04,Excelente recomendacion
U00579,51052,6.6,2026-04-06,Historia entretenida
U00579,43867,8.1,2026-04-04,Me gusto bastante
U00579,59859,7.6,2026-04-01,Buena para recomendar
U00580,66468,3.0,2025-11-23,Me gusto bastante
U00580,1710,7.7,2026-03-22,Excelente recomendacion
U00580,207,7.7,2026-04-06,La volveria a ver
U00580,140823,8.1,2025-08-10,Me gusto bastante
U00580,9906,5.3,2025-08-25,Gran actuacion
U00580,786,8.7,2024-06-24,Final inesperado
U00580,433715,1.0,2026-03-07,Final inesperado
U00580,84175,6.7,2026-03-04,Final inesperado
U00580,10139,8.6,2025-06-29,Visualmente increible
U00580,10590,7.3,2023-09-17,Final inesperado
U00580,5393,5.9,2025-01-17,Gran actuacion
U00581,79,5.8,2023-05-27,Excelente recomendacion
U00581,33157,7.7,2025-09-08,Buen ritmo
U00581,8961,7.4,2024-04-29,Buen ritmo
U00581,2925,6.8,2023-01-24,Historia entretenida
U00581,47607,4.4,2024-01-22,Excelente recomendacion
U00581,132316,8.1,2023-11-06,Me gusto bastante
U00581,8835,5.5,2025-05-04,Visualmente increible
U00582,16290,7.3,2025-04-16,La volveria a ver
U00582,11219,6.7,2025-09-26,Historia entretenida
U00582,27451,4.0,2025-06-19,Buen ritmo
U00582,13680,7.5,2025-04-10,Gran actuacion
U00582,18615,5.4,2026-01-04,Visualmente increible
U00582,38541,4.9,2025-07-07,Visualmente increible
U00582,9029,5.7,2025-11-27,Buen ritmo
U00582,11889,7.2,2025-08-29,Final inesperado
U00583,44594,6.8,2025-11-19,Me gusto bastante
U00583,9036,7.6,2026-01-19,Buen ritmo
U00583,13121,4.7,2025-04-29,Buen ritmo
U00583,20697,4.8,2025-06-04,Final inesperado
U00583,8469,6.3,2025-07-31,Final inesperado
U00583,2295,7.6,2025-12-14,Gran actuacion
U00583,8987,7.0,2025-12-25,Visualmente increible
U00583,80035,5.1,2025-02-09,La volveria a ver
U00583,46849,6.7,2025-07-25,Historia entretenida
U00583,29463,7.9,2025-03-18,Me gusto bastante
U00583,389425,4.5,2025-01-27,Historia entretenida
U00584,87729,5.1,2026-01-21,Gran actuacion
U00584,29122,7.1,2025-01-09,Final inesperado
U00584,12159,6.7,2025-05-21,La volveria a ver
U00584,12920,4.8,2025-11-26,La volveria a ver
U00584,792,7.7,2024-02-25,No era lo que esperaba
U00584,12228,8.3,2025-02-25,Visualmente increible
U00584,13515,6.7,2025-07-06,Excelente recomendacion
U00584,9945,5.6,2025-04-05,Buen ritmo
U00584,375290,6.7,2025-12-12,No era lo que esperaba
U00584,13027,5.4,2026-03-24,Buena para recomendar
U00584,127560,7.5,2024-06-07,Excelente recomendacion
U00584,116711,5.7,2025-07-14,Historia entretenida
U00585,30082,5.6,2026-01-27,Buen ritmo
U00585,89750,6.6,2026-03-25,Excelente recomendacion
U00585,20697,4.0,2026-03-31,Visualmente increible
U00585,333348,5.0,2026-02-16,No era lo que esperaba
U00585,8665,5.6,2026-02-16,Historia entretenida
U00586,152,7.3,2025-08-26,No era lo que esperaba
U00586,252512,5.5,2025-12-11,La volveria a ver
U00586,10198,5.4,2024-08-11,Excelente recomendacion
U00586,10017,5.8,2025-11-12,Historia entretenida
U00586,29427,5.5,2025-06-12,Historia entretenida
U00586,588,7.6,2024-12-05,Buena para recomendar
U00587,46146,7.2,2025-07-13,Final inesperado
U00587,603,9.2,2026-01-09,No era lo que esperaba
U00587,1669,6.5,2026-01-22,Me gusto bastante
U00587,18530,4.5,2026-01-30,Historia entretenida
U00587,11090,5.9,2026-01-11,Visualmente increible
U00587,11979,4.1,2026-01-22,Gran actuacion
U00588,25350,7.7,2025-10-25,No era lo que esperaba
U00588,21355,6.2,2023-11-16,Buen ritmo
U00588,1245,6.8,2024-08-24,Gran actuacion
U00589,21074,3.7,2026-02-21,Historia entretenida
U00589,71,8.2,2025-11-09,Me gusto bastante
U00589,50780,6.3,2026-02-27,Historia entretenida
U00589,245,5.2,2026-01-29,La volveria a ver
U00589,112430,8.4,2025-12-26,Final inesperado
U00589,9667,7.5,2026-03-02,Gran actuacion
U00589,40185,3.9,2026-03-24,Me gusto bastante
U00589,13053,7.0,2026-03-08,Buena para recomendar
U00589,9472,5.8,2026-01-14,Me gusto bastante
U00589,117251,6.2,2026-04-09,Excelente recomendacion
U00589,13809,7.4,2026-03-25,Excelente recomendacion
U00590,128,8.8,2026-01-07,Buena para recomendar
U00590,10320,5.3,2026-03-29,Buena para recomendar
U00590,272724,1.8,2025-12-06,Buena para recomendar
U00590,119450,7.0,2025-12-30,Gran actuacion
U00590,76170,6.4,2025-11-17,Excelente recomendacion
U00590,20662,6.3,2026-02-07,Excelente recomendacion
U00591,23631,7.7,2023-12-17,Visualmente increible
U00591,13950,5.0,2023-01-19,Me gusto bastante
U00591,9702,7.3,2024-08-30,Excelente recomendacion
U00591,10391,4.1,2024-05-09,Final inesperado
U00591,9693,8.4,2025-12-15,Visualmente increible
U00591,153518,6.4,2024-01-05,Buena para recomendar
U00591,41894,4.6,2024-11-03,Excelente recomendacion
U00591,36669,6.6,2024-07-23,No era lo que esperaba
U00592,2621,5.6,2025-08-09,Excelente recomendacion
U00592,14757,5.2,2026-04-01,La volveria a ver
U00592,44264,7.9,2025-11-14,Me gusto bastante
U00592,226458,3.9,2026-01-08,Gran actuacion
U00592,9366,6.6,2025-10-10,Final inesperado
U00592,13809,6.2,2025-09-11,Buena para recomendar
U00592,2454,7.1,2025-10-09,Gran actuacion
U00592,9443,6.1,2025-11-27,No era lo que esperaba
U00593,4347,7.5,2024-08-16,Buen ritmo
U00593,294086,5.7,2023-09-07,Historia entretenida
U00593,11831,6.9,2023-11-15,Final inesperado
U00593,12596,4.8,2023-09-10,Buen ritmo
U00593,6106,5.9,2023-10-13,La volveria a ver
U00593,6950,7.8,2025-12-13,La volveria a ver
U00593,64688,8.0,2025-10-29,No era lo que esperaba
U00593,11798,7.3,2024-03-20,No era lo que esperaba
U00593,122906,8.9,2023-08-14,Excelente recomendacion
U00593,93456,7.3,2026-01-23,Me gusto bastante
U00593,316727,5.8,2024-08-06,Me gusto bastante
U00593,1262,8.3,2023-10-26,Me gusto bastante
U00594,27455,7.1,2025-09-25,Historia entretenida
U00594,10642,5.6,2024-11-30,La volveria a ver
U00594,9918,7.5,2025-12-29,Excelente recomendacion
U00594,76341,8.2,2024-08-13,Visualmente increible
U00594,6171,6.7,2025-11-22,La volveria a ver
U00594,11457,6.7,2025-07-06,Buena para recomendar
U00594,78373,10.0,2024-08-16,Visualmente increible
U00594,22970,6.1,2025-10-15,Visualmente increible
U00594,9452,6.3,2023-03-12,Buena para recomendar
U00594,380097,1.0,2023-09-12,Me gusto bastante
U00595,17339,6.1,2025-01-16,Buen ritmo
U00595,10320,6.1,2025-10-14,Me gusto bastante
U00595,79694,3.7,2025-11-22,Final inesperado
U00595,9702,6.8,2025-06-05,Buen ritmo
U00595,14544,5.5,2024-09-17,Visualmente increible
U00595,68724,7.8,2025-09-23,La volveria a ver
U00595,8545,6.2,2025-06-04,La volveria a ver
U00595,1808,7.2,2025-01-07,Me gusto bastante
U00595,11702,7.1,2024-06-23,Excelente recomendacion
U00595,64807,6.0,2024-03-14,No era lo que esperaba
U00595,5123,7.4,2025-05-10,Buen ritmo
U00596,253253,6.9,2025-09-13,Me gusto bastante
U00596,18736,5.4,2025-03-17,La volveria a ver
U00596,49517,7.1,2025-08-22,Buen ritmo
U00596,744,6.4,2025-09-25,Historia entretenida
U00596,43213,6.8,2026-01-05,Final inesperado
U00597,4105,5.7,2025-04-16,Me gusto bastante
U00597,68737,4.7,2023-12-05,Final inesperado
U00597,77953,4.6,2026-01-26,Me gusto bastante
U00598,13950,4.6,2026-01-24,Historia entretenida
U00598,38031,4.7,2025-12-01,No era lo que esperaba
U00598,408,7.7,2025-09-27,La volveria a ver
U00598,16162,7.3,2025-09-24,Final inesperado
U00598,69848,8.9,2025-09-11,Me gusto bastante
U00598,217,5.1,2026-01-26,Buena para recomendar
U00598,39939,7.5,2026-01-02,Excelente recomendacion
U00598,133805,5.7,2026-02-10,Historia entretenida
U00598,6639,7.7,2025-12-09,Visualmente increible
U00598,242582,8.1,2026-01-17,Historia entretenida
U00598,680,8.6,2025-09-15,Gran actuacion
U00598,118957,4.4,2026-03-17,La volveria a ver
U00598,28029,6.8,2025-09-04,Buen ritmo
U00598,129,8.5,2025-10-14,Gran actuacion
U00598,21309,7.0,2025-10-01,Buena para recomendar
U00599,8966,6.5,2023-08-12,Buen ritmo
U00599,39055,7.2,2025-03-01,Me gusto bastante
U00599,10782,7.3,2023-10-15,La volveria a ver
U00599,49948,7.2,2025-10-13,Buen ritmo
U00599,239897,1.0,2025-08-28,No era lo que esperaba
U00599,522,8.2,2025-04-12,Historia entretenida
U00599,9036,6.9,2023-08-09,Buena para recomendar
U00599,14462,6.6,2026-03-21,La volveria a ver
U00599,6440,7.5,2024-08-18,La volveria a ver
U00599,205588,6.4,2024-08-18,Me gusto bastante
U00599,1091,6.8,2023-06-28,Excelente recomendacion
U00600,12093,7.5,2024-12-23,Visualmente increible
U00600,10071,5.7,2023-06-21,Gran actuacion
U00600,3587,5.0,2025-12-17,Visualmente increible
U00600,1544,7.8,2022-08-27,Gran actuacion
U00600,20943,6.6,2024-02-29,Buen ritmo
U00600,1103,8.4,2024-04-12,No era lo que esperaba
U00600,17880,6.1,2023-08-28,Visualmente increible
U00600,1891,9.3,2023-11-23,Buen ritmo
U00600,10333,7.2,2023-07-20,Visualmente increible
U00600,1402,7.9,2022-10-21,Me gusto bastante
U00600,6073,4.6,2025-10-01,Final inesperado
U00600,11191,5.8,2025-09-08,Final inesperado
U00601,107,8.3,2025-09-14,Buen ritmo
U00601,82695,6.5,2026-01-01,Excelente recomendacion
U00601,11535,1.9,2025-10-08,Me gusto bastante
U00601,11237,3.9,2026-03-06,Buena para recomendar
U00601,2252,6.2,2025-10-18,La volveria a ver
U00601,41110,7.7,2025-11-12,Buen ritmo
U00601,10655,6.6,2025-08-29,Buena para recomendar
U00601,3028,5.0,2026-01-11,Excelente recomendacion
U00601,75612,6.8,2026-01-17,Final inesperado
U00601,132232,6.6,2026-04-06,Final inesperado
U00601,2619,5.3,2026-01-30,La volveria a ver
U00602,71679,6.5,2025-11-27,Gran actuacion
U00602,987,7.6,2025-09-18,Buena para recomendar
U00602,573,8.6,2025-07-12,Excelente recomendacion
U00603,16642,6.6,2025-10-14,No era lo que esperaba
U00603,84178,5.8,2022-08-08,Final inesperado
U00603,10563,5.3,2026-03-11,Excelente recomendacion
U00603,4523,7.5,2023-10-11,Buen ritmo
U00603,7451,6.5,2023-04-11,Final inesperado
U00603,41009,4.8,2025-12-13,Gran actuacion
U00603,935,7.3,2023-12-22,La volveria a ver
U00603,9975,7.5,2022-08-05,Buena para recomendar
U00603,957,6.3,2025-07-11,Buena para recomendar
U00603,21309,7.7,2025-01-03,No era lo que esperaba
U00603,259694,6.1,2024-10-23,Historia entretenida
U00604,248,8.4,2024-11-26,Me gusto bastante
U00604,10071,3.9,2025-11-10,Excelente recomendacion
U00604,10545,8.0,2024-05-08,Excelente recomendacion
U00604,87502,7.9,2025-06-24,Buen ritmo
U00604,294600,5.4,2024-11-04,Me gusto bastante
U00604,227306,7.8,2025-07-15,Excelente recomendacion
U00604,198663,8.2,2026-01-29,Me gusto bastante
U00604,311,7.5,2023-10-12,Final inesperado
U00604,10764,6.1,2024-10-07,Buena para recomendar
U00604,222936,6.1,2024-08-09,Buen ritmo
U00604,10589,5.9,2025-02-27,Visualmente increible
U00604,62116,6.6,2024-10-15,Historia entretenida
U00604,44092,8.1,2024-11-29,Buena para recomendar
U00604,13166,4.9,2024-07-26,Final inesperado
U00605,3080,7.1,2026-03-30,Visualmente increible
U00605,1691,7.0,2026-03-30,Me gusto bastante
U00605,14662,5.9,2026-04-10,Gran actuacion
U00605,8373,6.3,2026-04-08,Me gusto bastante
U00606,29461,5.2,2026-02-19,No era lo que esperaba
U00606,16205,6.9,2026-04-01,Gran actuacion
U00606,228205,7.7,2026-02-23,Me gusto bastante
U00606,175291,6.7,2026-03-02,Buena para recomendar
U00606,338,8.8,2026-04-03,Excelente recomendacion
U00606,20296,3.4,2026-02-27,No era lo que esperaba
U00606,8416,8.7,2026-03-22,Gran actuacion
U00607,280871,5.8,2026-02-01,Buen ritmo
U00607,38363,7.1,2026-03-24,Historia entretenida
U00607,9042,4.8,2026-03-24,Buena para recomendar
U00607,284296,6.5,2026-03-01,Buena para recomendar
U00607,1124,7.9,2026-04-03,Gran actuacion
U00607,227348,6.4,2026-04-10,Final inesperado
U00607,7737,5.7,2026-02-16,Visualmente increible
U00607,115872,5.1,2026-04-10,Excelente recomendacion
U00607,2454,7.6,2026-03-08,Buena para recomendar
U00607,160588,7.5,2026-01-26,Visualmente increible
U00608,11362,7.6,2024-08-03,Visualmente increible
U00608,88794,7.4,2025-10-21,Me gusto bastante
U00608,1548,5.7,2024-11-06,Historia entretenida
U00608,257445,7.3,2025-03-05,Visualmente increible
U00608,8435,5.2,2025-04-09,Visualmente increible
U00608,54897,5.5,2026-04-01,Buena para recomendar
U00608,10156,6.8,2022-12-01,Historia entretenida
U00608,9587,7.8,2023-12-26,Visualmente increible
U00608,12088,6.8,2023-09-10,Me gusto bastante
U00608,211672,7.6,2025-09-27,No era lo que esperaba
U00608,4911,7.8,2023-05-22,La volveria a ver
U00608,9713,6.2,2025-05-27,Final inesperado
U00608,328387,5.7,2023-03-01,Buena para recomendar
U00608,177572,6.5,2024-08-01,Buen ritmo
U00609,27551,4.5,2025-09-03,Me gusto bastante
U00609,294512,6.4,2026-02-23,Excelente recomendacion
U00609,15028,4.5,2026-02-08,Gran actuacion
U00609,261023,7.1,2026-04-01,Buen ritmo
U00609,44413,7.7,2025-12-16,No era lo que esperaba
U00609,64685,5.9,2026-02-05,Me gusto bastante
U00609,68721,6.2,2025-12-24,Visualmente increible
U00610,9571,7.1,2026-03-29,Gran actuacion
U00610,205596,6.7,2025-02-09,Visualmente increible
U00610,13198,6.4,2024-11-14,Buena para recomendar
U00610,12703,6.0,2024-07-05,Buen ritmo
U00610,2074,7.1,2024-09-27,Final inesperado
U00610,76203,6.7,2025-04-27,Excelente recomendacion
U00610,1251,6.5,2024-05-10,Gran actuacion
U00610,64685,5.8,2025-12-04,Buena para recomendar
U00610,40247,6.2,2024-03-19,Historia entretenida
U00611,18357,3.3,2025-06-10,Me gusto bastante
U00611,6977,6.5,2023-09-24,La volveria a ver
U00611,10131,5.7,2026-04-03,Buen ritmo
U00611,10217,5.3,2023-08-08,Me gusto bastante
U00611,254,5.2,2026-04-03,Buen ritmo
U00611,604,5.5,2024-04-05,Visualmente increible
U00611,9918,6.1,2023-08-21,Historia entretenida
U00611,627,8.2,2025-02-22,Me gusto bastante
U00611,44264,8.3,2025-04-05,Visualmente increible
U00611,10139,8.5,2025-01-04,Visualmente increible
U00611,9823,3.0,2025-06-15,Excelente recomendacion
U00611,834,7.1,2025-10-22,Gran actuacion
U00611,60421,6.0,2025-02-20,La volveria a ver
U00611,5172,6.1,2024-03-23,La volveria a ver
U00611,133575,4.5,2023-09-14,No era lo que esperaba
U00612,116149,7.5,2023-10-22,No era lo que esperaba
U00612,1734,5.1,2024-04-13,Buen ritmo
U00612,170687,6.5,2025-02-18,No era lo que esperaba
U00612,59917,6.7,2024-12-31,Visualmente increible
U00612,745,8.4,2025-08-04,Gran actuacion
U00612,280871,4.3,2024-02-12,Visualmente increible
U00612,72387,6.1,2024-04-05,Me gusto bastante
U00612,76349,5.5,2026-02-13,Buen ritmo
U00612,10663,4.8,2025-10-19,La volveria a ver
U00612,198185,6.2,2024-12-16,Excelente recomendacion
U00612,9488,5.6,2023-10-17,No era lo que esperaba
U00612,805,6.3,2025-08-28,No era lo que esperaba
U00612,1645,7.0,2025-04-07,Visualmente increible
U00613,98,8.0,2025-04-28,Gran actuacion
U00613,13223,8.3,2024-12-08,Buena para recomendar
U00613,79694,3.5,2024-12-06,Gran actuacion
U00613,2503,6.3,2025-09-02,Buena para recomendar
U00613,9513,5.3,2025-11-20,Excelente recomendacion
U00613,49527,6.0,2025-11-15,Gran actuacion
U00613,12403,5.6,2025-04-22,No era lo que esperaba
U00613,985,7.6,2024-08-25,La volveria a ver
U00613,6020,3.6,2025-08-17,Excelente recomendacion
U00613,49026,6.2,2026-03-05,Visualmente increible
U00613,242512,6.2,2025-12-23,La volveria a ver
U00613,190955,6.4,2025-05-24,No era lo que esperaba
U00614,18869,5.8,2025-09-07,Visualmente increible
U00614,70687,6.1,2025-12-14,Excelente recomendacion
U00614,38970,4.9,2026-03-26,La volveria a ver
U00614,621,7.4,2026-03-06,Me gusto bastante
U00614,7347,8.8,2025-12-04,No era lo que esperaba
U00614,3638,5.6,2025-09-30,No era lo que esperaba
U00614,4517,6.1,2025-12-05,Historia entretenida
U00614,7515,7.4,2025-04-17,Final inesperado
U00614,13539,4.2,2025-05-19,Me gusto bastante
U00614,132344,7.4,2025-08-15,Buen ritmo
U00615,8850,5.0,2023-06-13,Excelente recomendacion
U00615,10684,6.4,2025-06-22,No era lo que esperaba
U00615,22314,6.6,2026-04-08,La volveria a ver
U00615,11051,6.7,2025-05-20,Gran actuacion
U00615,2163,6.6,2024-04-02,Me gusto bastante
U00615,19724,6.9,2023-09-07,Gran actuacion
U00615,238,7.6,2023-10-26,Gran actuacion
U00615,16991,6.8,2023-07-18,Buena para recomendar
U00615,9766,7.2,2025-08-13,Excelente recomendacion
U00615,13075,5.3,2023-05-16,Me gusto bastante
U00615,1452,5.6,2024-06-11,Buen ritmo
U00615,46138,7.1,2023-06-17,Buena para recomendar
U00616,170480,1.0,2025-08-06,Buen ritmo
U00616,1123,7.0,2025-08-13,Excelente recomendacion
U00616,9641,6.4,2026-02-17,La volveria a ver
U00616,219,8.7,2025-09-24,Visualmente increible
U00616,37950,7.2,2025-11-01,Visualmente increible
U00616,62764,5.1,2025-10-08,Final inesperado
U00616,21525,8.5,2025-09-13,Gran actuacion
U00616,267860,6.0,2025-08-29,Gran actuacion
U00616,8665,4.8,2025-10-17,Excelente recomendacion
U00617,317930,5.0,2026-03-21,Buena para recomendar
U00617,66942,5.2,2025-08-24,La volveria a ver
U00617,297761,4.7,2026-01-01,Final inesperado
U00617,18292,4.9,2025-06-03,Buena para recomendar
U00617,11968,4.7,2024-06-07,Final inesperado
U00617,135397,6.8,2024-05-22,La volveria a ver
U00617,9297,5.2,2024-12-10,La volveria a ver
U00617,348,7.2,2025-10-11,Me gusto bastante
U00617,666,8.3,2025-01-24,Excelente recomendacion
U00617,403,6.6,2025-10-15,Gran actuacion
U00617,34723,5.6,2026-03-26,Buena para recomendar
U00617,15189,5.7,2024-03-23,Excelente recomendacion
U00618,239571,6.9,2026-01-27,Buena para recomendar
U00618,1495,6.0,2024-02-24,Me gusto bastante
U00618,129670,6.1,2025-02-25,Historia entretenida
U00618,9806,6.5,2025-02-06,Final inesperado
U00618,259694,7.1,2025-07-07,Gran actuacion
U00618,10139,8.2,2025-10-21,Gran actuacion
U00618,8373,6.8,2026-03-23,La volveria a ver
U00619,14033,3.6,2025-11-03,Final inesperado
U00619,37799,5.9,2024-09-21,Me gusto bastante
U00619,262504,7.4,2025-01-18,Me gusto bastante
U00619,10743,5.1,2025-05-25,Gran actuacion
U00619,7451,4.4,2024-11-24,Final inesperado
U00619,376659,6.8,2024-08-26,Me gusto bastante
U00619,17134,6.8,2024-09-11,Buen ritmo
U00619,80035,4.5,2025-08-28,Visualmente increible
U00619,5723,8.3,2025-10-10,Visualmente increible
U00619,9430,7.6,2025-10-29,Historia entretenida
U00619,657,7.8,2026-01-26,Gran actuacion
U00619,64685,8.2,2025-07-31,La volveria a ver
U00619,86549,4.8,2025-04-03,Buena para recomendar
U00620,370980,6.5,2025-06-02,La volveria a ver
U00620,312221,7.4,2025-10-09,Me gusto bastante
U00620,314365,7.5,2023-04-30,Excelente recomendacion
U00620,20862,7.4,2025-11-10,Visualmente increible
U00620,49021,6.5,2024-06-23,Gran actuacion
U00620,38073,5.3,2023-10-18,No era lo que esperaba
U00620,9008,6.5,2026-01-11,Visualmente increible
U00620,14902,8.2,2024-03-07,La volveria a ver
U00620,223702,5.2,2024-11-19,La volveria a ver
U00620,11354,7.7,2023-03-28,Buena para recomendar
U00621,11770,7.7,2026-01-31,La volveria a ver
U00621,1770,7.8,2026-03-20,Excelente recomendacion
U00621,8427,4.0,2026-03-26,Excelente recomendacion
U00621,22215,6.8,2026-04-07,Visualmente increible
U00621,10471,7.1,2025-12-31,Final inesperado
U00621,137347,5.8,2026-01-15,La volveria a ver
U00621,9464,5.6,2025-12-02,Gran actuacion
U00621,10196,4.3,2025-11-21,Buena para recomendar
U00621,72331,5.5,2026-01-26,Buena para recomendar
U00621,248402,4.6,2026-01-11,Visualmente increible
U00621,195589,4.7,2026-04-02,Gran actuacion
U00621,44413,6.4,2025-11-29,No era lo que esperaba
U00621,17795,6.2,2025-12-28,Historia entretenida
U00622,702,7.8,2026-02-17,Excelente recomendacion
U00622,14317,7.0,2026-02-22,Buena para recomendar
U00622,2253,5.7,2026-04-10,No era lo que esperaba
U00622,158895,7.1,2026-01-06,Visualmente increible
U00623,12153,7.1,2025-12-08,Gran actuacion
U00623,88794,7.1,2025-12-15,La volveria a ver
U00623,9555,6.4,2026-02-27,La volveria a ver
U00623,663,5.7,2025-12-24,Excelente recomendacion
U00623,6537,7.9,2026-01-11,Buena para recomendar
U00623,44945,5.8,2026-04-01,Me gusto bastante
U00623,8007,5.4,2026-03-29,La volveria a ver
U00623,3062,7.4,2026-01-28,Excelente recomendacion
U00623,4858,5.1,2025-12-17,Final inesperado
U00623,339984,7.4,2026-03-24,Me gusto bastante
U00623,365052,6.6,2026-01-06,Historia entretenida
U00624,9730,5.2,2025-04-22,Gran actuacion
U00625,9978,4.9,2026-03-14,Visualmente increible
U00625,129,7.6,2025-09-23,Me gusto bastante
U00625,9567,5.3,2026-01-14,La volveria a ver
U00625,16991,5.3,2026-01-28,Visualmente increible
U00625,61791,6.8,2026-03-03,Gran actuacion
U00625,47964,4.6,2025-12-04,Final inesperado
U00626,16866,6.0,2024-08-11,Excelente recomendacion
U00626,28580,6.8,2025-05-24,Buen ritmo
U00626,23629,4.5,2025-06-24,La volveria a ver
U00626,177,6.0,2024-08-22,No era lo que esperaba
U00627,772,6.5,2025-08-01,Buen ritmo
U00627,245916,7.6,2024-07-31,No era lo que esperaba
U00627,20520,5.7,2024-10-24,Me gusto bastante
U00627,277,5.7,2024-01-29,Visualmente increible
U00627,34152,6.2,2026-02-02,Buena para recomendar
U00627,172533,4.9,2022-12-09,La volveria a ver
U00627,9281,6.5,2023-04-10,La volveria a ver
U00628,764,7.1,2024-11-03,Gran actuacion
U00628,85,8.1,2026-01-07,Visualmente increible
U00628,348,7.7,2025-04-02,Historia entretenida
U00628,12096,6.0,2025-01-10,Buena para recomendar
U00628,3040,5.1,2025-04-06,No era lo que esperaba
U00628,9336,5.6,2024-02-25,Final inesperado
U00628,9792,5.1,2024-02-27,Me gusto bastante
U00628,682,6.8,2024-03-03,Historia entretenida
U00629,1088,6.4,2025-08-17,Buen ritmo
U00629,24266,5.6,2025-10-12,No era lo que esperaba
U00629,385736,8.0,2026-04-04,Gran actuacion
U00629,5174,7.0,2025-03-01,Final inesperado
U00629,8271,5.7,2026-02-18,Buen ritmo
U00629,4836,6.9,2025-02-21,Buena para recomendar
U00629,10073,4.1,2025-09-16,Visualmente increible
U00629,10655,6.9,2026-01-24,Buen ritmo
U00630,8587,8.0,2025-08-16,Excelente recomendacion
U00630,9731,3.7,2025-06-02,No era lo que esperaba
U00630,4929,6.0,2025-04-22,Buena para recomendar
U00630,1637,6.0,2025-05-07,No era lo que esperaba
U00630,284536,5.0,2024-08-25,Excelente recomendacion
U00630,41446,6.2,2025-02-22,Excelente recomendacion
U00630,654,7.6,2024-08-07,La volveria a ver
U00630,10521,6.7,2024-09-01,No era lo que esperaba
U00630,11775,6.8,2024-08-01,La volveria a ver
U00630,1024,8.3,2025-09-16,La volveria a ver
U00630,4133,7.9,2025-02-16,No era lo que esperaba
U00630,35690,7.4,2026-03-04,Buen ritmo
U00630,66195,4.7,2025-10-26,No era lo que esperaba
U00631,260778,8.0,2024-08-09,La volveria a ver
U00631,10858,6.9,2026-01-24,No era lo que esperaba
U00631,658,8.2,2024-02-01,No era lo que esperaba
U00631,25461,9.1,2025-02-16,La volveria a ver
U00631,37232,7.8,2025-05-04,Final inesperado
U00631,16428,5.2,2024-06-04,Me gusto bastante
U00631,12244,6.5,2025-04-28,Final inesperado
U00631,326,4.1,2025-05-06,Historia entretenida
U00631,15648,6.8,2026-02-12,Final inesperado
U00631,339408,5.9,2024-04-14,Historia entretenida
U00631,300671,7.2,2024-02-17,Visualmente increible
U00631,167073,8.2,2025-12-24,Me gusto bastante
U00631,26837,6.7,2024-08-09,Me gusto bastante
U00631,164372,5.9,2024-08-15,No era lo que esperaba
U00631,11113,8.2,2025-01-14,Me gusto bastante
U00632,8854,5.3,2025-03-05,Gran actuacion
U00632,39349,4.8,2023-04-02,Visualmente increible
U00632,10053,4.2,2024-12-01,Visualmente increible
U00632,44260,9.5,2023-06-14,Historia entretenida
U00632,107,7.3,2024-12-03,Excelente recomendacion
U00632,20055,4.1,2022-11-17,Me gusto bastante
U00632,2295,7.5,2023-08-17,Me gusto bastante
U00632,10534,5.8,2023-02-23,Final inesperado
U00632,1571,7.1,2023-06-02,Historia entretenida
U00632,7484,5.4,2023-12-24,Me gusto bastante
U00632,193610,4.9,2024-04-24,Me gusto bastante
U00633,10934,5.6,2026-03-30,Historia entretenida
U00633,22881,6.8,2026-04-05,Historia entretenida
U00633,14624,5.5,2026-03-16,Historia entretenida
U00633,1893,5.7,2026-04-06,No era lo que esperaba
U00633,287903,4.7,2026-03-26,La volveria a ver
U00633,301351,7.4,2026-04-02,Me gusto bastante
U00633,156022,6.8,2026-03-29,Visualmente increible
U00633,1735,4.2,2026-04-10,Buen ritmo
U00633,746,8.6,2026-03-20,Historia entretenida
U00634,559,6.3,2025-01-18,No era lo que esperaba
U00634,23706,5.9,2024-06-23,No era lo que esperaba
U00634,350,5.9,2024-08-01,Final inesperado
U00634,16337,6.9,2025-05-04,Excelente recomendacion
U00635,96721,7.9,2026-02-14,Visualmente increible
U00635,58,5.5,2025-10-25,Final inesperado
U00635,10061,6.9,2026-01-07,La volveria a ver
U00635,79316,4.8,2026-02-19,Buena para recomendar
U00635,41508,7.1,2025-06-26,Gran actuacion
U00635,11969,7.5,2025-06-11,No era lo que esperaba
U00635,184346,6.9,2025-12-29,Visualmente increible
U00635,9912,6.1,2025-08-18,Final inesperado
U00635,68718,7.3,2025-06-24,Final inesperado
U00635,11033,6.4,2026-02-21,Buen ritmo
U00635,522,8.2,2025-05-15,La volveria a ver
U00636,283708,6.4,2025-03-22,Buena para recomendar
U00636,22479,5.4,2024-04-20,No era lo que esperaba
U00636,157336,9.3,2026-01-17,Me gusto bastante
U00636,11544,7.0,2024-10-01,Me gusto bastante
U00636,13537,7.6,2024-11-02,Gran actuacion
U00636,245846,6.0,2024-01-14,Historia entretenida
U00636,235,6.6,2024-03-04,Final inesperado
U00636,2652,7.3,2024-03-27,Me gusto bastante
U00636,10955,7.7,2025-05-17,Buen ritmo
U00636,11323,6.8,2025-04-22,La volveria a ver
U00636,3083,7.2,2024-06-11,Historia entretenida
U00636,37694,4.1,2025-06-08,La volveria a ver
U00637,11096,5.2,2025-02-16,No era lo que esperaba
U00637,283671,5.4,2026-01-24,Final inesperado
U00637,10611,5.6,2025-11-09,La volveria a ver
U00637,64682,6.2,2025-08-22,Visualmente increible
U00637,84200,5.7,2025-01-13,No era lo que esperaba
U00638,11619,6.0,2026-03-06,Visualmente increible
U00638,4929,7.3,2026-02-24,No era lo que esperaba
U00638,116711,5.4,2026-01-15,Buena para recomendar
U00638,25461,8.1,2026-03-23,Me gusto bastante
U00638,223,9.0,2025-09-05,Visualmente increible
U00638,61791,8.1,2026-02-11,Visualmente increible
U00638,9779,5.8,2025-09-13,Buena para recomendar
U00638,10316,7.8,2026-02-27,Visualmente increible
U00638,162,7.4,2026-03-10,Historia entretenida
U00638,11013,6.5,2025-12-26,No era lo que esperaba
U00638,2841,8.5,2026-04-01,Excelente recomendacion
U00638,642,6.1,2026-01-11,Excelente recomendacion
U00639,5,5.6,2025-03-24,Me gusto bastante
U00639,11358,6.7,2022-08-15,Historia entretenida
U00639,9434,7.1,2023-11-08,Buen ritmo
U00639,4477,5.3,2025-05-02,No era lo que esperaba
U00639,80304,4.2,2022-07-12,Gran actuacion
U00639,318846,7.6,2025-02-03,Historia entretenida
U00639,451,8.3,2024-11-13,Final inesperado
U00639,13700,4.5,2022-08-22,Excelente recomendacion
U00639,79161,6.6,2023-10-15,No era lo que esperaba
U00639,4816,7.2,2022-10-21,Visualmente increible
U00639,10014,4.6,2023-04-11,Buena para recomendar
U00639,331745,5.6,2023-06-13,Final inesperado
U00640,109445,6.0,2026-03-19,No era lo que esperaba
U00640,9759,4.9,2026-02-13,La volveria a ver
U00640,398,8.2,2026-03-27,Historia entretenida
U00640,17202,7.4,2026-02-19,Buena para recomendar
U00640,12602,6.7,2026-03-07,Me gusto bastante
U00640,19615,8.5,2026-03-21,Buen ritmo
U00640,58680,5.5,2026-03-21,Buena para recomendar
U00640,214756,7.0,2026-02-16,No era lo que esperaba
U00641,9381,4.7,2025-11-09,Buen ritmo
U00641,100402,7.3,2025-03-21,No era lo que esperaba
U00641,175528,4.8,2025-05-03,Gran actuacion
U00641,14560,4.2,2025-03-27,Me gusto bastante
U00641,3536,7.3,2024-01-13,Buen ritmo
U00641,41515,4.8,2024-06-17,Excelente recomendacion
U00641,272,9.0,2025-09-10,Gran actuacion
U00641,1687,6.1,2025-10-17,Historia entretenida
U00641,593,7.9,2024-12-13,Buen ritmo
U00641,2779,5.8,2026-03-23,Excelente recomendacion
U00641,6957,5.0,2024-10-29,Historia entretenida
U00641,9799,7.9,2025-04-05,Excelente recomendacion
U00641,61337,7.4,2025-08-02,Buena para recomendar
U00642,15256,5.7,2026-01-30,Me gusto bastante
U00642,10708,4.3,2026-03-19,Final inesperado
U00642,10132,6.6,2025-12-08,Buena para recomendar
U00642,253253,6.0,2025-10-31,Final inesperado
U00642,258489,5.1,2026-02-13,La volveria a ver
U00642,11004,7.4,2026-02-18,Visualmente increible
U00642,46435,7.2,2026-03-22,Visualmente increible
U00642,11843,7.5,2026-01-15,Gran actuacion
U00642,13483,7.5,2025-09-07,Me gusto bastante
U00642,45881,5.4,2026-02-14,Excelente recomendacion
U00642,193603,4.9,2025-07-20,Visualmente increible
U00642,16620,5.6,2026-03-03,Buena para recomendar
U00642,11536,7.4,2026-03-19,Final inesperado
U00643,26665,6.9,2023-10-31,Final inesperado
U00643,38357,5.9,2024-04-07,No era lo que esperaba
U00643,74777,5.7,2023-09-08,Visualmente increible
U00643,174751,5.6,2025-01-16,Excelente recomendacion
U00643,10930,5.9,2023-07-06,Final inesperado
U00643,11460,4.9,2024-02-07,Final inesperado
U00643,9707,8.1,2024-05-06,Historia entretenida
U00643,8007,5.4,2026-04-02,Historia entretenida
U00643,109513,6.7,2024-12-24,No era lo que esperaba
U00643,13498,6.7,2024-05-13,Final inesperado
U00643,41436,6.8,2024-06-22,Me gusto bastante
U00643,14358,7.6,2023-06-15,Me gusto bastante
U00643,329,7.1,2024-05-18,No era lo que esperaba
U00643,11191,5.4,2025-12-03,Historia entretenida
U00644,147773,7.2,2025-07-23,Visualmente increible
U00644,365222,7.1,2025-05-04,Historia entretenida
U00644,57158,8.9,2026-03-26,Historia entretenida
U00644,21345,6.9,2024-04-03,Final inesperado
U00644,79698,4.2,2024-11-01,Visualmente increible
U00644,36647,6.2,2023-10-14,Visualmente increible
U00644,2786,8.5,2025-03-15,Visualmente increible
U00644,49953,4.4,2023-05-02,Excelente recomendacion
U00644,296098,7.4,2022-12-12,Buen ritmo
U00644,87,7.5,2025-08-08,Gran actuacion
U00644,9286,4.9,2023-12-14,La volveria a ver
U00644,26389,6.7,2024-04-12,Final inesperado
U00644,860,5.6,2025-03-09,Historia entretenida
U00644,7515,6.2,2023-04-14,Excelente recomendacion
U00644,55123,6.3,2025-04-20,Final inesperado
U00644,51497,6.5,2025-10-15,Historia entretenida
U00645,81796,5.4,2025-10-22,La volveria a ver
U00645,45958,8.2,2025-12-29,Visualmente increible
U00645,210577,6.7,2025-10-18,Me gusto bastante
U00645,15237,5.4,2025-09-12,La volveria a ver
U00645,26843,7.2,2025-09-14,Gran actuacion
U00645,18,8.6,2025-11-05,Excelente recomendacion
U00645,41894,6.0,2025-10-28,Visualmente increible
U00646,10488,6.9,2026-01-17,Me gusto bastante
U00646,41402,5.5,2026-01-23,La volveria a ver
U00646,844,6.0,2025-11-18,Me gusto bastante
U00646,10758,7.5,2025-11-29,Me gusto bastante
U00646,332411,3.0,2025-10-30,Historia entretenida
U00646,25388,5.3,2026-01-25,No era lo que esperaba
U00646,59962,6.6,2025-12-17,Historia entretenida
U00646,294272,5.0,2026-01-16,Buena para recomendar
U00646,17277,4.7,2026-02-08,Buen ritmo
U00646,242582,6.4,2025-11-09,Excelente recomendacion
U00646,244403,6.9,2025-11-11,La volveria a ver
U00646,244339,6.2,2026-03-30,No era lo que esperaba
U00646,137321,6.3,2026-02-18,La volveria a ver
U00647,76338,5.4,2026-03-24,La volveria a ver
U00647,18736,4.4,2026-03-22,Me gusto bastante
U00647,1656,5.8,2026-03-10,No era lo que esperaba
U00647,4836,8.1,2026-03-23,Buena para recomendar
U00647,15624,6.9,2026-03-28,Excelente recomendacion
U00647,2034,6.9,2026-02-26,Gran actuacion
U00647,13685,7.7,2026-03-05,Final inesperado
U00647,13335,5.0,2026-04-01,Visualmente increible
U00647,333348,5.1,2026-02-19,Buen ritmo
U00648,58595,6.9,2026-04-09,Final inesperado
U00648,15198,5.4,2025-12-26,La volveria a ver
U00648,9893,4.4,2025-09-22,Historia entretenida
U00648,72571,4.6,2025-03-07,Buen ritmo
U00648,33870,5.8,2025-05-11,La volveria a ver
U00648,2666,6.5,2025-12-13,Buena para recomendar
U00648,9746,7.9,2025-11-14,Historia entretenida
U00648,268,7.4,2025-05-21,Visualmente increible
U00648,203,6.0,2025-11-06,No era lo que esperaba
U00649,9390,5.8,2024-10-31,La volveria a ver
U00649,13816,4.6,2024-12-01,Historia entretenida
U00649,49040,5.7,2024-04-03,Gran actuacion
U00649,91076,5.9,2022-07-04,Final inesperado
U00649,13223,6.4,2023-07-21,Excelente recomendacion
U00649,36670,7.2,2024-08-16,Excelente recomendacion
U00649,65,8.1,2025-11-03,Historia entretenida
U00649,33542,5.8,2024-05-04,Buena para recomendar
U00649,8975,5.0,2025-11-24,La volveria a ver
U00649,17043,4.0,2022-12-28,Final inesperado
U00649,77459,5.6,2025-01-28,Excelente recomendacion
U00649,11979,3.9,2024-03-07,Historia entretenida
U00649,10003,6.0,2023-11-15,Excelente recomendacion
U00649,21801,4.7,2024-08-25,La volveria a ver
U00649,38319,5.2,2023-06-02,Historia entretenida
U00650,78381,4.8,2026-02-07,Visualmente increible
U00650,10393,6.0,2025-08-10,Buen ritmo
U00650,22074,7.1,2024-10-06,Gran actuacion
U00650,796,6.9,2025-11-25,Visualmente increible
U00650,19904,6.6,2025-04-05,Historia entretenida
U00650,10377,8.6,2024-11-29,Me gusto bastante
U00651,12437,7.1,2024-04-19,No era lo que esperaba
U00651,95,7.3,2024-10-10,Gran actuacion
U00651,11866,5.5,2025-09-09,Historia entretenida
U00651,13183,6.6,2024-03-18,Historia entretenida
U00651,37165,8.0,2026-02-16,Visualmente increible
U00652,2359,7.0,2024-09-18,Visualmente increible
U00652,170480,1.0,2025-03-07,Final inesperado
U00652,27023,6.5,2025-02-16,No era lo que esperaba
U00652,15800,6.7,2023-05-15,Visualmente increible
U00652,244316,5.1,2025-04-18,Historia entretenida
U00652,10468,6.3,2023-03-28,Me gusto bastante
U00652,9697,4.8,2024-12-17,No era lo que esperaba
U00652,45610,7.5,2022-12-01,No era lo que esperaba
U00652,12246,6.1,2024-08-15,No era lo que esperaba
U00652,72331,6.5,2025-04-30,No era lo que esperaba
U00652,4513,4.9,2022-09-14,Buena para recomendar
U00652,19848,7.4,2023-02-09,Visualmente increible
U00652,10312,6.7,2026-03-27,Historia entretenida
U00653,1649,6.8,2025-08-11,La volveria a ver
U00653,49538,7.2,2025-07-02,No era lo que esperaba
U00653,54518,3.9,2024-10-13,Buen ritmo
U00653,1366,7.9,2024-10-23,La volveria a ver
U00653,7485,7.8,2025-09-22,Buen ritmo
U00653,63574,5.8,2025-04-01,Buena para recomendar
U00653,1439,6.9,2025-09-23,Visualmente increible
U00654,2359,6.0,2025-03-29,Me gusto bastante
U00654,1435,7.9,2025-04-01,Buen ritmo
U00654,9716,7.9,2024-10-16,Buena para recomendar
U00654,14325,7.8,2025-08-19,Buen ritmo
U00654,591,6.0,2025-01-08,Final inesperado
U00654,1588,6.4,2025-08-08,No era lo que esperaba
U00654,694,9.4,2023-03-31,Historia entretenida
U00654,1725,7.3,2024-08-10,Visualmente increible
U00654,36334,5.6,2025-01-02,No era lo que esperaba
U00654,562,6.2,2024-04-27,Visualmente increible
U00655,62630,5.6,2026-02-26,Buen ritmo
U00655,10189,6.6,2025-02-06,La volveria a ver
U00655,188652,6.4,2025-05-21,Buen ritmo
U00655,16162,8.0,2025-09-14,Buena para recomendar
U00655,41210,5.0,2025-05-16,La volveria a ver
U00655,681,5.2,2023-12-10,La volveria a ver
U00655,49026,8.8,2026-03-21,Excelente recomendacion
U00655,109417,6.0,2023-12-23,Me gusto bastante
U00655,8619,6.4,2026-01-08,Final inesperado
U00655,8080,4.8,2024-01-17,Excelente recomendacion
U00655,339408,5.3,2024-04-29,Excelente recomendacion
U00655,1645,8.5,2025-06-28,Historia entretenida
U00655,11635,5.8,2024-01-08,Buena para recomendar
U00655,5123,5.8,2023-08-09,Final inesperado
U00656,15198,4.7,2026-03-30,Final inesperado
U00656,10998,7.7,2026-03-21,No era lo que esperaba
U00656,78705,9.0,2026-03-29,Buen ritmo
U00657,17578,6.2,2026-01-26,Excelente recomendacion
U00657,2290,6.5,2025-03-10,La volveria a ver
U00657,14325,6.6,2024-12-05,Me gusto bastante
U00657,9032,6.5,2024-11-24,La volveria a ver
U00657,62206,4.1,2024-11-01,Visualmente increible
U00657,15239,5.7,2025-05-22,Buen ritmo
U00657,235,6.7,2025-11-04,La volveria a ver
U00657,222936,4.7,2025-02-22,Excelente recomendacion
U00657,8204,5.8,2026-04-01,La volveria a ver
U00658,12589,6.0,2026-03-15,Gran actuacion
U00658,17578,5.2,2026-01-02,Buena para recomendar
U00658,57800,7.2,2026-03-22,La volveria a ver
U00658,788,8.0,2026-01-21,Excelente recomendacion
U00658,57089,6.1,2026-01-12,La volveria a ver
U00658,13056,6.8,2026-03-09,Historia entretenida
U00658,10756,4.6,2025-11-20,Historia entretenida
U00658,13,7.3,2026-03-04,No era lo que esperaba
U00658,468,8.3,2026-02-15,Me gusto bastante
U00658,9587,5.7,2026-02-22,Excelente recomendacion
U00658,8272,6.3,2025-12-12,Buen ritmo
U00658,62764,4.6,2026-01-09,No era lo que esperaba
U00658,98357,6.3,2026-03-14,La volveria a ver
U00658,9342,6.1,2026-02-13,No era lo que esperaba
U00658,3089,7.5,2026-01-27,Buena para recomendar
U00658,11086,6.9,2025-11-21,Historia entretenida
U00659,10070,7.3,2024-05-23,No era lo que esperaba
U00659,49040,5.2,2025-02-18,Buena para recomendar
U00659,13064,5.8,2025-11-16,Buen ritmo
U00659,2786,6.4,2023-09-29,Buen ritmo
U00659,10139,5.7,2023-02-11,Historia entretenida
U00659,322443,3.5,2024-03-05,La volveria a ver
U00659,211557,4.5,2025-05-21,Final inesperado
U00659,9543,6.2,2023-11-30,Final inesperado
U00659,33468,3.5,2024-04-30,Me gusto bastante
U00659,9517,5.6,2023-03-24,No era lo que esperaba
U00660,9718,5.3,2026-03-03,Buen ritmo
U00660,68724,5.1,2025-12-04,Historia entretenida
U00660,41446,6.4,2025-11-04,Visualmente increible
U00660,37532,5.4,2025-06-16,Historia entretenida
U00660,72913,4.9,2025-07-01,Me gusto bastante
U00660,11536,6.1,2025-06-18,Buena para recomendar
U00660,322745,8.0,2025-06-26,Me gusto bastante
U00660,1265,8.3,2025-12-27,Me gusto bastante
U00660,75,5.6,2026-03-17,Historia entretenida
U00660,10985,6.3,2025-10-31,Buena para recomendar
U00661,3170,8.1,2025-01-18,Buen ritmo
U00661,1895,6.8,2026-03-13,Gran actuacion
U00661,22947,8.0,2025-12-12,Buen ritmo
U00661,192136,6.9,2026-04-09,Buen ritmo
U00661,8656,6.1,2025-10-06,Excelente recomendacion
U00661,257088,4.2,2025-08-13,Final inesperado
U00661,9691,5.0,2025-08-24,Visualmente increible
U00661,11321,6.1,2025-08-26,Historia entretenida
U00661,72331,5.4,2025-02-07,Gran actuacion
U00661,10025,5.0,2025-03-09,Visualmente increible
U00662,6520,5.4,2024-12-17,Buen ritmo
U00662,49040,4.6,2025-05-09,Buena para recomendar
U00662,10783,5.7,2025-03-12,Excelente recomendacion
U00662,109491,5.4,2025-06-02,Buen ritmo
U00662,9610,6.0,2024-10-26,No era lo que esperaba
U00662,10075,4.1,2025-08-06,Me gusto bastante
U00662,837,5.9,2024-03-11,Visualmente increible
U00662,58431,6.1,2024-08-01,Buen ritmo
U00662,11509,5.9,2024-07-08,Final inesperado
U00662,9493,5.2,2024-08-01,Final inesperado
U00662,9361,6.7,2025-05-05,Visualmente increible
U00662,13183,6.9,2024-12-29,Historia entretenida
U00662,242512,4.5,2024-12-22,Buena para recomendar
U00663,80274,5.2,2025-04-18,Buena para recomendar
U00663,2675,6.9,2024-01-02,Buen ritmo
U00663,109431,4.7,2025-05-12,Gran actuacion
U00663,285923,7.1,2023-08-23,Gran actuacion
U00664,10017,4.8,2025-09-16,Buena para recomendar
U00664,44555,5.6,2025-04-28,Excelente recomendacion
U00664,175291,6.1,2024-08-11,No era lo que esperaba
U00664,10741,6.8,2025-09-06,La volveria a ver
U00664,9549,6.3,2025-03-02,Buen ritmo
U00664,215211,5.3,2025-02-21,Visualmente increible
U00664,1956,7.5,2025-10-05,Buena para recomendar
U00664,808,5.9,2025-04-24,Historia entretenida
U00664,47088,6.7,2025-03-16,La volveria a ver
U00664,872,7.2,2025-04-30,Buen ritmo
U00664,39800,6.5,2024-12-13,Gran actuacion
U00664,9366,6.9,2025-11-21,Excelente recomendacion
U00665,2501,5.8,2025-06-04,Me gusto bastante
U00665,6947,4.8,2025-06-10,Buena para recomendar
U00665,9425,6.5,2025-12-06,La volveria a ver
U00665,905,7.8,2024-10-20,No era lo que esperaba
U00666,44214,7.2,2026-03-17,No era lo que esperaba
U00666,77953,6.2,2026-04-09,Visualmente increible
U00666,27205,6.6,2026-03-23,Visualmente increible
U00666,14429,6.3,2026-02-16,La volveria a ver
U00666,11377,4.2,2026-03-08,Visualmente increible
U00666,10070,5.3,2026-03-17,Buen ritmo
U00666,9686,7.3,2026-03-21,La volveria a ver
U00666,228165,6.0,2026-02-03,No era lo que esperaba
U00667,346,8.9,2026-02-10,No era lo que esperaba
U00667,1359,7.0,2026-03-10,No era lo que esperaba
U00667,76493,5.2,2025-01-05,Buen ritmo
U00667,2044,7.3,2025-02-12,Buena para recomendar
U00667,15512,4.5,2025-12-16,Historia entretenida
U00667,44945,7.3,2025-02-12,Gran actuacion
U00667,9549,8.7,2026-01-30,Buen ritmo
U00667,6415,5.9,2025-03-06,Buena para recomendar
U00667,23398,4.3,2026-04-01,Final inesperado
U00667,70981,7.3,2025-04-24,Historia entretenida
U00667,49520,7.0,2025-09-28,Buena para recomendar
U00667,3083,8.1,2025-02-27,Gran actuacion
U00667,11495,7.2,2025-03-03,Final inesperado
U00667,44639,8.5,2024-11-11,Excelente recomendacion
U00667,50035,5.4,2024-12-28,Gran actuacion
U00667,160588,7.3,2025-02-13,Excelente recomendacion
U00668,20761,6.3,2026-02-11,La volveria a ver
U00668,387,8.6,2026-02-17,Visualmente increible
U00668,76493,6.1,2025-12-20,La volveria a ver
U00668,1687,7.6,2026-01-17,Historia entretenida
U00668,9645,6.4,2026-02-15,Buena para recomendar
U00668,71859,8.2,2026-01-21,Historia entretenida
U00668,152760,5.9,2026-02-27,Buen ritmo
U00668,23730,5.5,2026-02-04,No era lo que esperaba
U00668,948,8.6,2026-01-23,Me gusto bastante
U00668,10439,6.9,2026-02-27,No era lo que esperaba
U00668,50348,6.9,2026-01-24,Buena para recomendar
U00668,786,7.0,2026-04-07,Final inesperado
U00668,8457,4.8,2026-04-02,Gran actuacion
U00668,14854,6.7,2026-03-16,La volveria a ver
U00669,97430,6.3,2023-05-23,Me gusto bastante
U00669,74777,5.3,2025-10-17,La volveria a ver
U00669,49051,5.9,2023-12-28,Final inesperado
U00669,704,8.8,2023-07-09,Buena para recomendar
U00669,49365,5.5,2026-03-16,Excelente recomendacion
U00669,13408,4.0,2023-09-27,No era lo que esperaba
U00669,7518,6.5,2023-11-17,Me gusto bastante
U00669,16052,7.7,2024-05-04,Historia entretenida
U00669,246655,6.1,2023-10-19,Final inesperado
U00669,10774,8.2,2024-05-27,Buen ritmo
U00669,45054,6.6,2022-12-26,Historia entretenida
U00669,30139,3.9,2026-03-11,Gran actuacion
U00669,58051,5.0,2024-12-10,Historia entretenida
U00670,11959,7.3,2024-03-17,Gran actuacion
U00670,98549,3.3,2025-10-26,Buen ritmo
U00670,8843,4.7,2025-10-13,Buen ritmo
U00671,9923,6.4,2026-04-04,No era lo que esperaba
U00671,144340,5.8,2026-03-28,Me gusto bastante
U00671,109451,5.7,2026-04-08,Historia entretenida
U00671,12405,6.8,2026-04-01,Excelente recomendacion
U00671,30315,5.8,2026-04-07,Excelente recomendacion
U00671,4935,7.1,2026-04-02,Visualmente increible
U00671,11778,6.4,2026-04-05,Gran actuacion
U00671,28053,7.2,2026-03-19,Buen ritmo
U00671,36586,7.1,2026-04-09,La volveria a ver
U00672,50456,6.1,2025-03-02,Me gusto bastante
U00672,9531,5.5,2025-07-13,Historia entretenida
U00672,411,8.0,2024-01-07,No era lo que esperaba
U00672,20352,6.9,2023-08-16,La volveria a ver
U00672,11162,6.2,2024-07-29,Me gusto bastante
U00673,1391,6.8,2026-01-20,Final inesperado
U00673,15301,5.7,2026-03-11,Me gusto bastante
U00673,9685,5.0,2025-10-15,Buen ritmo
U00673,423,9.1,2026-02-08,Final inesperado
U00673,10563,4.0,2026-03-09,Me gusto bastante
U00673,36668,6.1,2026-01-23,Final inesperado
U00673,137094,6.4,2026-03-14,Visualmente increible
U00673,19908,7.9,2025-12-24,La volveria a ver
U00673,14048,7.2,2025-09-22,Visualmente increible
U00673,44048,7.0,2025-10-30,Historia entretenida
U00673,84175,5.4,2026-03-17,Me gusto bastante
U00673,260778,7.2,2025-11-23,Buena para recomendar
U00674,99826,8.1,2025-12-05,Excelente recomendacion
U00674,4964,5.9,2025-12-23,Excelente recomendacion
U00674,2959,5.6,2025-07-10,Buen ritmo
U00674,298,6.2,2025-10-05,Me gusto bastante
U00674,6968,7.8,2026-03-09,La volveria a ver
U00674,4518,6.0,2025-01-31,Buen ritmo
U00674,68721,7.6,2026-03-25,Me gusto bastante
U00674,10806,7.7,2025-09-24,La volveria a ver
U00674,217708,8.3,2025-10-09,La volveria a ver
U00675,69270,4.4,2025-03-01,La volveria a ver
U00675,17908,5.2,2025-04-08,Final inesperado
U00675,12207,7.0,2025-03-17,Excelente recomendacion
U00675,26916,4.6,2025-07-29,Me gusto bastante
U00676,1950,5.3,2026-04-10,Me gusto bastante
U00676,6615,8.1,2026-04-09,Buen ritmo
U00676,85,7.6,2026-04-10,Buen ritmo
U00676,11620,6.2,2026-04-06,Gran actuacion
U00676,2044,7.8,2026-04-09,La volveria a ver
U00676,14191,7.0,2026-04-10,Me gusto bastante
U00676,12220,6.8,2026-04-09,Final inesperado
U00676,8078,6.9,2026-04-09,Excelente recomendacion
U00676,11561,5.7,2026-04-07,Excelente recomendacion
U00676,57294,7.4,2026-04-09,Excelente recomendacion
U00676,114,7.9,2026-04-09,Historia entretenida
U00677,253253,7.2,2026-03-01,Buen ritmo
U00677,2898,8.7,2025-06-02,Me gusto bastante
U00677,9697,5.0,2026-01-18,Visualmente increible
U00677,7006,5.2,2025-04-27,No era lo que esperaba
U00677,9923,5.0,2026-01-02,Gran actuacion
U00677,40001,3.9,2025-12-09,Me gusto bastante
U00678,297596,4.0,2025-01-19,No era lo que esperaba
U00678,11323,5.9,2025-03-21,Excelente recomendacion
U00678,76492,8.2,2024-07-12,Buena para recomendar
U00678,7446,7.2,2024-05-02,La volveria a ver
U00679,7942,5.9,2025-06-14,Final inesperado
U00679,8077,5.2,2024-12-09,Buen ritmo
U00679,1024,6.4,2023-07-17,Visualmente increible
U00679,10577,4.8,2025-09-10,Me gusto bastante
U00679,9671,7.4,2024-11-08,Gran actuacion
U00679,9982,6.7,2025-08-29,Me gusto bastante
U00679,76170,4.9,2025-06-21,Buen ritmo
U00679,57158,8.7,2023-10-04,Final inesperado
U00679,1642,5.3,2025-02-03,No era lo que esperaba
U00680,56930,7.7,2025-11-22,Historia entretenida
U00680,2211,5.9,2025-12-26,Visualmente increible
U00680,62177,6.3,2024-10-07,Visualmente increible
U00680,11870,6.2,2024-10-30,Excelente recomendacion
U00680,9074,6.0,2024-10-04,Historia entretenida
U00680,39845,7.2,2025-03-03,La volveria a ver
U00680,328425,7.8,2025-03-03,La volveria a ver
U00680,15122,5.4,2024-12-09,La volveria a ver
U00680,37414,5.2,2025-02-22,No era lo que esperaba
U00680,8408,5.6,2025-03-23,Buena para recomendar
U00680,507,4.8,2026-01-21,Gran actuacion
U00680,10661,4.6,2025-09-29,Historia entretenida
U00680,11374,6.0,2025-10-16,Historia entretenida
U00681,72358,7.1,2025-06-11,Buen ritmo
U00681,9007,6.2,2024-05-04,Excelente recomendacion
U00681,26390,6.9,2025-02-01,Final inesperado
U00681,25719,8.2,2023-04-19,La volveria a ver
U00681,13515,7.3,2023-08-21,La volveria a ver
U00681,9257,5.2,2025-08-31,Visualmente increible
U00681,157849,7.9,2025-12-19,Excelente recomendacion
U00681,14112,6.4,2025-08-10,Buen ritmo
U00682,8224,5.9,2024-04-04,La volveria a ver
U00682,199373,7.5,2025-06-27,Buena para recomendar
U00682,11298,5.9,2023-02-15,No era lo que esperaba
U00682,116584,5.7,2023-08-14,Final inesperado
U00682,10894,6.5,2026-03-01,Gran actuacion
U00682,21355,4.5,2026-02-14,Me gusto bastante
U00682,51995,5.5,2024-01-06,Me gusto bastante
U00682,211672,7.5,2026-02-24,Visualmente increible
U00682,13363,8.7,2026-03-25,Buen ritmo
U00682,318846,6.0,2023-04-08,Excelente recomendacion
U00682,10398,7.4,2023-01-29,La volveria a ver
U00682,345003,3.4,2026-04-03,Buena para recomendar
U00682,14165,6.0,2025-04-25,Final inesperado
U00683,18937,7.8,2023-05-05,Buen ritmo
U00683,13922,7.5,2024-06-05,Visualmente increible
U00683,10623,4.8,2024-09-04,Historia entretenida
U00683,10724,6.3,2025-04-13,Historia entretenida
U00683,107985,7.4,2023-11-16,Me gusto bastante
U00683,87818,4.8,2024-09-26,Buena para recomendar
U00683,425,7.0,2024-07-09,Buena para recomendar
U00683,20697,3.6,2024-06-16,Excelente recomendacion
U00683,29996,4.3,2025-03-28,Me gusto bastante
U00683,13963,7.5,2023-06-27,La volveria a ver
U00684,11638,5.6,2024-10-01,Gran actuacion
U00684,14114,6.1,2026-01-05,Historia entretenida
U00684,9678,4.5,2024-11-12,Gran actuacion
U00684,819,8.7,2025-09-18,La volveria a ver
U00685,262543,7.0,2025-04-15,Excelente recomendacion
U00685,10588,5.0,2025-01-12,Buen ritmo
U00685,32395,6.1,2024-09-01,Buen ritmo
U00685,5559,5.8,2025-05-24,Visualmente increible
U00685,37724,5.6,2025-06-23,Visualmente increible
U00685,12096,4.8,2025-04-17,Gran actuacion
U00685,573,7.2,2025-05-11,Gran actuacion
U00685,157293,6.1,2024-02-08,No era lo que esperaba
U00685,8963,6.6,2026-02-21,Historia entretenida
U00685,83666,8.3,2025-08-14,Final inesperado
U00686,9074,6.8,2025-05-20,Buen ritmo
U00686,38985,7.6,2026-03-09,Buen ritmo
U00686,12569,4.7,2025-07-10,Excelente recomendacion
U00686,49517,6.9,2025-09-12,Excelente recomendacion
U00686,136835,4.2,2024-07-26,Visualmente increible
U00686,2786,7.8,2024-09-20,Buena para recomendar
U00686,652,7.4,2024-02-05,Me gusto bastante
U00687,3600,4.2,2025-05-05,Buen ritmo
U00687,23629,6.6,2025-09-17,Gran actuacion
U00687,752,8.0,2025-11-20,Gran actuacion
U00687,8204,6.5,2026-02-28,Final inesperado
U00687,9582,4.2,2025-03-06,Excelente recomendacion
U00687,14351,5.1,2026-03-07,Me gusto bastante
U00687,9013,6.4,2025-06-27,Gran actuacion
U00687,11324,8.8,2025-04-24,Buena para recomendar
U00688,38357,5.7,2024-08-16,Me gusto bastante
U00688,72976,5.6,2025-09-07,La volveria a ver
U00688,77877,6.2,2025-08-17,Historia entretenida
U00688,297761,4.6,2025-07-22,No era lo que esperaba
U00688,254472,5.9,2025-06-24,Visualmente increible
U00688,13159,5.8,2025-10-17,Me gusto bastante
U00688,12612,7.0,2025-07-04,Visualmente increible
U00688,20862,5.4,2025-03-27,La volveria a ver
U00688,227783,4.2,2026-02-14,Me gusto bastante
U00688,88005,6.7,2025-06-04,Buen ritmo
U00688,10183,7.8,2025-06-20,Buena para recomendar
U00688,3291,7.6,2025-05-14,Final inesperado
U00688,50014,7.9,2025-10-31,Visualmente increible
U00688,2266,7.8,2024-12-28,Gran actuacion
U00689,50620,6.2,2025-12-11,Final inesperado
U00689,228161,7.6,2025-10-07,No era lo que esperaba
U00689,4011,7.1,2025-12-16,Me gusto bastante
U00689,26390,5.7,2026-04-02,La volveria a ver
U00689,13898,7.2,2025-09-07,Me gusto bastante
U00690,29697,7.4,2024-07-01,Gran actuacion
U00690,11232,7.4,2025-06-07,Buena para recomendar
U00690,13193,6.8,2024-11-01,No era lo que esperaba
U00690,112949,5.4,2024-12-27,Historia entretenida
U00690,10220,5.7,2025-09-18,Final inesperado
U00690,10724,5.8,2024-07-08,Gran actuacion
U00690,127867,4.6,2025-08-25,No era lo que esperaba
U00690,4566,7.7,2024-10-19,Buen ritmo
U00690,8053,6.5,2025-06-20,Buena para recomendar
U00691,3489,5.1,2025-12-02,La volveria a ver
U00691,48289,5.9,2026-02-20,Buena para recomendar
U00691,1491,5.8,2026-02-22,Historia entretenida
U00691,9798,5.6,2025-11-05,Gran actuacion
U00691,1975,4.0,2025-12-25,Historia entretenida
U00691,1571,6.1,2025-08-03,Final inesperado
U00691,22954,7.8,2025-10-21,Excelente recomendacion
U00692,187017,8.3,2025-04-02,Me gusto bastante
U00692,9100,7.4,2025-03-05,Me gusto bastante
U00692,9988,5.6,2025-09-20,Me gusto bastante
U00692,20662,6.0,2025-03-26,Visualmente increible
U00692,36047,4.2,2025-06-20,Historia entretenida
U00692,11778,6.6,2026-02-02,Visualmente increible
U00692,13460,4.8,2025-08-31,Buena para recomendar
U00692,71552,7.1,2026-02-03,Me gusto bastante
U00693,11156,6.8,2025-08-04,No era lo que esperaba
U00693,36593,6.0,2025-08-22,La volveria a ver
U00693,11093,7.7,2025-05-18,No era lo que esperaba
U00693,15927,7.0,2025-09-23,Final inesperado
U00693,351819,2.9,2025-03-18,Me gusto bastante
U00693,102362,4.8,2025-02-08,Buena para recomendar
U00693,1640,7.9,2025-05-23,No era lo que esperaba
U00693,227,5.8,2026-01-13,Historia entretenida
U00693,11980,7.5,2024-06-27,Buen ritmo
U00693,4257,5.7,2024-05-01,Final inesperado
U00693,10317,5.0,2025-02-04,Buen ritmo
U00693,301365,6.0,2024-01-27,No era lo que esperaba
U00694,1584,7.1,2026-03-11,Excelente recomendacion
U00694,11025,5.6,2025-10-27,No era lo que esperaba
U00694,109410,6.9,2025-11-11,Visualmente increible
U00694,8698,7.1,2025-11-03,Buen ritmo
U00694,10681,8.8,2026-01-17,Visualmente increible
U00695,19366,5.9,2023-08-23,Excelente recomendacion
U00695,9029,5.4,2025-01-04,Visualmente increible
U00695,8337,8.5,2023-02-23,Final inesperado
U00695,20520,5.8,2025-01-04,Final inesperado
U00695,46849,6.9,2024-02-02,Final inesperado
U00695,9361,6.2,2023-04-28,Gran actuacion
U00695,152,4.9,2023-04-16,Historia entretenida
U00695,318040,6.3,2023-04-09,Excelente recomendacion
U00695,19997,7.5,2025-11-08,Excelente recomendacion
U00695,134,8.0,2025-02-25,Excelente recomendacion
U00695,37414,5.5,2026-01-30,Final inesperado
U00696,26815,8.2,2025-03-01,La volveria a ver
U00696,11208,7.4,2023-04-18,Final inesperado
U00696,22971,7.8,2023-07-20,La volveria a ver
U00696,2320,7.2,2025-08-03,Visualmente increible
U00696,2110,7.1,2023-06-19,Historia entretenida
U00696,38579,5.0,2024-08-02,Buen ritmo
U00696,1599,6.7,2025-07-29,Buen ritmo
U00696,85,9.2,2024-02-11,Buen ritmo
U00696,38757,8.4,2024-12-14,Final inesperado
U00697,5,7.6,2024-04-29,Me gusto bastante
U00697,48289,7.3,2026-01-30,Buena para recomendar
U00697,1546,6.9,2025-06-02,Visualmente increible
U00697,9591,6.9,2025-05-06,Excelente recomendacion
U00697,11283,6.5,2025-03-24,No era lo que esperaba
U00697,404,9.0,2024-07-14,La volveria a ver
U00697,9400,5.7,2025-07-31,Buena para recomendar
U00697,3989,6.3,2024-06-26,No era lo que esperaba
U00697,13079,5.4,2024-12-21,Visualmente increible
U00697,1636,4.5,2025-10-20,Buena para recomendar
U00697,281957,7.2,2023-12-26,Historia entretenida
U00697,241554,5.8,2024-07-07,La volveria a ver
U00698,1359,8.0,2025-07-06,Me gusto bastante
U00698,33870,5.5,2025-10-04,Final inesperado
U00698,10727,6.1,2025-12-27,Final inesperado
U00698,1635,7.3,2025-09-23,Gran actuacion
U00698,11374,5.9,2025-08-04,Excelente recomendacion
U00699,9517,7.3,2026-03-30,Buen ritmo
U00699,10140,7.0,2024-10-09,Buena para recomendar
U00699,9434,8.2,2026-02-27,Visualmente increible
U00699,72358,6.6,2026-03-06,No era lo que esperaba
U00699,10563,6.0,2024-03-19,Me gusto bastante
U00699,10555,5.7,2025-03-01,Buena para recomendar
U00699,16300,6.4,2024-08-16,Buen ritmo
U00699,10724,4.8,2025-08-23,La volveria a ver
U00699,39141,6.3,2025-09-14,Me gusto bastante
U00699,4911,7.7,2025-04-08,Historia entretenida
U00699,9030,4.9,2026-02-09,Buena para recomendar
U00699,5551,5.7,2025-08-12,Buen ritmo
U00699,18041,6.5,2024-06-04,Final inesperado
U00699,17707,4.9,2025-06-30,Buena para recomendar
U00699,4550,7.0,2024-12-31,La volveria a ver
U00700,1124,7.0,2025-12-16,Visualmente increible
U00700,66,7.3,2024-06-08,Buena para recomendar
U00700,303858,7.7,2023-04-01,Visualmente increible
U00700,219,7.9,2025-11-26,Excelente recomendacion
U00700,8981,6.0,2023-12-03,Me gusto bastante
U00700,267860,7.3,2023-08-28,Buen ritmo
U00701,45153,4.8,2026-03-04,Excelente recomendacion
U00701,57612,9.3,2023-05-04,Final inesperado
U00701,270946,6.5,2023-07-26,Final inesperado
U00701,1378,6.9,2025-04-28,Historia entretenida
U00701,837,6.2,2024-07-10,Visualmente increible
U00701,408,7.5,2024-10-06,Buen ritmo
U00701,81390,6.9,2023-04-02,La volveria a ver
U00701,64499,8.3,2026-02-04,Visualmente increible
U00702,40652,6.8,2024-05-10,Buen ritmo
U00702,30128,4.3,2026-04-03,Buen ritmo
U00702,140823,6.4,2023-09-04,Gran actuacion
U00702,9072,4.1,2024-02-20,Buen ritmo
U00702,111,7.0,2026-02-26,Historia entretenida
U00702,12109,6.7,2023-06-15,Me gusto bastante
U00702,68718,7.8,2024-10-20,No era lo que esperaba
U00702,14442,6.3,2026-01-14,Buena para recomendar
U00703,325140,1.2,2025-09-21,Buen ritmo
U00703,6020,4.8,2026-03-26,Gran actuacion
U00703,97430,6.1,2026-03-16,Buena para recomendar
U00703,12184,6.6,2025-10-01,No era lo que esperaba
U00703,76341,6.9,2026-03-30,Gran actuacion
U00703,109424,9.1,2025-10-03,La volveria a ver
U00704,253253,7.5,2025-08-05,No era lo que esperaba
U00704,29146,7.5,2025-09-28,Historia entretenida
U00704,10563,4.3,2025-11-13,Visualmente increible
U00704,244267,7.4,2025-05-25,Gran actuacion
U00704,9550,7.5,2025-02-06,Gran actuacion
U00704,615,6.8,2024-05-02,Excelente recomendacion
U00704,10202,4.9,2024-05-17,Buen ritmo
U00705,11336,6.7,2026-02-08,Final inesperado
U00705,11631,6.1,2025-02-16,Excelente recomendacion
U00705,1958,6.3,2023-09-22,Buen ritmo
U00705,7445,5.9,2024-02-21,La volveria a ver
U00705,159770,6.5,2024-09-11,Excelente recomendacion
U00705,601,8.6,2023-10-26,Buena para recomendar
U00706,666,7.4,2024-11-27,Buena para recomendar
U00706,30979,5.4,2024-02-23,No era lo que esperaba
U00706,9952,6.1,2025-10-07,Final inesperado
U00706,27205,7.0,2025-12-03,Gran actuacion
U00706,4995,7.4,2025-01-28,Buena para recomendar
U00706,38665,2.5,2025-11-09,Excelente recomendacion
U00706,172385,6.6,2025-03-11,Visualmente increible
U00706,1893,5.5,2024-11-04,Visualmente increible
U00707,16052,8.5,2026-02-22,Buena para recomendar
U00707,62204,8.1,2025-11-11,La volveria a ver
U00707,14976,7.3,2026-03-09,Excelente recomendacion
U00707,201088,6.5,2026-02-13,Final inesperado
U00707,9900,5.9,2026-02-25,La volveria a ver
U00707,13515,6.2,2025-11-13,Gran actuacion
U00708,14033,4.8,2025-11-14,Historia entretenida
U00708,87818,5.4,2023-08-28,Visualmente increible
U00708,51384,5.3,2024-09-17,Me gusto bastante
U00708,22881,6.2,2023-08-07,No era lo que esperaba
U00708,18840,5.5,2024-09-07,No era lo que esperaba
U00708,7735,9.0,2025-02-10,Final inesperado
U00708,9093,5.1,2023-01-26,Historia entretenida
U00708,166424,4.6,2022-09-16,Excelente recomendacion
U00708,4912,6.4,2026-03-08,Buena para recomendar
U00708,47502,6.3,2024-01-07,Gran actuacion
U00708,2266,7.7,2025-03-22,No era lo que esperaba
U00708,70160,6.1,2025-06-04,Visualmente increible
U00708,398,6.0,2023-10-13,Me gusto bastante
U00708,11361,5.1,2024-03-14,Excelente recomendacion
U00709,9384,6.1,2026-02-03,Gran actuacion
U00709,18777,5.6,2026-03-20,Me gusto bastante
U00709,13158,5.2,2026-04-06,Excelente recomendacion
U00709,124606,6.7,2025-12-15,Gran actuacion
U00709,1865,5.9,2026-04-08,Gran actuacion
U00709,40160,4.0,2026-01-04,Me gusto bastante
U00709,7345,8.8,2025-12-16,La volveria a ver
U00709,293646,6.6,2025-12-13,No era lo que esperaba
U00709,78307,4.5,2025-12-16,Visualmente increible
U00709,131634,7.2,2025-12-16,Me gusto bastante
U00709,66025,3.4,2026-02-27,Visualmente increible
U00709,27759,6.0,2026-01-29,Excelente recomendacion
U00709,231576,7.5,2025-12-14,Gran actuacion
U00709,433,6.6,2026-02-15,Visualmente increible
U00710,10426,5.7,2025-09-09,Buen ritmo
U00710,18785,5.8,2026-02-14,La volveria a ver
U00710,37821,6.6,2026-04-07,Buen ritmo
U00710,32823,6.1,2025-12-15,Buena para recomendar
U00710,10003,4.9,2025-11-22,Excelente recomendacion
U00710,21309,7.4,2026-03-13,Gran actuacion
U00710,26837,6.4,2025-07-10,Excelente recomendacion
U00710,13889,6.9,2026-03-26,Excelente recomendacion
U00710,15670,7.9,2025-08-18,Visualmente increible
U00711,342502,2.9,2023-06-11,Buena para recomendar
U00711,86834,4.9,2024-02-18,La volveria a ver
U00711,10731,7.5,2025-03-28,Excelente recomendacion
U00711,211672,5.1,2025-07-23,Final inesperado
U00711,31174,7.7,2022-12-25,Historia entretenida
U00711,17820,7.2,2023-11-18,No era lo que esperaba
U00711,137347,7.9,2023-04-19,No era lo que esperaba
U00711,122081,5.5,2025-09-22,Gran actuacion
U00711,14295,6.9,2024-08-11,La volveria a ver
U00712,17202,4.9,2024-07-04,Buena para recomendar
U00712,37950,6.0,2024-06-12,Buena para recomendar
U00712,500,7.6,2024-08-02,Historia entretenida
U00712,24,7.2,2024-12-25,La volveria a ver
U00712,106646,8.7,2026-04-02,No era lo que esperaba
U00712,137,7.9,2024-03-14,No era lo que esperaba
U00712,60243,6.3,2025-10-02,Buen ritmo
U00712,47816,6.5,2025-11-15,Final inesperado
U00713,72190,6.5,2025-12-22,Gran actuacion
U00713,455,7.2,2024-02-16,Gran actuacion
U00713,2287,7.2,2026-04-03,Historia entretenida
U00713,13,7.9,2025-10-28,Buen ritmo
U00713,1904,7.5,2023-12-10,Gran actuacion
U00714,765,7.8,2024-04-18,Buen ritmo
U00714,15239,5.1,2024-07-09,Final inesperado
U00714,33667,8.1,2025-03-22,Excelente recomendacion
U00714,10029,5.4,2024-12-15,Visualmente increible
U00714,37842,6.7,2026-01-28,Gran actuacion
U00714,1581,7.8,2024-06-18,La volveria a ver
U00714,196,5.7,2026-03-23,No era lo que esperaba
U00714,9989,5.9,2024-09-18,Buen ritmo
U00714,20483,5.2,2025-04-07,Final inesperado
U00714,57825,5.2,2024-04-20,Me gusto bastante
U00714,134411,6.7,2025-10-27,Buena para recomendar
U00715,36557,8.3,2026-03-18,Me gusto bastante
U00715,205587,8.4,2026-04-05,Historia entretenida
U00715,271969,3.9,2026-02-22,Visualmente increible
U00715,17431,6.5,2026-02-02,La volveria a ver
U00715,2787,5.4,2026-03-23,Final inesperado
U00715,2501,6.8,2026-03-29,Historia entretenida
U00715,766,7.0,2026-03-21,La volveria a ver
U00715,76706,4.2,2026-03-15,Historia entretenida
U00715,157353,7.1,2026-02-06,La volveria a ver
U00715,30979,6.7,2026-03-17,La volveria a ver
U00715,17644,2.6,2026-01-18,Me gusto bastante
U00715,71552,4.7,2026-04-02,Excelente recomendacion
U00716,1734,6.7,2026-04-02,Gran actuacion
U00716,35056,7.3,2026-03-19,No era lo que esperaba
U00716,292,7.3,2026-01-17,Buena para recomendar
U00716,23759,6.6,2026-02-21,Gran actuacion
U00716,756,7.0,2026-02-26,Me gusto bastante
U00716,34723,5.4,2026-03-27,No era lo que esperaba
U00716,59678,7.4,2026-03-18,Buena para recomendar
U00716,13856,6.3,2026-02-15,Final inesperado
U00716,60421,8.8,2026-01-23,Visualmente increible
U00716,1579,8.4,2026-04-06,Buen ritmo
U00716,7973,8.0,2026-02-01,Buena para recomendar
U00717,5822,4.6,2024-07-03,Buen ritmo
U00717,2652,6.2,2025-02-03,Gran actuacion
U00717,27573,4.8,2025-08-13,Historia entretenida
U00717,62677,7.0,2025-07-10,Me gusto bastante
U00717,10783,3.4,2024-07-11,No era lo que esperaba
U00717,9541,7.2,2025-07-25,No era lo que esperaba
U00717,562,7.4,2024-06-14,Visualmente increible
U00717,950,5.0,2026-02-14,Buen ritmo
U00717,57212,8.3,2024-02-27,Visualmente increible
U00717,25208,5.0,2024-11-04,Buen ritmo
U00717,59981,7.3,2025-10-17,La volveria a ver
U00717,224141,6.3,2023-10-25,Me gusto bastante
U00717,8321,8.2,2024-04-01,Historia entretenida
U00717,2757,6.7,2024-01-28,Historia entretenida
U00718,2575,7.3,2023-10-20,La volveria a ver
U00718,23963,5.5,2026-04-10,Excelente recomendacion
U00718,16433,6.4,2024-05-16,La volveria a ver
U00718,49040,7.0,2024-06-20,Buen ritmo
U00718,10377,7.2,2025-01-19,Excelente recomendacion
U00718,22947,7.9,2023-10-31,La volveria a ver
U00718,1368,6.7,2024-03-30,Buen ritmo
U00718,10393,6.9,2024-11-15,Final inesperado
U00718,598,7.4,2026-01-16,La volveria a ver
U00718,71805,6.0,2025-04-14,Excelente recomendacion
U00718,10707,5.4,2025-11-02,La volveria a ver
U00718,20794,6.9,2024-01-04,Buena para recomendar
U00718,411,6.5,2025-10-02,No era lo que esperaba
U00718,64690,7.8,2025-06-03,Excelente recomendacion
U00719,1116,7.9,2026-01-10,La volveria a ver
U00719,37233,7.0,2025-07-06,La volveria a ver
U00719,80278,6.0,2026-02-02,Historia entretenida
U00719,222899,6.6,2025-10-30,La volveria a ver
U00719,91586,7.2,2025-10-25,No era lo que esperaba
U00719,244267,8.2,2025-12-23,Visualmente increible
U00719,18147,5.0,2025-11-08,Gran actuacion
U00719,40807,5.6,2025-08-01,Visualmente increible
U00719,31174,6.5,2025-12-17,Visualmente increible
U00719,1088,5.6,2025-12-04,Visualmente increible
U00719,281730,4.9,2026-01-31,Buena para recomendar
U00719,4638,7.7,2026-03-03,Historia entretenida
U00719,7973,6.1,2025-07-21,Excelente recomendacion
U00719,35691,6.6,2025-11-03,Me gusto bastante
U00720,41317,6.0,2024-12-25,Historia entretenida
U00720,141,8.0,2026-03-01,Excelente recomendacion
U00720,87502,7.9,2026-01-31,No era lo que esperaba
U00720,13201,5.5,2024-08-30,Buen ritmo
U00720,43090,6.6,2026-03-07,No era lo que esperaba
U00720,403,6.1,2024-07-24,Gran actuacion
U00720,11980,6.3,2025-03-28,Final inesperado
U00720,16172,6.9,2025-08-04,Me gusto bastante
U00720,3059,7.7,2024-01-22,Me gusto bastante
U00720,29463,6.6,2023-12-05,Me gusto bastante
U00720,10027,7.9,2024-09-12,Historia entretenida
U00721,11096,6.9,2025-04-21,Excelente recomendacion
U00721,347126,5.8,2025-12-14,Buen ritmo
U00721,20391,6.7,2024-06-13,Visualmente increible
U00721,225235,8.4,2024-03-05,No era lo que esperaba
U00721,14359,6.2,2024-02-05,Gran actuacion
U00721,27983,5.6,2024-04-15,Buena para recomendar
U00722,254473,4.7,2025-02-02,Gran actuacion
U00722,20065,5.6,2025-07-22,Final inesperado
U00722,1722,5.9,2025-08-22,Visualmente increible
U00722,312793,3.9,2024-08-24,Excelente recomendacion
U00722,11618,6.5,2025-01-05,Excelente recomendacion
U00722,105,8.0,2025-12-22,La volveria a ver
U00723,2293,7.2,2026-03-24,Final inesperado
U00723,110415,7.8,2026-02-21,No era lo que esperaba
U00723,44944,8.4,2026-02-27,Final inesperado
U00723,291362,7.8,2026-03-14,Excelente recomendacion
U00723,60307,6.1,2026-03-03,Buen ritmo
U00723,3175,7.7,2026-03-17,Buena para recomendar
U00723,57612,9.0,2026-03-21,Buena para recomendar
U00723,10136,5.9,2026-03-28,Excelente recomendacion
U00723,950,7.7,2026-04-02,La volveria a ver
U00723,10353,6.4,2026-02-28,Buen ritmo
U00723,1852,6.5,2026-03-31,No era lo que esperaba
U00723,11176,6.1,2026-03-13,Visualmente increible
U00723,2898,6.4,2026-04-04,Me gusto bastante
U00723,190955,4.8,2026-03-08,No era lo que esperaba
U00723,9392,6.1,2026-04-06,Visualmente increible
U00724,33196,7.9,2025-11-19,Final inesperado
U00724,227306,7.9,2026-02-05,Visualmente increible
U00724,6978,5.8,2025-04-03,Final inesperado
U00724,18480,5.1,2025-05-31,Buena para recomendar
U00724,16727,6.6,2024-11-30,Me gusto bastante
U00724,57165,5.9,2026-01-19,Buen ritmo
U00724,13072,4.6,2025-08-06,Me gusto bastante
U00724,2026,6.7,2026-04-04,Excelente recomendacion
U00724,5925,7.2,2025-04-17,Final inesperado
U00724,238603,4.4,2025-04-17,Buena para recomendar
U00724,190955,5.8,2026-03-16,No era lo que esperaba
U00725,10641,6.9,2026-03-26,No era lo que esperaba
U00725,13067,4.9,2024-11-05,La volveria a ver
U00725,201,5.5,2025-12-09,Buena para recomendar
U00725,11130,6.3,2025-03-01,Buen ritmo
U00725,293660,8.0,2026-01-22,Buen ritmo
U00725,24664,5.4,2024-10-09,No era lo que esperaba
U00725,6639,5.1,2026-03-04,No era lo que esperaba
U00725,18892,6.2,2025-01-04,Buen ritmo
U00725,218778,7.3,2026-02-27,La volveria a ver
U00725,22051,5.6,2024-10-23,Visualmente increible
U00725,315664,7.5,2026-01-11,Me gusto bastante
U00725,8869,4.6,2025-06-18,Historia entretenida
U00725,8198,7.8,2026-03-06,Gran actuacion
U00725,10521,4.5,2025-11-21,No era lo que esperaba
U00726,18480,4.9,2025-12-25,No era lo que esperaba
U00726,45138,8.6,2025-12-19,Excelente recomendacion
U00726,500,9.3,2025-03-02,Me gusto bastante
U00726,358451,7.8,2024-12-23,La volveria a ver
U00727,2359,7.9,2026-04-03,Final inesperado
U00727,11208,6.5,2025-11-16,Final inesperado
U00727,3179,5.5,2026-03-05,Me gusto bastante
U00727,136795,5.3,2026-01-09,Me gusto bastante
U00727,77,8.7,2026-02-18,Buen ritmo
U00727,9504,8.6,2026-01-04,No era lo que esperaba
U00727,927,8.2,2025-09-12,Buen ritmo
U00727,7484,7.2,2025-07-10,Visualmente increible
U00727,30890,6.6,2025-11-09,Gran actuacion
U00727,11592,5.4,2026-02-12,Buena para recomendar
U00727,13973,6.8,2026-01-10,No era lo que esperaba
U00727,15670,6.6,2026-01-28,No era lo que esperaba
U00728,14577,5.4,2025-06-01,Buena para recomendar
U00728,1927,4.1,2025-04-07,Final inesperado
U00728,2080,6.5,2025-10-13,Excelente recomendacion
U00728,210577,8.0,2026-01-21,La volveria a ver
U00728,219,6.2,2025-04-12,La volveria a ver
U00728,8981,7.0,2025-06-07,Buen ritmo
U00728,13027,5.3,2025-04-10,La volveria a ver
U00728,172533,5.4,2024-12-22,Visualmente increible
U00728,17043,4.6,2026-02-07,Historia entretenida
U00729,75656,8.7,2026-04-10,Excelente recomendacion
U00729,58574,5.7,2026-04-10,Visualmente increible
U00729,2320,5.9,2026-04-10,Excelente recomendacion
U00729,6038,5.8,2026-04-10,Final inesperado
U00729,42222,5.5,2026-04-10,Historia entretenida
U00729,10634,6.0,2026-04-10,Buen ritmo
U00729,9302,6.9,2026-04-10,Historia entretenida
U00729,15067,8.1,2026-04-10,La volveria a ver
U00729,9625,3.9,2026-04-10,Final inesperado
U00729,3595,6.8,2026-04-10,Me gusto bastante
U00730,125052,3.7,2024-08-19,Visualmente increible
U00730,11954,6.3,2026-01-16,Final inesperado
U00730,3093,3.3,2026-01-28,Final inesperado
U00730,290864,7.6,2024-08-05,Buen ritmo
U00730,138832,5.6,2025-07-10,La volveria a ver
U00730,421,6.4,2024-02-21,Buena para recomendar
U00730,22215,4.5,2024-12-12,Gran actuacion
U00730,25132,5.5,2025-03-13,No era lo que esperaba
U00730,769,9.6,2023-11-18,Final inesperado
U00730,10610,4.2,2024-04-04,Excelente recomendacion
U00730,64559,5.4,2025-10-30,Me gusto bastante
U00730,66195,6.7,2023-02-02,Visualmente increible
U00730,5072,7.4,2024-08-21,Historia entretenida
U00731,2636,6.3,2025-09-20,Historia entretenida
U00731,12690,7.3,2024-03-04,No era lo que esperaba
U00731,57294,6.0,2023-05-27,Buena para recomendar
U00731,45138,8.1,2023-02-14,Excelente recomendacion
U00731,22907,6.3,2024-08-22,No era lo que esperaba
U00731,39538,6.8,2023-10-26,No era lo que esperaba
U00732,8966,7.3,2026-02-25,Historia entretenida
U00732,34417,5.1,2025-06-02,Visualmente increible
U00732,10642,6.3,2025-05-21,Final inesperado
U00732,20862,6.4,2025-07-05,Excelente recomendacion
U00732,256961,6.2,2026-03-15,Excelente recomendacion
U00732,98568,7.6,2026-03-26,Me gusto bastante
U00732,7978,6.5,2025-11-01,No era lo que esperaba
U00733,76649,4.2,2026-03-08,No era lo que esperaba
U00733,303858,6.7,2026-04-08,Final inesperado
U00733,227306,6.7,2026-03-03,Me gusto bastante
U00733,179144,6.9,2026-03-21,Excelente recomendacion
U00733,2355,8.5,2026-03-10,Gran actuacion
U00733,2253,5.4,2026-03-06,Historia entretenida
U00733,65086,7.2,2026-04-07,Excelente recomendacion
U00733,70006,6.6,2026-03-16,Historia entretenida
U00733,91721,6.8,2026-03-16,Visualmente increible
U00734,42057,4.8,2025-12-06,Buena para recomendar
U00734,1577,7.0,2025-05-24,Gran actuacion
U00734,667,5.9,2026-03-23,Buena para recomendar
U00734,769,8.9,2025-11-18,La volveria a ver
U00735,2675,6.0,2025-03-27,Visualmente increible
U00735,79777,6.5,2024-08-23,No era lo que esperaba
U00735,59436,6.3,2026-04-04,Visualmente increible
U00735,542,7.4,2024-11-07,Final inesperado
U00735,12155,6.2,2025-03-21,Visualmente increible
U00735,12228,8.2,2025-02-19,Me gusto bastante
U00735,9470,8.0,2025-04-09,Me gusto bastante
U00735,41110,5.4,2025-11-30,Buena para recomendar
U00735,11967,5.8,2026-02-07,Historia entretenida
U00735,12257,4.0,2025-05-07,Excelente recomendacion
U00736,8346,7.4,2026-04-02,Historia entretenida
U00736,10008,4.0,2023-05-16,Excelente recomendacion
U00736,65749,6.7,2024-03-26,La volveria a ver
U00736,50014,8.8,2024-06-11,Buena para recomendar
U00736,138843,6.5,2024-12-12,No era lo que esperaba
U00736,325789,8.1,2025-11-18,Final inesperado
U00736,1997,7.5,2024-08-20,Buen ritmo
U00736,13501,6.4,2024-08-01,Gran actuacion
U00736,396152,5.3,2024-07-26,Historia entretenida
U00737,71679,4.1,2023-05-31,Me gusto bastante
U00737,24021,5.6,2026-03-09,Historia entretenida
U00737,268171,7.1,2025-05-17,Historia entretenida
U00737,101179,6.1,2024-06-10,Excelente recomendacion
U00737,9593,6.3,2024-01-22,La volveria a ver
U00738,199933,3.7,2025-10-23,Visualmente increible
U00738,36670,7.3,2023-01-15,No era lo que esperaba
U00738,22971,6.1,2023-01-07,Final inesperado
U00738,15070,6.2,2024-02-08,No era lo que esperaba
U00738,21765,5.7,2024-10-08,La volveria a ver
U00738,9072,3.8,2025-11-14,La volveria a ver
U00738,9075,6.5,2025-11-21,Excelente recomendacion
U00738,407887,6.5,2024-11-14,Excelente recomendacion
U00739,38415,5.8,2026-03-26,Visualmente increible
U00739,38050,7.2,2026-03-05,Buen ritmo
U00739,4922,6.8,2026-02-26,Buena para recomendar
U00739,193756,8.1,2026-01-10,Me gusto bastante
U00739,173,5.6,2026-01-28,Gran actuacion
U00739,11051,7.3,2025-12-26,La volveria a ver
U00739,8488,5.4,2026-03-29,La volveria a ver
U00739,14034,5.2,2026-02-03,Excelente recomendacion
U00739,1088,7.9,2026-01-20,Gran actuacion
U00739,114,6.5,2026-03-31,Me gusto bastante
U00739,8698,6.8,2026-03-20,Me gusto bastante
U00740,14120,5.4,2026-03-29,Final inesperado
U00740,8195,7.2,2026-03-07,Excelente recomendacion
U00740,173224,7.3,2026-04-08,Buen ritmo
U00740,13154,4.6,2026-04-01,Visualmente increible
U00740,72197,6.9,2026-03-07,Buen ritmo
U00740,2312,3.2,2026-03-03,No era lo que esperaba
U00740,84175,7.7,2026-03-15,Gran actuacion
U00740,12113,6.6,2026-03-27,Buen ritmo
U00740,378200,5.2,2026-03-03,Buen ritmo
U00740,400,7.0,2026-03-04,Historia entretenida
U00741,11072,7.5,2023-06-23,Buena para recomendar
U00741,99826,6.9,2023-12-26,Historia entretenida
U00741,76285,4.6,2024-10-31,Final inesperado
U00741,77948,4.6,2023-01-04,Buena para recomendar
U00741,49730,6.2,2024-09-13,Historia entretenida
U00741,74725,5.2,2022-12-07,Gran actuacion
U00741,33644,7.1,2025-10-22,Me gusto bastante
U00741,680,9.2,2024-11-22,Gran actuacion
U00741,4958,6.6,2022-09-28,Final inesperado
U00741,153158,5.5,2024-04-20,Historia entretenida
U00742,11298,7.5,2025-03-02,Me gusto bastante
U00742,109431,5.6,2025-05-26,Me gusto bastante
U00742,242095,6.2,2025-04-06,Buen ritmo
U00742,23759,7.3,2026-02-10,Historia entretenida
U00742,15511,5.6,2025-04-07,Visualmente increible
U00742,9350,6.5,2025-04-02,La volveria a ver
U00742,244339,6.4,2025-01-27,Buen ritmo
U00742,10585,7.7,2025-09-15,Excelente recomendacion
U00742,9087,5.2,2026-03-15,Buen ritmo
U00742,592,8.8,2024-09-14,No era lo que esperaba
U00743,294512,6.6,2025-09-08,Excelente recomendacion
U00743,675,7.9,2025-06-30,Buena para recomendar
U00743,1648,5.3,2025-01-27,No era lo que esperaba
U00743,15765,6.7,2025-08-12,No era lo que esperaba
U00743,72914,6.2,2025-04-26,La volveria a ver
U00743,13007,6.2,2026-04-07,Me gusto bastante
U00743,39845,5.3,2026-02-21,No era lo que esperaba
U00743,129,7.4,2025-06-29,Buen ritmo
U00743,11635,6.1,2025-01-31,Historia entretenida
U00744,37686,6.6,2025-05-01,Visualmente increible
U00744,16888,6.8,2025-12-31,Buen ritmo
U00744,22913,5.9,2026-01-14,Visualmente increible
U00744,10307,6.2,2026-01-30,No era lo que esperaba
U00744,168530,7.0,2025-12-17,Final inesperado
U00744,187017,6.4,2025-12-14,Gran actuacion
U00744,48572,6.4,2025-03-25,Buen ritmo
U00744,47941,4.8,2025-10-01,Buen ritmo
U00744,23531,3.5,2025-01-24,Buena para recomendar
U00745,1124,8.7,2024-03-25,Historia entretenida
U00745,1949,6.7,2023-03-29,Final inesperado
U00745,9798,6.9,2024-06-26,Buena para recomendar
U00745,278,7.5,2023-05-21,Gran actuacion
U00745,309809,8.1,2025-02-11,Excelente recomendacion
U00745,9392,7.8,2024-05-15,Buen ritmo
U00745,629,7.3,2023-12-11,Buen ritmo
U00745,36669,5.8,2025-03-26,Excelente recomendacion
U00746,75174,5.5,2025-08-03,Historia entretenida
U00746,12901,7.9,2025-09-13,No era lo que esperaba
U00746,17332,6.8,2025-02-22,Historia entretenida
U00746,1378,4.9,2025-02-10,Excelente recomendacion
U00746,75861,6.3,2026-01-14,No era lo que esperaba
U00746,21755,6.6,2026-03-31,Buen ritmo
U00746,15708,6.5,2025-05-28,Buen ritmo
U00746,21525,7.0,2024-07-31,La volveria a ver
U00746,50037,6.3,2024-07-06,Buen ritmo
U00746,21461,8.4,2025-04-11,Buena para recomendar
U00746,11778,7.1,2025-09-10,Visualmente increible
U00746,11194,7.6,2024-10-08,Gran actuacion
U00747,185567,8.2,2025-01-26,Buena para recomendar
U00747,542,6.1,2024-03-10,Final inesperado
U00747,43539,7.1,2024-11-20,Final inesperado
U00747,767,7.6,2025-05-27,Buena para recomendar
U00747,1970,5.8,2023-12-17,Historia entretenida
U00747,1366,6.6,2024-02-17,Excelente recomendacion
U00747,9588,6.9,2025-09-24,No era lo que esperaba
U00747,1819,5.3,2025-02-05,Buen ritmo
U00747,146216,7.3,2024-12-04,La volveria a ver
U00747,10765,5.8,2025-03-19,La volveria a ver
U00747,84659,4.4,2024-07-31,Historia entretenida
U00747,9763,6.6,2024-03-01,Buena para recomendar
U00747,11904,7.9,2024-08-12,La volveria a ver
U00747,51995,5.2,2025-11-12,No era lo que esperaba
U00747,280092,6.2,2024-12-31,Historia entretenida
U00747,640,7.6,2025-08-21,No era lo que esperaba
U00747,13132,5.7,2026-03-18,Historia entretenida
U00747,2162,6.7,2025-07-10,Gran actuacion
U00748,331190,5.3,2025-02-07,Me gusto bastante
U00748,1639,5.2,2025-04-26,No era lo que esperaba
U00748,2619,6.7,2024-02-24,No era lo que esperaba
U00748,101299,8.0,2024-04-27,Gran actuacion
U00748,8090,6.6,2025-07-22,Visualmente increible
U00748,14054,6.4,2023-06-14,Historia entretenida
U00748,227973,6.3,2025-10-07,La volveria a ver
U00749,367961,6.7,2024-11-29,Me gusto bastante
U00749,3179,5.4,2025-07-14,No era lo que esperaba
U00749,3093,3.5,2025-06-22,Gran actuacion
U00749,51130,7.5,2024-04-17,La volveria a ver
U00749,43347,6.6,2023-10-01,No era lo que esperaba
U00749,252,6.5,2024-06-15,Buena para recomendar
U00749,2253,5.3,2025-05-21,Visualmente increible
U00749,866,7.3,2025-06-18,Visualmente increible
U00749,142,6.5,2025-12-01,No era lo que esperaba
U00749,13948,5.1,2026-02-21,Final inesperado
U00750,201088,5.2,2024-01-20,La volveria a ver
U00750,14022,5.2,2024-01-06,Visualmente increible
U00750,46889,4.6,2026-04-01,Final inesperado
U00750,7548,6.4,2025-09-13,La volveria a ver
U00750,16888,6.1,2024-03-20,Visualmente increible
U00750,2567,7.5,2024-06-27,La volveria a ver
U00750,22314,6.5,2026-02-21,Buena para recomendar
U00750,1262,5.7,2023-05-02,No era lo que esperaba
U00751,37786,6.8,2024-12-24,Buen ritmo
U00751,41823,5.6,2024-04-12,Excelente recomendacion
U00751,11141,6.8,2025-02-12,Buen ritmo
U00751,157353,5.4,2024-06-04,Gran actuacion
U00751,9725,4.9,2025-03-21,Buen ritmo
U00752,12123,3.8,2025-07-25,Historia entretenida
U00752,13919,8.0,2026-01-14,Excelente recomendacion
U00752,107985,7.4,2026-02-21,No era lo que esperaba
U00752,48171,4.9,2026-02-03,Buen ritmo
U00752,94352,5.9,2026-02-09,Gran actuacion
U00752,22556,5.5,2026-01-05,No era lo que esperaba
U00752,1688,4.8,2025-08-02,La volveria a ver
U00752,46829,6.2,2025-10-20,La volveria a ver
U00752,116745,7.5,2026-03-29,Gran actuacion
U00752,28355,5.6,2026-02-03,Gran actuacion
U00752,395,4.8,2025-10-17,Buen ritmo
U00752,273895,8.6,2026-01-12,Gran actuacion
U00752,14538,6.8,2025-10-11,Buena para recomendar
U00752,64689,6.2,2025-08-04,Buena para recomendar
U00752,9313,5.0,2026-01-26,Buena para recomendar
U00752,48217,5.7,2025-12-04,Historia entretenida
U00753,35791,6.1,2026-02-23,Visualmente increible
U00753,79120,7.0,2026-03-05,Me gusto bastante
U00753,18487,5.6,2026-04-07,No era lo que esperaba
U00753,1996,5.1,2026-03-06,Gran actuacion
U00753,1428,5.0,2026-04-09,No era lo que esperaba
U00753,11404,5.1,2026-03-22,Gran actuacion
U00753,41630,6.4,2026-03-19,Excelente recomendacion
U00753,10229,7.6,2026-03-23,Gran actuacion
U00753,9806,6.8,2026-03-03,Visualmente increible
U00753,43949,7.7,2026-03-15,Buena para recomendar
U00753,1587,8.1,2026-03-29,Gran actuacion
U00753,1579,7.2,2026-04-02,Gran actuacion
U00753,809,6.5,2026-03-31,La volveria a ver
U00754,79120,6.3,2025-05-25,Historia entretenida
U00754,57612,8.3,2024-08-24,Buena para recomendar
U00754,11817,4.7,2026-03-17,Gran actuacion
U00754,2044,6.2,2024-09-29,Buena para recomendar
U00754,4133,6.1,2025-07-06,Buena para recomendar
U00754,15186,5.0,2024-07-02,La volveria a ver
U00754,36593,6.2,2025-09-13,La volveria a ver
U00754,57120,7.6,2026-01-01,Gran actuacion
U00754,10472,6.1,2025-10-21,Historia entretenida
U00754,55903,5.8,2026-01-05,Final inesperado
U00754,198663,8.4,2024-08-09,Final inesperado
U00754,1415,6.6,2026-02-23,Buena para recomendar
U00755,10070,7.5,2023-09-22,Visualmente increible
U00755,588,7.6,2023-05-24,Final inesperado
U00755,20697,4.0,2026-04-08,Buen ritmo
U00755,137113,8.4,2022-12-02,Excelente recomendacion
U00755,111,8.6,2024-12-15,Gran actuacion
U00755,4858,6.6,2023-01-10,Visualmente increible
U00755,34769,6.7,2024-09-23,Excelente recomendacion
U00755,11456,5.0,2025-04-11,Visualmente increible
U00755,2309,4.9,2025-07-28,Me gusto bastante
U00755,10439,6.6,2024-08-11,Me gusto bastante
U00755,301351,5.5,2023-02-06,Gran actuacion
U00756,47890,7.2,2025-11-26,Visualmente increible
U00756,38543,6.7,2023-11-28,Buena para recomendar
U00756,4638,6.6,2026-03-05,Me gusto bastante
U00756,135397,7.2,2025-03-18,Visualmente increible
U00756,11615,8.8,2024-03-14,Excelente recomendacion
U00756,328425,5.3,2024-11-28,Buena para recomendar
U00756,2959,3.8,2024-06-19,Excelente recomendacion
U00756,82690,7.7,2025-11-23,Excelente recomendacion
U00756,108346,6.8,2026-02-26,Final inesperado
U00757,137,8.7,2025-11-16,No era lo que esperaba
U00757,1813,7.6,2026-03-18,Historia entretenida
U00757,10803,6.0,2026-01-29,Visualmente increible
U00757,10072,6.7,2024-11-25,Buen ritmo
U00758,80215,7.5,2025-01-10,Excelente recomendacion
U00758,13074,5.8,2024-10-31,Historia entretenida
U00758,8291,6.9,2025-05-26,Gran actuacion
U00758,788,7.4,2025-01-25,Me gusto bastante
U00758,133931,5.4,2024-02-26,No era lo que esperaba
U00758,9737,5.2,2024-07-09,Final inesperado
U00758,8009,7.0,2024-12-12,Final inesperado
U00758,1255,5.4,2026-03-01,Historia entretenida
U00758,20352,5.6,2024-08-13,La volveria a ver
U00758,2310,5.2,2024-05-21,Buen ritmo
U00758,83666,8.9,2025-01-16,Buen ritmo
U00759,12589,6.4,2024-04-17,Excelente recomendacion
U00759,8699,7.4,2025-08-07,Gran actuacion
U00759,57876,3.1,2024-04-04,Buen ritmo
U00759,13836,4.1,2023-05-27,No era lo que esperaba
U00759,13282,6.7,2024-03-05,Historia entretenida
U00759,60309,6.2,2024-10-12,Visualmente increible
U00759,302156,6.1,2025-10-16,Historia entretenida
U00759,87,6.9,2024-05-28,Gran actuacion
U00759,11051,8.0,2024-07-10,No era lo que esperaba
U00759,9705,5.8,2026-02-18,Buen ritmo
U00759,6795,4.9,2024-05-07,La volveria a ver
U00760,924,5.8,2025-11-02,Buen ritmo
U00760,10683,6.7,2024-09-06,Buena para recomendar
U00760,10154,4.6,2025-05-25,La volveria a ver
U00760,146233,8.7,2024-08-29,Excelente recomendacion
U00760,86834,5.9,2024-12-07,Me gusto bastante
U00760,17654,6.0,2025-10-15,Me gusto bastante
U00760,17186,5.5,2025-04-08,Historia entretenida
U00760,11113,6.5,2024-03-25,Historia entretenida
U00760,10476,5.7,2024-10-09,La volveria a ver
U00761,1830,5.5,2026-03-18,Buen ritmo
U00761,8669,6.4,2026-03-23,Buena para recomendar
U00761,509,7.6,2026-03-12,Historia entretenida
U00761,667,6.2,2026-02-15,No era lo que esperaba
U00761,36648,5.7,2026-03-26,Historia entretenida
U00762,61038,3.2,2026-04-04,Excelente recomendacion
U00762,10876,6.6,2026-03-11,Me gusto bastante
U00762,84659,5.1,2026-03-13,La volveria a ver
U00762,261023,7.2,2026-04-02,Buena para recomendar
U00762,14823,5.9,2026-03-29,Historia entretenida
U00762,14411,7.4,2026-03-21,Buena para recomendar
U00762,9895,6.9,2026-03-19,Buena para recomendar
U00763,245703,6.4,2024-07-20,No era lo que esperaba
U00763,325173,4.3,2023-07-29,Visualmente increible
U00763,12113,5.5,2024-11-30,Buena para recomendar
U00763,262504,5.1,2024-11-20,Buena para recomendar
U00763,87943,7.5,2023-07-21,Buen ritmo
U00763,1590,6.1,2025-08-12,Me gusto bastante
U00763,280871,5.0,2025-12-15,Visualmente increible
U00763,9486,5.9,2025-10-18,Buen ritmo
U00763,1933,7.9,2024-04-28,Gran actuacion
U00763,9697,5.1,2023-07-25,Historia entretenida
U00763,74465,6.5,2025-06-03,Buena para recomendar
U00763,1949,7.7,2026-03-24,Buen ritmo
U00763,35690,6.9,2024-04-20,Excelente recomendacion
U00763,36586,7.1,2024-01-20,Me gusto bastante
U00764,2001,5.3,2023-08-19,Visualmente increible
U00764,25968,6.7,2025-09-25,No era lo que esperaba
U00764,1648,7.6,2024-04-21,No era lo que esperaba
U00764,205596,8.9,2026-01-03,La volveria a ver
U00764,274854,4.8,2024-02-14,Buena para recomendar
U00765,137,7.0,2025-03-31,Me gusto bastante
U00765,29912,6.1,2023-09-10,Buena para recomendar
U00765,24684,7.6,2023-12-25,La volveria a ver
U00765,20526,5.9,2024-03-02,Historia entretenida
U00765,45958,7.0,2023-12-12,Excelente recomendacion
U00766,16148,4.6,2023-02-23,Final inesperado
U00766,61038,5.7,2025-07-13,Final inesperado
U00766,4566,5.9,2025-05-28,Historia entretenida
U00766,9833,7.6,2023-08-05,Historia entretenida
U00766,223702,6.2,2025-05-17,Historia entretenida
U00766,127493,5.2,2024-11-10,Buen ritmo
U00766,11888,6.8,2023-11-29,Historia entretenida
U00766,277685,5.0,2023-03-27,Me gusto bastante
U00766,11935,6.9,2025-03-20,Excelente recomendacion
U00766,39210,5.9,2024-02-06,Final inesperado
U00766,1578,8.0,2023-05-16,Final inesperado
U00767,15198,5.0,2023-02-19,Buena para recomendar
U00767,4517,6.1,2024-10-29,Historia entretenida
U00767,8195,6.0,2022-08-03,Visualmente increible
U00767,10534,6.8,2022-06-28,Buena para recomendar
U00767,65759,5.3,2024-05-12,La volveria a ver
U00767,1954,6.2,2022-08-26,Gran actuacion
U00767,3877,5.9,2023-04-30,Buena para recomendar
U00767,49051,7.3,2022-08-25,Buena para recomendar
U00767,27995,5.5,2022-11-19,Visualmente increible
U00768,13074,6.9,2025-01-29,Historia entretenida
U00768,11624,7.4,2024-11-11,Historia entretenida
U00768,9991,6.3,2023-03-16,No era lo que esperaba
U00768,33667,5.4,2022-08-31,Final inesperado
U00768,9913,5.4,2026-04-02,Gran actuacion
U00768,15512,7.2,2024-07-01,Excelente recomendacion
U00768,36668,6.7,2024-04-22,Me gusto bastante
U00768,2636,4.4,2025-08-20,Me gusto bastante
U00768,8456,6.7,2022-06-06,Visualmente increible
U00768,21641,7.8,2022-11-03,Visualmente increible
U00768,21309,5.5,2024-12-14,Excelente recomendacion
U00769,44857,6.8,2025-10-06,La volveria a ver
U00769,3472,7.5,2025-09-27,Buena para recomendar
U00769,22556,7.7,2023-12-10,Final inesperado
U00769,4349,7.3,2023-03-29,La volveria a ver
U00769,120,9.4,2025-03-23,Buen ritmo
U00769,19904,5.5,2022-11-06,Buena para recomendar
U00770,9275,6.3,2025-03-12,Gran actuacion
U00770,242095,5.8,2025-10-04,Final inesperado
U00770,385636,5.2,2025-10-02,Visualmente increible
U00770,43539,6.8,2025-06-09,Final inesperado
U00770,8435,6.9,2026-01-27,Excelente recomendacion
U00770,10557,7.7,2025-04-17,La volveria a ver
U00770,9042,6.5,2025-08-15,Buena para recomendar
U00770,613,8.4,2025-04-23,Buena para recomendar
U00770,9466,7.0,2025-05-21,Buena para recomendar
U00770,334527,7.1,2025-10-09,La volveria a ver
U00770,7553,7.0,2025-05-24,La volveria a ver
U00770,10312,7.0,2026-04-02,Buena para recomendar
U00771,8467,5.5,2025-02-17,Excelente recomendacion
U00771,675,7.4,2024-09-04,Me gusto bastante
U00771,76487,5.3,2024-07-25,Historia entretenida
U00771,14284,7.1,2023-10-15,Historia entretenida
U00771,10461,3.4,2023-10-10,No era lo que esperaba
U00771,83860,5.5,2026-01-06,Buena para recomendar
U00771,103620,6.4,2023-10-02,No era lo que esperaba
U00771,58431,4.5,2026-01-17,No era lo que esperaba
U00771,39939,7.6,2024-03-10,Buena para recomendar
U00771,13938,7.1,2023-09-02,Visualmente increible
U00771,935,6.7,2025-05-25,No era lo que esperaba
U00771,23330,5.5,2025-11-29,Excelente recomendacion
U00771,10197,5.7,2025-03-25,No era lo que esperaba
U00771,41382,5.8,2024-09-07,Buen ritmo
U00772,251471,6.8,2025-03-31,Gran actuacion
U00772,10731,7.9,2026-04-02,Me gusto bastante
U00772,49026,8.4,2026-02-05,Final inesperado
U00772,30141,5.2,2025-12-11,La volveria a ver
U00772,49471,6.3,2026-01-08,Historia entretenida
U00772,44214,8.7,2025-06-04,No era lo que esperaba
U00772,8053,6.8,2025-03-01,Final inesperado
U00772,290555,5.6,2025-08-04,No era lo que esperaba
U00772,20857,7.8,2025-05-07,Visualmente increible
U00773,13778,5.8,2026-01-10,La volveria a ver
U00773,10545,8.0,2025-05-16,No era lo que esperaba
U00773,45269,8.1,2025-04-20,Me gusto bastante
U00773,771,7.0,2025-06-21,Buen ritmo
U00773,311,7.0,2025-10-14,Buena para recomendar
U00773,11313,7.5,2025-02-24,Excelente recomendacion
U00773,41730,6.3,2025-09-29,No era lo que esperaba
U00773,7443,5.3,2026-02-11,Buena para recomendar
U00773,258489,5.4,2025-10-01,Me gusto bastante
U00773,15927,6.1,2025-12-27,Buen ritmo
U00773,11826,5.6,2025-06-24,Me gusto bastante
U00773,1571,6.5,2025-02-20,Historia entretenida
U00773,27342,6.0,2025-08-25,Historia entretenida
U00773,8835,5.3,2026-03-04,Visualmente increible
U00773,8681,6.3,2025-11-19,Buena para recomendar
U00773,50014,6.3,2026-01-06,La volveria a ver
U00773,139998,6.2,2025-02-07,Excelente recomendacion
U00774,985,8.8,2026-03-09,Buen ritmo
U00774,512,7.1,2025-11-08,La volveria a ver
U00774,12486,2.3,2025-11-13,Excelente recomendacion
U00774,28665,5.1,2026-03-27,Excelente recomendacion
U00774,223702,5.8,2026-02-11,Gran actuacion
U00774,118340,9.3,2025-12-11,Buen ritmo
U00774,335,8.4,2025-12-30,Buena para recomendar
U00774,253412,7.1,2025-12-13,Buena para recomendar
U00774,16619,8.7,2025-12-13,No era lo que esperaba
U00774,191714,8.2,2026-04-07,Excelente recomendacion
U00774,109513,5.2,2026-02-09,Buena para recomendar
U00774,1646,7.5,2026-03-11,Visualmente increible
U00775,27022,5.4,2026-03-30,No era lo que esperaba
U00775,13778,6.0,2026-03-26,Buen ritmo
U00775,11023,5.3,2026-04-01,Me gusto bastante
U00775,318850,6.7,2026-03-26,Me gusto bastante
U00775,10198,6.2,2026-04-01,Gran actuacion
U00775,22597,6.9,2026-04-03,Historia entretenida
U00775,3083,9.2,2026-03-27,Excelente recomendacion
U00775,304357,8.1,2026-03-27,No era lo que esperaba
U00775,264644,6.8,2026-03-28,Me gusto bastante
U00775,10715,5.7,2026-04-01,Buena para recomendar
U00776,10314,7.2,2026-03-20,La volveria a ver
U00776,11306,5.1,2024-02-28,Visualmente increible
U00776,24575,6.3,2022-11-03,Buen ritmo
U00776,9341,4.2,2023-01-07,Excelente recomendacion
U00776,14758,5.5,2024-02-21,Buena para recomendar
U00776,15092,4.7,2022-12-19,Me gusto bastante
U00776,57158,8.8,2024-12-20,Final inesperado
U00776,311,8.3,2025-10-02,Visualmente increible
U00776,116711,6.4,2026-02-16,Buen ritmo
U00777,25195,6.8,2026-02-13,La volveria a ver
U00777,5994,7.7,2025-03-12,Gran actuacion
U00777,211954,6.4,2025-07-15,Me gusto bastante
U00777,535,7.5,2025-07-21,Buena para recomendar
U00778,14175,6.1,2024-10-12,Visualmente increible
U00778,102899,7.0,2025-01-30,Gran actuacion
U00778,17768,7.1,2025-06-21,Final inesperado
U00778,245700,7.0,2026-03-29,La volveria a ver
U00778,112430,8.0,2025-08-11,La volveria a ver
U00778,1951,7.6,2025-08-29,Buen ritmo
U00778,10307,4.6,2025-08-25,Me gusto bastante
U00778,10437,6.0,2025-06-06,Me gusto bastante
U00778,2642,5.7,2024-05-29,Final inesperado
U00779,11622,7.7,2024-11-26,Final inesperado
U00779,10545,5.3,2024-12-05,Visualmente increible
U00779,2652,6.7,2023-09-03,Final inesperado
U00779,16351,6.7,2023-06-26,Excelente recomendacion
U00779,2255,7.5,2023-04-29,Gran actuacion
U00779,10390,5.7,2025-07-18,Historia entretenida
U00779,2074,7.0,2024-11-26,Buena para recomendar
U00779,19265,7.9,2024-02-18,Historia entretenida
U00779,13685,5.9,2024-12-22,No era lo que esperaba
U00779,10641,6.8,2024-10-07,Buena para recomendar
U00779,12090,3.9,2025-06-17,Final inesperado
U00779,68,6.8,2024-08-14,Buen ritmo
U00779,2577,6.4,2025-02-14,La volveria a ver
U00779,14014,6.6,2024-04-03,Buen ritmo
U00779,5353,7.1,2024-05-09,No era lo que esperaba
U00780,73532,7.8,2023-10-07,Buena para recomendar
U00780,16155,6.6,2024-12-23,Me gusto bastante
U00780,16,7.1,2025-03-18,Me gusto bastante
U00780,13682,5.4,2024-01-26,Historia entretenida
U00780,29427,7.1,2023-04-23,Buena para recomendar
U00780,168672,7.1,2024-05-14,Excelente recomendacion
U00780,332285,5.7,2024-03-05,Historia entretenida
U00780,361505,10.0,2025-12-09,La volveria a ver
U00781,25209,8.7,2025-06-12,Final inesperado
U00781,8780,4.6,2023-08-27,Gran actuacion
U00781,503,5.9,2024-03-30,No era lo que esperaba
U00781,61012,3.7,2025-08-17,Historia entretenida
U00781,72105,6.9,2025-04-25,Visualmente increible
U00782,198663,7.4,2024-08-26,Gran actuacion
U00782,41210,5.6,2024-10-10,Buena para recomendar
U00782,1997,5.6,2025-05-03,Historia entretenida
U00782,12429,6.4,2025-04-06,La volveria a ver
U00782,17134,5.3,2025-07-03,No era lo que esperaba
U00782,193722,5.3,2024-08-07,La volveria a ver
U00782,307081,6.5,2024-10-12,Buen ritmo
U00782,13501,4.4,2025-11-14,Historia entretenida
U00782,4233,5.6,2026-01-05,Final inesperado
U00782,12212,4.4,2025-03-02,No era lo que esperaba
U00782,241554,5.5,2025-06-26,Historia entretenida
U00782,1921,7.9,2024-12-06,Excelente recomendacion
U00783,7552,4.8,2025-06-23,Historia entretenida
U00783,9532,7.2,2024-12-11,No era lo que esperaba
U00783,39939,6.1,2025-10-10,Buena para recomendar
U00783,157353,5.8,2024-10-20,Final inesperado
U00783,8285,4.1,2025-01-16,Gran actuacion
U00783,6538,6.5,2025-10-13,Me gusto bastante
U00783,54580,7.6,2024-12-04,No era lo que esperaba
U00783,310933,2.9,2024-12-09,Excelente recomendacion
U00783,10523,7.6,2025-05-28,No era lo que esperaba
U00783,39780,6.3,2025-04-06,No era lo que esperaba
U00784,295886,5.8,2025-10-12,Gran actuacion
U00784,10225,6.7,2025-10-17,Me gusto bastante
U00784,250349,6.6,2026-02-04,No era lo que esperaba
U00784,3040,7.0,2025-09-03,Excelente recomendacion
U00784,1726,6.8,2025-06-26,Excelente recomendacion
U00784,10183,5.5,2026-01-27,Buen ritmo
U00784,29193,7.8,2026-02-15,Visualmente increible
U00784,744,6.3,2026-01-05,Buena para recomendar
U00785,11336,5.4,2025-07-07,Final inesperado
U00785,146239,5.4,2024-11-01,Excelente recomendacion
U00785,38415,4.9,2024-10-03,Buena para recomendar
U00785,10320,6.8,2025-02-03,Buen ritmo
U00785,10398,7.7,2024-10-19,Gran actuacion
U00785,170687,5.4,2024-11-02,Buen ritmo
U00785,181283,6.4,2025-10-05,No era lo que esperaba
U00785,766,8.6,2026-02-04,La volveria a ver
U00785,82693,7.1,2024-11-03,Gran actuacion
U00785,139038,6.3,2024-07-22,Final inesperado
U00785,13501,5.8,2024-11-30,Visualmente increible
U00785,184374,5.7,2024-09-15,Visualmente increible
U00785,64689,4.4,2025-07-07,Visualmente increible
U00785,9282,6.3,2025-03-24,Excelente recomendacion
U00785,10592,6.1,2024-12-22,Gran actuacion
U00786,290751,4.9,2023-03-11,Buen ritmo
U00786,863,8.1,2026-03-04,Buena para recomendar
U00786,11298,7.3,2024-10-13,No era lo que esperaba
U00786,44490,5.5,2024-09-08,La volveria a ver
U00786,13282,4.7,2023-08-07,Final inesperado
U00786,57612,7.6,2025-07-08,Excelente recomendacion
U00786,281957,7.0,2023-06-08,Historia entretenida
U00786,2048,5.8,2025-07-04,Visualmente increible
U00786,11323,6.0,2023-09-28,Buen ritmo
U00786,12109,5.7,2023-03-02,Excelente recomendacion
U00787,84204,6.2,2026-01-19,Historia entretenida
U00787,2155,6.1,2026-03-29,Buen ritmo
U00787,43923,5.9,2026-03-31,Final inesperado
U00787,185008,7.1,2025-12-25,Gran actuacion
U00787,13,9.3,2026-02-22,Buen ritmo
U00787,9880,6.7,2026-03-19,Buen ritmo
U00787,14165,7.1,2025-12-23,La volveria a ver
U00787,19204,6.7,2026-03-14,No era lo que esperaba
U00787,218043,4.0,2026-01-11,Excelente recomendacion
U00787,15389,7.3,2026-03-11,Gran actuacion
U00787,13689,7.9,2025-12-30,No era lo que esperaba
U00787,2118,6.3,2026-01-12,Gran actuacion
U00788,24438,5.1,2025-12-03,Me gusto bastante
U00788,19457,6.4,2025-11-02,Buena para recomendar
U00788,9582,5.7,2025-10-30,Buen ritmo
U00788,10383,5.3,2025-08-16,La volveria a ver
U00788,41730,6.0,2024-11-10,Historia entretenida
U00788,2749,4.4,2025-07-15,Excelente recomendacion
U00788,26388,6.0,2026-03-13,No era lo que esperaba
U00788,303858,7.8,2024-12-08,Buena para recomendar
U00788,453,8.7,2025-06-25,Visualmente increible
U00788,10625,7.7,2025-04-19,Excelente recomendacion
U00788,650,6.6,2025-10-20,Historia entretenida
U00788,12771,4.3,2025-11-11,Me gusto bastante
U00788,2604,5.4,2025-03-02,Historia entretenida
U00789,20763,7.3,2024-08-26,Visualmente increible
U00789,30082,5.8,2023-06-22,Buena para recomendar
U00789,19153,4.4,2023-11-25,Buen ritmo
U00789,9729,5.8,2023-09-10,Excelente recomendacion
U00789,10314,5.8,2026-02-09,Gran actuacion
U00789,236751,5.7,2025-12-03,Me gusto bastante
U00789,262500,5.8,2026-03-15,Buena para recomendar
U00789,20794,5.3,2025-09-02,No era lo que esperaba
U00789,9691,6.4,2025-06-26,Excelente recomendacion
U00789,2100,7.1,2025-06-13,Gran actuacion
U00789,7873,5.7,2023-03-06,La volveria a ver
U00789,9336,7.7,2023-12-21,Buena para recomendar
U00790,1429,7.3,2026-02-08,Me gusto bastante
U00790,1366,8.2,2025-06-19,Me gusto bastante
U00790,62835,7.7,2024-09-28,Final inesperado
U00790,50837,7.6,2025-04-09,Visualmente increible
U00790,28005,4.3,2025-11-10,No era lo que esperaba
U00791,5915,9.2,2024-02-14,La volveria a ver
U00791,11866,5.3,2024-01-18,No era lo que esperaba
U00791,10930,6.5,2023-09-21,Buen ritmo
U00791,21512,6.7,2023-04-03,Historia entretenida
U00791,30379,4.7,2025-08-15,Gran actuacion
U00791,136795,6.5,2026-01-05,La volveria a ver
U00791,87729,4.3,2023-06-14,Visualmente increible
U00791,1164,6.4,2024-03-01,Buena para recomendar
U00791,155,8.5,2024-06-24,No era lo que esperaba
U00791,87,6.8,2025-07-30,Historia entretenida
U00791,38317,5.9,2023-10-09,Me gusto bastante
U00791,9691,4.9,2024-01-26,La volveria a ver
U00791,11141,6.9,2024-07-09,Visualmente increible
U00791,168,8.1,2022-12-29,Buena para recomendar
U00792,7459,4.9,2024-09-22,Excelente recomendacion
U00792,14295,8.2,2026-02-05,Excelente recomendacion
U00792,18276,5.1,2025-03-11,Gran actuacion
U00792,47502,5.1,2025-02-13,Me gusto bastante
U00792,4960,6.2,2025-03-16,No era lo que esperaba
U00792,253412,5.8,2024-11-21,La volveria a ver
U00792,1642,5.6,2025-12-02,Buena para recomendar
U00792,3595,5.1,2025-03-17,Historia entretenida
U00793,188161,6.5,2025-07-12,Gran actuacion
U00793,86837,8.4,2025-09-10,Buen ritmo
U00793,256591,8.1,2025-02-02,Buen ritmo
U00793,98557,4.3,2025-10-03,Buen ritmo
U00793,50135,5.7,2025-12-07,Buena para recomendar
U00793,391,6.8,2025-09-24,Buen ritmo
U00793,44944,7.8,2024-12-01,No era lo que esperaba
U00793,14057,6.4,2025-11-05,Gran actuacion
U00793,20737,6.7,2024-12-25,Buena para recomendar
U00794,239571,5.7,2024-04-17,Visualmente increible
U00794,13370,7.6,2024-06-27,Excelente recomendacion
U00794,29146,6.8,2025-09-09,Buena para recomendar
U00794,9434,6.8,2025-04-16,Gran actuacion
U00794,108346,7.2,2024-02-09,Buen ritmo
U00794,228203,7.0,2024-02-14,Gran actuacion
U00794,9388,8.0,2024-11-12,Buena para recomendar
U00794,712,7.9,2025-08-08,Visualmente increible
U00794,177,7.7,2026-03-15,Buen ritmo
U00794,16441,5.1,2025-08-06,Buena para recomendar
U00794,954,7.7,2026-01-12,Buen ritmo
U00794,251979,4.0,2026-02-09,Historia entretenida
U00795,13001,5.9,2025-09-30,Visualmente increible
U00795,75656,6.1,2025-04-13,Excelente recomendacion
U00795,11247,7.5,2025-01-08,Visualmente increible
U00795,217,4.9,2025-09-20,Buen ritmo
U00795,76341,6.0,2025-10-18,Visualmente increible
U00795,280,6.7,2025-08-10,Final inesperado
U00795,44555,4.2,2025-10-20,Visualmente increible
U00795,18254,6.9,2025-01-21,Buen ritmo
U00795,9816,7.4,2025-08-25,Me gusto bastante
U00796,8818,6.0,2023-06-27,No era lo que esperaba
U00796,62177,8.1,2024-10-28,Final inesperado
U00796,222899,5.0,2024-07-07,Buen ritmo
U00796,496,7.3,2022-11-26,Final inesperado
U00796,13938,6.6,2024-01-08,Buena para recomendar
U00796,31908,6.2,2024-02-22,Visualmente increible
U00796,129,9.0,2022-09-03,Historia entretenida
U00796,9310,3.9,2022-08-31,Buena para recomendar
U00797,47686,7.1,2026-03-27,Buen ritmo
U00797,616,8.5,2025-08-01,Buena para recomendar
U00797,241257,6.2,2024-05-31,Me gusto bastante
U00797,6477,4.7,2024-03-09,Me gusto bastante
U00797,98369,4.5,2025-08-01,Excelente recomendacion
U00797,38780,5.3,2025-07-11,Gran actuacion
U00797,201088,4.1,2024-09-16,No era lo que esperaba
U00797,881,7.9,2025-09-30,Excelente recomendacion
U00797,41894,6.3,2025-12-31,Buen ritmo
U00797,5126,7.5,2025-06-11,La volveria a ver
U00797,106747,3.9,2024-11-09,Final inesperado
U00797,45958,6.3,2024-10-25,Gran actuacion
U00797,19489,5.9,2024-02-17,No era lo que esperaba
U00798,693,7.0,2024-12-04,Excelente recomendacion
U00798,49010,6.4,2024-05-05,Buena para recomendar
U00798,9916,7.1,2025-08-21,Me gusto bastante
U00798,746,7.3,2025-02-26,Buen ritmo
U00798,13156,7.3,2024-01-22,Excelente recomendacion
U00798,6171,4.3,2023-11-05,La volveria a ver
U00798,41382,5.0,2024-04-10,Final inesperado
U00798,1819,5.9,2024-11-29,Excelente recomendacion
U00798,33644,6.1,2024-06-30,Me gusto bastante
U00798,13516,7.2,2023-06-29,Buen ritmo
U00798,9515,7.5,2023-11-12,No era lo que esperaba
U00798,1599,6.6,2024-06-29,Final inesperado
U00798,244786,8.2,2026-01-10,Me gusto bastante
U00798,34592,4.2,2024-02-16,Me gusto bastante
U00798,10436,7.8,2024-02-02,Buena para recomendar
U00798,9675,7.9,2023-08-12,No era lo que esperaba
U00798,27374,5.9,2025-10-17,Buen ritmo
U00799,20943,6.0,2025-12-29,La volveria a ver
U00799,11321,7.9,2026-02-16,No era lo que esperaba
U00799,244772,5.2,2026-02-17,Buen ritmo
U00799,9613,5.0,2026-03-18,Buena para recomendar
U00799,70074,4.3,2026-02-15,Final inesperado
U00799,25189,6.0,2026-01-11,Buena para recomendar
U00799,24363,5.4,2026-01-19,No era lo que esperaba
U00800,14451,6.0,2025-02-12,Final inesperado
U00800,4464,8.1,2025-01-27,Gran actuacion
U00800,10771,4.7,2026-01-31,Visualmente increible
U00800,71,8.8,2025-05-21,Gran actuacion
U00800,87826,4.7,2026-03-30,No era lo que esperaba
U00800,9945,7.0,2026-01-21,Gran actuacion
U00801,9378,4.2,2025-12-23,Final inesperado
U00801,3558,8.4,2025-04-27,Historia entretenida
U00801,12227,6.6,2025-11-22,Final inesperado
U00801,82690,7.4,2025-07-24,Buena para recomendar
U00801,10707,6.5,2025-04-05,Historia entretenida
U00801,327833,6.8,2025-07-20,Visualmente increible
U00801,14574,8.1,2025-09-13,Final inesperado
U00801,3083,6.8,2025-05-06,Final inesperado
U00801,10014,6.1,2025-09-22,Final inesperado
U00801,4258,5.5,2025-04-22,Final inesperado
U00801,70006,7.1,2026-02-14,Historia entretenida
U00801,14202,8.5,2025-05-04,Gran actuacion
U00801,71552,6.6,2025-10-01,Gran actuacion
U00802,1116,7.1,2023-03-19,Me gusto bastante
U00802,34086,5.9,2024-01-22,Historia entretenida
U00802,1365,6.3,2024-08-20,Final inesperado
U00802,13007,7.8,2024-08-13,Visualmente increible
U00802,14536,4.8,2023-10-31,Me gusto bastante
U00802,10029,5.2,2025-01-29,Me gusto bastante
U00802,15389,6.4,2024-11-29,Me gusto bastante
U00802,10137,4.9,2023-06-07,Excelente recomendacion
U00802,41233,7.6,2024-06-09,Buen ritmo
U00802,9361,8.4,2023-05-25,Historia entretenida
U00802,86838,6.6,2023-08-11,Buen ritmo
U00803,11843,5.5,2025-12-05,No era lo que esperaba
U00803,118340,9.0,2023-10-14,Final inesperado
U00803,10496,4.6,2024-04-19,Final inesperado
U00803,25132,5.6,2025-08-09,Final inesperado
U00803,6795,6.1,2023-07-08,Gran actuacion
U00803,391,7.7,2024-02-01,Gran actuacion
U00804,9957,4.8,2026-03-22,Historia entretenida
U00804,205584,6.5,2025-12-24,Visualmente increible
U00804,35696,3.4,2025-11-19,Me gusto bastante
U00805,11411,5.1,2026-04-10,Final inesperado
U00805,24748,7.9,2026-03-01,Historia entretenida
U00805,18079,7.0,2025-12-10,Buena para recomendar
U00805,322745,8.7,2026-01-04,Me gusto bastante
U00805,348,8.6,2026-01-05,La volveria a ver
U00805,8839,5.0,2025-12-16,Gran actuacion
U00805,12,8.0,2026-04-07,Final inesperado
U00805,132344,8.6,2026-02-07,Excelente recomendacion
U00805,10972,7.6,2025-12-16,Historia entretenida
U00806,226458,5.6,2024-06-11,Gran actuacion
U00806,816,7.9,2024-02-04,Buena para recomendar
U00806,24363,5.0,2023-10-28,Visualmente increible
U00806,82654,5.1,2025-01-27,Final inesperado
U00806,9806,8.3,2023-10-29,Historia entretenida
U00806,10014,4.6,2025-11-21,La volveria a ver
U00806,2057,4.4,2023-06-10,Excelente recomendacion
U00806,15092,4.7,2023-10-09,Buena para recomendar
U00807,18405,7.5,2025-08-27,Buen ritmo
U00807,9982,5.6,2025-10-09,Me gusto bastante
U00807,11257,6.4,2026-03-19,Historia entretenida
U00807,1995,4.6,2025-08-29,Me gusto bastante
U00807,106646,8.5,2025-11-12,Final inesperado
U00807,16358,6.4,2026-03-03,Buen ritmo
U00807,157058,2.8,2025-04-13,Final inesperado
U00807,714,7.0,2025-10-25,Historia entretenida
U00807,8909,6.7,2025-07-27,La volveria a ver
U00807,137106,8.1,2025-06-12,La volveria a ver
U00807,10661,5.2,2026-01-12,Excelente recomendacion
U00807,242512,4.6,2026-02-28,No era lo que esperaba
U00807,43074,4.6,2026-01-30,Buena para recomendar
U00808,11093,7.3,2024-03-11,Buen ritmo
U00808,12589,6.5,2025-10-04,La volveria a ver
U00808,1246,7.8,2025-07-15,Gran actuacion
U00808,218778,7.4,2023-01-09,Gran actuacion
U00808,250902,5.9,2023-10-18,La volveria a ver
U00808,228326,7.0,2023-12-17,Visualmente increible
U00808,120,7.2,2023-06-25,Me gusto bastante
U00808,11162,5.7,2022-11-03,Historia entretenida
U00808,40914,2.8,2024-12-05,Me gusto bastante
U00809,28260,7.4,2024-12-25,Visualmente increible
U00809,10715,7.1,2026-03-10,Gran actuacion
U00809,227159,4.9,2024-11-27,Visualmente increible
U00809,17264,7.9,2025-12-11,Visualmente increible
U00809,231617,6.2,2026-03-19,No era lo que esperaba
U00809,174311,4.8,2025-02-23,Gran actuacion
U00810,377,8.6,2026-04-03,La volveria a ver
U00810,284,6.6,2026-04-02,Me gusto bastante
U00810,286565,7.0,2026-03-23,Gran actuacion
U00810,250066,3.4,2026-03-25,Visualmente increible
U00810,38033,5.1,2026-04-03,Excelente recomendacion
U00810,10061,4.8,2026-03-23,Final inesperado
U00810,13973,6.3,2026-03-23,No era lo que esperaba
U00810,9427,8.1,2026-04-05,La volveria a ver
U00811,22972,7.6,2025-06-07,Excelente recomendacion
U00811,11545,8.6,2025-04-12,Me gusto bastante
U00811,26791,6.8,2026-03-25,Historia entretenida
U00811,76163,4.8,2025-12-15,Me gusto bastante
U00811,53256,4.8,2024-07-27,Me gusto bastante
U00811,20794,6.5,2025-07-24,La volveria a ver
U00811,40428,6.6,2024-08-02,Buen ritmo
U00811,20083,6.6,2025-06-10,Gran actuacion
U00811,73935,4.1,2025-06-19,No era lo que esperaba
U00811,8069,7.2,2025-03-01,La volveria a ver
U00811,158150,4.1,2025-10-24,La volveria a ver
U00812,642,5.9,2025-10-04,Excelente recomendacion
U00812,225886,5.0,2025-06-20,No era lo que esperaba
U00812,1538,8.0,2025-06-12,No era lo que esperaba
U00813,9833,8.0,2024-12-04,No era lo que esperaba
U00813,60463,4.8,2025-08-04,La volveria a ver
U00813,261,8.5,2024-12-19,Historia entretenida
U00813,10054,5.4,2025-04-18,La volveria a ver
U00813,500,8.8,2025-12-05,La volveria a ver
U00813,50780,5.4,2025-05-11,No era lo que esperaba
U00813,146233,8.4,2025-05-23,Gran actuacion
U00813,9981,5.4,2025-09-02,Final inesperado
U00813,70981,5.1,2025-07-21,Buen ritmo
U00813,46420,7.1,2025-08-24,Me gusto bastante
U00813,257932,5.7,2025-11-20,Historia entretenida
U00813,165,7.1,2024-12-30,No era lo que esperaba
U00813,22314,4.8,2025-11-13,Gran actuacion
U00813,8842,4.2,2026-02-17,Buena para recomendar
U00813,10003,5.4,2024-11-15,Buena para recomendar
U00813,45317,6.1,2025-05-14,Excelente recomendacion
U00814,54054,6.4,2026-03-08,Visualmente increible
U00814,11683,6.5,2025-01-08,Final inesperado
U00814,510,9.3,2025-07-25,Visualmente increible
U00814,2637,5.4,2025-11-24,Excelente recomendacion
U00814,2501,8.8,2024-07-20,No era lo que esperaba
U00814,9647,6.7,2025-05-27,Visualmente increible
U00814,60243,8.0,2026-01-25,No era lo que esperaba
U00814,13805,2.2,2026-02-11,La volveria a ver
U00814,12,7.6,2024-09-24,Visualmente increible
U00814,1988,6.6,2025-02-14,Historia entretenida
U00815,1777,7.0,2025-10-23,Visualmente increible
U00815,239573,5.4,2025-10-23,Buena para recomendar
U00815,44603,5.1,2026-02-17,Gran actuacion
U00815,134374,7.0,2025-08-07,La volveria a ver
U00815,1422,8.9,2025-05-17,Me gusto bastante
U00815,11194,6.3,2025-03-05,No era lo que esperaba
U00816,1251,8.0,2026-03-17,Buena para recomendar
U00816,21283,4.0,2026-03-08,No era lo que esperaba
U00816,200,6.4,2026-04-10,Buen ritmo
U00816,14324,3.5,2026-04-09,Buen ritmo
U00816,10632,6.6,2026-04-04,La volveria a ver
U00816,168,5.8,2026-03-19,Historia entretenida
U00817,78149,1.7,2025-08-10,Buena para recomendar
U00817,6016,5.7,2025-01-23,Buen ritmo
U00817,1073,7.9,2025-06-11,Excelente recomendacion
U00817,10781,6.8,2025-08-10,Buen ritmo
U00817,102840,6.4,2024-06-06,Historia entretenida
U00817,10996,5.3,2025-08-17,Final inesperado
U00817,48463,5.8,2025-11-08,Buen ritmo
U00817,954,7.7,2024-08-05,La volveria a ver
U00817,55123,5.8,2024-04-04,Final inesperado
U00817,10935,5.0,2025-05-09,Buen ritmo
U00818,38757,8.6,2025-08-28,No era lo que esperaba
U00818,75674,6.7,2025-11-29,Excelente recomendacion
U00818,192136,5.6,2025-08-11,Gran actuacion
U00818,322,8.4,2025-11-01,Gran actuacion
U00818,5708,7.7,2026-01-09,No era lo que esperaba
U00818,7303,5.5,2025-09-10,Me gusto bastante
U00819,12163,6.6,2025-09-19,Final inesperado
U00819,87826,5.3,2023-08-06,Me gusto bastante
U00819,70670,6.4,2025-07-19,Visualmente increible
U00819,116584,8.2,2024-10-03,Me gusto bastante
U00819,54518,6.1,2025-08-06,Final inesperado
U00819,79161,7.7,2024-04-12,Excelente recomendacion
U00819,468,8.6,2025-02-27,Historia entretenida
U00819,51384,6.7,2024-01-11,Historia entretenida
U00819,158150,6.6,2025-04-22,La volveria a ver
U00819,10844,4.8,2025-02-12,Buena para recomendar
U00819,10192,5.7,2023-12-08,Gran actuacion
U00819,9686,7.6,2025-06-27,Historia entretenida
U00819,21494,6.2,2024-02-15,Visualmente increible
U00819,227348,5.9,2023-12-18,Excelente recomendacion
U00819,72545,6.4,2026-04-06,Historia entretenida
U00819,27374,5.1,2024-09-13,Final inesperado
U00820,4959,4.6,2026-04-04,Final inesperado
U00820,292539,6.7,2026-03-16,Me gusto bastante
U00820,13279,5.0,2026-03-12,Visualmente increible
U00820,49021,6.3,2026-04-10,No era lo que esperaba
U00820,121826,6.5,2026-04-02,Visualmente increible
U00820,296099,5.5,2026-03-31,Me gusto bastante
U00820,7870,4.4,2026-03-10,Buen ritmo
U00820,14191,6.8,2026-03-25,Gran actuacion
U00820,1830,6.1,2026-03-10,Final inesperado
U00820,5955,7.1,2026-03-10,No era lo que esperaba
U00820,39254,5.7,2026-03-08,La volveria a ver
U00821,4105,6.8,2025-08-02,Historia entretenida
U00821,1548,6.7,2023-03-06,Visualmente increible
U00821,11004,7.8,2025-08-24,No era lo que esperaba
U00821,11237,5.4,2023-02-24,Buena para recomendar
U00821,179144,8.0,2024-10-08,No era lo que esperaba
U00821,11353,5.5,2023-02-03,Buen ritmo
U00821,241259,7.2,2023-01-24,Excelente recomendacion
U00821,264999,5.5,2024-07-20,Historia entretenida
U00822,795,7.3,2023-11-05,Buena para recomendar
U00822,252512,4.5,2023-07-11,No era lo que esperaba
U00822,10390,6.7,2025-06-17,Buen ritmo
U00822,256962,8.0,2022-11-22,Me gusto bastante
U00822,10623,5.9,2023-12-19,La volveria a ver
U00822,1624,5.2,2023-03-10,Final inesperado
U00822,9549,6.8,2025-11-27,Buena para recomendar
U00822,9963,6.7,2026-02-12,Buena para recomendar
U00822,26367,5.4,2025-05-30,Visualmente increible
U00822,1646,7.3,2023-06-07,Excelente recomendacion
U00823,217,5.3,2026-03-24,Gran actuacion
U00823,11460,6.3,2026-01-13,Excelente recomendacion
U00823,75638,6.6,2026-02-18,Final inesperado
U00823,1911,7.4,2026-01-17,La volveria a ver
U00823,17345,7.2,2026-03-03,Me gusto bastante
U00823,2698,5.7,2026-03-29,No era lo que esperaba
U00823,2270,6.2,2026-03-04,La volveria a ver
U00823,8818,7.2,2026-02-17,Final inesperado
U00823,4550,8.6,2026-01-19,Buen ritmo
U00823,35691,7.4,2026-01-07,Me gusto bastante
U00823,4379,5.2,2026-03-02,Buena para recomendar
U00824,94072,3.0,2025-05-26,Me gusto bastante
U00824,25968,6.0,2024-05-24,Visualmente increible
U00824,13973,5.6,2023-07-20,Historia entretenida
U00824,40769,7.4,2026-03-17,Gran actuacion
U00824,14396,4.7,2024-09-14,Buena para recomendar
U00824,14177,6.5,2026-03-08,Gran actuacion
U00824,12109,7.2,2023-12-10,Me gusto bastante
U00824,98549,3.3,2024-01-17,Excelente recomendacion
U00824,13460,6.6,2024-06-11,Buena para recomendar
U00824,8741,8.6,2025-02-15,Historia entretenida
U00825,69848,9.3,2026-03-07,Buena para recomendar
U00825,24621,6.1,2025-09-09,Excelente recomendacion
U00825,109513,4.4,2024-11-27,Excelente recomendacion
U00826,4011,7.6,2025-07-29,Me gusto bastante
U00826,242095,7.2,2026-01-08,Me gusto bastante
U00826,27585,6.0,2025-08-17,Me gusto bastante
U00826,284293,6.8,2025-09-07,Excelente recomendacion
U00826,3021,7.4,2025-07-12,Gran actuacion
U00826,48572,4.4,2025-10-15,Visualmente increible
U00826,3083,6.6,2026-01-28,No era lo que esperaba
U00826,13805,2.4,2025-10-02,Me gusto bastante
U00826,14405,3.9,2025-07-16,Me gusto bastante
U00826,9779,7.1,2025-08-09,Gran actuacion
U00826,83666,6.6,2025-12-07,Visualmente increible
U00827,13079,5.6,2023-10-16,No era lo que esperaba
U00827,9781,6.9,2024-05-30,Buena para recomendar
U00827,6073,4.8,2024-08-13,Buena para recomendar
U00827,20653,6.2,2025-09-09,Buen ritmo
U00827,31908,7.2,2025-10-09,Excelente recomendacion
U00827,227975,6.7,2024-04-12,Buena para recomendar
U00828,8875,6.6,2025-10-14,No era lo que esperaba
U00828,109417,5.5,2024-06-01,Excelente recomendacion
U00828,206563,6.4,2024-03-25,No era lo que esperaba
U00828,25212,7.5,2024-11-30,Me gusto bastante
U00828,2009,7.7,2025-08-12,No era lo que esperaba
U00828,24021,5.9,2024-01-22,Visualmente increible
U00828,10871,5.7,2026-04-02,No era lo que esperaba
U00829,10439,7.5,2026-03-08,Final inesperado
U00829,809,7.3,2024-03-27,Me gusto bastante
U00829,24055,6.6,2023-07-17,Historia entretenida
U00829,8488,7.9,2026-01-01,Me gusto bastante
U00829,7453,6.2,2025-04-02,Buena para recomendar
U00829,6440,6.8,2024-06-29,No era lo que esperaba
U00829,9600,4.1,2024-11-15,Buen ritmo
U00829,24428,7.2,2024-05-04,Historia entretenida
U00829,4379,5.8,2024-08-08,Historia entretenida
U00829,338,6.2,2023-07-07,Historia entretenida
U00829,60307,5.7,2023-11-11,No era lo que esperaba
U00829,10674,7.3,2026-01-06,No era lo que esperaba
U00830,11027,7.8,2023-10-04,Visualmente increible
U00830,3472,5.6,2023-05-14,Excelente recomendacion
U00830,7874,7.6,2024-12-01,La volveria a ver
U00830,316002,3.7,2025-05-21,La volveria a ver
U00830,19898,7.4,2023-05-06,La volveria a ver
U00830,453,7.2,2023-12-29,Historia entretenida
U00830,35199,6.7,2024-05-07,No era lo que esperaba
U00831,18734,7.5,2026-04-10,Buena para recomendar
U00831,40264,5.1,2026-04-10,Excelente recomendacion
U00831,27029,6.2,2026-04-10,Final inesperado
U00831,1690,6.3,2026-04-10,Historia entretenida
U00831,4474,5.5,2026-04-10,Buen ritmo
U00832,35032,5.9,2024-08-31,Gran actuacion
U00832,140823,7.4,2025-09-07,Gran actuacion
U00832,834,5.7,2025-06-20,No era lo que esperaba
U00833,12207,8.1,2024-08-30,La volveria a ver
U00833,361475,6.5,2024-02-12,Historia entretenida
U00833,14976,5.6,2024-01-06,Historia entretenida
U00833,110415,7.0,2025-12-14,Me gusto bastante
U00833,6038,5.2,2024-12-25,Buena para recomendar
U00833,11322,5.1,2025-05-08,No era lo que esperaba
U00833,22256,4.9,2024-04-10,Me gusto bastante
U00833,10637,6.9,2026-02-14,Buena para recomendar
U00833,43935,4.9,2025-04-12,Final inesperado
U00833,225235,6.1,2026-02-07,No era lo que esperaba
U00834,4614,6.4,2025-09-21,Final inesperado
U00834,103328,7.0,2025-10-02,Final inesperado
U00834,317930,5.0,2026-01-15,Visualmente increible
U00834,216015,6.5,2026-02-22,La volveria a ver
U00834,15394,5.9,2026-04-04,Buena para recomendar
U00834,19899,5.1,2025-06-14,Final inesperado
U00834,1430,6.7,2025-08-30,Visualmente increible
U00834,27551,4.2,2025-11-17,Excelente recomendacion
U00834,38317,4.3,2025-07-29,La volveria a ver
U00834,49026,7.7,2025-09-20,Final inesperado
U00834,45272,6.4,2025-06-03,Final inesperado
U00834,15907,5.6,2026-01-21,Buen ritmo
U00834,24746,6.7,2026-01-22,Final inesperado
U00834,14758,7.5,2025-07-11,Visualmente increible
U00835,680,8.8,2026-01-18,Visualmente increible
U00835,37414,6.3,2025-12-17,Historia entretenida
U00835,837,6.8,2026-03-31,Visualmente increible
U00836,2293,8.2,2023-09-10,Buen ritmo
U00836,68684,6.9,2025-02-22,Final inesperado
U00836,59981,4.9,2025-12-30,Visualmente increible
U00836,144340,4.0,2024-01-20,Visualmente increible
U00836,10068,7.2,2025-07-10,Excelente recomendacion
U00836,19898,6.4,2023-12-10,Excelente recomendacion
U00836,14057,4.3,2023-06-28,Buen ritmo
U00836,573,6.0,2024-12-04,Buena para recomendar
U00836,65203,3.8,2024-12-21,Visualmente increible
U00837,34851,5.7,2023-11-15,Gran actuacion
U00837,10878,4.8,2023-08-12,Historia entretenida
U00837,35169,4.0,2025-08-02,Visualmente increible
U00837,15489,4.1,2024-03-23,Excelente recomendacion
U00837,205596,9.2,2024-12-24,Buena para recomendar
U00837,11404,5.3,2025-11-16,Gran actuacion
U00837,338,8.6,2026-02-27,La volveria a ver
U00837,769,8.5,2024-02-01,Buen ritmo
U00838,12183,5.3,2026-03-20,Excelente recomendacion
U00838,11398,5.9,2026-01-19,La volveria a ver
U00838,225574,7.1,2025-12-22,Excelente recomendacion
U00838,9664,6.4,2026-01-03,Final inesperado
U00838,10998,7.7,2026-02-15,Final inesperado
U00838,360188,1.8,2026-02-27,Historia entretenida
U00838,550,8.5,2026-04-09,La volveria a ver
U00838,2268,6.6,2026-04-08,Historia entretenida
U00838,10999,7.9,2026-04-10,Historia entretenida
U00838,819,7.0,2026-01-18,Buena para recomendar
U00839,10163,5.8,2025-05-21,Buen ritmo
U00839,16351,6.7,2025-07-02,Buen ritmo
U00839,9045,8.2,2026-02-17,La volveria a ver
U00839,69848,9.6,2025-10-15,Excelente recomendacion
U00839,20455,5.7,2025-05-28,Me gusto bastante
U00839,9728,5.9,2025-12-30,Final inesperado
U00839,15394,7.9,2025-02-22,Historia entretenida
U00839,23759,4.5,2026-01-14,Visualmente increible
U00839,122,8.0,2025-10-06,Visualmente increible
U00839,10410,5.1,2025-06-20,La volveria a ver
U00839,57212,6.4,2026-02-21,No era lo que esperaba
U00839,2567,7.1,2024-11-29,Gran actuacion
U00839,6950,7.4,2024-11-14,Final inesperado
U00839,244786,9.3,2025-09-25,Historia entretenida
U00839,28029,7.6,2026-03-24,La volveria a ver
U00840,1777,5.5,2023-06-13,Me gusto bastante
U00840,367961,7.3,2025-03-22,La volveria a ver
U00840,5915,8.7,2023-04-02,Me gusto bastante
U00840,9801,5.5,2024-10-27,Visualmente increible
U00840,9923,5.8,2023-03-01,La volveria a ver
U00840,7980,7.6,2023-03-17,Visualmente increible
U00840,44147,5.0,2025-05-29,Gran actuacion
U00840,68179,5.8,2024-01-16,Historia entretenida
U00840,10077,3.5,2024-03-21,Buen ritmo
U00840,540,5.7,2025-07-18,La volveria a ver
U00840,10674,7.9,2024-04-21,Me gusto bastante
U00840,44639,6.2,2025-08-03,Visualmente increible
U00840,43418,7.9,2024-06-26,Me gusto bastante
U00840,5279,7.8,2026-01-14,Historia entretenida
U00840,291805,7.9,2023-02-13,Historia entretenida
U00841,193613,7.6,2025-04-16,Gran actuacion
U00841,304357,7.1,2024-10-24,Gran actuacion
U00841,2018,5.2,2025-09-13,La volveria a ver
U00841,821,8.1,2026-03-10,No era lo que esperaba
U00841,401,8.6,2024-07-06,Me gusto bastante
U00841,37232,6.6,2025-11-26,Me gusto bastante
U00842,9315,5.2,2023-12-31,No era lo que esperaba
U00842,232672,7.1,2025-10-25,Me gusto bastante
U00842,11516,8.4,2025-11-07,Final inesperado
U00842,27936,7.7,2024-06-16,Visualmente increible
U00842,9266,4.4,2025-02-22,Buen ritmo
U00842,395,5.3,2025-05-06,Visualmente increible
U00842,2270,6.6,2025-10-13,Historia entretenida
U00842,26710,4.4,2024-09-18,No era lo que esperaba
U00842,13809,8.1,2026-02-22,No era lo que esperaba
U00842,657,6.8,2025-10-01,Visualmente increible
U00842,13260,6.1,2024-01-31,Final inesperado
U00842,256274,5.7,2023-05-06,Final inesperado
U00843,58048,1.8,2025-05-04,Excelente recomendacion
U00843,4995,8.1,2026-02-21,Buen ritmo
U00843,11156,7.5,2025-05-22,Buena para recomendar
U00843,13121,6.5,2026-01-06,Me gusto bastante
U00843,8009,5.8,2024-06-09,Final inesperado
U00843,1624,7.4,2024-01-13,Excelente recomendacion
U00843,226,5.9,2023-05-11,Historia entretenida
U00843,11635,5.4,2022-10-13,Buen ritmo
U00844,35019,7.1,2025-01-09,Gran actuacion
U00844,296099,7.4,2025-05-08,Visualmente increible
U00844,11460,7.4,2024-04-29,Buen ritmo
U00844,49017,4.8,2023-07-01,Historia entretenida
U00844,210577,9.2,2025-05-13,La volveria a ver
U00844,14623,2.9,2024-09-22,Visualmente increible
U00845,9647,6.6,2026-03-18,Buena para recomendar
U00845,23629,5.1,2025-03-22,Excelente recomendacion
U00845,22907,5.7,2024-11-22,No era lo que esperaba
U00845,1365,7.8,2024-12-13,Final inesperado
U00845,9408,5.3,2025-03-23,Historia entretenida
U00845,1487,5.6,2024-06-12,Buen ritmo
U00845,10641,6.7,2025-10-05,Excelente recomendacion
U00845,987,7.7,2023-03-28,Final inesperado
U00845,47327,4.2,2025-06-04,Gran actuacion
U00846,76617,4.6,2024-08-15,Visualmente increible
U00846,680,9.4,2025-09-07,La volveria a ver
U00846,38356,6.0,2025-11-14,Buena para recomendar
U00846,46838,6.8,2025-10-05,Buena para recomendar
U00846,68202,5.7,2023-01-23,Buen ritmo
U00846,11596,7.4,2023-01-25,Excelente recomendacion
U00847,44564,5.5,2025-06-13,Excelente recomendacion
U00847,308467,4.2,2024-10-22,La volveria a ver
U00847,10647,6.0,2025-04-06,Visualmente increible
U00847,218,7.4,2024-08-20,Buen ritmo
U00847,85,6.2,2023-05-21,No era lo que esperaba
U00847,559,5.9,2025-06-17,Final inesperado
U00847,242575,7.4,2024-10-26,La volveria a ver
U00847,64559,7.8,2026-01-05,Final inesperado
U00847,323675,6.4,2023-07-01,La volveria a ver
U00847,150689,6.0,2023-12-29,Visualmente increible
U00847,12,8.6,2024-12-24,Buen ritmo
U00848,11219,8.2,2026-03-22,Historia entretenida
U00848,10160,4.9,2026-04-06,La volveria a ver
U00848,18360,5.9,2026-03-19,Historia entretenida
U00848,46849,7.0,2026-04-06,Excelente recomendacion
U00848,39037,6.9,2026-04-03,Gran actuacion
U00848,44115,7.6,2026-03-17,Visualmente increible
U00848,88005,6.0,2026-04-04,Buena para recomendar
U00848,9567,6.4,2026-04-01,Visualmente increible
U00848,67911,3.4,2026-03-24,No era lo que esperaba
U00849,9772,6.0,2024-05-19,No era lo que esperaba
U00849,69,7.4,2024-01-22,La volveria a ver
U00849,29122,6.3,2024-08-24,Historia entretenida
U00849,142061,7.3,2024-08-19,Buen ritmo
U00849,4944,6.7,2023-08-22,Buen ritmo
U00850,11499,7.8,2025-12-14,Buena para recomendar
U00850,792,7.2,2025-05-19,Visualmente increible
U00850,71157,8.4,2024-08-05,Me gusto bastante
U00850,235,7.4,2024-04-01,Buena para recomendar
U00850,12404,7.1,2023-08-03,Visualmente increible
U00850,35944,5.9,2025-08-13,Final inesperado
U00850,188166,8.2,2023-11-28,No era lo que esperaba
U00851,310569,7.3,2025-09-15,No era lo que esperaba
U00851,14175,4.6,2024-07-01,No era lo que esperaba
U00851,816,7.4,2024-08-05,Me gusto bastante
U00851,11283,7.0,2025-07-22,Final inesperado
U00851,2355,8.5,2025-03-15,Final inesperado
U00851,222649,6.4,2024-11-05,Buen ritmo
U00851,82695,5.9,2026-03-11,Buen ritmo
U00851,7485,6.1,2024-10-11,Excelente recomendacion
U00851,7006,5.3,2025-12-07,Buena para recomendar
U00851,10663,4.9,2025-02-26,Excelente recomendacion
U00851,10050,4.1,2024-04-29,Gran actuacion
U00851,12160,6.8,2025-12-14,Visualmente increible
U00851,50698,6.6,2025-05-25,Buen ritmo
U00852,113947,6.6,2026-01-06,Final inesperado
U00852,202575,6.3,2024-06-28,Buen ritmo
U00852,12703,6.4,2025-06-09,Buen ritmo
U00852,314365,7.4,2024-07-18,Me gusto bastante
U00852,1995,5.7,2023-09-07,Buen ritmo
U00852,9779,6.4,2025-04-02,Visualmente increible
U00852,122,9.2,2024-05-09,Excelente recomendacion
U00852,576,8.4,2025-07-25,Final inesperado
U00852,17926,5.7,2024-08-04,Me gusto bastante
U00852,12779,3.7,2024-10-11,No era lo que esperaba
U00852,1646,8.3,2025-07-12,Buen ritmo
U00852,17917,6.5,2025-04-08,La volveria a ver
U00852,10025,6.2,2025-12-17,Final inesperado
U00852,1422,8.7,2025-05-04,Visualmente increible
U00853,1621,6.2,2024-04-15,Buena para recomendar
U00853,45791,8.1,2023-12-25,Me gusto bastante
U00853,10140,7.6,2026-01-21,Historia entretenida
U00853,9036,8.0,2025-11-13,Me gusto bastante
U00853,33430,6.9,2025-10-01,Excelente recomendacion
U00853,13937,6.8,2023-10-06,Visualmente increible
U00853,6961,7.2,2023-09-19,Excelente recomendacion
U00853,137,7.7,2023-08-09,La volveria a ver
U00853,62211,8.1,2024-01-29,La volveria a ver
U00853,15013,5.5,2023-01-08,Visualmente increible
U00853,243940,6.3,2023-10-10,Buen ritmo
U00854,11202,8.0,2025-08-06,La volveria a ver
U00854,24126,5.5,2024-11-03,Gran actuacion
U00854,36657,5.9,2024-11-12,Final inesperado
U00854,323967,4.4,2025-01-10,Historia entretenida
U00854,245846,6.5,2024-08-14,Buen ritmo
U00854,1691,5.7,2023-09-05,Buena para recomendar
U00854,11199,5.3,2026-01-09,Final inesperado
U00854,29064,3.3,2024-03-13,Excelente recomendacion
U00854,242512,4.8,2024-08-10,Excelente recomendacion
U00855,14474,4.8,2022-11-04,Final inesperado
U00855,10610,5.9,2023-09-02,Buen ritmo
U00855,277216,7.7,2025-09-15,Me gusto bastante
U00855,12096,5.7,2023-12-29,Visualmente increible
U00855,10017,5.7,2025-07-08,La volveria a ver
U00855,176124,6.2,2023-04-27,Buena para recomendar
U00855,11404,5.4,2025-01-18,Excelente recomendacion
U00855,1273,4.6,2024-09-24,Buena para recomendar
U00856,10934,6.0,2025-01-01,Visualmente increible
U00856,4347,8.8,2025-11-09,Buena para recomendar
U00856,76489,4.5,2025-05-16,Buena para recomendar
U00856,10610,4.3,2024-10-25,Excelente recomendacion
U00856,15013,7.7,2025-12-17,Gran actuacion
U00856,3512,6.7,2026-02-21,Gran actuacion
U00857,3683,7.9,2025-11-26,Final inesperado
U00857,9304,4.3,2025-06-30,Me gusto bastante
U00858,10641,5.7,2026-01-13,Gran actuacion
U00858,37903,8.2,2025-06-30,Final inesperado
U00858,424,8.7,2024-10-10,No era lo que esperaba
U00858,27205,7.5,2025-04-20,Buena para recomendar
U00858,3766,6.4,2026-03-21,Buena para recomendar
U00858,24150,4.3,2024-07-21,La volveria a ver
U00858,752,6.7,2025-10-21,Historia entretenida
U00858,49517,5.9,2025-09-24,Gran actuacion
U00858,73567,7.5,2025-10-05,Buen ritmo
U00858,49444,6.7,2026-01-18,La volveria a ver
U00858,46138,7.6,2025-03-24,Final inesperado
U00858,12403,7.4,2025-03-10,Historia entretenida
U00859,11321,7.1,2024-03-19,Buen ritmo
U00859,13785,6.3,2025-11-04,Final inesperado
U00859,10760,7.2,2024-12-24,Buena para recomendar
U00859,272878,5.6,2025-07-20,Me gusto bastante
U00859,28211,5.8,2025-05-14,Visualmente increible
U00859,104896,5.9,2024-04-27,No era lo que esperaba
U00860,24913,5.1,2023-10-18,Buena para recomendar
U00860,581,8.1,2025-02-07,Gran actuacion
U00860,43090,6.6,2024-01-22,Me gusto bastante
U00860,18785,8.0,2023-12-10,Historia entretenida
U00860,15992,3.6,2024-12-18,La volveria a ver
U00860,55720,6.2,2024-09-11,Historia entretenida
U00860,4518,5.8,2025-03-27,Buen ritmo
U00861,60421,7.4,2026-01-14,No era lo que esperaba
U00861,11351,5.8,2025-11-16,La volveria a ver
U00861,55,9.0,2025-12-28,Gran actuacion
U00861,59860,5.0,2025-11-15,Excelente recomendacion
U00861,53502,4.6,2026-01-23,Excelente recomendacion
U00861,29514,5.2,2025-11-24,Final inesperado
U00861,1538,8.5,2026-01-25,La volveria a ver
U00861,7303,4.2,2026-04-07,Buen ritmo
U00861,256274,7.6,2025-11-21,Visualmente increible
U00862,8587,9.4,2025-12-16,Final inesperado
U00862,146,8.5,2025-12-30,Excelente recomendacion
U00862,11529,4.7,2026-03-15,Me gusto bastante
U00862,76170,7.2,2025-12-19,Gran actuacion
U00862,251,7.6,2026-01-29,Me gusto bastante
U00862,12819,4.0,2025-11-20,Gran actuacion
U00862,644,5.3,2025-11-12,Buena para recomendar
U00862,1598,6.0,2026-03-21,Gran actuacion
U00862,56292,5.5,2026-01-23,No era lo que esperaba
U00862,935,7.0,2025-11-15,La volveria a ver
U00862,83542,5.4,2026-03-16,Buena para recomendar
U00862,15189,4.6,2026-03-31,Gran actuacion
U00862,462,7.3,2025-12-31,Me gusto bastante
U00863,19,6.9,2025-10-15,Me gusto bastante
U00863,22600,6.8,2026-01-17,Final inesperado
U00863,356987,5.2,2026-01-06,La volveria a ver
U00863,2116,7.3,2025-12-08,Buena para recomendar
U00863,76349,3.9,2025-11-08,Historia entretenida
U00863,37842,6.5,2025-12-18,Buen ritmo
U00863,100241,4.7,2026-02-27,Me gusto bastante
U00863,274167,4.9,2026-03-20,Visualmente increible
U00863,20526,6.7,2026-03-29,No era lo que esperaba
U00863,239566,5.6,2026-03-04,Buen ritmo
U00863,43074,6.6,2026-03-28,Buen ritmo
U00864,11667,5.3,2026-03-26,No era lo que esperaba
U00864,542,7.1,2026-03-13,Buen ritmo
U00864,2105,7.8,2026-02-03,Historia entretenida
U00864,3512,6.6,2025-12-22,Buena para recomendar
U00864,18516,6.9,2026-04-04,Gran actuacion
U00864,10029,4.9,2026-02-22,Gran actuacion
U00864,3062,6.0,2026-02-01,Excelente recomendacion
U00864,173224,7.1,2026-02-13,Final inesperado
U00864,9557,3.5,2026-04-10,No era lo que esperaba
U00864,216282,5.9,2026-02-07,Gran actuacion
U00864,24266,7.1,2026-01-24,Me gusto bastante
U00864,8224,5.9,2025-12-28,La volveria a ver
U00865,10642,5.9,2026-03-25,Historia entretenida
U00865,26306,5.6,2025-08-06,La volveria a ver
U00865,14834,5.5,2025-12-21,Gran actuacion
U00865,174,5.9,2023-08-23,Final inesperado
U00865,19908,8.6,2023-08-07,Excelente recomendacion
U00866,24418,5.5,2025-10-16,Gran actuacion
U00866,9502,6.7,2024-05-27,No era lo que esperaba
U00866,14160,7.8,2024-08-12,Excelente recomendacion
U00866,49020,7.4,2025-07-01,Gran actuacion
U00866,11592,5.8,2023-08-21,Buen ritmo
U00866,77948,5.2,2026-02-08,Gran actuacion
U00867,144336,5.6,2022-10-16,Excelente recomendacion
U00867,19405,5.4,2023-02-22,La volveria a ver
U00867,25312,4.7,2025-01-03,Gran actuacion
U00867,13536,6.4,2022-12-21,Excelente recomendacion
U00867,27995,7.1,2025-11-07,Visualmente increible
U00867,274,7.7,2024-08-21,No era lo que esperaba
U00867,9266,6.6,2025-12-08,Excelente recomendacion
U00867,72086,6.4,2024-11-08,Gran actuacion
U00867,7459,5.0,2022-10-29,Historia entretenida
U00867,138103,5.5,2025-08-29,La volveria a ver
U00867,34314,3.9,2025-08-08,La volveria a ver
U00867,30315,5.6,2022-10-28,Historia entretenida
U00868,1955,7.1,2022-09-13,Me gusto bastante
U00868,283445,6.6,2024-05-13,Buen ritmo
U00868,141,6.9,2026-02-05,Buena para recomendar
U00868,10115,6.9,2026-03-18,Historia entretenida
U00868,425,7.6,2022-11-02,Historia entretenida
U00868,26367,5.8,2022-08-08,Historia entretenida
U00868,2105,6.3,2024-12-25,La volveria a ver
U00869,209112,5.8,2026-03-02,Visualmente increible
U00869,122917,6.2,2024-10-20,Visualmente increible
U00869,28353,6.3,2026-01-29,Me gusto bastante
U00869,158015,7.4,2025-01-19,Visualmente increible
U00869,21801,5.3,2024-03-17,Historia entretenida
U00869,12212,5.5,2023-06-05,Buena para recomendar
U00869,161795,9.2,2024-04-18,Gran actuacion
U00869,21301,6.5,2025-04-11,Buen ritmo
U00869,10353,5.9,2026-01-13,Final inesperado
U00870,342521,7.4,2025-06-27,La volveria a ver
U00870,15049,6.4,2025-07-28,La volveria a ver
U00870,9335,7.0,2024-12-05,Gran actuacion
U00870,8859,6.2,2025-01-12,Historia entretenida
U00870,11827,6.1,2025-02-23,Buen ritmo
U00870,20737,5.4,2025-10-07,Buena para recomendar
U00870,795,5.4,2025-05-23,Excelente recomendacion
U00870,15365,4.9,2024-10-19,No era lo que esperaba
U00870,14451,7.6,2024-11-07,No era lo que esperaba
U00870,67660,7.3,2025-03-29,Visualmente increible
U00870,16186,6.7,2025-10-26,Buena para recomendar
U00870,327833,4.3,2025-05-08,Buena para recomendar
U00870,4133,8.2,2024-10-15,Gran actuacion
U00870,55903,7.9,2025-07-04,No era lo que esperaba
U00870,15250,6.9,2025-03-19,No era lo que esperaba
U00871,11676,7.7,2023-06-06,Visualmente increible
U00871,20829,6.6,2024-10-26,Excelente recomendacion
U00871,10663,5.0,2024-06-09,Final inesperado
U00871,2453,6.0,2026-01-02,Buen ritmo
U00871,10179,5.0,2024-03-24,Buena para recomendar
U00872,790,7.1,2026-03-29,No era lo que esperaba
U00872,8836,6.4,2026-03-21,Final inesperado
U00872,62630,5.5,2025-02-11,Final inesperado
U00872,9621,7.0,2024-09-26,Historia entretenida
U00872,10131,6.3,2024-06-09,Historia entretenida
U00872,14351,4.7,2025-12-21,Gran actuacion
U00872,34335,6.2,2025-07-07,Excelente recomendacion
U00872,24664,5.4,2025-10-11,Gran actuacion
U00872,17654,6.9,2025-07-06,Historia entretenida
U00872,188166,6.0,2024-12-03,Excelente recomendacion
U00872,13807,8.2,2025-06-23,Me gusto bastante
U00872,32456,5.6,2026-04-08,Excelente recomendacion
U00872,153518,5.7,2025-10-26,Historia entretenida
U00872,16358,6.7,2026-01-31,Buen ritmo
U00872,18254,6.1,2025-04-08,Final inesperado
U00873,2832,7.5,2025-02-07,Historia entretenida
U00873,15655,7.7,2025-08-15,Buen ritmo
U00873,31908,5.3,2025-03-04,No era lo que esperaba
U00873,525,6.1,2024-10-06,Historia entretenida
U00873,11025,6.0,2023-12-17,Buen ritmo
U00873,96534,6.6,2024-01-12,La volveria a ver
U00873,345911,7.6,2023-01-06,No era lo que esperaba
U00873,11371,6.9,2023-03-22,Buen ritmo
U00873,244403,8.5,2026-03-07,Buen ritmo
U00873,109431,7.0,2025-08-24,La volveria a ver
U00873,5769,5.4,2024-03-01,Excelente recomendacion
U00874,10320,5.7,2025-06-26,Gran actuacion
U00874,50135,5.5,2024-05-14,Gran actuacion
U00874,8051,8.1,2025-04-17,Historia entretenida
U00874,223,8.1,2024-08-20,Me gusto bastante
U00874,84200,5.8,2024-03-05,La volveria a ver
U00875,4256,4.3,2026-02-16,No era lo que esperaba
U00875,56930,7.8,2026-02-21,Buena para recomendar
U00875,8007,5.5,2026-03-29,Excelente recomendacion
U00875,172,6.4,2026-01-20,No era lo que esperaba
U00875,39437,5.8,2026-01-04,Final inesperado
U00875,401,6.1,2026-04-07,Buena para recomendar
U00875,62835,5.8,2026-02-23,Gran actuacion
U00875,80321,6.9,2026-02-15,Historia entretenida
U00876,273248,6.5,2025-10-18,Excelente recomendacion
U00876,133805,4.6,2023-03-30,Historia entretenida
U00876,26306,5.8,2025-04-18,Excelente recomendacion
U00876,27023,5.1,2026-02-12,Excelente recomendacion
U00876,671,6.2,2022-11-17,No era lo que esperaba
U00876,26367,6.0,2023-12-20,Buen ritmo
U00876,627,8.3,2023-06-12,Buen ritmo
U00877,9763,5.3,2025-11-27,Visualmente increible
U00877,277216,7.1,2025-05-30,Gran actuacion
U00877,8818,5.4,2026-02-06,Me gusto bastante
U00877,84355,5.3,2025-01-17,Excelente recomendacion
U00877,109410,6.4,2024-12-13,Me gusto bastante
U00877,9800,8.3,2026-02-10,Me gusto bastante
U00877,13982,5.2,2025-11-21,Buena para recomendar
U00877,7461,5.4,2025-04-21,No era lo que esperaba
U00878,43610,6.7,2025-11-13,Final inesperado
U00878,208869,5.0,2026-01-20,Visualmente increible
U00878,72105,5.3,2025-05-29,Gran actuacion
U00878,14877,5.6,2026-01-04,Final inesperado
U00878,6972,4.8,2026-01-19,No era lo que esperaba
U00878,10895,7.7,2025-09-12,Gran actuacion
U00878,243938,4.4,2025-09-13,La volveria a ver
U00878,277216,8.2,2026-01-21,Me gusto bastante
U00878,13501,6.3,2025-08-06,Me gusto bastante
U00878,287815,7.6,2026-02-05,No era lo que esperaba
U00878,150689,5.7,2026-01-31,Visualmente increible
U00879,13187,7.5,2026-01-27,La volveria a ver
U00879,13920,8.0,2026-03-27,Buena para recomendar
U00879,542,7.2,2025-12-23,Historia entretenida
U00879,1649,7.1,2024-03-15,Me gusto bastante
U00879,15556,7.0,2025-10-08,Visualmente increible
U00879,102382,6.5,2026-01-09,Final inesperado
U00879,13,6.7,2024-10-18,Buena para recomendar
U00879,36657,5.7,2024-11-11,Gran actuacion
U00879,4379,4.7,2025-12-17,Visualmente increible
U00880,7364,6.0,2024-04-15,No era lo que esperaba
U00880,6020,5.8,2025-11-22,Gran actuacion
U00880,2662,6.9,2026-02-26,Visualmente increible
U00880,62206,4.5,2026-04-05,No era lo que esperaba
U00880,162,6.7,2025-04-09,No era lo que esperaba
U00880,10306,4.2,2024-10-12,Me gusto bastante
U00880,18777,5.7,2026-01-04,Historia entretenida
U00880,13027,5.4,2025-02-09,La volveria a ver
U00881,27322,9.4,2024-10-12,Buena para recomendar
U00881,74725,6.3,2025-02-12,Historia entretenida
U00881,3050,4.4,2024-07-11,Buen ritmo
U00881,241766,2.7,2025-07-06,Final inesperado
U00881,29461,5.8,2025-10-16,Me gusto bastante
U00881,8080,6.7,2025-11-11,Visualmente increible
U00881,14799,7.0,2025-09-12,Me gusto bastante
U00881,10388,6.5,2025-07-06,Visualmente increible
U00881,9008,8.6,2024-06-01,Buena para recomendar
U00881,378200,5.3,2024-07-12,Final inesperado
U00881,8435,6.3,2025-04-18,Buen ritmo
U00882,164372,6.1,2025-12-15,Buen ritmo
U00882,1435,8.7,2025-08-01,Gran actuacion
U00882,2300,5.7,2025-09-13,Buen ritmo
U00882,239,9.4,2024-07-04,No era lo que esperaba
U00882,137,6.5,2024-05-06,Historia entretenida
U00882,11678,5.1,2024-07-30,Historia entretenida
U00882,11812,6.8,2025-05-27,Excelente recomendacion
U00882,686,7.6,2025-10-18,Buen ritmo
U00882,73511,3.6,2026-04-08,Visualmente increible
U00882,9487,8.0,2025-01-02,La volveria a ver
U00882,188927,5.8,2025-04-03,Visualmente increible
U00882,41144,4.9,2026-03-17,Buen ritmo
U00883,3683,7.6,2026-03-05,Visualmente increible
U00883,14582,7.2,2024-12-10,Final inesperado
U00883,17431,8.0,2026-01-14,No era lo que esperaba
U00883,179144,8.6,2026-01-23,Me gusto bastante
U00883,889,3.8,2025-07-12,No era lo que esperaba
U00883,391,8.5,2025-11-28,Excelente recomendacion
U00883,9389,7.3,2025-08-12,Final inesperado
U00883,38757,8.8,2025-02-14,Final inesperado
U00883,137,7.6,2025-08-31,Me gusto bastante
U00883,15121,8.7,2025-02-21,Visualmente increible
U00883,11,8.3,2025-04-24,Buen ritmo
U00883,9618,6.7,2025-11-19,Excelente recomendacion
U00883,2292,8.2,2024-12-29,Excelente recomendacion
U00883,9607,4.5,2026-01-30,Historia entretenida
U00883,41894,5.1,2025-06-16,La volveria a ver
U00884,79,6.5,2025-12-20,Final inesperado
U00884,667,5.6,2023-03-05,Visualmente increible
U00884,136797,4.7,2024-03-26,No era lo que esperaba
U00884,579,7.2,2025-08-24,Final inesperado
U00884,157422,3.5,2023-04-05,Excelente recomendacion
U00884,9029,4.8,2025-12-10,Excelente recomendacion
U00885,11977,7.5,2025-07-12,Final inesperado
U00885,508,8.1,2025-12-15,Buena para recomendar
U00885,307081,7.9,2026-03-09,La volveria a ver
U00885,34152,7.6,2025-02-11,Gran actuacion
U00885,39349,6.0,2026-03-09,Me gusto bastante
U00885,11229,6.8,2025-07-31,Gran actuacion
U00885,10776,6.8,2025-04-27,Excelente recomendacion
U00885,80585,6.8,2026-01-29,Me gusto bastante
U00885,1893,6.2,2025-09-30,Historia entretenida
U00886,244534,4.7,2022-08-30,Final inesperado
U00886,9472,6.9,2023-11-29,Excelente recomendacion
U00886,2044,7.7,2025-01-18,No era lo que esperaba
U00886,68179,6.7,2024-12-13,Buen ritmo
U00886,10183,5.9,2025-10-25,Final inesperado
U00886,534,6.6,2025-09-28,Visualmente increible
U00886,43923,7.5,2022-12-20,Gran actuacion
U00886,75174,6.0,2026-04-05,Visualmente increible
U00886,29463,8.3,2024-08-12,Excelente recomendacion
U00886,9355,6.7,2023-12-26,Final inesperado
U00886,950,6.8,2022-12-11,La volveria a ver
U00887,76,7.6,2026-01-22,Excelente recomendacion
U00887,9341,5.3,2025-04-27,La volveria a ver
U00887,192577,5.8,2024-12-17,Final inesperado
U00887,6415,5.8,2025-08-11,Historia entretenida
U00887,258755,7.2,2026-03-02,Buen ritmo
U00887,301365,7.9,2025-01-16,La volveria a ver
U00888,10530,5.6,2025-03-17,Buen ritmo
U00888,41317,5.1,2026-02-16,La volveria a ver
U00888,41216,5.3,2024-05-15,No era lo que esperaba
U00888,73935,5.3,2025-09-30,La volveria a ver
U00889,97430,5.9,2025-06-30,Final inesperado
U00889,48289,7.0,2025-05-27,Buen ritmo
U00889,72559,4.9,2025-09-15,Buen ritmo
U00889,1979,4.0,2023-10-30,Visualmente increible
U00889,11827,6.3,2025-06-05,No era lo que esperaba
U00889,21765,3.2,2025-05-03,Historia entretenida
U00889,388,6.1,2025-05-20,Buena para recomendar
U00889,9839,5.6,2025-12-19,Final inesperado
U00889,510,8.3,2025-06-04,Me gusto bastante
U00890,11835,6.4,2024-09-06,Gran actuacion
U00890,209274,7.3,2024-12-21,No era lo que esperaba
U00890,22794,5.8,2025-03-16,No era lo que esperaba
U00890,38117,5.5,2024-10-27,No era lo que esperaba
U00890,6007,7.7,2023-01-02,La volveria a ver
U00890,10586,6.3,2023-03-25,Visualmente increible
U00891,15005,5.6,2026-01-09,Buena para recomendar
U00891,9930,7.2,2024-06-01,Historia entretenida
U00891,139038,4.5,2025-08-04,Excelente recomendacion
U00891,46829,7.8,2025-08-11,Me gusto bastante
U00891,11820,5.9,2025-03-13,No era lo que esperaba
U00891,14271,8.3,2025-12-01,Historia entretenida
U00891,7501,5.8,2026-01-13,Gran actuacion
U00891,40185,4.4,2025-05-01,Final inesperado
U00892,34697,6.3,2024-08-08,Me gusto bastante
U00892,8838,6.0,2023-09-14,Buena para recomendar
U00892,38570,3.3,2025-09-05,Buena para recomendar
U00892,14275,9.1,2025-11-06,Excelente recomendacion
U00892,14578,4.8,2024-09-27,Buen ritmo
U00892,10013,6.2,2024-12-08,Visualmente increible
U00892,11357,7.2,2023-08-25,No era lo que esperaba
U00892,8669,6.8,2024-04-23,Historia entretenida
U00892,299687,5.0,2025-06-08,Me gusto bastante
U00893,6068,6.6,2025-12-08,No era lo que esperaba
U00893,13448,7.5,2025-12-23,Historia entretenida
U00893,184315,5.0,2026-02-11,La volveria a ver
U00893,203,8.1,2025-09-20,Buen ritmo
U00893,10641,5.3,2026-02-12,Me gusto bastante
U00893,18840,8.2,2025-09-27,Excelente recomendacion
U00893,920,7.0,2025-10-01,Excelente recomendacion
U00893,37080,6.8,2025-10-01,Buen ritmo
U00893,131634,8.0,2026-02-03,No era lo que esperaba
U00893,64686,4.5,2025-10-30,Buena para recomendar
U00893,14325,6.7,2026-03-15,Buena para recomendar
U00893,9842,6.8,2025-10-16,Buen ritmo
U00894,13491,7.3,2024-04-27,La volveria a ver
U00894,8840,5.3,2025-12-12,No era lo que esperaba
U00894,1710,6.7,2023-10-03,No era lo que esperaba
U00894,34697,6.1,2025-08-16,Gran actuacion
U00894,93456,6.0,2023-10-11,No era lo que esperaba
U00894,280092,6.8,2023-09-19,La volveria a ver
U00894,34806,5.8,2024-12-06,Historia entretenida
U00894,5072,7.7,2025-05-29,La volveria a ver
U00895,13778,6.6,2025-01-27,Buena para recomendar
U00895,266856,6.5,2025-03-29,No era lo que esperaba
U00895,9842,5.3,2025-07-22,La volveria a ver
U00895,9059,7.6,2025-02-20,No era lo que esperaba
U00895,253331,7.3,2025-12-23,Gran actuacion
U00895,9963,5.5,2025-10-04,Visualmente increible
U00896,14034,4.3,2025-03-21,No era lo que esperaba
U00896,6972,5.6,2023-07-04,No era lo que esperaba
U00896,12690,5.9,2025-07-10,La volveria a ver
U00896,176077,6.0,2025-10-21,Historia entretenida
U00896,22301,5.1,2025-06-15,Buena para recomendar
U00896,5353,6.3,2024-03-27,Final inesperado
U00896,2011,7.3,2024-09-16,Excelente recomendacion
U00896,9027,5.1,2024-09-11,La volveria a ver
U00897,944,7.1,2025-06-01,Excelente recomendacion
U00897,14442,5.5,2025-02-17,La volveria a ver
U00897,298,6.6,2025-03-04,Excelente recomendacion
U00897,10760,6.2,2025-03-13,Buen ritmo
U00897,9671,7.5,2024-07-17,Excelente recomendacion
U00897,10681,8.7,2024-09-02,Gran actuacion
U00897,15121,8.6,2025-12-15,Gran actuacion
U00897,401,5.9,2025-08-08,Gran actuacion
U00897,12257,4.3,2024-09-23,Visualmente increible
U00897,34016,5.7,2025-06-22,Final inesperado
U00898,10314,4.9,2026-04-05,Excelente recomendacion
U00898,9336,6.5,2026-02-03,Gran actuacion
U00898,14834,6.3,2026-04-04,Visualmente increible
U00898,86834,4.8,2025-12-05,Final inesperado
U00898,2752,6.1,2026-03-27,Gran actuacion
U00898,11820,7.4,2026-01-18,Final inesperado
U00898,9836,4.8,2025-12-02,No era lo que esperaba
U00898,5236,6.5,2025-12-08,Excelente recomendacion
U00899,207,7.4,2024-08-15,Historia entretenida
U00899,15074,6.2,2023-07-22,Buena para recomendar
U00899,1588,4.3,2025-09-18,La volveria a ver
U00899,179144,6.8,2024-03-08,Me gusto bastante
U00899,119458,4.4,2024-08-07,Buen ritmo
U00899,49852,3.9,2025-09-23,No era lo que esperaba
U00899,873,8.5,2024-05-02,No era lo que esperaba
U00899,1494,6.1,2024-01-28,Historia entretenida
U00899,4515,6.5,2024-08-18,Buena para recomendar
U00899,857,7.3,2024-06-05,Visualmente increible
U00899,10972,6.9,2024-06-28,Me gusto bastante
U00900,1246,5.7,2023-03-06,Final inesperado
U00900,9662,8.5,2025-04-06,La volveria a ver
U00900,11404,6.6,2026-04-04,La volveria a ver
U00900,18925,7.5,2024-04-11,Visualmente increible
U00900,13132,5.7,2023-11-20,Buen ritmo
U00901,533,6.6,2024-02-26,Historia entretenida
U00901,120,7.1,2024-03-24,La volveria a ver
U00901,26306,7.6,2025-10-15,La volveria a ver
U00901,9448,7.2,2024-12-07,Gran actuacion
U00901,47546,2.7,2026-01-13,Historia entretenida
U00901,70868,4.6,2025-08-23,Excelente recomendacion
U00901,24869,5.2,2024-09-28,Visualmente increible
U00901,36046,5.5,2025-10-15,Buen ritmo
U00901,241251,3.8,2023-04-17,Me gusto bastante
U00901,1667,6.1,2024-02-17,Historia entretenida
U00901,1250,6.3,2022-12-11,Gran actuacion
U00901,118612,5.6,2024-07-28,Gran actuacion
U00901,3132,6.3,2026-03-24,No era lo que esperaba
U00902,9598,6.0,2022-10-21,Visualmente increible
U00902,15927,7.3,2024-04-22,Final inesperado
U00902,792,6.6,2026-02-13,Visualmente increible
U00902,291870,7.0,2024-08-28,Buen ritmo
U00902,8545,7.3,2025-08-01,Buen ritmo
U00902,9778,7.9,2023-09-14,Final inesperado
U00902,137347,6.4,2024-07-29,Visualmente increible
U00903,50544,6.8,2025-11-15,La volveria a ver
U00903,268238,7.7,2024-06-04,Final inesperado
U00903,8953,5.2,2025-08-03,Me gusto bastante
U00903,9772,6.6,2024-11-26,Final inesperado
U00903,11362,7.6,2025-11-10,Buena para recomendar
U00903,9637,5.9,2023-06-04,Excelente recomendacion
U00903,16642,8.3,2024-04-14,Me gusto bastante
U00903,8960,6.0,2026-02-27,Buena para recomendar
U00903,1588,4.8,2022-11-23,Gran actuacion
U00903,500,6.9,2022-10-28,Excelente recomendacion
U00903,468,6.1,2023-01-30,Gran actuacion
U00903,3482,6.0,2026-04-09,Excelente recomendacion
U00904,245916,6.4,2026-03-09,Buena para recomendar
U00904,10878,4.2,2026-03-07,Gran actuacion
U00904,94329,8.5,2026-02-21,No era lo que esperaba
U00904,30973,7.8,2026-03-30,Gran actuacion
U00904,13027,6.8,2026-04-04,Historia entretenida
U00904,7874,5.1,2026-03-25,Historia entretenida
U00904,9697,6.0,2026-03-25,La volveria a ver
U00904,314385,4.5,2026-02-24,Buena para recomendar
U00904,244786,8.7,2026-01-19,Buena para recomendar
U00904,9023,6.3,2026-02-03,Buen ritmo
U00904,168259,6.3,2026-03-23,Final inesperado
U00904,137094,4.4,2026-01-12,No era lo que esperaba
U00904,98566,5.9,2026-02-09,Excelente recomendacion
U00904,43074,6.7,2026-03-18,Excelente recomendacion
U00905,35019,5.5,2026-02-12,La volveria a ver
U00905,9034,5.2,2026-02-27,Buena para recomendar
U00905,16290,6.4,2026-03-27,La volveria a ver
U00905,10357,5.1,2026-04-10,Buena para recomendar
U00905,11544,5.6,2025-04-03,Buena para recomendar
U00905,11887,5.7,2025-08-20,Me gusto bastante
U00905,7515,6.1,2026-02-16,No era lo que esperaba
U00905,11863,5.9,2025-12-25,Excelente recomendacion
U00905,1635,6.5,2025-03-31,Buena para recomendar
U00905,29963,6.4,2025-05-13,Final inesperado
U00906,30867,5.5,2025-12-29,Buena para recomendar
U00906,37724,7.8,2026-02-25,Visualmente increible
U00906,11208,6.4,2025-12-29,Buen ritmo
U00906,312221,8.6,2026-02-07,Buena para recomendar
U00906,2976,7.8,2025-11-26,Gran actuacion
U00906,60304,6.5,2025-12-29,Buena para recomendar
U00906,39939,7.6,2026-01-05,Me gusto bastante
U00906,7341,6.5,2025-10-10,Visualmente increible
U00906,146216,6.3,2026-02-19,Visualmente increible
U00906,11062,4.9,2025-12-20,Buena para recomendar
U00906,34152,6.4,2025-11-06,Gran actuacion
U00906,9008,7.8,2026-03-06,Final inesperado
U00906,187,7.7,2026-04-08,Buen ritmo
U00906,98357,4.3,2026-02-12,Visualmente increible
U00906,17113,6.1,2026-04-06,Me gusto bastante
U00907,11638,4.4,2024-01-24,Visualmente increible
U00907,270554,6.3,2024-06-05,Me gusto bastante
U00907,16162,7.8,2025-05-16,Historia entretenida
U00907,272,8.6,2024-12-13,Buena para recomendar
U00907,745,8.8,2023-02-08,Buena para recomendar
U00907,10710,5.0,2023-03-31,Historia entretenida
U00907,309425,8.0,2025-12-12,Visualmente increible
U00907,223,9.2,2024-03-22,Visualmente increible
U00907,10925,5.8,2024-05-25,Buen ritmo
U00907,32579,7.4,2024-01-09,No era lo que esperaba
U00907,367551,5.3,2024-10-03,La volveria a ver
U00907,169917,5.8,2023-09-13,La volveria a ver
U00907,10196,3.7,2022-12-05,Buena para recomendar
U00907,9291,6.1,2024-12-18,Excelente recomendacion
U00908,794,6.7,2026-01-07,Final inesperado
U00908,11583,6.8,2024-01-12,Me gusto bastante
U00908,12094,6.3,2023-11-29,Buena para recomendar
U00908,11011,6.7,2024-04-27,Buena para recomendar
U00908,12184,6.5,2023-07-07,Buena para recomendar
U00908,9327,6.9,2024-05-09,La volveria a ver
U00908,45243,7.6,2023-06-14,Visualmente increible
U00908,602,6.6,2023-11-11,No era lo que esperaba
U00908,11917,5.5,2025-03-31,Excelente recomendacion
U00908,5708,7.8,2024-10-22,Visualmente increible
U00908,473,6.7,2025-06-11,Buena para recomendar
U00908,10955,5.6,2025-02-24,Visualmente increible
U00908,409,7.9,2024-08-19,Historia entretenida
U00909,59440,6.5,2024-06-12,No era lo que esperaba
U00909,101173,6.2,2025-10-05,Buena para recomendar
U00909,29715,7.6,2025-03-21,Excelente recomendacion
U00909,11363,6.4,2023-05-22,Buen ritmo
U00909,44833,4.4,2024-06-08,Gran actuacion
U00909,149,8.5,2024-11-05,Buena para recomendar
U00909,26379,5.9,2024-10-16,No era lo que esperaba
U00909,11918,5.5,2024-02-05,Final inesperado
U00909,68812,5.7,2024-12-11,Historia entretenida
U00909,46528,6.3,2025-09-07,Historia entretenida
U00909,78394,5.6,2023-12-23,Historia entretenida
U00909,10719,5.2,2022-06-04,La volveria a ver
U00909,6477,5.2,2026-03-13,Excelente recomendacion
U00909,13805,3.7,2026-03-10,Buena para recomendar
U00910,128,7.7,2025-03-25,Gran actuacion
U00910,1933,7.2,2024-11-29,Gran actuacion
U00910,1729,6.4,2025-07-18,La volveria a ver
U00910,19204,5.9,2024-12-08,Buen ritmo
U00910,175541,5.9,2025-08-04,No era lo que esperaba
U00910,121986,8.6,2025-12-26,Me gusto bastante
U00910,136835,6.6,2024-11-25,Gran actuacion
U00910,227973,5.0,2026-03-08,Historia entretenida
U00911,16148,5.5,2025-02-23,Historia entretenida
U00911,227,6.7,2026-03-23,Excelente recomendacion
U00911,1792,5.7,2025-10-02,Historia entretenida
U00911,14429,4.5,2025-09-30,Visualmente increible
U00912,16320,7.1,2025-11-23,No era lo que esperaba
U00912,62211,7.5,2026-03-13,No era lo que esperaba
U00912,323271,4.3,2026-01-29,La volveria a ver
U00912,40963,10.0,2025-11-06,Buen ritmo
U00912,21208,6.1,2025-11-01,No era lo que esperaba
U00912,9836,6.7,2025-10-19,Buen ritmo
U00912,32657,5.7,2025-10-30,Buen ritmo
U00912,23531,4.4,2026-01-16,Me gusto bastante
U00912,109443,5.6,2025-12-11,Excelente recomendacion
U00913,12162,7.3,2025-03-11,Me gusto bastante
U00913,120467,7.1,2025-09-09,Historia entretenida
U00913,43593,6.7,2025-03-09,Final inesperado
U00913,9709,4.9,2025-03-17,Historia entretenida
U00913,24913,6.9,2025-10-08,Excelente recomendacion
U00913,19615,8.4,2025-11-21,Excelente recomendacion
U00913,126509,4.1,2025-04-26,Buen ritmo
U00913,70074,5.0,2025-12-29,Final inesperado
U00913,283708,6.6,2025-10-15,La volveria a ver
U00913,4442,6.5,2025-08-26,Me gusto bastante
U00913,400,7.2,2025-04-09,Gran actuacion
U00914,11091,5.2,2024-01-14,Me gusto bastante
U00914,12618,5.6,2024-07-15,Gran actuacion
U00914,7863,6.3,2024-12-14,Gran actuacion
U00914,87093,6.7,2024-10-27,La volveria a ver
U00914,253253,6.9,2026-03-18,Gran actuacion
U00914,18550,6.0,2025-06-13,Buena para recomendar
U00914,9531,4.3,2024-01-07,Buen ritmo
U00914,2056,8.5,2025-05-04,No era lo que esperaba
U00914,302156,4.2,2025-02-13,Gran actuacion
U00914,10865,8.0,2024-06-29,Historia entretenida
U00914,1381,7.7,2024-08-06,Me gusto bastante
U00914,168530,4.9,2025-03-19,Buena para recomendar
U00914,59981,6.7,2024-03-22,Excelente recomendacion
U00914,1645,5.8,2024-02-11,Visualmente increible
U00914,534,6.0,2024-08-03,Buena para recomendar
U00914,3034,6.6,2025-08-06,Me gusto bastante
U00915,16471,5.3,2026-01-23,Buen ritmo
U00915,39780,6.7,2025-10-31,No era lo que esperaba
U00915,35688,6.8,2026-01-08,Final inesperado
U00915,5769,7.0,2025-08-29,Historia entretenida
U00915,1770,5.3,2026-02-03,Buena para recomendar
U00915,54897,6.6,2026-01-20,La volveria a ver
U00916,297596,3.5,2026-03-19,La volveria a ver
U00916,9448,6.5,2025-09-18,Historia entretenida
U00916,47546,3.1,2026-02-25,Buena para recomendar
U00916,227973,5.5,2026-01-09,No era lo que esperaba
U00916,33676,3.6,2025-12-14,La volveria a ver
U00916,2118,7.8,2026-01-10,Historia entretenida
U00916,21311,4.2,2025-12-09,Visualmente increible
U00917,38055,7.4,2026-02-10,No era lo que esperaba
U00917,50646,8.1,2025-03-05,Final inesperado
U00917,1440,7.0,2025-08-08,Visualmente increible
U00917,9315,6.1,2025-03-09,Gran actuacion
U00917,180383,7.5,2025-09-13,Me gusto bastante
U00917,235260,6.3,2026-03-15,Historia entretenida
U00917,1591,6.0,2026-01-04,La volveria a ver
U00917,76706,4.5,2025-09-28,Historia entretenida
U00917,76203,9.4,2025-09-16,Buen ritmo
U00917,2123,6.4,2025-03-27,Historia entretenida
U00917,14144,5.5,2025-02-09,Excelente recomendacion
U00917,87499,7.1,2025-08-29,No era lo que esperaba
U00917,7326,6.1,2026-02-05,Buen ritmo
U00918,2290,5.9,2026-01-20,Excelente recomendacion
U00918,8854,4.5,2026-01-22,Visualmente increible
U00918,15173,7.1,2026-03-23,Historia entretenida
U00918,956,6.3,2025-12-06,Historia entretenida
U00918,16564,6.7,2025-12-11,Excelente recomendacion
U00918,43884,7.8,2026-03-18,Me gusto bastante
U00918,57022,5.4,2026-03-09,Buen ritmo
U00918,25350,6.7,2025-12-26,La volveria a ver
U00918,1091,8.0,2026-03-16,Final inesperado
U00919,1887,6.6,2024-08-03,Me gusto bastante
U00919,16643,5.8,2026-01-27,Final inesperado
U00919,12479,3.9,2024-12-12,Me gusto bastante
U00919,277685,4.2,2025-03-12,Buen ritmo
U00919,10673,7.0,2023-07-31,Final inesperado
U00919,292,5.8,2025-12-24,Gran actuacion
U00919,17654,7.6,2025-02-11,Buena para recomendar
U00919,49530,7.8,2024-01-05,No era lo que esperaba
U00919,296099,7.1,2024-04-09,La volveria a ver
U00919,114150,7.9,2023-05-01,Buen ritmo
U00919,250066,5.6,2023-12-16,Buena para recomendar
U00919,1667,6.5,2024-02-25,Final inesperado
U00919,193610,6.3,2024-04-21,Gran actuacion
U00919,10782,7.1,2024-05-07,Visualmente increible
U00920,3509,6.3,2025-06-19,Me gusto bastante
U00920,10193,7.7,2024-08-19,Final inesperado
U00920,10656,7.5,2025-05-06,Visualmente increible
U00920,137094,6.4,2025-02-21,Buena para recomendar
U00920,95,6.4,2025-04-14,Final inesperado
U00920,238615,6.1,2025-08-11,Excelente recomendacion
U00920,873,9.1,2025-08-11,Visualmente increible
U00920,83666,7.4,2025-01-12,Me gusto bastante
U00921,97430,4.8,2025-03-14,Historia entretenida
U00921,26022,6.5,2025-10-10,Historia entretenida
U00921,788,8.4,2025-04-04,Historia entretenida
U00921,8321,6.3,2024-11-23,Historia entretenida
U00921,11468,7.7,2024-10-23,Historia entretenida
U00921,121,6.9,2023-11-01,No era lo que esperaba
U00921,3635,7.5,2024-09-24,Historia entretenida
U00922,27936,7.3,2025-05-12,Historia entretenida
U00922,699,6.9,2024-11-23,Buena para recomendar
U00922,62215,6.3,2025-12-17,Historia entretenida
U00922,278,9.8,2025-04-02,Final inesperado
U00922,20468,4.7,2026-03-13,Buena para recomendar
U00922,2539,4.8,2024-11-19,Excelente recomendacion
U00922,11042,7.3,2025-08-05,Historia entretenida
U00922,280,7.5,2025-09-25,Visualmente increible
U00923,28089,5.7,2024-04-16,Historia entretenida
U00923,5176,8.0,2024-03-03,Historia entretenida
U00923,44943,6.4,2025-05-21,Gran actuacion
U00923,96534,5.7,2023-11-03,Buen ritmo
U00923,686,7.0,2024-10-12,Excelente recomendacion
U00924,146239,7.4,2024-01-18,Buena para recomendar
U00924,8197,6.8,2024-04-27,La volveria a ver
U00924,192132,5.8,2024-12-31,La volveria a ver
U00924,8080,6.7,2025-06-08,Visualmente increible
U00924,14202,5.8,2025-06-22,Excelente recomendacion
U00924,27581,6.7,2025-05-29,Buena para recomendar
U00924,55465,5.8,2023-12-14,Gran actuacion
U00924,14405,4.4,2024-09-15,Buena para recomendar
U00925,1282,5.8,2026-01-23,Final inesperado
U00925,46738,9.0,2025-11-05,Historia entretenida
U00925,11892,5.0,2024-11-06,Buena para recomendar
U00925,50321,5.1,2023-06-10,Gran actuacion
U00925,19457,6.6,2024-05-24,Me gusto bastante
U00925,834,7.6,2024-12-17,Buena para recomendar
U00925,35219,7.9,2023-11-03,Buen ritmo
U00925,157422,4.3,2022-11-21,La volveria a ver
U00925,12573,6.9,2022-06-23,Buen ritmo
U00925,11374,7.2,2023-08-22,Final inesperado
U00925,8390,7.7,2022-11-16,Buena para recomendar
U00926,37710,7.5,2026-02-20,La volveria a ver
U00926,52015,4.8,2026-02-06,La volveria a ver
U00926,37799,8.4,2026-01-18,Visualmente increible
U00926,45269,7.7,2025-12-30,Excelente recomendacion
U00926,1883,6.5,2026-01-26,Buen ritmo
U00926,38745,5.9,2025-12-17,Final inesperado
U00926,8069,4.8,2026-03-07,La volveria a ver
U00927,218,8.5,2025-11-06,La volveria a ver
U00927,6552,5.5,2026-02-24,Buen ritmo
U00927,55561,6.2,2025-07-20,Historia entretenida
U00927,1887,7.4,2025-12-19,Excelente recomendacion
U00927,55180,6.6,2025-09-02,Historia entretenida
U00927,115,7.1,2026-02-05,Me gusto bastante
U00927,152532,7.5,2026-04-01,Gran actuacion
U00927,10436,7.4,2025-11-29,Buen ritmo
U00927,10471,7.3,2025-11-27,Final inesperado
U00927,584,7.2,2025-10-28,Visualmente increible
U00928,1495,7.7,2025-11-11,Me gusto bastante
U00928,951,6.4,2025-11-01,Gran actuacion
U00928,40494,6.2,2025-10-30,Buen ritmo
U00928,12159,5.3,2026-01-02,Buena para recomendar
U00928,11457,8.0,2025-11-19,Final inesperado
U00928,17663,6.9,2026-01-04,La volveria a ver
U00929,862,7.7,2025-08-27,Historia entretenida
U00929,146216,7.3,2025-11-07,Buena para recomendar
U00929,57612,9.5,2025-08-21,Buena para recomendar
U00929,11109,7.7,2025-08-13,Final inesperado
U00929,329,6.7,2026-02-06,Final inesperado
U00929,299245,4.1,2025-10-27,Buen ritmo
U00929,82650,5.8,2026-02-15,La volveria a ver
U00929,102899,6.3,2025-10-06,Historia entretenida
U00929,11889,7.7,2025-11-22,Buen ritmo
U00930,189,5.5,2025-07-03,Buena para recomendar
U00930,10136,7.0,2026-03-21,Excelente recomendacion
U00930,504,7.9,2024-09-03,La volveria a ver
U00930,14057,4.3,2026-04-07,Buena para recomendar
U00930,66125,8.3,2024-08-11,Me gusto bastante
U00930,31203,4.6,2024-05-17,Final inesperado
U00930,9754,6.3,2025-05-07,Me gusto bastante
U00931,630,7.4,2024-06-28,Historia entretenida
U00931,28005,6.8,2024-10-28,Final inesperado
U00931,176,7.6,2024-03-06,No era lo que esperaba
U00931,2539,6.5,2026-03-09,No era lo que esperaba
U00931,374461,8.3,2024-10-14,La volveria a ver
U00931,21309,7.0,2026-03-08,Excelente recomendacion
U00931,10358,4.7,2025-05-06,No era lo que esperaba
U00931,417859,7.6,2024-02-26,Buena para recomendar
U00931,24977,8.7,2025-03-29,La volveria a ver
U00931,1687,5.1,2024-05-05,Excelente recomendacion
U00932,9367,5.3,2023-06-28,Buen ritmo
U00932,205,7.9,2025-04-25,Excelente recomendacion
U00932,10184,5.8,2026-02-02,Buena para recomendar
U00932,14181,5.1,2025-04-26,Excelente recomendacion
U00932,2300,7.2,2023-04-22,Buena para recomendar
U00932,59962,5.0,2025-08-07,Excelente recomendacion
U00932,137113,8.1,2024-04-08,Buena para recomendar
U00932,87101,5.4,2022-12-03,Me gusto bastante
U00932,12508,7.1,2025-01-08,La volveria a ver
U00932,15797,8.1,2023-07-13,Excelente recomendacion
U00932,9829,6.4,2022-11-21,Excelente recomendacion
U00932,9697,4.8,2023-02-02,Gran actuacion
U00932,13363,6.3,2024-03-22,Historia entretenida
U00932,24973,4.9,2025-01-16,Final inesperado
U00932,4513,7.7,2023-11-03,Final inesperado
U00932,11632,6.9,2025-06-15,Buen ritmo
U00933,13805,2.4,2025-03-14,Gran actuacion
U00933,8836,4.9,2025-12-06,Final inesperado
U00933,8291,6.1,2025-02-28,Historia entretenida
U00933,4967,5.9,2025-07-16,Excelente recomendacion
U00933,35219,7.3,2025-09-17,La volveria a ver
U00933,12779,3.8,2026-02-19,Historia entretenida
U00933,121,9.2,2026-03-11,Buen ritmo
U00933,29715,7.5,2026-03-07,Final inesperado
U00933,186,7.8,2026-02-02,Visualmente increible
U00933,14538,5.6,2025-02-03,Historia entretenida
U00934,9471,5.4,2025-01-10,No era lo que esperaba
U00934,13158,7.6,2024-06-16,Me gusto bastante
U00934,863,8.1,2025-11-12,Gran actuacion
U00934,11778,8.3,2025-04-19,Buen ritmo
U00934,11282,6.9,2024-05-10,Buena para recomendar
U00934,27342,6.0,2024-04-30,Me gusto bastante
U00934,299687,6.8,2024-06-01,Final inesperado
U00934,123553,5.8,2023-12-19,Me gusto bastante
U00935,244403,8.1,2026-02-03,Final inesperado
U00935,103,6.7,2026-04-01,Buen ritmo
U00935,157,7.0,2026-02-23,Gran actuacion
U00935,146233,8.4,2026-03-12,Gran actuacion
U00935,11156,5.1,2025-04-11,Final inesperado
U00935,81836,4.4,2025-03-26,Historia entretenida
U00935,23169,7.6,2025-04-23,Buen ritmo
U00935,37232,6.3,2026-03-17,Historia entretenida
U00936,11253,6.2,2024-09-27,Gran actuacion
U00936,68737,4.8,2024-04-16,Me gusto bastante
U00936,19899,6.6,2024-10-06,Gran actuacion
U00936,9624,4.0,2026-02-17,La volveria a ver
U00936,9618,5.5,2025-06-19,Me gusto bastante
U00937,310,7.3,2024-05-16,Historia entretenida
U00937,11283,5.9,2025-02-04,Gran actuacion
U00937,228194,8.3,2024-06-27,Me gusto bastante
U00937,16,7.5,2024-11-14,Me gusto bastante
U00937,5038,7.0,2024-10-22,Buena para recomendar
U00937,195589,6.2,2026-02-09,Buen ritmo
U00937,223485,7.4,2024-11-24,Gran actuacion
U00937,191714,8.0,2025-11-14,Buena para recomendar
U00937,8841,6.1,2025-03-29,Visualmente increible
U00938,4584,6.1,2025-05-30,Gran actuacion
U00938,77949,7.5,2026-02-08,Gran actuacion
U00938,16290,6.3,2024-02-12,Me gusto bastante
U00938,100241,6.2,2025-10-07,Buena para recomendar
U00938,68722,5.6,2024-07-31,No era lo que esperaba
U00938,8536,7.5,2023-01-19,Buena para recomendar
U00938,199,7.9,2025-12-10,Historia entretenida
U00939,23330,8.4,2025-05-05,Final inesperado
U00939,24469,6.2,2024-03-08,Buen ritmo
U00939,11624,6.7,2024-04-26,La volveria a ver
U00939,609,7.4,2026-03-06,No era lo que esperaba
U00939,72331,5.4,2025-12-16,Final inesperado
U00939,333355,9.5,2025-04-24,Visualmente increible
U00939,23367,5.2,2024-03-30,Buena para recomendar
U00940,12163,7.5,2026-02-16,Me gusto bastante
U00940,9433,7.5,2025-10-07,Me gusto bastante
U00940,67911,5.6,2025-08-15,Visualmente increible
U00940,302699,7.5,2025-09-16,No era lo que esperaba
U00940,109091,4.5,2025-12-13,Gran actuacion
U00940,11382,6.9,2025-11-09,Buen ritmo
U00940,13849,4.9,2026-01-29,No era lo que esperaba
U00940,10800,7.5,2026-02-21,Visualmente increible
U00940,152742,7.7,2026-01-31,La volveria a ver
U00940,9302,6.9,2025-09-01,Final inesperado
U00941,13649,6.5,2025-08-26,La volveria a ver
U00941,29731,6.4,2024-01-04,La volveria a ver
U00941,13827,3.4,2024-12-20,Me gusto bastante
U00941,82682,4.9,2024-11-24,Buen ritmo
U00941,31005,5.0,2024-12-28,Buen ritmo
U00941,225235,6.0,2025-06-21,Historia entretenida
U00941,670,8.6,2024-12-12,La volveria a ver
U00941,14557,6.2,2023-12-20,Me gusto bastante
U00942,8836,4.5,2026-01-30,Visualmente increible
U00942,19,9.4,2026-03-02,Buen ritmo
U00942,364,6.5,2026-03-15,Me gusto bastante
U00942,10783,4.3,2026-03-21,Me gusto bastante
U00942,1649,6.3,2026-03-27,La volveria a ver
U00942,2277,7.2,2026-02-10,Final inesperado
U00942,257211,7.7,2026-04-09,Historia entretenida
U00942,26379,6.1,2026-03-12,Excelente recomendacion
U00942,22894,5.0,2026-02-18,Gran actuacion
U00942,228205,7.2,2026-01-14,Buena para recomendar
U00942,25769,6.2,2026-03-20,Me gusto bastante
U00942,321258,4.4,2026-03-15,No era lo que esperaba
U00942,2453,6.5,2026-03-10,Buen ritmo
U00942,28666,5.9,2026-01-30,Final inesperado
U00943,17379,6.2,2026-02-17,Excelente recomendacion
U00943,272724,4.6,2025-12-21,Gran actuacion
U00943,13538,4.4,2025-08-17,Historia entretenida
U00943,230266,6.4,2025-12-26,Final inesperado
U00943,609,7.3,2026-01-09,Buen ritmo
U00943,9437,5.0,2025-08-17,La volveria a ver
U00943,13363,6.3,2025-07-30,La volveria a ver
U00943,242,6.5,2025-10-04,Me gusto bastante
U00943,23330,7.7,2025-07-16,Historia entretenida
U00943,14902,7.4,2025-07-11,Gran actuacion
U00943,93856,4.6,2025-07-11,Buena para recomendar
U00943,9567,6.0,2026-04-09,Visualmente increible
U00943,9826,5.7,2025-04-21,Final inesperado
U00944,117263,5.0,2026-01-13,No era lo que esperaba
U00944,9982,4.8,2025-12-24,No era lo que esperaba
U00944,49040,7.4,2026-03-23,Historia entretenida
U00944,30943,6.5,2026-03-22,Buen ritmo
U00944,19724,6.6,2026-01-08,Visualmente increible
U00944,19255,6.1,2026-02-05,La volveria a ver
U00944,1930,6.9,2025-11-01,La volveria a ver
U00944,4912,5.3,2025-10-05,Excelente recomendacion
U00944,72086,6.1,2026-03-27,La volveria a ver
U00944,1824,5.8,2026-02-26,Gran actuacion
U00944,238603,7.2,2025-12-27,Excelente recomendacion
U00944,115872,5.8,2025-12-25,Excelente recomendacion
U00944,24684,8.3,2025-12-13,Gran actuacion
U00944,5551,5.5,2025-12-18,Me gusto bastante
U00944,2162,4.6,2025-11-29,La volveria a ver
U00945,49538,6.9,2025-08-24,No era lo que esperaba
U00945,11932,4.2,2025-01-04,No era lo que esperaba
U00945,184,7.6,2025-06-19,La volveria a ver
U00945,122,7.5,2025-05-05,No era lo que esperaba
U00945,15655,5.6,2025-04-12,Historia entretenida
U00945,38319,5.3,2025-01-24,Buen ritmo
U00945,4257,6.4,2023-07-28,La volveria a ver
U00945,268,7.5,2023-04-16,No era lo que esperaba
U00945,1894,7.0,2024-01-30,Excelente recomendacion
U00946,2976,5.4,2026-02-24,La volveria a ver
U00946,7453,6.9,2023-01-01,La volveria a ver
U00946,59859,5.4,2024-03-08,Historia entretenida
U00946,10288,6.9,2023-02-20,No era lo que esperaba
U00946,9645,5.8,2023-12-10,Visualmente increible
U00946,157841,6.0,2024-07-24,Gran actuacion
U00946,10208,5.9,2023-11-21,Buena para recomendar
U00946,82532,6.7,2023-07-07,Buena para recomendar
U00946,24066,6.5,2024-06-29,Buen ritmo
U00946,9352,5.0,2023-05-29,Visualmente increible
U00946,22954,8.3,2025-09-29,Visualmente increible
U00947,153,6.1,2025-03-03,Excelente recomendacion
U00947,9571,6.3,2024-10-31,La volveria a ver
U00947,23168,8.2,2026-03-19,Buena para recomendar
U00947,411,5.7,2024-10-12,No era lo que esperaba
U00947,21641,8.5,2024-02-23,Buena para recomendar
U00947,158150,3.8,2023-11-17,Buen ritmo
U00948,290391,2.6,2025-10-30,No era lo que esperaba
U00948,11170,5.6,2026-03-17,Final inesperado
U00948,21641,7.1,2025-11-30,Visualmente increible
U00948,13579,7.3,2025-08-24,Historia entretenida
U00949,312791,5.3,2026-03-13,Visualmente increible
U00949,11835,7.4,2025-12-23,Buena para recomendar
U00949,11683,5.0,2026-01-22,Me gusto bastante
U00949,2749,7.0,2026-02-09,Gran actuacion
U00949,14033,4.3,2026-03-05,Visualmente increible
U00949,76341,6.1,2026-03-20,Me gusto bastante
U00949,1523,7.9,2025-07-19,No era lo que esperaba
U00949,134374,5.5,2025-10-04,Me gusto bastante
U00949,42807,6.7,2025-12-03,Buen ritmo
U00949,563,7.8,2026-01-23,Buena para recomendar
U00949,9725,5.3,2025-09-20,No era lo que esperaba
U00950,202575,7.2,2023-08-08,La volveria a ver
U00950,97367,7.6,2025-04-16,Gran actuacion
U00950,51130,5.8,2024-09-17,Buena para recomendar
U00950,216015,5.6,2025-12-19,Buena para recomendar
U00950,978,6.1,2024-10-28,Me gusto bastante
U00950,1412,5.7,2025-01-15,Buen ritmo
U00950,9709,6.7,2024-04-10,Buen ritmo
U00950,10567,6.4,2026-01-03,La volveria a ver
U00950,79316,3.1,2024-12-21,No era lo que esperaba
U00950,31174,7.8,2025-09-12,Visualmente increible
U00950,16564,7.4,2025-01-20,Gran actuacion
U00950,64559,6.7,2023-12-13,Gran actuacion
U00950,9804,5.8,2025-09-14,Historia entretenida
U00950,129,8.9,2023-11-15,Me gusto bastante
U00950,300168,4.5,2025-05-21,Buena para recomendar
U00951,116149,7.8,2023-11-23,Buen ritmo
U00951,9826,3.7,2025-03-30,Me gusto bastante
U00951,75674,6.7,2026-02-14,Buen ritmo
U00951,17379,7.4,2023-01-11,La volveria a ver
U00951,4133,7.0,2022-11-24,Buen ritmo
U00951,336004,5.2,2024-10-30,La volveria a ver
U00951,9588,7.4,2023-05-25,Buena para recomendar
U00951,5902,7.9,2024-04-19,Buena para recomendar
U00951,34016,5.6,2024-07-05,Buen ritmo
U00952,38317,5.8,2023-07-24,Visualmente increible
U00952,34106,8.6,2024-09-04,Me gusto bastante
U00952,49517,7.7,2023-06-28,Final inesperado
U00952,17820,7.5,2024-12-25,No era lo que esperaba
U00953,2756,6.8,2024-11-14,La volveria a ver
U00953,3116,8.4,2025-08-02,No era lo que esperaba
U00953,10559,7.3,2025-05-30,Buen ritmo
U00953,1408,4.3,2026-03-10,Visualmente increible
U00953,11457,7.0,2024-03-11,Gran actuacion
U00953,1090,5.7,2024-07-31,Historia entretenida
U00953,12877,7.2,2024-12-22,Me gusto bastante
U00953,291,6.5,2026-01-07,La volveria a ver
U00953,220488,3.5,2025-12-13,Gran actuacion
U00953,45658,5.6,2023-07-22,Me gusto bastante
U00953,16016,4.4,2024-07-30,Buen ritmo
U00954,188927,7.4,2024-02-13,La volveria a ver
U00954,39303,6.0,2022-12-23,Visualmente increible
U00954,41479,6.0,2024-08-11,Historia entretenida
U00954,25196,7.4,2022-09-13,Final inesperado
U00954,10358,4.7,2024-07-08,Excelente recomendacion
U00954,31915,6.5,2022-11-10,No era lo que esperaba
U00954,10333,5.1,2025-08-16,La volveria a ver
U00955,62677,6.8,2025-03-22,Final inesperado
U00955,297100,2.5,2025-02-24,Historia entretenida
U00955,1624,5.6,2024-12-20,Historia entretenida
U00955,19840,5.5,2025-12-23,Final inesperado
U00955,350,7.1,2025-08-22,Gran actuacion
U00955,943,7.1,2024-11-03,No era lo que esperaba
U00955,82533,6.5,2025-08-17,Buen ritmo
U00955,161795,8.5,2026-02-28,No era lo que esperaba
U00955,287815,7.1,2025-10-26,Final inesperado
U00955,19905,6.0,2025-01-09,Visualmente increible
U00955,20542,5.7,2025-02-12,Gran actuacion
U00956,23479,7.4,2025-05-06,Visualmente increible
U00956,9383,6.0,2026-01-23,La volveria a ver
U00956,325173,5.0,2025-06-19,Me gusto bastante
U00956,22074,6.3,2025-07-02,No era lo que esperaba
U00956,258509,5.5,2025-04-06,Buena para recomendar
U00956,15976,8.9,2025-11-29,No era lo que esperaba
U00956,615,7.2,2026-02-22,Historia entretenida
U00956,9919,6.9,2025-08-11,La volveria a ver
U00956,51828,5.7,2025-06-01,Buena para recomendar
U00956,10925,8.7,2025-12-09,Buen ritmo
U00956,10629,5.9,2026-03-25,Buena para recomendar
U00956,228967,5.9,2026-01-16,No era lo que esperaba
U00956,75900,6.7,2025-10-05,Excelente recomendacion
U00957,310569,8.9,2024-07-31,Excelente recomendacion
U00957,10117,5.4,2024-07-20,Excelente recomendacion
U00957,19912,6.7,2024-06-14,No era lo que esperaba
U00957,12182,6.4,2023-12-28,Me gusto bastante
U00957,58595,7.1,2025-01-09,Historia entretenida
U00957,9709,6.4,2024-09-08,Gran actuacion
U00957,82650,5.0,2024-11-18,Excelente recomendacion
U00957,198663,5.7,2024-07-31,No era lo que esperaba
U00957,69382,1.0,2024-03-27,Buen ritmo
U00957,12535,5.4,2025-09-01,No era lo que esperaba
U00957,950,6.6,2024-03-09,Me gusto bastante
U00958,39514,7.3,2026-01-03,Excelente recomendacion
U00958,113947,5.7,2026-02-21,Historia entretenida
U00958,291870,7.0,2026-02-25,La volveria a ver
U00958,27581,5.0,2025-10-21,La volveria a ver
U00958,4170,6.7,2024-11-22,Gran actuacion
U00958,29262,6.6,2025-08-28,Buen ritmo
U00959,5,5.0,2026-03-07,Buena para recomendar
U00959,199933,4.0,2026-02-21,Final inesperado
U00959,12508,5.3,2026-03-17,Buen ritmo
U00959,10782,7.5,2025-12-23,Buen ritmo
U00959,4251,8.8,2025-09-28,Buena para recomendar
U00959,93456,6.2,2025-12-16,Final inesperado
U00959,595,8.8,2025-11-01,Gran actuacion
U00959,3877,5.3,2026-01-04,No era lo que esperaba
U00959,55831,6.6,2025-07-27,Visualmente increible
U00960,630,7.2,2025-02-20,Visualmente increible
U00960,228150,6.4,2025-09-11,Me gusto bastante
U00960,10642,4.4,2026-01-29,Me gusto bastante
U00960,11977,5.7,2025-01-18,Buen ritmo
U00960,10330,4.9,2025-09-29,La volveria a ver
U00960,9297,6.1,2025-11-05,Gran actuacion
U00960,8373,4.5,2025-10-05,Historia entretenida
U00960,35019,5.7,2025-09-20,Excelente recomendacion
U00960,232672,6.1,2025-04-06,Historia entretenida
U00960,257088,4.5,2025-06-11,Buen ritmo
U00960,14164,2.0,2025-07-13,No era lo que esperaba
U00960,10357,5.3,2025-01-30,Historia entretenida
U00961,324668,6.0,2023-01-05,Visualmente increible
U00961,11351,5.1,2025-09-25,Buena para recomendar
U00961,10281,5.7,2022-08-03,Visualmente increible
U00961,2501,6.9,2025-02-04,Historia entretenida
U00961,1970,5.9,2023-04-19,La volveria a ver
U00961,62213,5.7,2025-11-26,La volveria a ver
U00961,10773,5.3,2023-06-26,Excelente recomendacion
U00961,112430,5.5,2023-12-07,Excelente recomendacion
U00961,19899,4.2,2024-01-04,Buena para recomendar
U00961,10153,5.5,2023-11-24,Final inesperado
U00961,11137,7.4,2024-10-29,Historia entretenida
U00961,75861,6.6,2022-07-05,Final inesperado
U00961,9023,8.3,2025-10-06,No era lo que esperaba
U00961,244114,4.5,2025-08-30,Me gusto bastante
U00961,692,4.8,2026-02-10,Buena para recomendar
U00962,11631,6.9,2025-02-27,No era lo que esperaba
U00962,41830,7.0,2025-06-30,Gran actuacion
U00962,9339,5.1,2024-06-11,La volveria a ver
U00962,13508,7.9,2024-01-29,Historia entretenida
U00962,489,8.7,2026-01-25,Final inesperado
U00963,675,7.2,2022-10-17,Historia entretenida
U00963,57089,5.6,2023-02-04,Me gusto bastante
U00963,19959,6.1,2024-09-15,Buena para recomendar
U00963,563,6.1,2024-02-18,Historia entretenida
U00963,101179,4.5,2025-04-27,Me gusto bastante
U00963,164558,7.9,2026-04-10,Historia entretenida
U00963,1246,5.7,2025-07-25,Buena para recomendar
U00963,72213,5.6,2024-04-19,Me gusto bastante
U00963,112430,7.1,2025-01-29,Buena para recomendar
U00963,10220,6.1,2026-02-11,Me gusto bastante
U00963,4234,4.3,2024-02-15,Buena para recomendar
U00963,13166,4.4,2025-01-20,Gran actuacion
U00964,277,5.5,2025-10-12,Buen ritmo
U00964,312221,5.9,2024-02-12,La volveria a ver
U00964,127867,4.5,2024-09-04,Buen ritmo
U00964,913,6.3,2026-02-12,Historia entretenida
U00964,16358,6.0,2024-04-28,La volveria a ver
U00964,13075,6.7,2024-12-28,Buena para recomendar
U00964,46738,8.1,2024-09-07,Final inesperado
U00964,2959,6.2,2023-12-26,La volveria a ver
U00964,20737,5.2,2024-06-18,Final inesperado
U00965,285783,5.9,2025-07-04,La volveria a ver
U00965,15239,5.3,2026-03-30,Buena para recomendar
U00965,17431,8.2,2025-10-25,Buena para recomendar
U00965,3093,5.5,2025-09-03,Buena para recomendar
U00965,44260,7.2,2025-07-31,No era lo que esperaba
U00965,155,9.4,2025-10-31,Gran actuacion
U00965,37931,3.6,2025-07-27,Buena para recomendar
U00965,268920,5.1,2025-07-14,La volveria a ver
U00965,345003,4.0,2025-10-23,Excelente recomendacion
U00965,10865,7.5,2026-01-03,Me gusto bastante
U00965,9352,5.8,2025-08-01,Buen ritmo
U00965,13856,7.0,2026-01-30,Buen ritmo
U00965,310131,6.4,2025-07-02,Buena para recomendar
U00965,162903,5.7,2026-02-22,Me gusto bastante
U00965,217708,6.0,2026-01-21,Buena para recomendar
U00966,18937,7.3,2024-04-04,Final inesperado
U00966,194,9.0,2024-11-12,Gran actuacion
U00966,860,6.5,2024-09-23,Excelente recomendacion
U00966,16112,6.8,2023-11-03,Buen ritmo
U00966,694,8.5,2023-08-09,Historia entretenida
U00966,2789,7.4,2023-05-20,Excelente recomendacion
U00966,75,6.9,2022-11-03,Me gusto bastante
U00966,137113,6.5,2025-06-25,Visualmente increible
U00966,152742,6.4,2023-10-07,Excelente recomendacion
U00966,64973,7.2,2026-01-12,Gran actuacion
U00967,21349,5.2,2025-10-02,La volveria a ver
U00967,13937,5.1,2025-06-17,Me gusto bastante
U00967,91586,7.9,2025-05-03,Buena para recomendar
U00967,10185,6.2,2025-03-22,Final inesperado
U00967,49444,6.3,2025-05-11,Visualmente increible
U00967,14181,6.6,2026-03-22,Buen ritmo
U00967,108346,8.9,2026-02-21,Buena para recomendar
U00967,2636,5.3,2025-01-08,Buen ritmo
U00967,199,7.1,2025-12-07,Excelente recomendacion
U00967,24747,4.6,2025-08-26,Excelente recomendacion
U00967,12212,3.7,2026-03-30,Me gusto bastante
U00967,22954,8.3,2025-03-12,Me gusto bastante
U00967,260778,6.9,2025-07-05,Buen ritmo
U00967,13963,6.6,2024-12-25,Me gusto bastante
U00968,14195,7.3,2026-03-02,Final inesperado
U00968,14582,5.2,2025-07-20,Buen ritmo
U00968,10929,6.0,2026-01-02,La volveria a ver
U00968,254470,6.7,2025-08-22,Buena para recomendar
U00968,46738,8.6,2026-02-22,Excelente recomendacion
U00968,290864,7.0,2025-09-10,Final inesperado
U00968,10673,6.9,2026-01-06,Excelente recomendacion
U00968,10269,5.3,2025-08-21,Historia entretenida
U00968,45324,5.7,2025-10-09,Gran actuacion
U00968,227973,6.5,2026-02-24,Historia entretenida
U00968,28165,5.5,2025-12-27,Me gusto bastante
U00968,43595,4.1,2026-03-12,Buen ritmo
U00968,2287,6.5,2026-03-31,Buen ritmo
U00968,41469,7.5,2025-09-02,Gran actuacion
U00969,11219,5.8,2025-10-28,Gran actuacion
U00969,5780,7.3,2025-04-09,La volveria a ver
U00969,9444,8.1,2025-03-24,La volveria a ver
U00969,119458,4.1,2025-06-12,Historia entretenida
U00969,25312,4.6,2026-03-15,Excelente recomendacion
U00969,11322,6.6,2025-10-29,La volveria a ver
U00969,50837,5.8,2025-04-04,No era lo que esperaba
U00969,12498,7.3,2025-10-24,Final inesperado
U00969,339408,5.6,2024-11-19,La volveria a ver
U00969,260778,8.1,2025-12-13,Gran actuacion
U00970,302688,5.7,2026-02-27,Excelente recomendacion
U00970,9664,7.2,2026-04-10,Gran actuacion
U00970,297,7.6,2026-03-04,Gran actuacion
U00970,364,6.3,2026-04-05,No era lo que esperaba
U00970,3291,7.8,2026-04-03,Final inesperado
U00971,9552,6.9,2024-02-18,Historia entretenida
U00971,37003,7.6,2026-02-16,Excelente recomendacion
U00971,1930,5.7,2024-01-28,La volveria a ver
U00971,72913,5.7,2025-10-02,Buena para recomendar
U00971,256961,4.7,2025-06-23,La volveria a ver
U00971,283708,5.5,2025-09-16,Gran actuacion
U00972,15655,6.2,2025-02-09,No era lo que esperaba
U00972,2320,5.4,2025-11-06,Me gusto bastante
U00972,2610,6.8,2024-12-02,Historia entretenida
U00972,1961,6.2,2023-11-24,No era lo que esperaba
U00972,262500,6.9,2023-11-13,Gran actuacion
U00972,9030,4.1,2026-01-07,La volveria a ver
U00972,38541,6.7,2023-09-26,Final inesperado
U00973,62204,7.4,2025-04-23,Excelente recomendacion
U00973,403,7.7,2025-04-22,Buen ritmo
U00973,43935,5.6,2025-06-14,La volveria a ver
U00973,240832,5.3,2025-05-19,Gran actuacion
U00973,11531,3.5,2026-01-28,No era lo que esperaba
U00973,2370,5.9,2025-04-02,Visualmente increible
U00973,11592,5.1,2026-03-21,Visualmente increible
U00973,9517,7.7,2025-09-23,Me gusto bastante
U00973,9573,7.0,2025-01-25,Buena para recomendar
U00974,47941,3.6,2025-09-02,No era lo que esperaba
U00974,2196,5.9,2024-04-13,Gran actuacion
U00974,46435,6.1,2026-03-17,No era lo que esperaba
U00974,10013,4.9,2026-02-26,Buena para recomendar
U00974,12106,7.4,2025-01-21,Buena para recomendar
U00974,25704,6.3,2023-07-18,Visualmente increible
U00974,206563,8.1,2026-01-30,Excelente recomendacion
U00974,37532,5.6,2024-02-24,Gran actuacion
U00974,1439,6.8,2024-02-17,La volveria a ver
U00974,19994,4.0,2024-08-07,La volveria a ver
U00974,1579,7.2,2024-09-12,Final inesperado
U00974,323967,6.6,2026-02-25,Buen ritmo
U00974,140823,7.9,2024-07-19,Buen ritmo
U00974,9282,7.3,2025-12-09,Excelente recomendacion
U00974,6116,5.3,2023-12-17,Me gusto bastante
U00975,924,6.0,2025-02-11,Final inesperado
U00975,385736,7.7,2025-07-02,Historia entretenida
U00975,238,9.8,2025-07-06,No era lo que esperaba
U00975,262504,5.7,2024-05-14,Historia entretenida
U00975,12094,7.2,2024-06-17,Excelente recomendacion
U00975,2501,6.8,2025-09-19,Buen ritmo
U00975,31908,7.5,2024-07-11,Excelente recomendacion
U00975,132363,8.5,2025-03-12,Historia entretenida
U00975,53113,4.8,2025-03-26,No era lo que esperaba
U00975,27576,7.2,2025-01-30,La volveria a ver
U00975,9593,5.1,2025-05-13,Visualmente increible
U00976,47686,8.8,2025-06-13,Buen ritmo
U00976,14976,4.8,2025-02-03,Gran actuacion
U00976,6687,5.0,2025-08-24,Final inesperado
U00976,205596,7.7,2026-04-02,Gran actuacion
U00976,40963,9.2,2024-11-18,Buen ritmo
U00976,629,9.0,2025-07-05,Visualmente increible
U00976,56491,3.4,2025-07-20,Buena para recomendar
U00976,8198,6.8,2025-03-26,Final inesperado
U00976,14435,5.8,2024-11-02,Excelente recomendacion
U00976,17994,7.3,2025-07-30,Final inesperado
U00977,10117,5.4,2025-04-27,La volveria a ver
U00977,11802,6.3,2026-03-10,Final inesperado
U00977,9390,6.3,2024-08-21,Visualmente increible
U00977,4379,5.4,2025-02-19,Me gusto bastante
U00978,838,7.7,2025-07-11,Me gusto bastante
U00978,29917,6.6,2025-05-28,Final inesperado
U00978,10208,6.8,2025-06-20,Historia entretenida
U00978,10008,5.8,2026-01-14,Gran actuacion
U00978,14574,6.3,2025-10-17,No era lo que esperaba
U00978,241251,5.2,2025-04-18,Visualmente increible
U00978,9566,5.4,2024-09-09,Visualmente increible
U00979,9571,8.4,2025-04-02,Gran actuacion
U00979,245,8.0,2024-02-21,No era lo que esperaba
U00979,68412,4.9,2024-10-29,No era lo que esperaba
U00979,30596,7.7,2022-12-25,Historia entretenida
U00979,127493,4.5,2024-09-28,Historia entretenida
U00979,84178,5.4,2025-05-28,Final inesperado
U00980,138832,5.5,2025-11-21,Me gusto bastante
U00980,41436,4.9,2026-03-15,Historia entretenida
U00980,227306,8.5,2026-02-08,Final inesperado
U00980,150689,6.8,2026-04-05,Buen ritmo
U00980,33217,5.7,2025-10-22,Final inesperado
U00980,819,6.6,2026-03-27,Me gusto bastante
U00980,54138,8.4,2025-08-21,La volveria a ver
U00981,228066,5.1,2025-10-11,Gran actuacion
U00981,10198,5.5,2025-12-13,Gran actuacion
U00981,8408,8.3,2026-01-08,Final inesperado
U00981,15800,7.3,2026-02-07,Excelente recomendacion
U00981,11086,6.7,2026-02-07,Excelente recomendacion
U00982,5137,5.6,2023-09-30,Buen ritmo
U00982,86549,7.6,2024-08-07,Buen ritmo
U00982,13027,5.6,2025-01-13,Visualmente increible
U00983,25763,4.5,2026-02-01,Me gusto bastante
U00983,4233,6.6,2025-12-28,Buena para recomendar
U00983,617,6.6,2025-11-08,Buen ritmo
U00984,34851,6.9,2025-02-16,Excelente recomendacion
U00984,859,6.7,2025-04-26,Gran actuacion
U00984,127585,8.3,2026-02-07,Buena para recomendar
U00984,10488,4.6,2024-12-16,Me gusto bastante
U00984,10054,4.7,2025-08-04,Final inesperado
U00984,34152,7.6,2025-12-08,La volveria a ver
U00984,3604,6.9,2025-03-11,Buena para recomendar
U00984,6687,6.8,2025-03-06,Buen ritmo
U00985,790,6.3,2025-07-23,Final inesperado
U00985,7220,6.8,2025-08-02,Final inesperado
U00985,112456,5.2,2025-08-16,Historia entretenida
U00985,782,7.3,2026-03-30,Buena para recomendar
U00985,28178,8.3,2026-02-02,Me gusto bastante
U00985,2176,4.3,2026-01-11,Visualmente increible
U00985,4174,5.9,2025-06-18,Buena para recomendar
U00985,45317,6.2,2025-07-01,Excelente recomendacion
U00985,13429,4.2,2025-10-26,Final inesperado
U00985,9932,6.0,2025-06-22,Visualmente increible
U00986,228150,8.2,2025-08-19,La volveria a ver
U00986,41317,5.3,2025-10-19,Visualmente increible
U00986,114635,3.1,2026-02-04,Excelente recomendacion
U00986,57158,7.9,2025-11-08,Excelente recomendacion
U00986,7518,7.7,2025-06-11,Final inesperado
U00986,42618,6.0,2026-01-20,La volveria a ver
U00986,2044,7.0,2026-04-09,Historia entretenida
U00986,70981,6.1,2025-10-27,Final inesperado
U00986,16320,7.5,2025-11-07,No era lo que esperaba
U00986,75861,7.5,2026-03-01,Historia entretenida
U00986,84659,6.0,2026-01-09,No era lo que esperaba
U00986,210577,9.4,2026-03-08,Buena para recomendar
U00986,239573,4.4,2025-10-21,Excelente recomendacion
U00986,44115,6.8,2026-02-27,La volveria a ver
U00987,55347,6.8,2025-08-29,Me gusto bastante
U00987,20009,6.9,2025-08-20,Excelente recomendacion
U00987,16323,7.3,2025-02-01,Gran actuacion
U00987,12901,6.9,2025-02-25,Final inesperado
U00987,15512,5.4,2024-11-03,Historia entretenida
U00987,83,6.7,2024-07-01,Buen ritmo
U00987,134374,5.3,2025-10-18,La volveria a ver
U00987,691,6.7,2024-05-28,Visualmente increible
U00987,40185,4.0,2025-02-03,Gran actuacion
U00987,8649,6.2,2026-03-23,Gran actuacion
U00987,118,7.2,2025-03-14,Historia entretenida
U00987,8848,5.2,2025-08-27,Gran actuacion
U00987,103731,6.4,2026-03-04,Me gusto bastante
U00987,16620,5.8,2025-05-31,Final inesperado
U00988,110415,6.9,2024-10-26,Historia entretenida
U00988,81796,5.1,2025-04-17,Buena para recomendar
U00988,603,8.5,2025-03-23,La volveria a ver
U00988,10136,5.2,2025-10-18,Visualmente increible
U00988,191714,6.8,2025-07-01,Buena para recomendar
U00988,10364,6.2,2024-08-08,Buen ritmo
U00988,4517,7.1,2025-01-14,Excelente recomendacion
U00988,37964,6.3,2025-03-03,La volveria a ver
U00988,1809,6.0,2024-06-28,Me gusto bastante
U00988,358451,6.5,2024-08-16,Buen ritmo
U00988,9400,5.7,2024-11-03,Buen ritmo
U00989,3049,5.8,2025-12-12,Historia entretenida
U00989,49948,6.6,2025-10-08,Gran actuacion
U00989,4958,7.7,2026-02-25,No era lo que esperaba
U00989,10563,6.6,2025-12-12,Final inesperado
U00989,35169,5.3,2026-02-28,La volveria a ver
U00989,628,8.0,2026-03-17,Visualmente increible
U00989,324322,6.0,2025-12-26,Me gusto bastante
U00989,17130,6.0,2026-03-02,La volveria a ver
U00989,82693,6.1,2025-09-24,No era lo que esperaba
U00989,9392,6.8,2026-03-15,La volveria a ver
U00989,16158,6.3,2025-10-03,No era lo que esperaba
U00990,25212,5.3,2024-05-09,Me gusto bastante
U00990,787,5.8,2025-09-09,Final inesperado
U00991,226857,7.9,2024-09-20,Buena para recomendar
U00991,29122,5.0,2025-04-24,Gran actuacion
U00991,12163,8.3,2022-10-03,Final inesperado
U00991,28932,5.8,2023-06-09,Buen ritmo
U00991,10685,3.7,2026-01-31,Final inesperado
U00991,10744,6.1,2025-09-11,Buena para recomendar
U00991,11426,7.1,2023-08-12,Historia entretenida
U00991,79316,4.5,2024-02-01,Final inesperado
U00991,46332,7.7,2022-12-10,Final inesperado
U00991,20337,5.0,2024-10-22,Historia entretenida
U00991,14283,7.2,2026-04-07,Historia entretenida
U00991,9701,5.5,2023-10-27,Historia entretenida
U00991,68735,4.9,2023-02-07,Buen ritmo
U00991,16353,4.9,2024-09-17,Me gusto bastante
U00991,34016,7.2,2023-05-08,Buen ritmo
U00992,2001,7.9,2025-07-26,Visualmente increible
U00992,55347,7.2,2025-07-26,Historia entretenida
U00992,12144,5.8,2025-03-05,Gran actuacion
U00992,17436,5.3,2025-05-18,Excelente recomendacion
U00992,9280,5.8,2026-03-22,Me gusto bastante
U00992,7288,5.3,2025-10-29,Buen ritmo
U00992,64639,6.0,2025-11-14,La volveria a ver
U00993,21525,7.2,2026-02-01,Excelente recomendacion
U00993,10096,6.7,2024-09-02,La volveria a ver
U00993,321741,7.1,2025-05-28,Buen ritmo
U00993,18615,7.1,2024-07-06,Historia entretenida
U00993,303858,5.6,2025-09-13,Gran actuacion
U00993,8814,4.4,2024-05-28,Excelente recomendacion
U00993,276907,6.0,2025-04-12,Gran actuacion
U00993,48138,5.2,2025-12-06,Gran actuacion
U00993,205587,7.2,2025-06-02,Buena para recomendar
U00993,913,7.1,2024-11-22,Final inesperado
U00993,338,6.5,2024-10-03,Gran actuacion
U00993,10413,6.1,2025-09-26,No era lo que esperaba
U00993,24,7.3,2024-09-16,Final inesperado
U00993,12106,7.1,2025-09-18,Excelente recomendacion
U00993,321697,5.6,2024-08-03,Excelente recomendacion
U00994,11478,6.4,2023-03-14,Historia entretenida
U00994,10426,5.6,2025-07-27,Gran actuacion
U00994,9541,4.8,2024-01-05,Buen ritmo
U00994,58,8.0,2025-04-23,Historia entretenida
U00994,503,4.7,2023-11-06,Final inesperado
U00994,587,8.0,2023-07-22,Buen ritmo
U00994,1865,6.2,2023-05-21,Final inesperado
U00994,20653,7.7,2025-12-18,Gran actuacion
U00994,34592,4.7,2026-04-08,Visualmente increible
U00994,11676,7.0,2025-02-12,Excelente recomendacion
U00994,7288,6.0,2023-03-26,La volveria a ver
U00994,492,7.1,2024-12-23,Gran actuacion
U00995,271110,6.3,2026-02-18,Final inesperado
U00995,15049,7.8,2025-10-03,Me gusto bastante
U00995,185567,6.8,2026-02-16,No era lo que esperaba
U00995,72976,6.4,2025-06-23,Excelente recomendacion
U00995,9655,6.7,2025-08-26,Buena para recomendar
U00995,231,5.1,2025-05-16,Final inesperado
U00995,34335,6.7,2026-02-04,Historia entretenida
U00995,13075,5.1,2025-11-04,Gran actuacion
U00995,13279,6.6,2026-01-09,Gran actuacion
U00995,8321,6.3,2025-09-07,Buena para recomendar
U00995,11001,6.1,2026-03-11,Historia entretenida
U00995,55123,5.2,2026-02-11,Visualmente increible
U00995,22954,7.4,2025-10-30,No era lo que esperaba
U00996,9833,7.0,2024-11-17,Final inesperado
U00996,102362,7.1,2023-05-06,Excelente recomendacion
U00996,950,5.4,2025-10-28,La volveria a ver
U00996,8416,8.8,2024-12-15,Historia entretenida
U00996,27004,6.4,2026-03-02,No era lo que esperaba
U00996,1579,6.0,2024-04-01,Buen ritmo
U00996,132232,6.3,2023-01-29,Buena para recomendar
U00996,3172,7.0,2024-08-02,Final inesperado
U00997,11529,6.1,2026-03-02,Buena para recomendar
U00997,34647,6.1,2025-09-15,Buena para recomendar
U00997,1824,7.7,2025-06-20,Historia entretenida
U00997,118452,2.6,2026-03-26,Gran actuacion
U00997,3683,7.3,2025-08-31,La volveria a ver
U00998,22821,4.5,2024-05-04,Excelente recomendacion
U00998,49519,7.4,2025-09-08,Historia entretenida
U00998,1591,5.8,2025-09-03,Final inesperado
U00998,98568,7.1,2024-10-24,No era lo que esperaba
U00998,190859,7.1,2024-05-05,Buena para recomendar
U00998,7191,6.7,2025-06-06,Historia entretenida
U00998,78698,5.4,2025-11-12,Historia entretenida
U00998,27995,5.9,2025-10-24,Gran actuacion
U00998,10193,8.1,2024-06-12,Excelente recomendacion
U00998,18632,7.1,2024-08-16,Buen ritmo
U00999,8592,5.0,2025-06-05,Buen ritmo
U00999,141,6.6,2023-10-06,Visualmente increible
U00999,14538,7.1,2023-11-27,Historia entretenida
U00999,83686,7.5,2023-07-13,Buen ritmo
U00999,104896,4.9,2025-08-17,Visualmente increible
U01000,33511,8.4,2025-12-18,Final inesperado
U01000,1593,6.3,2026-04-10,Excelente recomendacion
U01000,19153,4.1,2026-03-11,Buena para recomendar
U01000,576,7.9,2026-01-13,Buena para recomendar
U01000,35073,6.4,2026-03-07,Buena para recomendar
U01000,11596,5.7,2026-02-05,No era lo que esperaba
U01000,1439,7.6,2026-01-27,No era lo que esperaba
U01000,769,7.8,2026-01-19,Buena para recomendar
U01000,11,7.3,2025-12-12,No era lo que esperaba
U01000,131634,6.1,2026-03-29,Excelente recomendacion
U01000,285,5.9,2026-01-31,Visualmente increible
U01000,8363,8.3,2026-01-17,Historia entretenida
U01001,5528,7.2,2022-09-01,Visualmente increible
U01001,41630,7.1,2025-12-01,Excelente recomendacion
U01001,91586,5.4,2023-11-02,Historia entretenida
U01001,5503,7.5,2024-12-16,Excelente recomendacion
U01001,16300,3.8,2026-01-28,Buen ritmo
U01001,68,8.8,2024-01-26,Me gusto bastante
U01001,10410,5.8,2024-10-05,Me gusto bastante
U01001,28121,6.0,2023-12-05,Gran actuacion
U01001,10414,5.5,2025-08-28,Me gusto bastante
U01001,1830,6.8,2023-11-30,Excelente recomendacion
U01001,10992,4.1,2022-08-26,Visualmente increible
U01001,10386,8.1,2023-08-16,Visualmente increible
U01001,194662,7.6,2022-09-06,Final inesperado
U01002,166624,5.4,2026-02-05,La volveria a ver
U01002,4233,7.6,2026-03-07,Visualmente increible
U01002,147773,7.4,2026-03-11,Historia entretenida
U01002,13064,5.6,2026-03-17,Buen ritmo
U01002,9879,4.7,2026-03-06,Buena para recomendar
U01003,4251,6.0,2026-04-10,Buen ritmo
U01003,9916,7.2,2025-11-02,Final inesperado
U01003,31582,6.2,2025-09-17,Buen ritmo
U01003,37495,7.6,2026-02-02,Buena para recomendar
U01003,9676,6.4,2025-09-07,Excelente recomendacion
U01003,333348,6.7,2025-12-18,Visualmente increible
U01004,6282,5.0,2026-01-28,Me gusto bastante
U01004,198062,7.9,2026-04-05,Buen ritmo
U01004,87093,6.0,2026-02-01,Historia entretenida
U01004,107985,6.4,2026-02-12,Buen ritmo
U01004,146,6.7,2026-04-09,Buena para recomendar
U01004,11934,8.4,2026-03-19,Gran actuacion
U01004,10288,6.9,2026-03-31,Gran actuacion
U01004,12079,6.7,2026-03-11,Historia entretenida
U01004,9096,4.7,2026-02-23,Final inesperado
U01004,55779,4.5,2026-02-05,Buen ritmo
U01004,159014,6.9,2026-03-05,La volveria a ver
U01004,318040,5.4,2026-04-05,No era lo que esperaba
U01004,10025,5.7,2026-02-15,Gran actuacion
U01005,49950,3.8,2026-02-12,Visualmente increible
U01005,112430,6.5,2024-07-20,Me gusto bastante
U01005,4147,8.2,2025-12-28,Gran actuacion
U01005,11658,6.0,2025-12-04,Buena para recomendar
U01006,13156,8.1,2026-02-08,No era lo que esperaba
U01006,27586,5.0,2026-01-21,Buena para recomendar
U01006,115,7.7,2026-02-20,La volveria a ver
U01006,6521,6.9,2026-04-05,Final inesperado
U01006,8838,5.1,2026-02-07,Excelente recomendacion
U01006,257211,8.6,2026-02-21,No era lo que esperaba
U01006,109091,5.3,2026-04-06,Visualmente increible
U01007,62838,5.0,2024-02-11,Excelente recomendacion
U01007,9821,7.6,2023-08-20,Excelente recomendacion
U01008,274854,5.9,2025-10-27,Historia entretenida
U01008,25941,6.6,2025-10-31,Buen ritmo
U01008,987,7.9,2025-12-19,Excelente recomendacion
U01008,3049,5.4,2026-03-27,No era lo que esperaba
U01008,6639,6.0,2025-09-16,Gran actuacion
U01008,88005,5.0,2026-01-31,Historia entretenida
U01008,15907,6.1,2025-06-02,Buen ritmo
U01008,2667,6.4,2026-02-11,No era lo que esperaba
U01008,1988,6.0,2025-12-13,Buena para recomendar
U01009,18206,5.1,2025-03-08,Historia entretenida
U01009,365052,6.9,2024-09-16,La volveria a ver
U01009,33644,5.9,2023-05-18,Visualmente increible
U01009,840,7.4,2023-04-16,La volveria a ver
U01009,27936,8.1,2024-12-14,Buena para recomendar
U01009,4995,8.9,2025-04-20,Final inesperado
U01009,9361,7.1,2024-06-15,Excelente recomendacion
U01009,12535,5.5,2023-12-03,Visualmente increible
U01009,267935,5.3,2025-10-28,Buena para recomendar
U01009,304410,6.1,2023-11-17,Excelente recomendacion
U01009,36658,6.1,2024-10-31,Historia entretenida
U01009,12797,6.2,2026-03-12,La volveria a ver
U01009,59962,4.5,2023-08-22,Excelente recomendacion
U01009,2118,6.9,2025-10-19,Me gusto bastante
U01009,462,8.1,2023-07-18,Gran actuacion
U01010,87827,7.1,2023-01-25,Excelente recomendacion
U01010,205775,6.8,2025-09-16,Buen ritmo
U01010,6557,7.3,2023-05-21,Final inesperado
U01010,24100,7.0,2022-10-02,La volveria a ver
U01011,12162,8.6,2022-11-20,Excelente recomendacion
U01011,21334,7.7,2025-07-16,Buen ritmo
U01011,9035,6.1,2024-04-13,No era lo que esperaba
U01011,13496,7.1,2024-12-02,Visualmente increible
U01011,82690,5.9,2025-10-15,Buena para recomendar
U01011,9894,4.7,2023-02-15,La volveria a ver
U01012,10923,6.3,2024-08-27,Me gusto bastante
U01012,7443,5.4,2025-07-04,Visualmente increible
U01012,10220,5.6,2025-08-09,Gran actuacion
U01012,10315,8.7,2025-12-26,Final inesperado
U01012,10136,5.3,2025-01-09,Me gusto bastante
U01012,37232,6.1,2026-01-15,Buena para recomendar
U01012,13132,7.2,2024-09-21,Historia entretenida
U01012,225565,5.6,2024-08-29,Visualmente increible
U01012,12403,4.8,2025-05-20,Final inesperado
U01013,838,7.9,2025-10-08,Visualmente increible
U01013,45791,5.5,2023-07-22,Excelente recomendacion
U01013,1246,7.9,2022-12-28,Visualmente increible
U01013,24071,7.7,2023-08-20,No era lo que esperaba
U01013,15250,5.8,2022-11-09,No era lo que esperaba
U01014,17908,7.1,2025-08-10,Final inesperado
U01014,9457,6.4,2026-01-09,Historia entretenida
U01014,4233,6.9,2025-12-23,La volveria a ver
U01014,33909,5.9,2025-11-08,La volveria a ver
U01014,10183,6.4,2026-02-19,Final inesperado
U01014,70981,6.5,2025-11-27,No era lo que esperaba
U01014,45380,6.1,2025-10-17,Historia entretenida
U01015,255343,6.2,2025-10-20,No era lo que esperaba
U01015,37707,6.0,2025-11-30,Historia entretenida
U01015,12838,6.2,2025-08-11,Gran actuacion
U01015,13536,4.2,2025-09-26,Buena para recomendar
U01015,9029,6.4,2025-08-16,Me gusto bastante
U01016,31166,7.0,2024-03-21,Final inesperado
U01016,4597,5.4,2024-05-26,No era lo que esperaba
U01016,9890,5.3,2024-11-19,Gran actuacion
U01016,30309,5.7,2023-07-10,La volveria a ver
U01016,16288,6.3,2024-09-24,Historia entretenida
U01016,9801,7.1,2025-09-27,Final inesperado
U01016,18785,5.9,2025-08-01,Historia entretenida
U01016,6488,6.7,2025-04-28,Final inesperado
U01016,8841,6.1,2025-11-01,Historia entretenida
U01017,39541,7.5,2025-07-11,Visualmente increible
U01017,10229,7.6,2025-05-02,Visualmente increible
U01017,79694,4.0,2025-08-05,Me gusto bastante
U01017,10994,6.3,2024-08-30,Visualmente increible
U01017,259693,7.5,2024-09-11,Historia entretenida
U01017,86838,5.2,2026-01-25,No era lo que esperaba
U01018,246449,3.5,2023-11-30,La volveria a ver
U01018,38031,4.7,2025-05-08,Excelente recomendacion
U01018,10774,8.4,2024-11-11,Gran actuacion
U01018,10075,5.8,2025-08-22,Buena para recomendar
U01018,64328,6.4,2024-11-02,Final inesperado
U01018,10557,7.5,2023-11-18,La volveria a ver
U01018,11024,4.5,2025-04-25,La volveria a ver
U01018,16781,4.9,2025-11-19,Excelente recomendacion
U01018,9533,7.7,2025-12-31,Historia entretenida
U01018,2755,5.8,2024-02-10,La volveria a ver
U01018,10533,6.5,2024-07-26,Buena para recomendar
U01019,76338,8.3,2024-11-28,Buen ritmo
U01019,2447,5.4,2025-05-27,La volveria a ver
U01019,4244,5.2,2024-11-23,No era lo que esperaba
U01019,202604,4.2,2025-06-22,Historia entretenida
U01019,7547,6.5,2025-10-20,Buen ritmo
U01019,34941,7.6,2024-11-05,Visualmente increible
U01019,9900,7.4,2025-11-06,Historia entretenida
U01019,78698,7.0,2026-03-07,Historia entretenida
U01019,4953,5.1,2025-07-11,Buena para recomendar
U01019,7350,7.5,2025-02-17,La volveria a ver
U01019,9533,6.9,2025-04-19,Buena para recomendar
U01019,9787,8.2,2026-01-26,Gran actuacion
U01019,905,6.8,2025-08-07,No era lo que esperaba
U01019,50348,5.5,2025-08-21,Me gusto bastante
U01019,249164,6.7,2024-09-21,Gran actuacion
U01019,90369,7.4,2024-11-17,Excelente recomendacion
U01019,1091,7.6,2025-02-23,Buen ritmo
U01020,20981,5.5,2025-06-09,Excelente recomendacion
U01020,184098,6.1,2026-01-07,Final inesperado
U01020,13342,6.4,2026-03-04,Final inesperado
U01020,9444,7.5,2025-12-03,No era lo que esperaba
U01020,3089,6.2,2025-10-01,Me gusto bastante
U01020,106,6.3,2025-10-24,La volveria a ver
U01021,765,8.5,2026-03-01,Excelente recomendacion
U01021,196867,4.6,2025-08-29,Historia entretenida
U01021,293646,6.4,2026-03-01,Me gusto bastante
U01021,323677,7.6,2025-05-14,Excelente recomendacion
U01021,9919,5.9,2025-10-03,Excelente recomendacion
U01022,11804,5.5,2025-09-19,Buen ritmo
U01022,25941,7.2,2025-08-30,Gran actuacion
U01022,50780,5.3,2026-02-19,Excelente recomendacion
U01022,278927,5.4,2026-01-27,No era lo que esperaba
U01022,191714,8.6,2026-02-10,Historia entretenida
U01022,11324,8.4,2026-03-03,No era lo que esperaba
U01022,60308,7.7,2026-04-09,Gran actuacion
U01022,510,8.6,2025-09-30,Visualmente increible
U01022,89325,6.6,2025-12-17,Visualmente increible
U01022,33870,5.6,2026-02-04,Excelente recomendacion
U01022,306667,6.3,2025-09-04,Visualmente increible
U01022,45650,6.9,2026-01-06,Me gusto bastante
U01022,173931,1.8,2025-09-30,Historia entretenida
U01023,44826,6.0,2026-04-02,Me gusto bastante
U01023,11683,7.5,2026-03-18,Gran actuacion
U01023,1378,7.3,2026-03-20,La volveria a ver
U01023,9675,7.6,2026-03-14,Final inesperado
U01023,10070,5.9,2026-03-20,Final inesperado
U01023,25376,9.1,2026-04-06,Excelente recomendacion
U01023,121,8.6,2026-03-16,Buena para recomendar
U01023,21724,4.9,2026-03-28,Final inesperado
U01023,102382,5.1,2026-03-31,Final inesperado
U01023,4547,6.2,2026-03-30,Buena para recomendar
U01023,10549,7.7,2026-03-29,Me gusto bastante
U01024,36557,8.8,2024-09-20,Final inesperado
U01024,1103,7.5,2025-12-20,Me gusto bastante
U01024,228203,6.2,2025-03-17,Excelente recomendacion
U01024,244776,4.5,2024-10-04,No era lo que esperaba
U01024,9894,6.3,2026-01-08,Gran actuacion
U01024,14662,6.8,2025-02-20,Historia entretenida
U01025,22488,5.8,2025-05-26,La volveria a ver
U01025,9335,7.0,2026-01-11,No era lo que esperaba
U01025,256917,7.6,2026-02-13,Me gusto bastante
U01025,309503,4.1,2025-06-27,Gran actuacion
U01025,23742,6.3,2026-01-02,Historia entretenida
U01025,102899,7.0,2025-07-27,Excelente recomendacion
U01025,7446,6.4,2025-09-19,Final inesperado
U01025,298,7.2,2025-06-02,Excelente recomendacion
U01025,68737,5.6,2025-09-13,La volveria a ver
U01025,2925,6.8,2026-03-16,Gran actuacion
U01025,2123,4.8,2025-08-10,No era lo que esperaba
U01025,14164,4.1,2025-08-16,Buen ritmo
U01025,522,8.5,2025-07-26,Historia entretenida
U01026,16471,6.0,2025-03-13,Visualmente increible
U01026,764,6.9,2025-01-01,Me gusto bastante
U01026,9043,5.3,2024-11-23,La volveria a ver
U01026,272,8.3,2024-12-28,Excelente recomendacion
U01026,135397,5.8,2025-05-28,Me gusto bastante
U01026,9716,6.8,2025-07-30,Visualmente increible
U01026,228967,6.5,2026-02-19,Me gusto bastante
U01026,13983,5.6,2026-01-25,Historia entretenida
U01027,27569,5.6,2024-07-29,Visualmente increible
U01027,25520,7.1,2026-01-07,La volveria a ver
U01027,345,6.0,2026-02-19,Final inesperado
U01027,10068,4.8,2024-12-10,Buen ritmo
U01027,507,7.0,2025-01-23,Gran actuacion
U01027,9072,6.2,2025-04-28,Historia entretenida
U01028,512,5.1,2023-01-19,Gran actuacion
U01028,93456,6.9,2025-06-19,La volveria a ver
U01028,10764,6.8,2023-07-20,No era lo que esperaba
U01028,12245,7.0,2024-09-24,No era lo que esperaba
U01028,243940,5.0,2024-11-27,No era lo que esperaba
U01028,89325,5.0,2024-07-21,Excelente recomendacion
U01028,5236,6.4,2024-11-17,Visualmente increible
U01029,10428,6.1,2026-02-24,Buen ritmo
U01029,9526,5.5,2025-10-12,Gran actuacion
U01029,44912,6.1,2026-02-18,Visualmente increible
U01029,152747,7.0,2025-05-30,Final inesperado
U01029,27342,8.2,2026-03-13,La volveria a ver
U01030,52520,5.7,2023-10-05,Historia entretenida
U01030,13460,6.7,2024-02-22,Final inesperado
U01030,49444,6.5,2026-01-06,Final inesperado
U01030,38757,8.1,2025-07-16,Buen ritmo
U01030,4597,6.8,2025-12-19,No era lo que esperaba
U01030,10555,4.4,2024-10-19,No era lo que esperaba
U01030,71859,8.3,2023-03-01,Buen ritmo
U01030,43884,6.3,2023-11-26,Historia entretenida
U01030,72197,6.1,2025-09-29,Me gusto bastante
U01030,8374,8.6,2025-07-30,Excelente recomendacion
U01030,320146,6.4,2024-01-02,Me gusto bastante
U01030,45610,5.3,2024-01-31,Gran actuacion
U01030,238603,5.1,2026-03-04,Buen ritmo
U01030,9392,5.4,2023-09-20,Excelente recomendacion
U01031,10673,6.4,2026-03-26,La volveria a ver
U01031,1701,7.8,2025-10-30,Buen ritmo
U01031,10514,7.2,2026-03-31,No era lo que esperaba
U01031,10563,5.1,2025-11-24,Buena para recomendar
U01031,38050,7.7,2025-11-02,La volveria a ver
U01031,10708,5.7,2025-12-06,La volveria a ver
U01031,13497,6.4,2026-03-17,Visualmente increible
U01032,1590,6.3,2026-01-06,Buen ritmo
U01032,242,8.1,2026-03-29,Excelente recomendacion
U01032,25209,8.7,2026-02-26,Final inesperado
U01032,266856,9.2,2026-01-01,Buena para recomendar
U01032,9342,7.7,2026-01-18,No era lo que esperaba
U01032,14191,6.9,2026-02-16,Historia entretenida
U01032,558,6.8,2026-04-01,Me gusto bastante
U01032,7301,7.7,2026-02-07,Excelente recomendacion
U01032,15487,8.2,2026-02-07,Gran actuacion
U01032,9928,6.9,2025-12-27,Excelente recomendacion
U01032,10873,5.3,2026-03-15,Buena para recomendar
U01032,671,7.1,2026-02-22,Historia entretenida
U01033,21283,4.9,2026-01-28,Visualmente increible
U01033,9619,4.4,2025-06-29,Gran actuacion
U01033,39781,6.1,2025-03-20,La volveria a ver
U01033,15092,4.6,2025-04-20,Excelente recomendacion
U01033,62255,4.6,2025-02-24,Excelente recomendacion
U01033,34314,5.9,2025-05-05,Buen ritmo
U01033,22301,4.9,2025-07-10,Buen ritmo
U01033,10034,6.2,2025-04-02,Gran actuacion
U01034,27322,6.9,2026-01-24,Final inesperado
U01034,87101,7.2,2023-10-13,Final inesperado
U01034,11156,6.5,2024-09-14,No era lo que esperaba
U01034,11411,4.3,2024-02-04,Visualmente increible
U01034,12479,6.6,2024-11-16,Visualmente increible
U01034,11676,5.9,2025-04-22,Visualmente increible
U01034,2486,4.9,2025-09-26,La volveria a ver
U01035,99826,9.5,2025-12-26,Historia entretenida
U01035,84200,5.9,2025-10-18,No era lo que esperaba
U01035,294254,7.2,2025-12-20,Buen ritmo
U01035,286217,7.6,2026-03-03,No era lo que esperaba
U01035,27569,6.6,2024-06-05,No era lo que esperaba
U01035,82693,6.8,2026-03-25,Excelente recomendacion
U01035,296096,7.9,2025-11-25,La volveria a ver
U01035,591,7.1,2025-02-25,Final inesperado
U01035,198185,5.4,2024-04-11,Buena para recomendar
U01035,9573,5.1,2025-07-08,No era lo que esperaba
U01036,8346,6.5,2025-08-24,Historia entretenida
U01036,5994,5.4,2026-03-29,Final inesperado
U01036,9384,5.4,2026-01-29,Visualmente increible
U01036,17332,6.2,2026-02-02,Me gusto bastante
U01036,591,6.0,2025-08-18,Historia entretenida
U01036,41439,5.0,2025-12-31,Gran actuacion
U01036,77987,4.3,2025-10-29,Historia entretenida
U01036,117251,6.7,2026-03-24,Excelente recomendacion
U01037,641,8.7,2024-12-02,Me gusto bastante
U01037,71547,4.4,2024-07-21,Excelente recomendacion
U01037,79694,4.1,2025-09-20,Gran actuacion
U01037,1368,7.7,2025-07-11,Visualmente increible
U01037,42188,7.4,2025-01-10,Excelente recomendacion
U01037,10246,6.1,2023-10-08,Final inesperado
U01037,9476,6.8,2025-08-03,Gran actuacion
U01037,24621,7.7,2024-07-17,Visualmente increible
U01037,12901,7.6,2023-11-02,Buena para recomendar
U01037,180,7.8,2024-08-21,No era lo que esperaba
U01037,137321,6.1,2025-04-17,Excelente recomendacion
U01038,49478,5.4,2025-07-03,Final inesperado
U01038,16406,5.2,2026-01-08,Me gusto bastante
U01038,157353,5.0,2025-01-08,No era lo que esperaba
U01038,51130,7.5,2025-03-22,Gran actuacion
U01038,374461,7.3,2025-02-01,Historia entretenida
U01038,292539,6.7,2025-08-05,Visualmente increible
U01039,16281,6.8,2024-09-24,Me gusto bastante
U01039,72387,4.8,2025-05-02,Gran actuacion
U01039,84178,4.9,2024-08-30,Buen ritmo
U01040,52520,7.1,2024-07-15,Buena para recomendar
U01040,14578,4.7,2024-10-06,Excelente recomendacion
U01040,9089,6.3,2025-08-08,Visualmente increible
U01040,19959,5.8,2024-06-30,Gran actuacion
U01040,57943,4.0,2025-06-22,Me gusto bastante
U01040,1850,8.0,2025-06-28,Historia entretenida
U01040,4960,7.7,2024-10-09,Buena para recomendar
U01040,323270,3.7,2024-12-08,Buena para recomendar
U01040,1985,6.3,2026-03-06,Excelente recomendacion
U01040,27205,9.0,2025-11-11,Gran actuacion
U01041,849,6.7,2025-07-09,Excelente recomendacion
U01041,26268,4.9,2025-09-15,Visualmente increible
U01041,91314,6.1,2025-12-07,Historia entretenida
U01041,34584,5.7,2026-03-03,No era lo que esperaba
U01041,10215,5.2,2025-10-24,Historia entretenida
U01041,7451,4.7,2026-02-18,Me gusto bastante
U01041,136797,4.7,2025-07-13,Buen ritmo
U01041,11130,5.2,2025-11-12,La volveria a ver
U01041,7461,5.2,2025-08-02,Me gusto bastante
U01042,306,4.1,2025-06-20,No era lo que esperaba
U01042,5966,6.4,2025-07-04,Buen ritmo
U01042,24055,7.0,2025-06-06,Visualmente increible
U01042,6071,4.4,2026-02-11,Gran actuacion
U01042,146233,6.7,2026-01-25,Buen ritmo
U01042,9533,5.7,2026-03-29,Final inesperado
U01042,55831,7.4,2025-05-11,Me gusto bastante
U01042,142132,4.7,2025-09-14,Excelente recomendacion
U01042,225565,7.5,2025-05-17,Visualmente increible
U01043,9896,7.2,2024-09-26,Buena para recomendar
U01043,171759,5.1,2025-10-23,No era lo que esperaba
U01043,9350,5.8,2025-10-18,Visualmente increible
U01043,65203,4.5,2024-10-19,Gran actuacion
U01043,9087,6.4,2025-05-05,Visualmente increible
U01043,37080,5.6,2026-01-21,Final inesperado
U01043,49524,5.3,2025-08-07,Me gusto bastante
U01043,180,8.5,2025-08-09,Me gusto bastante
U01043,5236,5.7,2026-01-17,Excelente recomendacion
U01043,9705,6.3,2025-07-27,Excelente recomendacion
U01044,76163,7.6,2025-12-18,Excelente recomendacion
U01044,137093,7.9,2026-02-05,Historia entretenida
U01044,26665,7.5,2025-10-01,Historia entretenida
U01044,9067,6.9,2026-02-22,Visualmente increible
U01044,260947,4.7,2025-07-06,La volveria a ver
U01044,161,8.1,2026-04-02,Final inesperado
U01044,71864,5.8,2025-07-13,Gran actuacion
U01044,286217,6.1,2025-05-08,La volveria a ver
U01044,253235,4.7,2025-07-15,Buen ritmo
U01044,23618,6.2,2025-10-05,Visualmente increible
U01044,6479,6.3,2026-02-24,Excelente recomendacion
U01044,9737,6.7,2025-04-16,Historia entretenida
U01045,10197,4.9,2024-11-20,No era lo que esperaba
U01045,644,6.9,2025-03-02,Excelente recomendacion
U01045,38033,4.7,2026-03-13,Gran actuacion
U01045,64807,5.8,2025-03-26,No era lo que esperaba
U01045,10719,7.9,2025-05-12,Historia entretenida
U01045,190859,6.6,2025-06-01,Historia entretenida
U01046,27936,5.5,2025-09-15,Excelente recomendacion
U01046,1368,5.8,2025-11-19,Buen ritmo
U01046,287424,4.0,2026-02-21,La volveria a ver
U01046,47692,7.9,2026-03-25,No era lo que esperaba
U01046,18276,4.1,2025-07-15,Me gusto bastante
U01046,68,7.2,2026-03-21,Buena para recomendar
U01046,48382,4.9,2025-05-29,Gran actuacion
U01046,8374,8.4,2025-09-10,La volveria a ver
U01046,22314,4.9,2025-10-11,Gran actuacion
U01046,6439,4.3,2026-02-26,Visualmente increible
U01047,8467,6.0,2025-11-08,Buena para recomendar
U01047,744,5.3,2025-02-24,Excelente recomendacion
U01047,62728,5.0,2025-03-23,No era lo que esperaba
U01047,404,8.4,2025-09-26,Buen ritmo
U01047,13,7.5,2025-02-28,La volveria a ver
U01047,13807,7.4,2025-05-31,Gran actuacion
U01047,98357,4.7,2025-01-05,No era lo que esperaba
U01047,12509,6.5,2025-09-10,Excelente recomendacion
U01047,11015,6.9,2025-10-14,Excelente recomendacion
U01047,591,7.2,2025-03-19,Me gusto bastante
U01047,9613,6.1,2024-11-11,Visualmente increible
U01047,61337,5.6,2025-07-10,Buena para recomendar
U01047,28053,7.2,2025-07-20,Gran actuacion
U01048,18357,4.7,2024-05-09,Me gusto bastante
U01048,57201,6.6,2025-03-10,Buena para recomendar
U01048,7450,6.8,2025-05-18,Final inesperado
U01048,12245,7.1,2025-12-16,Buena para recomendar
U01048,205584,5.9,2023-12-06,Buena para recomendar
U01048,48382,3.6,2025-03-05,No era lo que esperaba
U01048,13476,4.3,2024-04-08,Buen ritmo
U01048,37498,5.2,2024-02-29,No era lo que esperaba
U01048,188652,7.6,2024-02-23,Historia entretenida
U01048,20737,5.7,2025-02-07,Visualmente increible
U01049,809,7.9,2025-09-17,Final inesperado
U01049,357834,1.0,2024-09-24,Final inesperado
U01049,10992,6.4,2023-06-30,Excelente recomendacion
U01049,8326,6.5,2023-07-08,Gran actuacion
U01049,10053,4.7,2023-08-02,Me gusto bastante
U01049,11973,5.8,2024-07-06,Visualmente increible
U01050,1955,6.9,2025-07-13,Visualmente increible
U01050,13937,5.8,2024-05-02,La volveria a ver
U01050,77877,7.6,2026-01-13,Gran actuacion
U01050,18162,4.9,2025-05-21,Buena para recomendar
U01051,18360,5.1,2026-01-10,No era lo que esperaba
U01051,284,8.7,2025-10-05,La volveria a ver
U01051,261,7.7,2025-11-17,La volveria a ver
U01051,71864,6.2,2025-10-06,La volveria a ver
U01051,118340,9.0,2025-11-26,Buena para recomendar
U01051,9620,4.8,2026-04-09,Excelente recomendacion
U01051,9839,7.3,2026-02-09,Me gusto bastante
U01051,1901,6.2,2025-10-25,Buena para recomendar
U01051,535,6.3,2026-01-30,Me gusto bastante
U01051,331745,7.7,2026-03-15,Final inesperado
U01051,139998,6.4,2025-10-06,La volveria a ver
U01051,27983,7.3,2025-10-08,No era lo que esperaba
U01051,27579,5.1,2025-10-01,Excelente recomendacion
U01052,22803,6.2,2026-03-25,Gran actuacion
U01052,67660,7.0,2026-02-26,No era lo que esperaba
U01052,10283,6.0,2026-03-02,Visualmente increible
U01052,62728,4.3,2026-03-23,Gran actuacion
U01052,103620,6.3,2026-03-23,Historia entretenida
U01052,6435,7.6,2026-04-05,La volveria a ver
U01052,37985,8.1,2026-03-29,No era lo que esperaba
U01052,197,8.2,2026-03-13,Gran actuacion
U01052,11635,5.4,2026-03-29,Me gusto bastante
U01053,14576,7.2,2026-03-07,Gran actuacion
U01053,1018,6.7,2025-07-25,Visualmente increible
U01053,1435,6.3,2026-03-09,No era lo que esperaba
U01053,21349,6.8,2025-07-24,Excelente recomendacion
U01053,10197,4.2,2025-01-30,No era lo que esperaba
U01053,210577,7.7,2025-06-05,Buen ritmo
U01053,39780,5.7,2024-10-22,No era lo que esperaba
U01053,935,9.0,2025-04-20,Me gusto bastante
U01053,14202,5.8,2025-07-04,Final inesperado
U01053,18126,5.4,2024-04-02,Buen ritmo
U01054,17578,5.9,2025-02-14,Excelente recomendacion
U01054,11770,8.0,2025-03-27,Buen ritmo
U01054,11022,7.0,2025-06-10,La volveria a ver
U01054,57158,6.8,2024-12-28,Excelente recomendacion
U01054,8916,6.7,2025-08-24,No era lo que esperaba
U01054,787,6.0,2026-04-07,Gran actuacion
U01054,408429,3.6,2025-03-23,Buen ritmo
U01054,4912,7.8,2026-01-11,No era lo que esperaba
U01054,8409,7.0,2026-03-29,No era lo que esperaba
U01054,241251,2.6,2025-12-22,La volveria a ver
U01054,18616,5.0,2023-10-27,Buena para recomendar
U01054,334527,4.8,2025-01-20,Buen ritmo
U01055,16617,7.1,2025-05-08,Final inesperado
U01055,44264,6.0,2026-01-04,Gran actuacion
U01055,11516,6.0,2025-05-27,Buena para recomendar
U01055,178862,6.8,2025-08-22,Buen ritmo
U01055,19150,5.6,2025-10-12,Buena para recomendar
U01056,630,7.8,2025-08-10,Buena para recomendar
U01056,14846,4.9,2025-12-18,Me gusto bastante
U01056,8859,5.4,2026-02-09,Me gusto bastante
U01056,664,4.8,2026-04-10,No era lo que esperaba
U01056,157350,7.0,2025-11-19,No era lo que esperaba
U01056,277216,8.9,2025-06-17,Buen ritmo
U01056,2636,6.4,2025-09-13,No era lo que esperaba
U01056,13501,4.5,2026-01-27,Buena para recomendar
U01056,44990,4.7,2025-12-06,La volveria a ver
U01056,41479,5.5,2025-10-24,Buen ritmo
U01056,319888,7.3,2026-04-09,Buena para recomendar
U01057,38007,7.2,2025-02-22,Historia entretenida
U01057,27581,7.0,2025-03-22,Me gusto bastante
U01057,24973,6.1,2023-08-06,No era lo que esperaba
U01058,24363,7.1,2022-11-06,La volveria a ver
U01058,138832,7.2,2024-05-30,Me gusto bastante
U01058,9327,5.2,2023-09-18,La volveria a ver
U01058,1591,7.7,2025-06-07,Gran actuacion
U01058,25636,7.0,2025-11-24,Excelente recomendacion
U01058,10637,6.4,2022-11-29,Excelente recomendacion
U01058,196,6.6,2023-12-01,Visualmente increible
U01058,9030,4.0,2024-03-27,Buen ritmo
U01058,34314,4.4,2023-04-04,Gran actuacion
U01058,2454,7.2,2022-12-28,La volveria a ver
U01059,26837,4.3,2026-04-08,Excelente recomendacion
U01060,271110,8.2,2025-10-02,Me gusto bastante
U01060,109428,6.5,2025-12-18,Historia entretenida
U01060,1282,7.4,2025-12-19,Buen ritmo
U01060,44944,7.6,2025-02-01,Historia entretenida
U01060,33511,6.3,2024-10-06,Gran actuacion
U01060,869,6.4,2026-02-21,No era lo que esperaba
U01060,30943,5.7,2026-03-17,Gran actuacion
U01060,61791,6.9,2025-03-19,Final inesperado
U01060,63287,7.1,2025-02-28,Me gusto bastante
U01060,19905,6.7,2025-07-16,Excelente recomendacion
U01061,209112,4.3,2024-03-20,Visualmente increible
U01061,156022,8.3,2024-11-14,Excelente recomendacion
U01061,270554,5.0,2025-05-23,La volveria a ver
U01061,13898,5.7,2023-04-15,No era lo que esperaba
U01061,787,7.8,2024-06-27,Gran actuacion
U01061,5176,5.9,2023-08-10,Excelente recomendacion
U01061,175541,6.7,2022-11-28,No era lo que esperaba
U01061,15173,5.7,2025-06-22,Excelente recomendacion
U01061,9676,6.9,2024-05-24,Final inesperado
U01061,339984,6.7,2023-05-24,Me gusto bastante
U01061,166424,5.3,2025-05-11,La volveria a ver
U01061,17813,5.4,2025-08-23,Me gusto bastante
U01062,293660,6.0,2025-11-15,Me gusto bastante
U01062,955,4.9,2024-05-30,Buena para recomendar
U01063,286217,9.0,2025-01-19,Gran actuacion
U01063,117263,5.7,2023-08-06,Buen ritmo
U01063,43947,7.4,2024-08-30,Gran actuacion
U01063,14757,5.2,2023-12-19,Buen ritmo
U01063,9594,6.2,2024-06-10,Historia entretenida
U01063,168672,5.5,2024-07-14,Gran actuacion
U01063,19265,6.5,2024-11-30,Me gusto bastante
U01063,36586,4.8,2025-11-09,Buena para recomendar
U01064,9487,6.8,2026-04-04,Gran actuacion
U01064,42618,7.6,2026-04-04,Buen ritmo
U01064,1734,4.7,2026-04-03,Historia entretenida
U01064,3989,5.2,2026-04-07,La volveria a ver
U01064,70829,5.1,2026-04-08,Me gusto bastante
U01064,10984,5.6,2026-03-28,No era lo que esperaba
U01064,322,8.1,2026-04-06,Final inesperado
U01064,125490,5.7,2026-04-03,Historia entretenida
U01065,11219,5.4,2025-08-27,Visualmente increible
U01065,285743,5.9,2026-03-23,No era lo que esperaba
U01065,169917,6.4,2025-08-07,Me gusto bastante
U01065,16871,5.4,2025-12-15,Historia entretenida
U01065,57876,5.2,2025-07-04,Historia entretenida
U01065,50837,8.1,2025-10-01,Buena para recomendar
U01065,71552,5.6,2025-06-27,No era lo que esperaba
U01066,30497,8.5,2026-03-21,Gran actuacion
U01066,109491,6.6,2026-03-16,Excelente recomendacion
U01066,6519,3.7,2026-02-25,Final inesperado
U01066,11457,6.9,2026-03-24,Visualmente increible
U01066,12085,5.4,2026-03-14,Buen ritmo
U01066,4032,6.4,2026-02-04,Me gusto bastante
U01066,9470,7.0,2026-02-20,Buena para recomendar
U01066,59967,7.2,2026-03-22,Excelente recomendacion
U01066,17644,2.3,2026-03-14,Visualmente increible
U01066,13689,8.6,2026-03-15,Visualmente increible
U01066,11141,4.6,2026-03-12,Historia entretenida
U01066,23082,6.4,2026-02-16,Historia entretenida
U01067,49538,8.0,2025-07-01,Me gusto bastante
U01067,1417,8.9,2025-07-29,Final inesperado
U01067,17979,5.1,2026-01-24,Buen ritmo
U01067,8883,5.6,2025-11-28,Me gusto bastante
U01067,52067,4.8,2025-05-10,Visualmente increible
U01067,10223,6.1,2026-02-20,Excelente recomendacion
U01067,10448,6.4,2025-12-19,Gran actuacion
U01067,253331,5.7,2025-08-18,La volveria a ver
U01067,8285,4.2,2025-08-27,No era lo que esperaba
U01067,1586,5.5,2025-04-15,Buen ritmo
U01067,9072,6.1,2026-02-19,Excelente recomendacion
U01068,11202,7.3,2023-08-13,Historia entretenida
U01068,209112,6.2,2024-04-17,Buen ritmo
U01068,76025,6.9,2023-11-08,Visualmente increible
U01068,261,6.5,2023-01-05,Buena para recomendar
U01068,2292,6.0,2023-09-03,Visualmente increible
U01068,51540,7.1,2025-09-14,Excelente recomendacion
U01068,15708,7.0,2024-05-02,Historia entretenida
U01068,70670,7.6,2022-06-28,Me gusto bastante
U01069,9772,6.6,2025-12-29,Me gusto bastante
U01069,11470,4.1,2026-01-05,Visualmente increible
U01069,78,8.3,2025-12-18,Buen ritmo
U01069,354624,1.0,2026-02-15,Final inesperado
U01070,76338,6.2,2025-07-17,Excelente recomendacion
U01071,11072,5.7,2025-02-13,No era lo que esperaba
U01071,5915,8.5,2024-01-27,No era lo que esperaba
U01071,1900,8.1,2024-02-21,Excelente recomendacion
U01071,2088,5.4,2025-11-13,Excelente recomendacion
U01071,9277,7.0,2025-09-06,No era lo que esperaba
U01071,7501,5.6,2025-01-11,No era lo que esperaba
U01071,9825,6.0,2025-08-21,Buen ritmo
U01072,8055,6.0,2026-01-22,Historia entretenida
U01072,3170,7.9,2026-03-12,Visualmente increible
U01072,47534,4.6,2024-10-12,Buena para recomendar
U01072,1788,5.1,2025-04-27,Buen ritmo
U01072,8656,7.4,2026-03-11,La volveria a ver
U01072,198185,7.9,2025-10-07,Buen ritmo
U01072,8744,7.0,2025-06-13,Historia entretenida
U01072,17127,6.9,2025-01-12,Historia entretenida
U01073,146239,5.0,2026-02-19,Visualmente increible
U01073,318846,6.1,2025-11-30,Gran actuacion
U01073,311,8.1,2025-10-28,Excelente recomendacion
U01073,18712,5.5,2026-01-21,La volveria a ver
U01073,11093,5.9,2026-03-20,Excelente recomendacion
U01073,10184,5.3,2026-03-20,Me gusto bastante
U01073,87101,4.6,2025-11-24,Buena para recomendar
U01073,89857,5.3,2026-03-21,Historia entretenida
U01073,13551,6.9,2025-10-01,Visualmente increible
U01073,6877,4.2,2025-09-11,Buen ritmo
U01073,9350,5.3,2026-01-11,La volveria a ver
U01073,83686,7.0,2025-11-24,Excelente recomendacion
U01073,507,5.5,2025-09-21,No era lo que esperaba
U01073,10191,6.8,2025-09-22,Buena para recomendar
U01074,297761,4.4,2025-02-20,La volveria a ver
U01074,23963,7.5,2025-05-25,Buen ritmo
U01074,10053,5.5,2025-01-14,No era lo que esperaba
U01074,210860,4.5,2024-11-24,Visualmente increible
U01074,10625,7.0,2026-01-10,Excelente recomendacion
U01074,49953,5.1,2026-01-26,Visualmente increible
U01074,953,6.3,2026-03-19,Excelente recomendacion
U01074,314385,6.8,2026-03-26,Buena para recomendar
U01074,14517,6.1,2025-08-02,Gran actuacion
U01074,40963,10.0,2025-08-23,Me gusto bastante
U01074,10771,4.3,2025-10-22,La volveria a ver
U01075,562,8.5,2026-04-02,Buena para recomendar
U01075,84892,7.7,2026-03-24,Me gusto bastante
U01075,12429,7.9,2026-03-01,Final inesperado
U01075,927,6.0,2026-03-07,Buen ritmo
U01075,756,7.7,2026-04-05,La volveria a ver
U01075,13053,7.3,2026-03-20,Buena para recomendar
U01075,12437,7.1,2026-04-02,Me gusto bastante
U01075,11153,7.8,2025-11-01,Me gusto bastante
U01075,49013,5.7,2025-12-08,Excelente recomendacion
U01075,12201,6.9,2026-04-08,Final inesperado
U01075,52790,5.1,2025-10-17,Visualmente increible
U01075,686,7.1,2026-04-02,Visualmente increible
U01075,123553,5.6,2025-12-21,Buena para recomendar
U01075,8818,5.2,2026-03-01,Excelente recomendacion
U01075,33157,6.5,2025-11-07,No era lo que esperaba
U01075,42497,6.4,2026-03-12,La volveria a ver
U01075,35688,5.5,2026-01-29,Historia entretenida
U01075,328307,7.1,2025-12-17,Buena para recomendar
U01076,312221,8.2,2023-01-24,Visualmente increible
U01076,38810,6.2,2024-09-08,Me gusto bastante
U01076,9271,5.3,2025-04-22,No era lo que esperaba
U01076,329540,6.2,2026-02-19,Visualmente increible
U01076,146233,8.1,2024-01-03,Me gusto bastante
U01076,40805,6.6,2024-01-14,Historia entretenida
U01076,1430,7.9,2024-09-23,Buen ritmo
U01076,76349,4.7,2024-06-14,Me gusto bastante
U01076,97020,7.1,2024-02-09,Visualmente increible
U01076,7501,5.1,2023-06-06,Excelente recomendacion
U01076,40652,6.1,2025-09-02,La volveria a ver
U01077,16155,5.0,2024-01-06,La volveria a ver
U01077,46261,4.2,2025-07-30,Buen ritmo
U01077,10929,7.0,2026-02-17,La volveria a ver
U01077,27549,4.6,2024-09-30,Excelente recomendacion
U01078,37710,6.3,2026-02-16,Excelente recomendacion
U01078,20009,5.6,2025-10-29,Final inesperado
U01078,539,7.5,2025-07-27,Buen ritmo
U01078,12612,6.9,2024-12-28,La volveria a ver
U01078,81796,6.6,2024-12-06,La volveria a ver
U01078,1265,5.6,2026-03-22,Me gusto bastante
U01078,24428,6.6,2025-09-21,Historia entretenida
U01078,1642,6.4,2025-05-04,Buena para recomendar
U01078,44413,5.9,2024-04-19,Visualmente increible
U01078,15647,5.1,2025-12-24,Final inesperado
U01078,9260,5.2,2024-07-09,Me gusto bastante
U01079,850,5.9,2026-01-17,Visualmente increible
U01079,11306,6.3,2026-02-28,Visualmente increible
U01079,9700,5.7,2025-07-19,Visualmente increible
U01079,11975,7.1,2025-03-30,Visualmente increible
U01079,118340,8.1,2026-02-05,Gran actuacion
U01079,1687,5.0,2025-09-23,Excelente recomendacion
U01079,281230,6.1,2025-08-31,Buen ritmo
U01079,76706,5.7,2024-07-02,Final inesperado
U01079,2270,7.5,2024-01-13,Final inesperado
U01079,170687,5.5,2024-05-25,Gran actuacion
U01080,15660,7.6,2026-01-14,Me gusto bastante
U01080,91314,6.5,2025-08-19,Buena para recomendar
U01080,1996,5.6,2025-09-10,Gran actuacion
U01080,13889,7.3,2025-09-03,Gran actuacion
U01080,8981,6.0,2025-06-01,Visualmente increible
U01080,10013,5.6,2026-01-05,Me gusto bastante
U01080,20083,5.3,2025-07-02,Buena para recomendar
U01080,376659,6.3,2025-07-14,La volveria a ver
U01080,166424,3.8,2025-10-09,Excelente recomendacion
U01080,31005,6.6,2025-03-16,Me gusto bastante
U01080,136797,6.1,2025-12-07,Final inesperado
U01080,39514,7.8,2025-05-25,Final inesperado
U01080,168672,6.8,2025-12-08,Buena para recomendar
U01080,492,6.5,2025-07-31,Gran actuacion
U01081,73532,5.5,2026-02-17,Excelente recomendacion
U01081,20662,5.6,2025-12-05,La volveria a ver
U01081,16158,7.5,2026-03-25,Visualmente increible
U01081,654,8.0,2026-03-19,Visualmente increible
U01081,125263,6.7,2026-01-20,Historia entretenida
U01081,10185,6.2,2026-03-05,No era lo que esperaba
U01081,10803,5.6,2025-10-24,No era lo que esperaba
U01081,581,7.7,2026-03-18,Excelente recomendacion
U01081,88005,5.3,2025-12-15,Final inesperado
U01081,89861,10.0,2026-02-14,Historia entretenida
U01081,64686,7.2,2026-02-22,Gran actuacion
U01082,76338,7.9,2024-06-06,Buen ritmo
U01082,273899,6.5,2025-10-23,Gran actuacion
U01082,15907,5.5,2024-06-02,Excelente recomendacion
U01082,29996,4.4,2024-05-14,Buen ritmo
U01082,12184,5.5,2024-12-01,Final inesperado
U01082,22538,8.6,2025-10-01,Excelente recomendacion
U01082,97370,5.3,2024-09-06,Me gusto bastante
U01082,9782,5.7,2025-01-28,No era lo que esperaba
U01083,122917,7.9,2025-07-09,No era lo que esperaba
U01083,329540,6.0,2024-12-29,Final inesperado
U01083,473,8.1,2025-11-15,Historia entretenida
U01083,27578,4.6,2025-02-06,Excelente recomendacion
U01083,14411,5.2,2025-09-17,Gran actuacion
U01084,9271,4.5,2026-03-30,Final inesperado
U01084,262543,4.5,2025-11-05,Buena para recomendar
U01084,8587,6.6,2025-10-15,Historia entretenida
U01084,408429,3.5,2025-11-13,Me gusto bastante
U01084,58626,4.1,2025-02-24,Historia entretenida
U01084,157350,7.0,2025-12-19,Final inesperado
U01084,11186,4.4,2025-11-13,Excelente recomendacion
U01084,19995,6.6,2025-12-08,Final inesperado
U01084,1726,8.2,2025-04-23,Visualmente increible
U01084,64559,5.3,2025-09-22,La volveria a ver
U01084,3034,8.7,2026-01-30,No era lo que esperaba
U01084,9355,6.3,2025-10-23,La volveria a ver
U01085,175291,6.4,2025-12-06,La volveria a ver
U01085,64682,7.0,2026-02-14,Buen ritmo
U01085,70670,7.6,2025-12-19,Visualmente increible
U01085,13223,6.4,2026-02-25,Visualmente increible
U01085,39183,3.2,2025-12-21,Visualmente increible
U01085,11665,6.4,2025-08-28,Buen ritmo
U01085,137113,9.1,2025-09-04,No era lo que esperaba
U01085,10796,5.0,2025-10-27,Buena para recomendar
U01085,49017,6.0,2026-04-06,Excelente recomendacion
U01085,297621,6.0,2026-04-09,Historia entretenida
U01085,489,7.3,2026-03-28,Buena para recomendar
U01085,77174,7.5,2026-02-10,Buen ritmo
U01085,7220,6.6,2025-10-29,Final inesperado
U01085,144340,5.9,2026-03-03,Buena para recomendar
U01085,13490,6.2,2026-01-27,La volveria a ver
U01085,39451,6.4,2026-04-04,Excelente recomendacion
U01085,73935,3.4,2025-08-20,La volveria a ver
U01086,29146,6.1,2025-05-24,Visualmente increible
U01086,91586,8.0,2025-06-24,No era lo que esperaba
U01086,12535,7.4,2025-05-07,Buena para recomendar
U01086,411,5.9,2025-11-25,Me gusto bastante
U01086,152599,6.4,2025-08-11,No era lo que esperaba
U01086,1573,6.7,2025-03-17,Final inesperado
U01087,4258,4.3,2024-10-17,Me gusto bastante
U01087,11802,6.4,2025-07-05,La volveria a ver
U01087,1051,8.9,2024-05-15,Visualmente increible
U01087,1259,7.3,2024-11-27,Historia entretenida
U01087,50839,7.5,2024-09-01,Buena para recomendar
U01087,19840,6.0,2025-02-05,Buena para recomendar
U01087,9516,6.7,2023-08-02,Final inesperado
U01087,3600,4.8,2026-01-11,Me gusto bastante
U01088,15198,7.3,2026-03-10,No era lo que esperaba
U01088,3082,9.0,2026-03-19,Buena para recomendar
U01088,48620,5.1,2026-04-02,No era lo que esperaba
U01088,4170,6.5,2026-03-05,La volveria a ver
U01088,44944,7.8,2026-03-12,Buena para recomendar
U01088,595,8.4,2026-03-11,Gran actuacion
U01088,49524,4.7,2026-02-15,La volveria a ver
U01088,140300,7.8,2026-03-29,Buena para recomendar
U01088,14317,5.1,2026-03-07,Buena para recomendar
U01088,28121,4.8,2026-04-03,Me gusto bastante
U01088,510,7.0,2026-03-13,Visualmente increible
U01088,8068,6.1,2026-02-22,Visualmente increible
U01088,10195,7.9,2026-04-06,Gran actuacion
U01088,358451,5.7,2026-04-06,Buen ritmo
U01089,10744,7.8,2025-01-30,Excelente recomendacion
U01089,18,8.7,2024-09-26,Final inesperado
U01090,319,6.1,2023-08-18,Excelente recomendacion
U01090,103328,7.9,2024-08-29,Final inesperado
U01090,20794,6.4,2023-10-11,Final inesperado
U01090,2312,4.0,2024-09-21,Excelente recomendacion
U01090,6623,4.5,2025-06-29,Buena para recomendar
U01090,1948,5.6,2024-07-01,Buen ritmo
U01091,178862,5.8,2025-03-02,Me gusto bastante
U01091,16642,7.8,2025-04-23,Visualmente increible
U01091,253235,5.6,2023-10-24,Historia entretenida
U01091,1705,4.2,2025-11-26,Visualmente increible
U01091,76203,9.4,2025-06-03,Me gusto bastante
U01092,926,6.0,2024-02-12,La volveria a ver
U01092,10140,6.1,2024-10-31,No era lo que esperaba
U01092,39349,4.1,2024-06-05,Final inesperado
U01092,208763,6.0,2026-01-10,Final inesperado
U01092,223,8.4,2023-12-22,Historia entretenida
U01092,26379,5.5,2024-05-16,Me gusto bastante
U01092,644,8.1,2025-06-29,Visualmente increible
U01092,82507,6.2,2024-07-24,Gran actuacion
U01092,11176,7.8,2025-03-09,Historia entretenida
U01093,10074,6.4,2024-07-31,Excelente recomendacion
U01093,943,6.9,2025-04-13,La volveria a ver
U01093,44594,6.9,2024-07-01,Visualmente increible
U01093,11969,6.9,2025-07-02,Gran actuacion
U01093,114,7.6,2025-05-07,Final inesperado
U01093,316727,5.1,2025-12-28,Buen ritmo
U01093,134597,6.6,2025-01-31,Me gusto bastante
U01093,14574,7.0,2024-08-30,Me gusto bastante
U01093,604,7.5,2024-07-02,Buen ritmo
U01093,12193,6.5,2025-07-15,Buen ritmo
U01094,10357,5.6,2026-01-09,La volveria a ver
U01094,37950,6.4,2026-04-10,Historia entretenida
U01094,15644,6.2,2026-01-02,Final inesperado
U01095,270938,5.6,2025-01-17,La volveria a ver
U01095,11025,4.3,2025-03-01,Excelente recomendacion
U01095,127493,4.9,2025-01-13,La volveria a ver
U01095,12479,6.5,2025-10-30,Me gusto bastante
U01095,1725,6.8,2025-10-28,No era lo que esperaba
U01095,14736,6.1,2025-03-26,Buena para recomendar
U01095,76203,8.6,2026-03-10,Gran actuacion
U01096,4348,7.6,2025-10-11,Historia entretenida
U01096,4464,5.7,2024-04-01,No era lo que esperaba
U01096,18975,5.7,2025-04-25,Gran actuacion
U01096,1378,5.6,2024-11-21,La volveria a ver
U01096,157,5.4,2024-09-28,Buena para recomendar
U01096,97370,5.4,2025-02-13,Me gusto bastante
U01096,11826,6.8,2024-03-23,Visualmente increible
U01096,12506,6.3,2025-08-01,Buena para recomendar
U01096,27551,5.2,2025-10-26,Visualmente increible
U01096,3040,6.0,2024-05-11,Me gusto bastante
U01096,16608,7.1,2026-02-10,Buena para recomendar
U01096,46989,6.6,2025-11-06,Buena para recomendar
U01096,9430,6.3,2025-10-05,Me gusto bastante
U01096,13809,7.1,2024-03-31,Historia entretenida
U01096,9075,7.0,2025-06-29,Excelente recomendacion
U01097,10014,6.3,2025-04-03,Excelente recomendacion
U01097,32235,7.0,2026-04-06,Visualmente increible
U01097,1412,6.3,2025-05-23,No era lo que esperaba
U01097,37724,7.2,2025-03-04,Buen ritmo
U01097,17917,7.0,2025-04-06,Visualmente increible
U01097,9089,5.9,2025-05-04,Me gusto bastante
U01097,82687,5.7,2025-03-24,Historia entretenida
U01098,22301,5.4,2024-07-17,Buen ritmo
U01098,874,8.2,2025-01-19,Visualmente increible
U01098,14438,7.7,2025-05-12,Me gusto bastante
U01098,84329,7.9,2025-08-22,Historia entretenida
U01098,46849,6.0,2024-10-12,Historia entretenida
U01098,18320,6.2,2024-05-07,La volveria a ver
U01098,84659,3.7,2024-04-28,Buen ritmo
U01098,4032,6.7,2024-09-24,No era lo que esperaba
U01098,49026,8.7,2024-12-22,Visualmente increible
U01098,169917,5.7,2025-07-15,Final inesperado
U01098,283671,5.2,2025-03-25,Final inesperado
U01098,607,5.7,2024-09-12,Historia entretenida
U01099,11336,6.7,2026-02-08,Gran actuacion
U01099,1538,6.0,2024-07-13,Gran actuacion
U01099,1850,5.8,2024-06-16,Visualmente increible
U01099,86834,4.1,2025-09-07,Final inesperado
U01099,616,7.3,2024-03-14,Me gusto bastante
U01099,10623,5.2,2025-10-04,Visualmente increible
U01099,4997,7.6,2025-01-27,No era lo que esperaba
U01100,174751,4.1,2025-09-02,Buen ritmo
U01100,198663,6.7,2025-12-07,Buen ritmo
U01100,670,6.8,2024-10-30,Buen ritmo
U01100,2034,6.8,2026-02-13,Final inesperado
U01100,13405,6.5,2025-11-01,Excelente recomendacion
U01100,23706,4.1,2025-10-03,Gran actuacion
U01100,146882,1.0,2024-07-23,Visualmente increible
U01100,4912,7.3,2025-04-25,Buena para recomendar
U01100,227159,5.2,2025-08-28,Historia entretenida
U01100,37735,6.4,2025-10-12,Buen ritmo
U01100,57431,5.8,2024-07-24,Final inesperado
U01100,9613,5.1,2024-09-29,Historia entretenida
U01101,11583,5.5,2026-02-17,Me gusto bastante
U01101,318850,6.4,2025-11-14,Historia entretenida
U01101,12612,6.2,2026-01-09,Buena para recomendar
U01101,10461,5.8,2026-04-09,Final inesperado
U01101,17654,7.6,2026-02-12,No era lo que esperaba
U01101,4248,4.3,2025-11-29,Gran actuacion
U01101,10625,7.2,2025-12-04,Excelente recomendacion
U01101,274,8.4,2026-02-13,Historia entretenida
U01101,13495,4.6,2025-12-29,La volveria a ver
U01101,236751,7.0,2026-02-18,Buen ritmo
U01101,335874,5.8,2025-11-23,Historia entretenida
U01101,19933,7.7,2025-11-16,Buena para recomendar
U01101,44638,5.7,2025-12-27,No era lo que esperaba
U01101,118,5.5,2026-02-07,Gran actuacion
U01101,177572,8.5,2026-02-03,Historia entretenida
U01101,150689,7.7,2025-12-16,Buena para recomendar
U01102,16052,6.0,2025-04-12,Final inesperado
U01102,48138,7.6,2024-08-25,Buena para recomendar
U01102,44912,6.4,2024-11-28,Buena para recomendar
U01102,203833,8.1,2023-05-25,Excelente recomendacion
U01102,9982,4.1,2025-12-14,Gran actuacion
U01103,20943,7.6,2025-07-09,Historia entretenida
U01103,1359,7.6,2025-11-25,Me gusto bastante
U01103,182,5.4,2025-01-14,Me gusto bastante
U01103,273481,6.5,2025-06-08,Excelente recomendacion
U01103,319910,4.9,2024-06-13,Me gusto bastante
U01103,324322,5.1,2026-02-17,Buen ritmo
U01103,19995,8.2,2024-08-01,Historia entretenida
U01103,39437,6.4,2025-09-24,No era lo que esperaba
U01103,40652,6.6,2024-07-28,La volveria a ver
U01103,100,7.9,2025-03-21,Visualmente increible
U01104,3131,8.6,2026-03-22,No era lo que esperaba
U01104,85350,7.0,2026-03-14,Buena para recomendar
U01104,11062,6.5,2026-03-10,Me gusto bastante
U01105,59981,6.0,2026-04-02,No era lo que esperaba
U01105,87818,4.7,2025-11-12,No era lo que esperaba
U01105,253412,8.2,2025-10-27,No era lo que esperaba
U01105,72387,5.1,2025-12-22,Me gusto bastante
U01106,43959,6.9,2024-12-17,La volveria a ver
U01106,9662,6.5,2026-03-30,Excelente recomendacion
U01106,15301,6.1,2026-03-26,Historia entretenida
U01106,6877,5.5,2026-02-06,Visualmente increible
U01106,15581,4.1,2025-02-07,Me gusto bastante
U01106,5279,7.6,2025-12-03,Buen ritmo
U01106,44555,6.1,2025-10-15,Buen ritmo
U01106,65086,5.5,2025-09-17,Buen ritmo
U01106,547,6.7,2025-09-14,La volveria a ver
U01107,3116,8.1,2025-12-08,Excelente recomendacion
U01107,4688,6.5,2025-05-14,Visualmente increible
U01107,2661,6.4,2025-03-06,Final inesperado
U01107,364,8.1,2025-06-13,Buen ritmo
U01107,11386,6.7,2025-11-10,Gran actuacion
U01107,49021,5.0,2025-08-05,Buena para recomendar
U01107,12279,4.3,2025-12-10,Visualmente increible
U01107,62835,7.4,2025-04-28,La volveria a ver
U01107,22345,4.1,2025-09-18,No era lo que esperaba
U01107,11858,5.5,2025-08-08,Buena para recomendar
U01107,11013,5.4,2026-02-26,Buen ritmo
U01108,37003,7.6,2026-01-19,Me gusto bastante
U01108,8358,6.6,2025-12-27,Gran actuacion
U01108,44115,7.7,2025-11-05,No era lo que esperaba
U01108,165864,6.1,2025-10-10,Buen ritmo
U01108,14054,6.1,2025-08-27,Final inesperado
U01108,10202,5.4,2026-02-24,Buena para recomendar
U01108,55465,4.7,2025-06-26,Me gusto bastante
U01108,578,8.0,2026-02-22,No era lo que esperaba
U01108,462,8.0,2026-01-22,Me gusto bastante
U01109,10756,4.1,2025-12-29,Excelente recomendacion
U01109,11576,8.2,2026-01-23,Historia entretenida
U01109,9922,5.2,2026-01-15,Visualmente increible
U01109,13700,5.8,2025-11-29,No era lo que esperaba
U01109,294086,5.8,2025-12-27,Gran actuacion
U01109,240832,7.4,2026-01-15,Buen ritmo
U01109,13516,6.4,2025-11-26,Visualmente increible
U01109,73873,7.0,2026-01-13,Visualmente increible
U01109,14156,6.4,2026-02-16,Visualmente increible
U01109,300168,7.1,2025-12-30,Buen ritmo
U01109,44835,7.2,2025-11-21,Buena para recomendar
U01109,29697,7.2,2025-12-22,Final inesperado
U01109,2604,5.3,2025-12-03,Buen ritmo
U01110,126509,5.3,2026-03-31,Me gusto bastante
U01110,10727,3.7,2024-09-03,Buena para recomendar
U01111,26963,7.2,2025-01-21,Buena para recomendar
U01111,9889,6.7,2024-10-29,Historia entretenida
U01111,24424,7.1,2024-11-29,La volveria a ver
U01111,19204,7.1,2025-02-11,Me gusto bastante
U01111,68728,7.2,2024-07-16,Gran actuacion
U01111,954,6.3,2025-05-14,La volveria a ver
U01111,125490,4.6,2024-10-31,Gran actuacion
U01112,14048,7.8,2025-08-06,Buena para recomendar
U01112,670,8.9,2025-12-24,Me gusto bastante
U01112,186,8.2,2026-03-23,La volveria a ver
U01112,18254,8.5,2025-08-20,Buen ritmo
U01112,330,7.2,2026-02-18,Excelente recomendacion
U01113,559,6.8,2025-04-02,Visualmente increible
U01113,688,6.7,2024-11-13,Excelente recomendacion
U01113,13996,6.6,2024-03-20,Final inesperado
U01113,36586,6.3,2023-05-06,Gran actuacion
U01114,7364,4.3,2026-02-19,Buen ritmo
U01114,11495,7.2,2025-11-17,Historia entretenida
U01114,201132,6.4,2026-01-27,Final inesperado
U01114,34584,6.9,2026-03-23,No era lo que esperaba
U01114,42684,3.9,2025-12-09,Excelente recomendacion
U01114,9430,7.2,2026-03-07,Me gusto bastante
U01114,102840,4.4,2026-04-07,Buen ritmo
U01114,152747,6.8,2025-12-08,La volveria a ver
U01114,102651,7.0,2026-04-01,No era lo que esperaba
U01114,8247,6.7,2025-11-19,Buen ritmo
U01115,41733,5.3,2024-03-07,Excelente recomendacion
U01115,13996,6.4,2024-09-19,Excelente recomendacion
U01115,14359,7.0,2025-01-18,Final inesperado
U01115,10167,6.0,2024-09-06,La volveria a ver
U01115,20862,6.5,2025-10-16,La volveria a ver
U01115,597,8.8,2024-07-25,Gran actuacion
U01115,3638,6.1,2025-08-30,Visualmente increible
U01115,10925,7.6,2024-02-19,Visualmente increible
U01115,9679,4.6,2023-09-11,Buen ritmo
U01116,630,7.8,2024-11-14,Historia entretenida
U01116,82684,7.4,2025-08-01,Gran actuacion
U01116,37028,5.8,2025-02-15,Me gusto bastante
U01116,1378,6.8,2025-03-16,La volveria a ver
U01116,10647,7.5,2025-10-15,Me gusto bastante
U01116,9682,4.3,2025-06-02,La volveria a ver
U01116,13785,8.0,2025-06-16,La volveria a ver
U01116,857,7.2,2026-03-24,Buena para recomendar
U01116,747,6.1,2025-06-25,Visualmente increible
U01117,3116,6.0,2025-03-06,Visualmente increible
U01117,102651,6.2,2025-06-08,Buena para recomendar
U01117,13448,7.6,2024-12-24,Me gusto bastante
U01117,17908,5.9,2025-10-31,Visualmente increible
U01117,191714,5.9,2025-01-28,No era lo que esperaba
U01117,10591,7.6,2025-08-21,Historia entretenida
U01117,23759,7.0,2025-07-18,La volveria a ver
U01117,137113,7.4,2025-06-23,No era lo que esperaba
U01117,38757,8.4,2025-07-13,Me gusto bastante
U01117,232672,6.9,2025-01-21,Me gusto bastante
U01117,319,6.5,2025-08-23,Final inesperado
U01117,4032,6.4,2024-12-31,Visualmente increible
U01117,2207,5.5,2026-03-04,Visualmente increible
U01118,10488,4.6,2025-03-30,Gran actuacion
U01118,44264,8.4,2026-03-21,No era lo que esperaba
U01118,1651,7.0,2025-12-26,No era lo que esperaba
U01118,49047,7.8,2025-05-10,La volveria a ver
U01118,8435,6.6,2024-08-11,Excelente recomendacion
U01118,109424,8.1,2025-04-10,Historia entretenida
U01118,10003,5.7,2024-04-06,Gran actuacion
U01118,1262,8.0,2025-08-15,Visualmente increible
U01118,10972,5.4,2025-03-29,Excelente recomendacion
U01119,17979,6.6,2026-01-05,Gran actuacion
U01119,303858,7.8,2024-02-11,No era lo que esperaba
U01119,228550,3.7,2025-05-27,Gran actuacion
U01119,609,8.0,2024-11-21,Historia entretenida
U01119,8358,7.2,2025-07-28,Excelente recomendacion
U01119,11165,6.2,2024-05-03,Excelente recomendacion
U01119,10137,6.8,2024-10-25,Visualmente increible
U01119,11683,4.9,2024-02-07,Gran actuacion
U01119,10331,8.1,2024-05-20,Buen ritmo
U01119,88005,6.8,2024-05-27,Excelente recomendacion
U01120,10014,6.8,2025-11-27,Buen ritmo
U01120,255343,5.6,2025-11-17,Me gusto bastante
U01120,944,6.5,2026-04-05,Visualmente increible
U01120,6977,7.4,2025-11-27,No era lo que esperaba
U01120,9016,6.6,2025-11-02,Me gusto bastante
U01120,59678,6.4,2025-12-31,Buena para recomendar
U01120,43090,7.1,2025-11-15,La volveria a ver
U01120,9678,6.0,2025-10-20,La volveria a ver
U01120,161795,7.7,2026-02-27,Gran actuacion
U01121,99861,5.9,2026-02-21,Me gusto bastante
U01121,285783,6.6,2026-03-28,No era lo que esperaba
U01121,1999,6.0,2026-01-28,Buena para recomendar
U01121,44945,6.9,2026-03-02,No era lo que esperaba
U01121,21208,6.3,2026-04-09,Buena para recomendar
U01121,285923,6.0,2026-03-24,No era lo que esperaba
U01121,10072,6.5,2026-03-10,Excelente recomendacion
U01121,546,7.2,2026-03-31,Gran actuacion
U01121,12637,6.4,2026-02-17,Visualmente increible
U01121,14048,6.6,2026-02-18,Final inesperado
U01121,139948,5.6,2026-02-20,Buen ritmo
U01121,159770,7.4,2026-01-13,Buena para recomendar
U01121,2054,7.5,2026-03-02,Me gusto bastante
U01121,15699,6.9,2026-02-11,Historia entretenida
U01122,17287,6.7,2023-12-30,Gran actuacion
U01122,123678,7.5,2024-10-31,Visualmente increible
U01122,10307,6.5,2025-10-04,Buen ritmo
U01122,1813,8.0,2024-09-19,La volveria a ver
U01122,55,8.1,2024-02-19,Buen ritmo
U01122,9902,5.4,2026-02-27,Visualmente increible
U01123,11023,6.1,2023-04-14,Historia entretenida
U01123,11615,7.7,2026-01-21,Final inesperado
U01123,2900,4.9,2025-06-10,Historia entretenida
U01123,9801,7.2,2023-08-25,Final inesperado
U01123,18,6.5,2023-02-12,Historia entretenida
U01123,273248,8.8,2024-07-31,Buena para recomendar
U01123,107811,6.0,2025-03-12,Excelente recomendacion
U01123,950,6.3,2024-11-16,Historia entretenida
U01123,122,8.0,2025-09-30,Buena para recomendar
U01123,395,6.4,2025-02-12,Final inesperado
U01123,360188,2.5,2024-11-07,Me gusto bastante
U01123,44718,7.8,2026-04-05,Buena para recomendar
U01124,5137,6.0,2024-09-07,Excelente recomendacion
U01124,184315,5.7,2024-11-27,Final inesperado
U01124,11598,5.7,2024-09-23,Excelente recomendacion
U01124,13996,6.2,2025-03-07,Gran actuacion
U01124,86838,7.0,2025-05-17,Excelente recomendacion
U01125,241239,7.4,2025-07-18,Buena para recomendar
U01125,9396,5.1,2025-02-19,Buena para recomendar
U01125,76341,6.4,2025-06-01,Me gusto bastante
U01125,16471,4.3,2025-10-23,Final inesperado
U01125,73981,5.4,2024-09-16,Final inesperado
U01125,10386,7.5,2025-07-26,Me gusto bastante
U01126,176124,5.0,2025-10-07,Excelente recomendacion
U01126,253412,5.4,2025-09-26,Buena para recomendar
U01126,68202,4.7,2025-09-03,Buen ritmo
U01126,158852,5.2,2025-06-17,Me gusto bastante
U01126,22794,7.2,2026-04-10,Historia entretenida
U01126,59678,6.6,2026-01-09,Visualmente increible
U01126,263503,4.3,2025-05-15,No era lo que esperaba
U01126,14034,5.5,2026-01-06,Historia entretenida
U01126,329,7.1,2025-08-25,No era lo que esperaba
U01126,10219,6.9,2025-07-25,Gran actuacion
U01126,15208,4.5,2025-05-07,Me gusto bastante
U01126,436,7.8,2026-03-16,Me gusto bastante
U01127,11858,4.5,2026-02-13,La volveria a ver
U01127,1777,6.2,2025-12-24,Excelente recomendacion
U01127,41513,5.6,2026-01-15,Final inesperado
U01127,152532,7.2,2025-12-12,Final inesperado
U01127,576,8.6,2026-03-19,La volveria a ver
U01127,74457,3.3,2025-12-24,Final inesperado
U01127,1546,5.2,2026-01-29,Visualmente increible
U01128,35019,7.2,2025-11-26,Final inesperado
U01128,6977,8.3,2025-07-02,Buen ritmo
U01128,141,7.5,2024-03-21,Final inesperado
U01128,19419,5.2,2024-07-29,Buena para recomendar
U01128,3902,6.1,2025-08-06,Buena para recomendar
U01128,436,6.3,2025-02-21,No era lo que esperaba
U01128,29064,3.5,2024-02-29,Historia entretenida
U01129,8338,7.8,2026-02-23,Excelente recomendacion
U01129,36557,5.8,2026-03-26,La volveria a ver
U01129,16363,4.7,2026-01-01,Gran actuacion
U01129,280,6.2,2026-02-24,Historia entretenida
U01129,7913,6.4,2026-03-13,Historia entretenida
U01129,335,9.1,2026-04-02,Gran actuacion
U01129,300168,5.6,2026-02-18,Excelente recomendacion
U01130,91314,6.5,2023-04-10,Gran actuacion
U01130,10523,6.1,2025-09-06,Visualmente increible
U01130,294086,5.2,2025-02-08,Excelente recomendacion
U01130,39141,5.8,2023-02-28,Final inesperado
U01131,227735,7.1,2023-04-20,No era lo que esperaba
U01131,11072,7.8,2025-03-29,Visualmente increible
U01131,12637,5.1,2023-04-30,No era lo que esperaba
U01131,9716,5.9,2025-02-14,La volveria a ver
U01131,109418,6.5,2025-12-12,La volveria a ver
U01131,325173,6.3,2023-11-05,Final inesperado
U01131,13064,6.9,2025-03-14,Me gusto bastante
U01131,25376,7.6,2025-11-26,Excelente recomendacion
U01131,8741,5.8,2026-02-28,Historia entretenida
U01131,14283,8.7,2024-06-24,Gran actuacion
U01131,10481,3.6,2024-07-16,La volveria a ver
U01132,16857,7.8,2023-05-26,La volveria a ver
U01132,9799,7.8,2023-01-18,Gran actuacion
U01132,5722,7.8,2025-08-14,La volveria a ver
U01132,22301,5.3,2025-08-31,No era lo que esperaba
U01132,21512,6.7,2023-06-01,Buen ritmo
U01132,676,5.3,2024-01-05,No era lo que esperaba
U01132,19366,4.1,2023-08-11,Gran actuacion
U01133,603,6.8,2024-01-20,Buen ritmo
U01133,242575,7.8,2024-04-06,Final inesperado
U01133,285743,7.5,2025-06-05,La volveria a ver
U01133,17436,5.2,2023-10-06,Me gusto bastante
U01133,163,5.1,2023-09-10,No era lo que esperaba
U01134,53457,6.5,2026-01-25,Visualmente increible
U01134,37028,7.0,2024-09-14,La volveria a ver
U01134,41823,6.3,2024-04-16,La volveria a ver
U01134,130150,8.1,2025-11-05,Me gusto bastante
U01134,72976,6.3,2024-07-17,La volveria a ver
U01134,51820,4.5,2026-04-03,La volveria a ver
U01134,38319,5.4,2026-03-24,Buena para recomendar
U01134,292481,1.5,2025-08-16,Buena para recomendar
U01134,191714,6.0,2025-10-23,No era lo que esperaba
U01134,46420,5.5,2025-03-24,No era lo que esperaba
U01135,76726,8.0,2025-02-08,Excelente recomendacion
U01135,82631,5.9,2025-07-28,La volveria a ver
U01135,290391,3.7,2025-09-18,No era lo que esperaba
U01135,16995,5.9,2024-09-26,Buena para recomendar
U01135,10140,4.9,2026-01-12,Excelente recomendacion
U01135,38357,5.7,2025-02-10,Gran actuacion
U01135,5279,6.3,2024-07-24,Buena para recomendar
U01135,85,6.6,2025-08-23,No era lo que esperaba
U01135,116613,5.7,2024-09-08,Historia entretenida
U01136,169,5.1,2024-01-21,Buena para recomendar
U01136,75174,4.9,2023-12-13,Buena para recomendar
U01136,11202,8.3,2025-03-10,Excelente recomendacion
U01136,205220,6.6,2025-09-14,Buena para recomendar
U01136,13007,6.0,2025-10-23,Gran actuacion
U01136,46705,8.3,2024-05-12,Buena para recomendar
U01136,26602,5.7,2025-10-28,Visualmente increible
U01136,4147,7.2,2023-11-29,La volveria a ver
U01136,6687,7.2,2024-08-19,Me gusto bastante
U01136,16538,6.8,2024-10-25,La volveria a ver
U01136,9454,6.6,2024-07-24,Excelente recomendacion
U01136,243940,5.5,2024-03-08,Buen ritmo
U01137,10132,6.2,2025-08-03,Buen ritmo
U01137,524,7.4,2025-01-27,Visualmente increible
U01137,496,7.5,2025-01-19,Visualmente increible
U01137,5176,6.7,2026-01-29,Excelente recomendacion
U01137,10764,5.0,2025-12-19,Historia entretenida
U01137,4922,8.7,2025-01-13,Visualmente increible
U01137,138843,6.2,2025-09-03,Final inesperado
U01137,22824,6.2,2025-10-16,Final inesperado
U01137,680,7.5,2025-06-21,Excelente recomendacion
U01137,168530,5.1,2025-10-23,Visualmente increible
U01137,16996,5.2,2024-11-30,Buen ritmo
U01138,242095,6.0,2024-11-08,Visualmente increible
U01138,318846,7.3,2023-10-19,Gran actuacion
U01138,37028,8.0,2024-08-13,Final inesperado
U01138,50780,7.4,2023-10-18,Me gusto bastante
U01138,1956,5.6,2024-05-24,Gran actuacion
U01138,9276,6.3,2026-01-04,Historia entretenida
U01138,152760,6.1,2023-11-15,Gran actuacion
U01138,64688,7.7,2023-10-05,Final inesperado
U01138,21494,6.5,2024-04-01,Visualmente increible
U01138,12177,3.3,2025-11-30,La volveria a ver
U01139,41823,7.0,2025-10-11,Excelente recomendacion
U01139,299687,4.3,2025-12-22,Visualmente increible
U01139,293646,6.9,2025-12-29,Final inesperado
U01139,15544,4.3,2026-03-25,Buena para recomendar
U01139,8456,7.5,2026-01-16,No era lo que esperaba
U01140,1619,5.4,2026-02-14,La volveria a ver
U01140,9096,6.5,2025-11-28,Final inesperado
U01140,9922,5.7,2025-02-22,Gran actuacion
U01140,2056,7.4,2025-08-26,Gran actuacion
U01140,9437,5.9,2025-08-05,Final inesperado
U01140,1852,5.9,2024-08-23,Excelente recomendacion
U01140,280381,1.0,2024-08-13,Excelente recomendacion
U01140,43923,6.3,2025-10-25,Excelente recomendacion
U01140,332285,6.2,2024-02-22,Historia entretenida
U01141,109414,5.9,2025-05-23,La volveria a ver
U01141,8197,7.2,2024-07-08,Buen ritmo
U01141,10765,6.0,2024-11-01,La volveria a ver
U01141,7859,7.1,2025-06-05,Final inesperado
U01141,943,6.5,2025-08-28,Final inesperado
U01141,28355,5.5,2025-04-16,No era lo que esperaba
U01142,9016,7.5,2026-02-18,Buen ritmo
U01142,60599,5.8,2026-01-25,No era lo que esperaba
U01142,22556,6.0,2025-12-08,Excelente recomendacion
U01142,354110,6.8,2025-12-18,Buen ritmo
U01142,25520,7.0,2026-03-09,Historia entretenida
U01142,11934,6.9,2026-03-26,La volveria a ver
U01142,50538,6.8,2026-01-16,Historia entretenida
U01142,61012,3.8,2025-11-25,No era lo que esperaba
U01142,8461,6.2,2025-11-27,Me gusto bastante
U01142,300671,7.7,2025-12-21,Final inesperado
U01142,20766,6.8,2025-12-05,Excelente recomendacion
U01143,863,7.3,2023-08-25,Buen ritmo
U01143,2290,5.1,2025-10-09,Gran actuacion
U01143,80278,6.3,2025-05-19,No era lo que esperaba
U01143,3766,8.4,2025-12-26,No era lo que esperaba
U01143,49963,7.8,2024-09-22,Excelente recomendacion
U01143,535,6.0,2022-06-28,Excelente recomendacion
U01143,6278,6.1,2024-10-22,Me gusto bastante
U01143,24575,5.5,2023-10-20,Gran actuacion
U01143,301351,6.6,2023-04-11,Gran actuacion
U01143,81836,4.9,2025-07-26,Buena para recomendar
U01143,6439,4.1,2022-08-04,La volveria a ver
U01143,11635,7.0,2024-05-21,Gran actuacion
U01143,819,6.5,2025-05-21,Historia entretenida
U01143,15699,4.9,2024-05-13,Me gusto bastante
U01144,811,5.0,2024-06-28,Historia entretenida
U01144,82703,7.0,2024-09-04,Final inesperado
U01144,11321,6.7,2025-09-23,Gran actuacion
U01144,72913,5.7,2023-08-01,La volveria a ver
U01144,20352,7.3,2026-03-19,No era lo que esperaba
U01144,10281,6.0,2023-02-14,Excelente recomendacion
U01144,77950,4.7,2024-02-01,Historia entretenida
U01144,8247,6.9,2023-04-25,Visualmente increible
U01145,254,5.7,2026-02-27,Me gusto bastante
U01145,127560,7.4,2026-02-19,Final inesperado
U01145,36597,6.0,2026-02-26,Final inesperado
U01145,109491,6.4,2026-02-25,Visualmente increible
U01145,76493,6.7,2026-03-10,Visualmente increible
U01145,20406,5.6,2026-03-09,Buen ritmo
U01145,127585,6.1,2026-02-24,No era lo que esperaba
U01145,37686,6.6,2026-02-18,Buen ritmo
U01145,36586,5.7,2026-02-17,Final inesperado
U01146,15301,5.4,2025-09-05,La volveria a ver
U01146,6016,6.0,2025-12-14,Buen ritmo
U01146,36334,7.2,2025-04-14,Gran actuacion
U01146,70670,6.8,2024-11-17,No era lo que esperaba
U01146,15512,5.1,2025-12-22,Visualmente increible
U01146,47546,4.9,2026-01-22,Me gusto bastante
U01146,578,8.0,2025-10-19,Buena para recomendar
U01146,28580,8.3,2025-04-05,Final inesperado
U01146,22798,7.6,2024-12-28,Final inesperado
U01146,9452,7.7,2025-02-10,Me gusto bastante
U01146,50837,7.2,2026-03-19,La volveria a ver
U01146,17917,8.2,2025-12-14,No era lo que esperaba
U01146,30128,6.6,2025-01-14,La volveria a ver
U01146,850,8.4,2024-10-29,La volveria a ver
U01147,60309,5.4,2025-11-04,La volveria a ver
U01147,9384,5.0,2025-10-17,Final inesperado
U01147,25784,6.3,2025-07-24,Historia entretenida
U01147,4960,6.9,2026-01-22,Visualmente increible
U01147,1635,5.4,2025-08-21,No era lo que esperaba
U01147,168,5.6,2025-10-08,Gran actuacion
U01147,58233,5.8,2025-07-02,La volveria a ver
U01147,18239,5.5,2025-12-20,No era lo que esperaba
U01148,11091,8.0,2025-03-14,Buena para recomendar
U01148,10471,6.2,2025-10-17,Me gusto bastante
U01148,16871,5.5,2025-11-09,La volveria a ver
U01148,77459,6.7,2024-07-20,No era lo que esperaba
U01149,82684,5.8,2023-12-28,Gran actuacion
U01149,103328,7.5,2025-03-22,Final inesperado
U01149,72976,5.4,2026-04-02,Final inesperado
U01149,9555,5.9,2024-11-28,No era lo que esperaba
U01149,8669,6.5,2024-04-08,Visualmente increible
U01149,264660,6.6,2025-07-24,Visualmente increible
U01149,1590,5.1,2026-02-04,Visualmente increible
U01149,250184,6.8,2026-02-02,Excelente recomendacion
U01149,16222,4.6,2025-04-08,No era lo que esperaba
U01149,168027,5.1,2024-06-15,Gran actuacion
U01149,256924,5.9,2026-01-29,Final inesperado
U01149,45881,5.2,2024-03-04,Gran actuacion
U01149,15028,4.4,2024-12-09,Me gusto bastante
U01150,16110,3.3,2025-11-27,Historia entretenida
U01150,11977,7.7,2025-02-02,Buena para recomendar
U01150,70436,7.1,2025-12-16,Me gusto bastante
U01150,222649,6.0,2026-01-20,Buena para recomendar
U01150,6171,6.8,2026-01-18,Buena para recomendar
U01150,109513,6.3,2025-02-08,Buen ritmo
U01150,712,7.3,2025-03-21,Me gusto bastante
U01150,13501,6.9,2025-10-01,Buen ritmo
U01150,123553,6.1,2025-02-06,Gran actuacion
U01150,8193,6.9,2026-01-19,No era lo que esperaba
U01150,1683,6.0,2026-01-20,Final inesperado
U01150,2054,8.1,2024-12-04,Buen ritmo
U01151,11560,4.7,2025-07-21,Buena para recomendar
U01151,2211,6.1,2026-02-18,No era lo que esperaba
U01151,6557,6.0,2025-01-16,Visualmente increible
U01151,50875,4.0,2025-07-29,Final inesperado
U01151,1273,6.3,2025-01-19,La volveria a ver
U01151,45243,6.4,2026-03-16,Excelente recomendacion
U01151,10383,3.5,2025-07-17,La volveria a ver
U01151,802,5.8,2025-06-29,Visualmente increible
U01151,16781,5.2,2025-03-25,Me gusto bastante
U01151,280,7.2,2026-03-26,Me gusto bastante
U01151,10117,4.4,2025-08-06,Buen ritmo
U01151,30315,5.6,2025-07-01,Visualmente increible
U01152,38358,5.1,2026-01-05,No era lo que esperaba
U01152,68726,6.5,2025-12-02,Buen ritmo
U01152,807,9.3,2025-10-24,Buen ritmo
U01152,48171,5.5,2026-02-04,La volveria a ver
U01152,3509,7.8,2025-11-02,Visualmente increible
U01152,3175,6.2,2025-12-10,Gran actuacion
U01152,31117,3.3,2026-01-27,Buena para recomendar
U01152,14160,8.3,2025-10-30,Visualmente increible
U01152,5491,4.2,2026-04-05,Historia entretenida
U01152,535,6.1,2025-10-15,Visualmente increible
U01152,8461,7.5,2026-03-06,Me gusto bastante
U01152,87567,4.6,2026-02-07,Me gusto bastante
U01152,9260,6.1,2026-02-09,Excelente recomendacion
U01152,4550,5.9,2026-01-20,Me gusto bastante
U01153,309503,4.6,2026-03-07,Me gusto bastante
U01153,37950,7.5,2025-12-17,Historia entretenida
U01153,9607,4.6,2026-03-25,Excelente recomendacion
U01153,12107,3.8,2026-01-15,Buena para recomendar
U01153,25376,6.6,2026-03-03,No era lo que esperaba
U01153,18239,5.6,2026-03-16,Me gusto bastante
U01154,8970,3.8,2023-02-23,Buen ritmo
U01154,66468,3.2,2026-02-11,Historia entretenida
U01154,11576,7.7,2024-07-11,Gran actuacion
U01154,264644,9.3,2024-02-16,La volveria a ver
U01154,41439,4.6,2024-05-02,No era lo que esperaba
U01154,3989,7.2,2025-01-29,Final inesperado
U01154,9400,6.8,2023-05-17,No era lo que esperaba
U01155,3175,8.8,2026-03-03,Buen ritmo
U01155,1619,5.6,2026-03-21,Excelente recomendacion
U01155,773,8.7,2025-12-11,Buena para recomendar
U01155,9486,6.1,2026-03-22,No era lo que esperaba
U01155,28666,3.5,2026-02-10,No era lo que esperaba
U01156,158015,7.0,2025-12-17,Buen ritmo
U01156,299687,5.8,2026-03-28,Final inesperado
U01156,7453,5.2,2025-08-25,Buen ritmo
U01156,2649,8.0,2026-02-20,No era lo que esperaba
U01156,8982,7.5,2026-04-04,Buen ritmo
U01156,136797,5.7,2026-02-10,La volveria a ver
U01157,6477,6.9,2023-09-09,Gran actuacion
U01157,9331,7.2,2026-03-30,Me gusto bastante
U01157,9824,5.3,2025-03-06,Excelente recomendacion
U01157,11141,6.2,2024-07-20,No era lo que esperaba
U01157,29078,7.0,2026-03-25,La volveria a ver
U01157,30139,3.7,2023-08-01,No era lo que esperaba
U01158,235260,4.9,2023-12-02,Buen ritmo
U01158,9799,6.5,2025-09-09,La volveria a ver
U01158,181330,6.5,2023-11-06,Visualmente increible
U01158,82695,8.2,2024-09-29,Final inesperado
U01158,14353,7.3,2025-12-10,Gran actuacion
U01158,1366,7.3,2023-12-10,Buen ritmo
U01158,11678,6.0,2024-08-04,La volveria a ver
U01158,40428,5.5,2025-07-02,Buen ritmo
U01158,8488,7.1,2025-08-12,Historia entretenida
U01158,36047,4.1,2025-11-21,Buen ritmo
U01158,70981,7.4,2023-11-25,Historia entretenida
U01158,10972,6.9,2023-08-28,Me gusto bastante
U01159,8970,6.4,2026-04-04,Me gusto bastante
U01159,1495,7.8,2025-12-10,La volveria a ver
U01159,74534,8.4,2025-07-07,Gran actuacion
U01159,22538,7.7,2025-03-12,No era lo que esperaba
U01159,714,7.2,2025-10-15,No era lo que esperaba
U01159,68724,5.4,2025-04-11,Buen ritmo
U01159,176124,5.7,2025-12-08,Historia entretenida
U01159,285923,5.6,2026-03-05,Buen ritmo
U01160,217,5.9,2025-12-02,Buena para recomendar
U01160,50698,4.7,2025-11-18,No era lo que esperaba
U01160,87101,5.8,2026-03-10,La volveria a ver
U01160,109410,7.8,2024-11-27,Final inesperado
U01160,146233,8.6,2024-12-23,Final inesperado
U01160,9779,7.0,2025-12-13,Final inesperado
U01160,1677,7.2,2025-04-08,Visualmente increible
U01160,16996,4.9,2026-02-09,Visualmente increible
U01161,9833,5.8,2025-05-12,No era lo que esperaba
U01161,14022,6.8,2024-12-16,No era lo que esperaba
U01161,334531,6.5,2025-09-11,Visualmente increible
U01161,146631,3.4,2024-10-28,Excelente recomendacion
U01161,59968,5.1,2025-06-02,Historia entretenida
U01161,157,7.8,2025-05-13,No era lo que esperaba
U01161,11228,5.4,2024-10-25,Buen ritmo
U01161,45658,5.4,2024-11-07,Buena para recomendar
U01161,296098,7.2,2024-11-07,Buena para recomendar
U01161,3131,8.4,2024-10-28,Excelente recomendacion
U01161,44754,6.6,2025-04-24,Historia entretenida
U01161,6538,5.2,2024-05-29,Excelente recomendacion
U01161,1257,6.4,2025-11-24,Buena para recomendar
U01161,24266,8.0,2026-04-08,La volveria a ver
U01161,2309,5.7,2025-03-12,La volveria a ver
U01161,332285,4.5,2025-08-26,Historia entretenida
U01161,55831,5.6,2024-08-13,No era lo que esperaba
U01161,37495,6.9,2024-06-08,Me gusto bastante
U01161,9562,5.7,2024-07-29,Buen ritmo
U01162,193613,6.5,2026-02-03,Excelente recomendacion
U01162,604,7.0,2026-03-26,Historia entretenida
U01162,7347,7.9,2025-12-15,Buena para recomendar
U01162,39437,5.8,2026-03-04,Excelente recomendacion
U01162,265208,4.6,2026-01-01,Gran actuacion
U01162,136797,6.0,2025-12-17,Excelente recomendacion
U01162,7191,7.1,2026-03-30,Final inesperado
U01162,10362,7.4,2025-12-05,Me gusto bastante
U01162,8359,7.6,2026-03-23,Historia entretenida
U01162,17127,6.4,2026-02-22,No era lo que esperaba
U01162,76203,6.7,2026-01-02,Visualmente increible
U01163,616,8.5,2024-06-25,Buen ritmo
U01163,18206,5.0,2026-01-20,Me gusto bastante
U01163,10535,5.0,2025-06-23,Gran actuacion
U01163,59436,8.6,2025-04-21,La volveria a ver
U01163,276907,6.2,2025-12-19,Gran actuacion
U01164,1710,5.3,2025-05-18,Visualmente increible
U01164,13056,4.8,2023-12-06,Buena para recomendar
U01164,18516,6.5,2025-07-05,Gran actuacion
U01164,49081,5.2,2024-10-02,La volveria a ver
U01164,20352,7.2,2024-06-30,Gran actuacion
U01164,703,7.7,2023-08-23,Gran actuacion
U01164,157841,6.2,2024-05-27,Excelente recomendacion
U01164,9535,7.1,2024-12-27,Excelente recomendacion
U01164,25166,4.6,2026-01-08,No era lo que esperaba
U01164,8834,6.0,2025-01-09,Final inesperado
U01164,1636,6.3,2026-01-12,Visualmente increible
U01165,239,7.7,2025-06-03,Me gusto bastante
U01165,11247,5.7,2025-05-08,Me gusto bastante
U01165,9350,4.8,2025-01-29,Excelente recomendacion
U01165,267935,6.2,2025-04-10,No era lo que esperaba
U01165,17186,5.8,2025-10-18,Visualmente increible
U01165,102651,7.5,2025-06-04,Excelente recomendacion
U01166,241239,6.2,2025-11-22,Gran actuacion
U01166,31668,6.2,2024-12-12,Me gusto bastante
U01166,1900,6.5,2025-05-29,Buen ritmo
U01166,215881,6.9,2025-01-09,Buena para recomendar
U01167,3175,6.9,2025-07-26,La volveria a ver
U01167,1259,8.0,2025-01-15,Buena para recomendar
U01167,103663,6.8,2025-10-23,Excelente recomendacion
U01167,22600,7.9,2025-03-31,Buena para recomendar
U01167,46829,6.5,2024-08-06,Excelente recomendacion
U01167,92591,7.8,2022-09-20,Excelente recomendacion
U01167,273895,8.8,2025-10-03,Historia entretenida
U01168,4347,8.3,2024-07-07,Excelente recomendacion
U01168,11208,5.8,2025-05-03,Final inesperado
U01168,15301,6.7,2023-12-12,Final inesperado
U01168,19959,4.5,2023-10-12,Final inesperado
U01168,50497,6.2,2025-05-25,La volveria a ver
U01168,681,5.6,2023-09-28,Buen ritmo
U01168,12404,6.9,2025-07-10,Buen ritmo
U01168,78698,6.8,2024-11-13,Gran actuacion
U01168,243938,6.4,2025-05-03,Me gusto bastante
U01168,15013,4.8,2025-11-11,Excelente recomendacion
U01168,17917,6.9,2024-11-02,Buena para recomendar
U01168,8321,6.7,2025-03-03,Me gusto bastante
U01168,30315,6.9,2024-02-28,Buena para recomendar
U01169,8875,4.9,2026-03-09,Excelente recomendacion
U01169,87827,7.4,2025-10-18,Excelente recomendacion
U01169,52520,5.0,2025-09-30,La volveria a ver
U01169,766,6.5,2025-08-02,Visualmente increible
U01169,22327,6.6,2026-02-19,Me gusto bastante
U01169,10567,4.7,2025-11-03,Final inesperado
U01169,38428,7.3,2025-05-25,Gran actuacion
U01170,11129,6.5,2023-09-28,Buena para recomendar
U01170,1412,6.8,2022-12-20,Me gusto bastante
U01170,26899,7.7,2025-10-08,Final inesperado
U01170,8456,5.5,2025-02-06,Excelente recomendacion
U01171,673,6.4,2025-11-04,No era lo que esperaba
U01171,10514,8.0,2025-08-03,Buena para recomendar
U01171,321258,5.2,2024-05-29,Buena para recomendar
U01171,11172,6.1,2025-09-26,Gran actuacion
U01171,13075,5.6,2024-12-26,Visualmente increible
U01171,18,7.2,2024-11-13,Visualmente increible
U01171,40185,4.3,2024-02-21,Gran actuacion
U01172,346,7.2,2026-03-19,Excelente recomendacion
U01172,211557,7.0,2024-10-16,Excelente recomendacion
U01172,9342,6.4,2023-12-08,Excelente recomendacion
U01172,14337,6.7,2025-07-12,Buena para recomendar
U01172,20653,7.9,2025-03-06,Gran actuacion
U01172,34341,4.6,2026-04-04,Excelente recomendacion
U01172,144336,4.7,2024-07-08,Visualmente increible
U01172,802,8.4,2025-02-01,No era lo que esperaba
U01172,1726,8.2,2025-03-14,Buena para recomendar
U01172,9072,5.3,2025-02-09,Buen ritmo
U01172,11324,7.9,2026-02-27,Visualmente increible
U01173,9952,7.5,2024-08-15,Buena para recomendar
U01173,874,6.2,2024-12-13,Visualmente increible
U01173,2056,7.2,2025-03-07,Excelente recomendacion
U01173,12096,6.0,2024-10-01,Gran actuacion
U01173,15489,3.4,2025-11-08,Buen ritmo
U01173,9208,4.6,2025-12-01,Gran actuacion
U01173,25,5.6,2025-06-19,Buen ritmo
U01173,171424,5.1,2024-10-22,Buena para recomendar
U01173,8202,4.3,2024-09-01,No era lo que esperaba
U01174,10641,6.3,2024-06-14,La volveria a ver
U01174,55306,5.3,2026-03-12,Buena para recomendar
U01174,8875,5.0,2024-03-20,Historia entretenida
U01174,1874,6.8,2024-01-02,Visualmente increible
U01174,4965,7.3,2024-10-31,Me gusto bastante
U01174,101299,6.9,2025-06-29,Final inesperado
U01174,82532,7.4,2025-06-17,Me gusto bastante
U01174,10053,6.8,2025-07-26,No era lo que esperaba
U01175,116149,7.3,2025-08-14,Historia entretenida
U01175,309919,5.3,2025-05-20,La volveria a ver
U01175,61984,6.0,2025-08-27,Excelente recomendacion
U01175,14536,5.5,2025-12-07,Me gusto bastante
U01175,66942,5.3,2025-11-11,No era lo que esperaba
U01175,8545,5.8,2025-07-06,Visualmente increible
U01175,39486,6.8,2025-06-27,Historia entretenida
U01175,663,6.2,2026-03-12,Buena para recomendar
U01175,14369,5.0,2025-12-10,Excelente recomendacion
U01175,9476,7.8,2025-06-20,Me gusto bastante
U01175,4912,5.8,2026-02-07,La volveria a ver
U01175,350,8.0,2026-04-09,Buena para recomendar
U01175,489,8.9,2026-01-25,Historia entretenida
U01175,40658,6.1,2025-10-02,Me gusto bastante
U01175,25968,4.5,2025-09-27,La volveria a ver
U01175,9890,5.4,2025-06-10,Historia entretenida
U01175,11959,7.8,2025-06-28,La volveria a ver
U01175,203801,6.7,2025-06-07,No era lo que esperaba
U01175,12621,6.1,2025-11-06,Historia entretenida
U01176,64689,5.1,2025-01-24,Me gusto bastante
U01176,253626,5.8,2025-02-04,Visualmente increible
U01176,163,5.3,2024-03-25,No era lo que esperaba
U01176,87421,6.8,2024-04-13,Buena para recomendar
U01177,7863,8.8,2025-10-09,Buena para recomendar
U01177,6521,6.2,2026-02-15,Gran actuacion
U01177,13816,5.2,2026-03-02,Me gusto bastante
U01177,364,7.4,2025-09-01,Excelente recomendacion
U01177,35,6.2,2025-07-16,Buen ritmo
U01177,10229,8.1,2026-01-01,No era lo que esperaba
U01177,321741,7.4,2026-02-28,Historia entretenida
U01177,9552,6.9,2025-04-29,Me gusto bastante
U01177,1619,5.9,2025-12-15,Visualmente increible
U01177,26486,4.9,2025-11-15,Excelente recomendacion
U01177,290391,3.1,2026-01-20,Final inesperado
U01177,36584,6.4,2025-11-17,Buen ritmo
U01177,10191,6.9,2025-08-17,Gran actuacion
U01178,1018,8.3,2026-01-23,Buena para recomendar
U01178,65759,5.0,2026-01-06,Historia entretenida
U01178,284536,5.6,2025-06-06,Gran actuacion
U01178,91586,6.6,2025-03-06,Buena para recomendar
U01178,11600,7.1,2025-10-16,Historia entretenida
U01178,20178,6.9,2025-05-23,Excelente recomendacion
U01178,9334,6.3,2024-02-27,Me gusto bastante
U01178,374461,6.9,2023-05-30,Gran actuacion
U01178,41436,5.9,2023-03-05,Buen ritmo
U01178,22074,8.4,2023-04-23,Excelente recomendacion
U01178,32456,6.1,2023-01-22,La volveria a ver
U01178,8843,5.3,2024-02-13,No era lo que esperaba
U01178,3089,7.0,2026-03-14,Final inesperado
U01179,11247,6.3,2026-02-13,Visualmente increible
U01179,10167,4.6,2025-08-30,La volveria a ver
U01179,9726,7.4,2025-09-13,Final inesperado
U01179,321,7.1,2025-10-02,La volveria a ver
U01179,9493,4.5,2025-05-03,La volveria a ver
U01179,10202,7.1,2026-02-18,La volveria a ver
U01180,2026,6.0,2026-02-05,Gran actuacion
U01180,1265,7.2,2026-03-23,Buena para recomendar
U01180,37964,5.8,2026-03-25,Buena para recomendar
U01180,181283,6.5,2026-03-05,Historia entretenida
U01180,708,4.8,2026-03-17,Me gusto bastante
U01180,11820,7.1,2026-01-20,Excelente recomendacion
U01180,10991,5.9,2026-03-25,Excelente recomendacion
U01180,1903,7.8,2026-03-20,Buen ritmo
U01180,1262,6.5,2026-02-03,Buen ritmo
U01180,172385,5.1,2026-02-20,Gran actuacion
U01181,11362,7.6,2026-01-20,Final inesperado
U01181,580,3.2,2025-11-29,No era lo que esperaba
U01181,8065,5.7,2025-12-10,No era lo que esperaba
U01181,19265,8.2,2026-02-11,Buen ritmo
U01181,11386,7.5,2025-12-23,Me gusto bastante
U01181,12437,7.3,2026-03-21,Gran actuacion
U01181,11137,4.8,2025-12-28,Buen ritmo
U01181,280,9.1,2026-01-17,Final inesperado
U01181,18570,7.4,2025-12-24,Buena para recomendar
U01181,44115,7.6,2026-03-29,Historia entretenida
U01182,8998,3.8,2026-03-06,Me gusto bastante
U01182,10844,6.3,2026-03-27,La volveria a ver
U01182,3170,6.5,2026-02-10,Excelente recomendacion
U01182,157354,8.2,2026-02-20,Excelente recomendacion
U01182,279,6.8,2026-02-27,No era lo que esperaba
U01182,10364,6.1,2026-02-06,Buena para recomendar
U01182,146198,6.6,2026-03-20,No era lo que esperaba
U01182,10136,4.8,2026-01-23,Final inesperado
U01182,85860,5.4,2026-04-01,Visualmente increible
U01182,28029,5.1,2026-02-11,Buen ritmo
U01182,84401,7.1,2026-01-21,No era lo que esperaba
U01182,25066,4.5,2026-03-06,Gran actuacion
U01182,211954,8.7,2026-02-16,Historia entretenida
U01182,146203,5.5,2026-03-24,No era lo que esperaba
U01183,12569,5.8,2025-08-16,Final inesperado
U01183,10283,5.7,2025-07-09,Visualmente increible
U01183,131631,5.4,2025-07-22,Excelente recomendacion
U01183,48231,5.5,2026-02-11,No era lo que esperaba
U01183,321741,6.8,2026-04-07,Buena para recomendar
U01183,172391,6.6,2026-02-10,Me gusto bastante
U01183,13389,7.1,2025-12-14,Final inesperado
U01183,285,7.5,2025-05-06,Visualmente increible
U01183,10414,7.8,2025-05-03,No era lo que esperaba
U01183,76649,3.9,2025-08-06,Historia entretenida
U01184,264644,8.7,2025-08-14,No era lo que esperaba
U01184,55180,5.5,2025-06-10,Excelente recomendacion
U01184,208869,5.5,2026-01-29,Buen ritmo
U01184,24621,7.1,2024-10-12,Buen ritmo
U01184,504,7.6,2024-09-25,La volveria a ver
U01185,83588,7.7,2023-12-07,Gran actuacion
U01185,41513,4.8,2026-01-14,Me gusto bastante
U01185,55180,5.1,2024-06-10,La volveria a ver
U01185,2067,7.1,2025-06-04,Buena para recomendar
U01185,198184,7.4,2025-09-04,Final inesperado
U01185,138976,4.4,2025-03-12,Buen ritmo
U01185,91070,5.8,2024-09-16,Buen ritmo
U01186,80468,4.6,2025-12-07,Visualmente increible
U01186,12144,8.2,2026-03-15,Final inesperado
U01186,86304,5.6,2026-01-14,No era lo que esperaba
U01186,43347,6.5,2025-12-14,No era lo que esperaba
U01186,134371,4.9,2026-03-27,Buena para recomendar
U01186,9869,7.0,2025-12-29,Final inesperado
U01186,65086,4.6,2026-03-09,Final inesperado
U01186,5925,8.8,2026-02-08,Historia entretenida
U01186,1586,5.0,2025-12-10,Buen ritmo
U01186,228326,5.9,2025-12-01,Final inesperado
U01187,46503,6.8,2025-06-22,Historia entretenida
U01187,179,7.6,2024-03-24,Buena para recomendar
U01187,17431,7.7,2022-11-09,Buena para recomendar
U01187,318846,6.8,2024-10-16,Visualmente increible
U01187,12703,6.4,2026-02-18,Visualmente increible
U01187,8874,6.7,2023-06-18,Historia entretenida
U01187,321741,8.1,2025-11-10,No era lo que esperaba
U01187,68735,5.0,2025-05-03,No era lo que esperaba
U01187,8681,8.2,2023-12-03,Excelente recomendacion
U01187,72190,5.2,2025-03-05,La volveria a ver
U01187,87499,5.5,2023-02-17,No era lo que esperaba
U01188,18360,5.8,2026-01-24,La volveria a ver
U01188,294600,7.3,2026-03-11,Historia entretenida
U01188,16433,5.4,2026-02-19,Buen ritmo
U01188,80274,6.5,2026-03-20,Historia entretenida
U01188,72387,7.5,2026-02-01,Me gusto bastante
U01188,330,5.3,2026-02-02,Final inesperado
U01188,9486,7.1,2026-01-08,La volveria a ver
U01188,29912,7.7,2026-01-21,Gran actuacion
U01188,470,5.8,2026-04-06,No era lo que esperaba
U01188,27404,2.9,2026-03-21,Gran actuacion
U01188,9472,6.3,2026-01-07,Historia entretenida
U01188,28165,5.8,2026-02-05,Historia entretenida
U01188,44214,7.7,2026-03-14,Buen ritmo
U01188,24747,5.6,2026-04-01,Excelente recomendacion
U01189,2575,5.8,2023-08-11,Historia entretenida
U01189,146238,6.3,2023-03-10,La volveria a ver
U01189,816,5.5,2022-11-23,Historia entretenida
U01189,59436,8.3,2023-06-12,Buena para recomendar
U01189,16858,8.7,2023-04-30,Visualmente increible
U01189,64682,6.9,2022-12-28,Historia entretenida
U01189,11442,5.2,2022-12-22,Final inesperado
U01189,16899,5.7,2024-09-05,Visualmente increible
U01189,8416,7.8,2023-02-13,Historia entretenida
U01189,849,6.2,2024-02-23,Excelente recomendacion
U01189,13682,6.9,2024-11-16,Excelente recomendacion
U01189,27004,6.3,2023-09-20,Visualmente increible
U01189,11446,5.8,2023-04-09,Buen ritmo
U01189,9582,6.2,2025-05-08,Buena para recomendar
U01190,310569,7.1,2025-11-13,Gran actuacion
U01190,64686,7.2,2024-03-31,Me gusto bastante
U01190,9396,6.1,2023-09-29,Me gusto bastante
U01190,510,8.2,2025-06-27,Buena para recomendar
U01190,8068,6.7,2025-08-23,Historia entretenida
U01190,9836,5.0,2025-10-20,Excelente recomendacion
U01190,41233,6.2,2023-09-09,No era lo que esperaba
U01190,82675,5.2,2024-08-18,Final inesperado
U01191,11835,6.5,2025-03-12,Me gusto bastante
U01191,11015,5.2,2025-05-20,Visualmente increible
U01191,256962,8.4,2025-11-12,Final inesperado
U01191,7304,5.6,2025-07-05,La volveria a ver
U01191,9433,6.4,2025-05-15,Me gusto bastante
U01191,747,7.8,2026-03-06,La volveria a ver
U01192,86829,7.7,2025-01-07,Visualmente increible
U01192,11598,5.9,2025-03-27,Final inesperado
U01192,1368,7.8,2024-04-19,Excelente recomendacion
U01192,22972,7.8,2025-11-27,Excelente recomendacion
U01192,9806,6.8,2024-04-05,Final inesperado
U01192,7304,5.6,2025-05-06,Final inesperado
U01192,256040,6.4,2024-06-25,Me gusto bastante
U01192,30141,5.5,2025-04-08,Me gusto bastante
U01192,24266,8.0,2026-02-07,Visualmente increible
U01192,9012,5.8,2025-05-14,Visualmente increible
U01192,9896,6.2,2026-04-08,Buen ritmo
U01192,86812,7.4,2024-12-15,Buen ritmo
U01192,25719,5.7,2025-04-27,La volveria a ver
U01192,40794,7.8,2025-12-30,Historia entretenida
U01193,9882,5.5,2023-05-15,Excelente recomendacion
U01193,14976,5.1,2023-09-08,Me gusto bastante
U01193,271185,5.4,2025-08-20,Visualmente increible
U01193,146233,6.9,2024-12-13,Me gusto bastante
U01193,549,7.0,2022-12-24,Buena para recomendar
U01193,754,6.4,2025-05-02,Me gusto bastante
U01194,27205,8.6,2025-06-20,Historia entretenida
U01194,73191,5.7,2025-08-25,No era lo que esperaba
U01194,339408,6.7,2025-02-05,Gran actuacion
U01194,287424,6.1,2025-11-02,No era lo que esperaba
U01194,10929,6.4,2025-02-13,Me gusto bastante
U01194,18292,5.0,2025-12-04,No era lo que esperaba
U01194,107,7.2,2024-05-26,Excelente recomendacion
U01195,9390,6.6,2025-11-25,Visualmente increible
U01195,11624,7.1,2025-06-01,Excelente recomendacion
U01195,11507,6.4,2026-02-20,Visualmente increible
U01195,14582,5.6,2025-02-15,Historia entretenida
U01195,287948,6.6,2025-04-03,Visualmente increible
U01195,59440,7.0,2025-09-02,Me gusto bastante
U01195,254470,5.5,2026-03-19,Me gusto bastante
U01195,1359,6.8,2025-04-04,Buena para recomendar
U01195,12404,7.2,2025-04-25,Final inesperado
U01195,14160,7.9,2026-02-09,Buen ritmo
U01195,62116,4.9,2025-09-19,Visualmente increible
U01195,2251,5.3,2025-11-01,No era lo que esperaba
U01195,686,6.2,2025-06-26,Me gusto bastante
U01195,45272,6.2,2025-04-05,Excelente recomendacion
U01195,10117,5.2,2025-06-30,Visualmente increible
U01196,24264,6.0,2025-04-13,No era lo que esperaba
U01196,156022,7.4,2024-08-01,Buen ritmo
U01196,1946,5.6,2023-12-10,Historia entretenida
U01196,650,7.6,2026-02-10,Excelente recomendacion
U01196,17043,4.1,2023-12-05,Me gusto bastante
U01196,370464,3.0,2023-03-19,No era lo que esperaba
U01196,11826,7.9,2026-02-21,Buen ritmo
U01196,53113,5.8,2023-09-07,No era lo que esperaba
U01196,158752,5.6,2025-08-24,Excelente recomendacion
U01196,12150,6.1,2026-02-07,Gran actuacion
U01196,40769,6.9,2025-04-12,No era lo que esperaba
U01196,9387,6.4,2025-08-25,Me gusto bastante
U01196,357837,5.0,2026-02-04,Excelente recomendacion
U01196,9607,2.9,2023-05-25,Gran actuacion
U01196,34563,6.3,2023-02-04,Excelente recomendacion
U01196,172385,7.5,2024-07-06,La volveria a ver
U01197,8675,7.6,2025-10-12,Visualmente increible
U01197,22947,7.4,2025-09-02,Visualmente increible
U01197,9802,6.4,2024-10-04,Buena para recomendar
U01197,12090,5.3,2025-07-02,Historia entretenida
U01197,71,8.6,2025-08-17,Me gusto bastante
U01197,568,5.9,2026-02-11,Me gusto bastante
U01198,310569,8.7,2026-03-21,La volveria a ver
U01198,2048,6.7,2025-12-22,La volveria a ver
U01198,31306,6.6,2025-05-25,Visualmente increible
U01198,605,6.5,2024-12-01,La volveria a ver
U01198,61752,7.2,2024-12-22,Visualmente increible
U01198,12312,5.9,2026-04-05,Historia entretenida
U01198,817,4.7,2026-04-05,Gran actuacion
U01198,294272,6.1,2025-11-28,Gran actuacion
U01198,13053,7.1,2024-12-23,Buena para recomendar
U01198,5559,5.9,2026-02-04,Historia entretenida
U01198,85350,7.1,2026-01-11,Buena para recomendar
U01198,27420,5.2,2025-10-29,No era lo que esperaba
U01198,20504,7.0,2025-11-11,Historia entretenida
U01198,2013,8.0,2025-10-20,Gran actuacion
U01199,42033,4.2,2025-08-26,No era lo que esperaba
U01199,11362,8.3,2026-02-08,Me gusto bastante
U01199,87827,8.6,2026-01-11,No era lo que esperaba
U01199,242095,6.0,2025-09-08,Buena para recomendar
U01199,75674,7.1,2025-12-28,Buen ritmo
U01199,1213,7.4,2026-04-04,Me gusto bastante
U01199,57201,4.6,2025-09-24,Gran actuacion
U01199,269057,7.5,2025-10-08,Me gusto bastante
U01199,10215,7.1,2026-02-04,Final inesperado
U01199,2207,5.8,2025-08-29,No era lo que esperaba
U01200,6114,6.8,2025-05-26,La volveria a ver
U01200,103,7.9,2025-01-04,Visualmente increible
U01200,302156,4.6,2025-12-19,Buen ritmo
U01200,322194,3.7,2025-08-07,Visualmente increible
U01200,18405,6.2,2025-07-21,Historia entretenida
U01200,254128,5.8,2026-04-08,La volveria a ver
U01200,49026,6.5,2025-12-25,Excelente recomendacion
U01200,9310,5.8,2025-12-24,No era lo que esperaba
U01200,17043,4.2,2025-11-15,Buena para recomendar
U01201,11631,5.5,2026-01-11,La volveria a ver
U01201,14836,5.9,2025-11-26,Buen ritmo
U01201,283708,5.4,2025-08-07,Final inesperado
U01201,198663,6.1,2026-03-22,Historia entretenida
U01201,1950,3.9,2025-08-30,Excelente recomendacion
U01201,35056,4.7,2025-07-26,Buena para recomendar
U01201,32235,7.8,2025-09-21,Gran actuacion
U01201,13193,5.2,2026-01-24,Visualmente increible
U01201,45380,6.1,2025-11-21,Buen ritmo
U01201,85350,7.9,2025-09-14,Historia entretenida
U01201,9550,6.3,2025-10-16,Excelente recomendacion
U01201,13250,6.5,2025-12-22,Excelente recomendacion
U01201,18191,6.0,2025-08-18,Buena para recomendar
U01201,9986,6.8,2025-08-20,Visualmente increible
U01201,9819,6.2,2025-09-07,No era lo que esperaba
U01201,190955,5.9,2026-03-25,Me gusto bastante
U01201,86838,5.7,2026-02-01,Historia entretenida
U01202,1985,5.6,2026-04-07,Me gusto bastante
U01202,1370,4.5,2026-04-07,No era lo que esperaba
U01202,5255,5.7,2026-03-18,Buen ritmo
U01202,11342,6.2,2026-04-09,Excelente recomendacion
U01202,84175,5.5,2026-03-23,Visualmente increible
U01202,8202,4.4,2026-04-03,Final inesperado
U01202,28932,6.5,2026-03-20,Excelente recomendacion
U01202,2270,7.1,2026-04-07,Historia entretenida
U01202,598,6.8,2026-03-25,Buen ritmo
U01202,1677,8.7,2026-03-28,No era lo que esperaba
U01203,9434,7.2,2023-04-12,Final inesperado
U01203,10611,5.9,2024-05-03,Visualmente increible
U01203,101179,6.4,2024-09-27,Final inesperado
U01203,24150,6.4,2023-05-07,Me gusto bastante
U01203,1624,6.5,2022-11-07,No era lo que esperaba
U01203,14576,6.2,2024-07-21,Final inesperado
U01203,273899,6.2,2025-04-03,Excelente recomendacion
U01203,360188,3.4,2022-12-04,Excelente recomendacion
U01203,11308,6.0,2024-03-02,No era lo que esperaba
U01203,640,8.0,2025-03-30,Buena para recomendar
U01204,14574,7.5,2026-03-04,Buen ritmo
U01204,198277,8.7,2024-01-01,Buena para recomendar
U01204,8247,6.2,2022-09-09,Excelente recomendacion
U01205,10320,4.3,2026-01-02,Gran actuacion
U01205,4251,8.3,2025-12-09,Me gusto bastante
U01205,11635,6.6,2026-01-08,Visualmente increible
U01205,9693,7.4,2026-01-26,Buen ritmo
U01205,11917,6.0,2026-03-14,La volveria a ver
U01205,11386,8.1,2026-03-19,Buena para recomendar
U01205,157849,5.9,2026-03-31,Gran actuacion
U01205,188166,5.8,2026-02-05,Excelente recomendacion
U01205,557,7.1,2026-03-17,Historia entretenida
U01206,125123,4.7,2025-11-11,Historia entretenida
U01206,18701,5.7,2025-11-10,La volveria a ver
U01206,1997,5.5,2026-04-01,No era lo que esperaba
U01206,28932,5.9,2025-09-23,La volveria a ver
U01206,50497,4.6,2026-03-20,Excelente recomendacion
U01207,157058,4.4,2026-02-19,No era lo que esperaba
U01207,20794,4.6,2023-11-10,No era lo que esperaba
U01207,27578,6.0,2025-09-20,Gran actuacion
U01207,45380,7.7,2023-09-23,Gran actuacion
U01208,185567,8.0,2025-07-22,Buena para recomendar
U01208,13056,6.5,2024-05-20,Historia entretenida
U01208,12227,5.0,2024-03-09,Me gusto bastante
U01208,57022,6.4,2024-07-03,Buen ritmo
U01208,136835,4.9,2023-11-25,No era lo que esperaba
U01208,5708,6.1,2026-02-28,Visualmente increible
U01208,9353,5.3,2025-04-10,Final inesperado
U01209,924,7.2,2025-10-08,No era lo que esperaba
U01209,23685,3.6,2026-03-17,Gran actuacion
U01209,27723,4.7,2025-09-13,Buen ritmo
U01209,68727,6.0,2024-03-12,Gran actuacion
U01209,2018,6.8,2024-09-06,Buena para recomendar
U01209,125537,7.8,2024-03-12,Final inesperado
U01209,14022,7.0,2024-07-27,Visualmente increible
U01209,273895,6.2,2024-04-03,Me gusto bastante
U01210,4256,5.3,2025-04-28,Excelente recomendacion
U01210,10159,7.4,2025-04-23,Buen ritmo
U01210,59860,4.8,2023-03-20,Buen ritmo
U01210,154,6.7,2023-05-10,Gran actuacion
U01211,271110,5.8,2025-07-20,No era lo que esperaba
U01211,49049,6.3,2026-02-20,Gran actuacion
U01211,7278,2.6,2026-01-26,Gran actuacion
U01211,98557,4.8,2025-06-25,La volveria a ver
U01211,13001,8.3,2025-07-24,Me gusto bastante
U01211,11298,5.4,2026-02-10,Me gusto bastante
U01211,9374,7.8,2025-10-16,Buena para recomendar
U01211,82650,7.0,2025-08-01,Excelente recomendacion
U01211,6278,5.0,2025-09-15,No era lo que esperaba
U01212,122917,7.8,2025-09-17,No era lo que esperaba
U01212,32740,6.8,2025-10-22,Final inesperado
U01212,87093,7.3,2026-03-28,Me gusto bastante
U01212,10984,6.5,2026-01-20,Buen ritmo
U01212,153397,5.5,2025-11-12,Me gusto bastante
U01212,17332,8.0,2025-10-31,Buen ritmo
U01212,10925,7.6,2025-09-09,La volveria a ver
U01212,557,7.0,2026-03-01,Visualmente increible
U01212,9093,7.1,2025-10-10,Gran actuacion
U01212,50357,5.3,2026-03-19,Buen ritmo
U01212,374461,7.6,2025-11-16,No era lo que esperaba
U01212,152737,6.2,2025-10-29,Historia entretenida
U01212,11780,7.3,2026-03-20,Final inesperado
U01212,158011,7.0,2026-01-23,La volveria a ver
U01212,1639,4.9,2026-03-18,Visualmente increible
U01212,41144,6.9,2026-02-17,Visualmente increible
U01213,11977,6.8,2025-01-22,No era lo que esperaba
U01213,11091,6.2,2023-01-20,Me gusto bastante
U01213,42889,4.7,2023-08-05,Gran actuacion
U01213,10071,4.2,2025-07-08,Excelente recomendacion
U01213,17264,6.3,2024-10-03,Excelente recomendacion
U01213,11323,4.6,2026-01-04,Final inesperado
U01213,3635,7.8,2024-05-24,Final inesperado
U01214,33217,7.0,2026-02-10,Visualmente increible
U01214,5176,7.2,2023-09-16,Buen ritmo
U01214,35689,6.5,2024-08-15,Historia entretenida
U01214,15489,3.8,2023-12-31,Me gusto bastante
U01214,37799,6.4,2023-07-26,Buen ritmo
U01214,174,7.0,2025-03-23,Visualmente increible
U01214,14844,6.6,2026-02-06,Final inesperado
U01214,3083,7.2,2024-05-01,Buen ritmo
U01214,74,5.7,2025-06-30,La volveria a ver
U01214,19848,6.2,2024-06-26,No era lo que esperaba
U01214,9676,4.4,2023-05-21,Visualmente increible
U01215,14976,7.4,2024-06-03,No era lo que esperaba
U01215,70,8.7,2024-06-02,La volveria a ver
U01215,8358,8.9,2023-08-03,Buen ritmo
U01215,7979,7.2,2026-01-11,La volveria a ver
U01215,204082,7.3,2024-01-29,Historia entretenida
U01215,307081,7.5,2023-11-24,Historia entretenida
U01215,846,6.1,2024-08-16,Historia entretenida
U01215,10040,5.2,2025-12-28,Visualmente increible
U01215,1880,6.7,2025-07-09,Excelente recomendacion
U01216,13187,8.3,2024-08-04,Visualmente increible
U01216,100402,6.9,2024-05-13,Me gusto bastante
U01216,11827,4.7,2024-09-09,La volveria a ver
U01216,271969,5.7,2024-01-24,Historia entretenida
U01216,205,7.6,2024-02-24,La volveria a ver
U01216,62728,5.1,2025-09-29,Visualmente increible
U01216,10013,5.0,2024-05-26,Historia entretenida
U01216,4551,3.9,2023-07-30,Visualmente increible
U01216,15121,6.7,2024-03-05,Buen ritmo
U01216,9928,5.5,2024-12-26,Me gusto bastante
U01216,9713,5.7,2023-08-20,Visualmente increible
U01216,9313,6.3,2024-04-14,La volveria a ver
U01216,36696,7.0,2023-09-04,Final inesperado
U01217,8854,5.3,2024-08-19,No era lo que esperaba
U01217,181330,6.0,2024-11-24,Gran actuacion
U01217,597,6.5,2024-10-04,Gran actuacion
U01217,10764,7.2,2025-07-11,Final inesperado
U01217,8427,6.5,2025-01-24,Gran actuacion
U01217,34314,4.5,2024-08-28,Gran actuacion
U01217,500,8.9,2024-10-30,Buen ritmo
U01217,254024,4.2,2024-08-26,La volveria a ver
U01217,227719,5.2,2025-12-23,Visualmente increible
U01217,11229,6.2,2024-10-17,Excelente recomendacion
U01217,2976,5.4,2024-07-29,Final inesperado
U01218,9621,7.1,2026-04-01,Final inesperado
U01218,253261,4.0,2026-01-18,Buen ritmo
U01218,13476,4.4,2025-11-01,No era lo que esperaba
U01218,294272,6.8,2024-12-05,Me gusto bastante
U01218,211086,3.3,2025-01-07,Buena para recomendar
U01218,134411,6.6,2024-11-25,No era lo que esperaba
U01219,673,6.6,2026-03-07,La volveria a ver
U01219,12246,6.0,2024-01-09,Historia entretenida
U01219,4348,9.1,2023-10-21,Visualmente increible
U01219,33157,8.0,2023-04-13,La volveria a ver
U01219,16564,6.2,2023-04-19,Historia entretenida
U01219,55831,7.7,2023-02-24,Final inesperado
U01219,14574,8.1,2026-02-02,Gran actuacion
U01219,59,7.5,2025-06-09,Me gusto bastante
U01220,109417,6.6,2025-12-06,Buena para recomendar
U01220,68734,6.9,2026-01-05,No era lo que esperaba
U01220,24748,7.7,2025-11-13,Visualmente increible
U01220,55779,4.6,2025-10-04,Buena para recomendar
U01220,577,5.7,2025-04-03,Excelente recomendacion
U01220,72387,5.5,2025-10-30,Historia entretenida
U01220,41233,7.6,2025-10-17,Excelente recomendacion
U01220,2830,3.0,2025-04-12,Me gusto bastante
U01220,9932,5.8,2025-06-20,Gran actuacion
U01221,116584,7.2,2023-09-24,Gran actuacion
U01221,2655,7.4,2026-01-29,Buen ritmo
U01221,10514,7.7,2023-03-25,No era lo que esperaba
U01221,14353,7.5,2023-01-12,Historia entretenida
U01221,35,7.1,2023-09-26,Buen ritmo
U01221,9920,5.0,2023-01-18,Me gusto bastante
U01221,3635,7.3,2025-05-04,Buena para recomendar
U01221,20857,7.2,2025-05-02,No era lo que esperaba
U01222,18828,4.4,2026-03-14,Buena para recomendar
U01222,42888,5.4,2026-03-14,Final inesperado
U01222,1497,6.7,2026-04-04,Buena para recomendar
U01222,11302,7.2,2026-01-24,Buen ritmo
U01222,11959,8.0,2026-03-14,Gran actuacion
U01222,321697,8.2,2025-12-25,Historia entretenida
U01222,15268,3.0,2026-04-02,Excelente recomendacion
U01222,330,6.7,2026-01-18,No era lo que esperaba
U01223,10131,6.8,2025-12-20,Me gusto bastante
U01223,228165,7.1,2025-09-09,Gran actuacion
U01223,218,6.3,2025-12-23,Gran actuacion
U01223,9877,5.6,2025-05-18,Gran actuacion
U01223,288,7.1,2026-01-21,Final inesperado
U01223,17403,4.3,2025-05-04,Historia entretenida
U01223,37786,5.1,2025-06-16,Historia entretenida
U01223,8592,6.0,2025-02-13,Final inesperado
U01223,11172,7.0,2025-02-11,Visualmente increible
U01223,375950,6.2,2025-02-26,No era lo que esperaba
U01223,37735,6.3,2025-01-21,Buen ritmo
U01223,480,5.5,2025-08-09,Final inesperado
U01223,332567,6.5,2024-12-22,Buena para recomendar
U01223,43595,4.3,2025-05-02,Excelente recomendacion
U01223,601,7.4,2026-01-08,No era lo que esperaba
U01224,1547,7.6,2024-10-30,No era lo que esperaba
U01224,11219,5.9,2026-04-02,Gran actuacion
U01224,14175,4.8,2025-01-16,No era lo que esperaba
U01224,20862,5.9,2025-02-17,Me gusto bastante
U01224,285743,7.4,2023-12-23,Excelente recomendacion
U01224,27451,4.4,2023-12-15,Excelente recomendacion
U01224,10315,7.8,2025-09-03,No era lo que esperaba
U01224,12901,7.2,2025-09-06,Gran actuacion
U01224,228165,4.4,2023-11-11,Buena para recomendar
U01225,15049,7.6,2023-05-15,Buena para recomendar
U01225,22804,6.4,2023-11-03,No era lo que esperaba
U01225,675,6.6,2024-10-13,Buen ritmo
U01225,2287,6.2,2023-05-10,No era lo que esperaba
U01225,203833,6.3,2024-02-27,Me gusto bastante
U01225,46435,6.5,2025-01-04,Excelente recomendacion
U01225,10185,5.2,2023-10-22,Me gusto bastante
U01225,254470,8.2,2022-12-16,Gran actuacion
U01225,150211,3.4,2026-01-16,Historia entretenida
U01225,8978,6.0,2025-01-09,Final inesperado
U01226,185008,6.1,2024-04-09,Gran actuacion
U01226,116,6.3,2026-01-19,Visualmente increible
U01226,9709,6.8,2025-04-20,Buen ritmo
U01226,2069,7.4,2026-02-04,Me gusto bastante
U01226,75656,7.5,2024-05-09,Final inesperado
U01226,10707,6.9,2024-05-13,Buen ritmo
U01226,158752,3.4,2024-02-26,Visualmente increible
U01226,10913,5.3,2024-04-26,No era lo que esperaba
U01226,41436,5.7,2025-07-13,No era lo que esperaba
U01226,250546,4.2,2025-05-05,Visualmente increible
U01226,238603,4.5,2025-06-30,Final inesperado
U01226,44413,7.7,2024-10-18,Final inesperado
U01227,36095,8.0,2023-04-13,Buen ritmo
U01227,144336,6.3,2024-12-07,Me gusto bastante
U01227,205587,7.9,2023-09-20,Me gusto bastante
U01227,1443,6.3,2024-12-25,Buen ritmo
U01227,79316,5.8,2026-03-15,La volveria a ver
U01227,927,6.3,2025-07-16,Buen ritmo
U01227,756,7.6,2024-06-03,Visualmente increible
U01227,10739,6.4,2022-10-01,Gran actuacion
U01227,16363,4.5,2024-01-01,Visualmente increible
U01227,15489,3.4,2023-07-07,La volveria a ver
U01227,6963,5.3,2025-06-10,Visualmente increible
U01227,89861,10.0,2025-12-22,La volveria a ver
U01227,2013,8.5,2024-01-01,La volveria a ver
U01227,13539,4.6,2025-06-27,Historia entretenida
U01227,290555,4.3,2023-05-30,Buen ritmo
U01228,8587,7.6,2024-08-12,Buena para recomendar
U01228,150202,5.6,2025-06-14,Buen ritmo
U01228,11598,5.3,2023-09-21,Historia entretenida
U01228,161795,8.9,2025-04-24,La volveria a ver
U01229,2666,6.1,2023-02-26,Final inesperado
U01229,12144,7.7,2025-11-04,Buena para recomendar
U01229,8427,6.1,2024-05-12,La volveria a ver
U01229,18162,6.0,2026-01-21,Excelente recomendacion
U01229,9919,7.6,2023-10-15,Gran actuacion
U01229,11812,5.9,2022-07-19,Final inesperado
U01229,83686,6.2,2023-03-21,Gran actuacion
U01229,180,8.0,2022-08-22,Buen ritmo
U01229,74643,6.1,2025-08-22,Buen ritmo
U01229,9912,6.7,2023-07-11,Historia entretenida
U01229,7326,8.1,2023-10-18,Visualmente increible
U01230,13751,6.1,2024-01-19,Buen ritmo
U01230,41317,7.2,2023-03-13,Gran actuacion
U01230,935,8.7,2024-12-16,Excelente recomendacion
U01230,23963,7.7,2023-03-28,Buena para recomendar
U01230,60400,6.7,2023-11-27,La volveria a ver
U01230,16028,3.7,2025-07-01,No era lo que esperaba
U01230,10490,5.4,2023-05-10,Historia entretenida
U01231,8224,7.3,2026-04-10,Historia entretenida
U01231,1555,8.1,2023-03-02,Visualmente increible
U01231,8068,5.4,2022-11-16,Historia entretenida
U01231,644,5.4,2025-05-18,Buen ritmo
U01231,39781,7.6,2023-11-09,Gran actuacion
U01231,617,6.0,2025-05-25,Visualmente increible
U01231,82505,4.9,2024-02-13,Final inesperado
U01231,13250,5.0,2025-03-03,Buena para recomendar
U01231,51497,8.1,2024-03-15,Gran actuacion
U01231,9770,6.3,2025-11-02,La volveria a ver
U01232,20616,4.8,2025-07-01,Buen ritmo
U01232,11804,7.0,2026-03-17,Gran actuacion
U01232,854,7.4,2024-09-25,Me gusto bastante
U01232,4464,6.9,2025-10-26,Buen ritmo
U01232,86834,5.1,2025-07-26,Buena para recomendar
U01232,9387,5.4,2025-11-17,Excelente recomendacion
U01232,2142,6.4,2025-02-06,Gran actuacion
U01232,134597,5.4,2025-09-05,Historia entretenida
U01232,257088,6.7,2025-05-23,La volveria a ver
U01232,57158,7.9,2025-06-03,Buena para recomendar
U01232,1687,6.5,2024-10-09,No era lo que esperaba
U01233,9825,5.2,2025-10-28,Visualmente increible
U01233,240832,7.6,2023-02-17,Visualmente increible
U01233,14048,8.5,2022-05-01,Me gusto bastante
U01233,2024,5.8,2024-03-03,Buena para recomendar
U01233,8060,5.7,2024-04-05,Excelente recomendacion
U01234,62206,6.8,2025-09-21,Gran actuacion
U01234,56930,7.3,2025-10-30,Me gusto bastante
U01234,788,6.4,2025-10-30,Historia entretenida
U01234,12312,4.4,2026-02-12,Final inesperado
U01234,254473,5.7,2026-01-25,Buena para recomendar
U01234,9281,5.7,2025-11-26,No era lo que esperaba
U01234,203,8.0,2025-09-01,Gran actuacion
U01234,10353,6.5,2025-09-23,La volveria a ver
U01234,243938,3.8,2025-06-24,Buen ritmo
U01234,10428,7.2,2026-01-06,Final inesperado
U01234,82679,5.9,2026-01-27,Me gusto bastante
U01234,32274,5.8,2025-06-25,La volveria a ver
U01234,80585,5.5,2026-03-17,Final inesperado
U01234,535,6.7,2026-01-01,Buen ritmo
U01234,19912,6.6,2025-07-09,Excelente recomendacion
U01234,82525,6.1,2025-12-28,Buena para recomendar
U01234,26022,8.9,2026-01-14,Visualmente increible
U01234,228326,6.2,2025-07-18,Historia entretenida
U01234,20766,7.9,2025-11-01,Buen ritmo
U01235,772,6.7,2024-12-19,Buen ritmo
U01235,137093,7.1,2025-08-08,Buen ritmo
U01235,11306,4.8,2025-05-09,Final inesperado
U01235,595,8.4,2025-06-09,No era lo que esperaba
U01235,17403,5.2,2026-01-04,Buen ritmo
U01235,215,7.1,2025-09-05,Me gusto bastante
U01235,82507,5.4,2026-02-27,Gran actuacion
U01235,32456,6.0,2026-02-26,Me gusto bastante
U01235,2288,6.5,2025-04-23,No era lo que esperaba
U01235,10996,5.2,2025-03-25,No era lo que esperaba
U01235,4517,5.6,2025-10-09,Visualmente increible
U01235,9466,5.2,2025-01-12,Buen ritmo
U01235,192134,6.8,2026-01-06,Excelente recomendacion
U01236,10647,6.6,2024-09-12,Final inesperado
U01236,202575,6.7,2025-12-10,Excelente recomendacion
U01236,76494,7.3,2025-06-01,Gran actuacion
U01236,20322,7.5,2025-08-13,Buen ritmo
U01236,9089,6.0,2025-12-08,Excelente recomendacion
U01236,10622,7.2,2025-10-04,Buen ritmo
U01236,2370,5.3,2024-09-07,No era lo que esperaba
U01236,62835,6.4,2025-01-07,Historia entretenida
U01236,557,7.3,2025-02-14,Final inesperado
U01237,301748,3.6,2026-01-28,Gran actuacion
U01237,8849,6.5,2025-12-18,No era lo que esperaba
U01237,46415,2.0,2026-01-03,Historia entretenida
U01237,1999,7.2,2025-11-14,Gran actuacion
U01237,48231,6.1,2026-01-07,No era lo que esperaba
U01237,86304,4.3,2026-04-10,La volveria a ver
U01237,191714,6.3,2025-12-16,Visualmente increible
U01237,158015,7.0,2025-10-18,Excelente recomendacion
U01237,13496,5.4,2025-12-22,Buena para recomendar
U01237,3580,6.3,2026-01-29,Gran actuacion
U01237,44048,5.3,2026-02-10,Gran actuacion
U01237,414,5.0,2025-10-21,Buen ritmo
U01237,9573,7.0,2025-12-24,Excelente recomendacion
U01238,78149,1.7,2025-08-21,Excelente recomendacion
U01238,10385,4.0,2024-03-04,Visualmente increible
U01238,317930,6.0,2024-08-30,La volveria a ver
U01238,10315,6.9,2024-10-26,La volveria a ver
U01238,504,6.5,2026-03-20,No era lo que esperaba
U01238,238636,6.9,2026-04-04,Buen ritmo
U01238,1598,8.4,2025-03-01,Buena para recomendar
U01238,4912,6.7,2026-01-11,Historia entretenida
U01238,350,5.6,2025-05-26,Buena para recomendar
U01238,9535,5.0,2025-09-05,Buen ritmo
U01238,947,7.9,2025-08-29,No era lo que esperaba
U01238,41216,7.4,2025-07-27,Buena para recomendar
U01239,19803,4.9,2024-09-24,La volveria a ver
U01239,431,6.5,2024-05-26,Buena para recomendar
U01239,1781,7.2,2024-12-11,Me gusto bastante
U01240,209112,6.4,2024-08-24,Buen ritmo
U01240,1428,6.4,2024-08-03,Historia entretenida
U01240,10131,4.5,2026-03-14,Historia entretenida
U01240,241254,4.8,2025-01-08,Gran actuacion
U01240,136795,5.9,2024-07-01,Excelente recomendacion
U01240,12763,7.8,2024-03-10,No era lo que esperaba
U01240,12429,6.1,2026-04-05,Final inesperado
U01240,253412,7.9,2026-02-02,No era lo que esperaba
U01240,11025,5.8,2026-02-15,Me gusto bastante
U01240,10496,2.7,2025-08-07,La volveria a ver
U01240,43630,5.6,2026-03-13,Historia entretenida
U01240,4515,6.2,2024-08-27,No era lo que esperaba
U01240,14048,7.4,2025-04-14,Excelente recomendacion
U01240,12212,3.2,2025-07-19,Visualmente increible
U01240,114,5.7,2025-07-07,La volveria a ver
U01240,805,8.2,2024-03-30,Me gusto bastante
U01240,10955,7.5,2025-08-17,Visualmente increible
U01241,89540,5.4,2024-02-25,Gran actuacion
U01241,10806,6.8,2024-08-21,Me gusto bastante
U01241,70829,5.7,2023-05-18,Final inesperado
U01241,7913,6.1,2024-08-18,Excelente recomendacion
U01241,13072,4.5,2025-11-29,Excelente recomendacion
U01242,5,6.3,2025-06-19,Visualmente increible
U01242,306,6.3,2025-08-21,No era lo que esperaba
U01242,77950,7.1,2026-01-18,Visualmente increible
U01242,62837,6.2,2026-02-05,Visualmente increible
U01243,58,7.0,2025-11-07,La volveria a ver
U01243,198370,1.0,2026-04-09,La volveria a ver
U01243,262500,6.3,2023-01-15,Visualmente increible
U01243,1586,6.6,2024-11-20,Historia entretenida
U01243,503,4.0,2025-12-14,Excelente recomendacion
U01243,3989,5.8,2024-10-19,Gran actuacion
U01243,273481,7.9,2024-04-22,Buen ritmo
U01243,10586,6.8,2025-05-04,Buen ritmo
U01244,110683,2.9,2026-01-20,Final inesperado
U01244,11398,7.0,2025-07-13,Historia entretenida
U01244,39183,4.1,2026-01-26,Excelente recomendacion
U01244,767,7.4,2025-07-20,Excelente recomendacion
U01244,19615,7.9,2025-08-12,Historia entretenida
U01244,9798,6.8,2025-04-18,Historia entretenida
U01244,1372,6.5,2025-05-14,Gran actuacion
U01244,49471,7.5,2024-10-17,Visualmente increible
U01245,37003,7.1,2026-02-07,La volveria a ver
U01245,8386,5.9,2023-11-13,Visualmente increible
U01245,9833,6.5,2023-03-30,Buen ritmo
U01245,28665,6.4,2024-07-06,Buena para recomendar
U01245,158011,5.7,2023-06-23,La volveria a ver
U01245,8456,7.7,2024-12-29,La volveria a ver
U01246,2652,7.4,2025-02-21,La volveria a ver
U01246,188652,7.5,2025-12-09,Gran actuacion
U01246,13159,5.4,2025-03-06,Historia entretenida
U01246,346081,8.7,2025-05-28,Historia entretenida
U01246,14438,8.3,2026-04-02,Final inesperado
U01246,3902,6.9,2025-04-02,No era lo que esperaba
U01246,273899,3.8,2025-01-18,Historia entretenida
U01246,190847,4.7,2025-07-06,Buena para recomendar
U01246,5038,8.0,2024-10-19,Me gusto bastante
U01246,9804,5.0,2026-02-15,La volveria a ver
U01246,257,7.6,2026-01-24,Buen ritmo
U01247,38007,4.4,2024-12-29,La volveria a ver
U01247,8840,6.0,2025-12-29,Final inesperado
U01247,9502,7.5,2025-11-25,Visualmente increible
U01247,86829,8.4,2025-06-27,Historia entretenida
U01247,98557,3.6,2025-05-27,Final inesperado
U01247,29595,5.7,2025-05-24,Buena para recomendar
U01247,13475,7.1,2025-10-15,Final inesperado
U01247,10585,5.4,2026-02-11,Buena para recomendar
U01247,137,7.5,2026-02-15,Buen ritmo
U01247,9096,4.5,2025-06-18,Buen ritmo
U01247,38579,4.9,2025-09-27,Excelente recomendacion
U01247,257087,3.9,2025-05-02,Excelente recomendacion
U01247,9573,6.6,2025-07-21,Gran actuacion
U01248,1429,8.1,2024-03-02,Excelente recomendacion
U01248,12437,5.0,2024-11-21,No era lo que esperaba
U01248,360339,4.7,2024-06-30,No era lo que esperaba
U01248,1123,7.0,2025-09-19,Historia entretenida
U01248,18869,4.3,2025-07-21,Visualmente increible
U01248,905,8.5,2024-03-28,Visualmente increible
U01248,49051,7.7,2024-12-16,Final inesperado
U01248,11971,7.6,2024-02-24,Me gusto bastante
U01248,2054,6.4,2024-10-25,La volveria a ver
U01248,252,7.3,2025-03-28,Me gusto bastante
U01248,188652,6.8,2024-12-29,Buen ritmo
U01248,31203,5.4,2025-02-26,Buen ritmo
U01249,26039,6.6,2022-11-09,Historia entretenida
U01249,1435,7.9,2022-11-22,Excelente recomendacion
U01249,103328,7.7,2025-10-13,Final inesperado
U01249,9335,4.9,2024-12-25,Final inesperado
U01249,20694,4.6,2024-07-27,La volveria a ver
U01249,15013,7.1,2025-05-27,Historia entretenida
U01249,16608,7.4,2025-06-18,Excelente recomendacion
U01249,22825,5.6,2023-08-18,Me gusto bastante
U01249,4244,6.5,2023-10-04,Buena para recomendar
U01249,254470,7.9,2023-01-15,Me gusto bastante
U01249,11983,4.5,2024-07-10,Visualmente increible
U01250,9802,6.0,2024-10-20,Buena para recomendar
U01250,130150,5.8,2023-03-30,Historia entretenida
U01250,76494,4.5,2024-11-08,Historia entretenida
U01250,417859,7.9,2025-10-22,Buen ritmo
U01250,11817,4.3,2025-09-28,Excelente recomendacion
U01250,11363,6.6,2025-03-15,Historia entretenida
U01251,2062,8.7,2026-02-02,Visualmente increible
U01251,193,6.8,2025-12-28,Me gusto bastante
U01251,16232,4.2,2026-01-21,Historia entretenida
U01251,292539,8.6,2026-02-14,Me gusto bastante
U01251,10585,5.5,2026-02-06,Final inesperado
U01251,27551,5.9,2026-03-15,Buena para recomendar
U01251,5689,6.5,2026-03-30,Buena para recomendar
U01251,58233,7.1,2026-01-19,Final inesperado
U01251,9686,5.9,2026-02-07,Final inesperado
U01251,5491,3.8,2026-01-08,La volveria a ver
U01251,809,5.7,2026-03-20,Historia entretenida
U01251,55831,5.8,2026-02-13,Visualmente increible
U01252,7873,7.7,2026-01-22,No era lo que esperaba
U01252,609,7.8,2023-10-14,Excelente recomendacion
U01252,15927,6.1,2025-05-27,Me gusto bastante
U01252,9916,5.7,2024-11-05,Final inesperado
U01252,11066,5.1,2025-05-11,Visualmente increible
U01252,744,6.5,2025-02-07,La volveria a ver
U01252,14202,8.5,2025-10-16,Gran actuacion
U01252,332411,3.0,2023-11-03,Final inesperado
U01253,78814,6.1,2024-03-25,Gran actuacion
U01253,8328,5.8,2024-07-09,La volveria a ver
U01253,21355,6.2,2026-02-22,Visualmente increible
U01253,206647,7.2,2023-03-09,Gran actuacion
U01253,12088,6.5,2024-04-28,No era lo que esperaba
U01253,41248,6.6,2024-06-29,Gran actuacion
U01253,219,6.3,2023-02-24,Buena para recomendar
U01253,11959,6.8,2024-06-23,Buena para recomendar
U01254,11697,6.1,2024-09-25,Gran actuacion
U01254,123678,6.9,2024-06-10,Gran actuacion
U01254,46261,6.2,2025-11-21,Gran actuacion
U01254,22881,5.7,2025-01-14,La volveria a ver
U01254,12096,6.2,2023-12-31,Buena para recomendar
U01254,331,5.8,2023-05-01,Me gusto bastante
U01254,48463,6.0,2024-07-07,Historia entretenida
U01254,11199,5.6,2025-08-15,Buen ritmo
U01254,29339,6.2,2025-06-06,Buen ritmo
U01254,42297,7.0,2026-03-16,Excelente recomendacion
U01254,185465,4.5,2025-08-17,La volveria a ver
U01254,325123,3.2,2022-11-29,Visualmente increible
U01255,52067,6.9,2025-01-16,Historia entretenida
U01255,248,7.9,2023-10-17,Excelente recomendacion
U01255,41513,4.4,2024-08-01,Visualmente increible
U01255,181330,5.9,2025-01-12,Excelente recomendacion
U01255,126186,4.4,2025-02-11,Historia entretenida
U01255,111190,7.6,2024-12-15,La volveria a ver
U01255,107985,6.4,2025-06-16,Buen ritmo
U01255,297596,4.0,2024-06-23,Excelente recomendacion
U01255,76170,5.5,2024-07-06,Buena para recomendar
U01255,5723,6.2,2025-10-19,Historia entretenida
U01255,5172,5.1,2024-08-22,No era lo que esperaba
U01255,18632,4.6,2025-04-14,Buena para recomendar
U01256,309919,5.7,2026-03-28,Buena para recomendar
U01256,66942,5.0,2026-03-06,Gran actuacion
U01256,43306,7.0,2026-01-03,Final inesperado
U01256,562,8.8,2026-01-31,Excelente recomendacion
U01256,524,6.7,2025-12-25,No era lo que esperaba
U01256,138843,6.7,2025-11-03,Historia entretenida
U01256,10643,6.8,2026-03-09,Excelente recomendacion
U01256,17043,5.9,2026-03-09,Buena para recomendar
U01256,347755,8.4,2026-02-11,Final inesperado
U01256,196867,7.3,2026-01-17,No era lo que esperaba
U01256,81390,7.6,2026-02-21,Final inesperado
U01256,1771,5.7,2026-01-30,La volveria a ver
U01256,125537,8.0,2025-10-24,Me gusto bastante
U01256,9013,5.9,2026-02-28,Buen ritmo
U01257,12437,5.7,2023-09-20,No era lo que esperaba
U01257,2162,3.9,2024-04-21,Buen ritmo
U01257,10366,4.9,2022-12-08,Historia entretenida
U01257,12123,5.5,2023-09-29,La volveria a ver
U01257,23655,4.9,2024-02-15,Final inesperado
U01257,10625,7.7,2024-06-04,Final inesperado
U01257,61337,5.0,2022-10-18,Buen ritmo
U01257,291,7.0,2024-03-15,Me gusto bastante
U01257,629,7.4,2023-06-25,La volveria a ver
U01258,39781,6.0,2026-03-31,Buen ritmo
U01258,13075,5.0,2026-04-03,Me gusto bastante
U01258,1272,8.1,2026-03-31,No era lo que esperaba
U01258,10569,6.1,2026-04-05,La volveria a ver
U01258,173224,8.3,2026-04-08,No era lo que esperaba
U01258,834,5.3,2026-04-08,Me gusto bastante
U01258,1656,5.6,2026-04-08,Buen ritmo
U01258,3580,8.0,2026-04-03,Gran actuacion
U01258,61012,5.9,2026-04-04,Final inesperado
U01258,134,8.6,2026-04-04,La volveria a ver
U01258,205321,4.3,2026-04-03,Gran actuacion
U01258,752,7.6,2026-04-07,Gran actuacion
U01258,22954,7.5,2026-04-09,Buena para recomendar
U01259,10684,5.1,2024-08-04,Me gusto bastante
U01259,4517,6.3,2023-10-05,Historia entretenida
U01259,71859,7.8,2025-07-12,Visualmente increible
U01259,325133,5.9,2025-01-05,Visualmente increible
U01259,9801,6.7,2024-02-01,Me gusto bastante
U01259,48309,7.8,2024-07-02,Me gusto bastante
U01259,10743,6.8,2024-08-12,Gran actuacion
U01260,43610,6.9,2024-10-03,Gran actuacion
U01260,16642,8.3,2023-10-17,Visualmente increible
U01260,2135,6.5,2025-01-02,Excelente recomendacion
U01260,17994,4.5,2024-06-19,Me gusto bastante
U01260,1591,7.9,2023-06-01,La volveria a ver
U01260,881,7.6,2024-03-21,Me gusto bastante
U01260,291270,7.0,2024-02-04,Buena para recomendar
U01260,10833,6.3,2023-10-20,Visualmente increible
U01260,11096,7.2,2024-04-13,Final inesperado
U01260,9675,6.5,2026-02-14,Me gusto bastante
U01261,1495,6.2,2026-03-17,Historia entretenida
U01261,323676,5.7,2026-03-30,No era lo que esperaba
U01261,291081,6.8,2026-01-31,No era lo que esperaba
U01261,1382,7.6,2026-04-04,La volveria a ver
U01261,239573,5.0,2026-01-06,Buen ritmo
U01261,10339,6.7,2026-01-12,Buen ritmo
U01261,10048,5.1,2026-03-30,No era lo que esperaba
U01261,181533,6.8,2026-02-25,Me gusto bastante
U01261,62764,4.1,2026-01-27,Final inesperado
U01261,9566,5.5,2026-03-04,Buena para recomendar
U01261,106,8.2,2025-12-19,Visualmente increible
U01262,3082,9.3,2024-08-19,Buen ritmo
U01262,10283,3.6,2023-10-08,Visualmente increible
U01262,9906,6.5,2022-12-14,Buen ritmo
U01262,50357,4.6,2023-10-19,No era lo que esperaba
U01262,21461,8.6,2023-09-23,Buen ritmo
U01262,1576,5.2,2025-09-06,No era lo que esperaba
U01263,1547,7.5,2025-10-08,No era lo que esperaba
U01263,8095,7.0,2025-07-15,Gran actuacion
U01263,16340,6.2,2024-12-13,Buena para recomendar
U01263,7978,6.9,2025-08-04,No era lo que esperaba
U01263,20662,5.2,2025-11-20,Final inesperado
U01263,8967,6.3,2025-02-13,Visualmente increible
U01263,5072,5.9,2025-07-07,Historia entretenida
U01263,492,7.0,2025-06-11,Visualmente increible
U01264,325373,7.3,2022-07-19,Final inesperado
U01264,20178,6.6,2022-08-19,Buena para recomendar
U01264,23963,8.0,2023-07-18,Buena para recomendar
U01264,8204,4.9,2025-04-19,Me gusto bastante
U01264,3083,9.0,2024-01-10,Buen ritmo
U01264,14054,7.3,2022-11-07,Final inesperado
U01264,23169,7.5,2023-06-21,Historia entretenida
U01265,27322,9.4,2025-10-08,Visualmente increible
U01265,1931,4.6,2024-03-27,La volveria a ver
U01265,31306,7.4,2023-05-13,Final inesperado
U01265,18,8.7,2024-06-07,Gran actuacion
U01265,60309,6.3,2023-09-28,Visualmente increible
U01265,25312,5.6,2025-07-17,Historia entretenida
U01265,244534,5.3,2026-01-05,La volveria a ver
U01265,22787,6.0,2023-06-30,Excelente recomendacion
U01265,138976,3.3,2023-04-01,Me gusto bastante
U01265,1690,5.3,2025-03-26,Me gusto bastante
U01265,172533,7.3,2026-01-12,Final inesperado
U01265,57825,6.9,2024-06-12,Me gusto bastante
U01265,33217,7.0,2023-07-02,Visualmente increible
U01265,10972,7.0,2025-08-11,La volveria a ver
U01266,89,7.7,2025-06-10,No era lo que esperaba
U01266,254473,5.8,2024-11-12,La volveria a ver
U01267,100042,6.7,2024-01-20,Gran actuacion
U01267,10065,6.5,2025-03-25,Buen ritmo
U01267,9916,7.3,2025-10-10,La volveria a ver
U01267,50646,7.7,2025-09-03,Excelente recomendacion
U01267,10947,6.4,2025-10-02,Historia entretenida
U01267,3172,6.0,2024-04-14,Visualmente increible
U01267,14729,6.3,2025-01-08,Final inesperado
U01267,27191,6.7,2024-02-25,Historia entretenida
U01268,65754,6.0,2026-04-06,Buen ritmo
U01268,58574,7.6,2025-09-18,Buena para recomendar
U01268,11024,6.8,2025-11-05,Buen ritmo
U01268,132363,8.6,2025-09-11,Excelente recomendacion
U01268,421,6.8,2025-11-29,La volveria a ver
U01268,10034,5.5,2026-02-07,No era lo que esperaba
U01268,9907,5.8,2025-09-15,No era lo que esperaba
U01268,11442,5.2,2025-10-06,Excelente recomendacion
U01268,171759,5.3,2026-01-25,Final inesperado
U01268,157353,6.9,2025-11-30,Buena para recomendar
U01268,9573,6.2,2025-11-11,No era lo que esperaba
U01269,10315,7.3,2024-06-02,Final inesperado
U01269,11395,7.6,2026-02-19,Buen ritmo
U01269,10183,5.7,2026-02-07,No era lo que esperaba
U01269,103370,5.7,2025-10-31,Buen ritmo
U01269,25113,5.9,2025-07-31,Me gusto bastante
U01269,65086,6.6,2025-09-07,No era lo que esperaba
U01269,157909,5.0,2024-11-05,Gran actuacion
U01270,2293,8.0,2025-02-21,Buena para recomendar
U01270,14033,3.8,2025-02-20,Buen ritmo
U01270,6071,5.0,2024-09-19,Buen ritmo
U01270,69848,9.7,2024-07-27,Buena para recomendar
U01270,348,8.8,2024-09-01,Buena para recomendar
U01270,8373,5.1,2024-06-01,Visualmente increible
U01270,49013,7.3,2026-01-20,Gran actuacion
U01270,12837,7.4,2025-01-16,Final inesperado
U01270,17795,6.7,2024-09-28,Excelente recomendacion
U01271,76487,4.1,2026-02-23,Buen ritmo
U01271,10395,4.6,2025-07-31,La volveria a ver
U01271,49526,7.6,2025-05-15,No era lo que esperaba
U01271,10563,4.1,2025-11-26,Historia entretenida
U01271,39691,5.3,2025-10-20,La volveria a ver
U01271,14869,6.5,2025-12-29,Buen ritmo
U01271,4523,7.8,2025-03-23,Visualmente increible
U01271,9947,4.8,2024-12-26,Me gusto bastante
U01271,4551,5.2,2025-02-11,Final inesperado
U01271,284296,5.2,2025-02-28,Visualmente increible
U01271,12142,4.1,2025-03-03,Historia entretenida
U01271,10077,6.1,2026-04-03,Gran actuacion
U01271,12770,4.8,2025-11-21,Excelente recomendacion
U01272,8386,6.2,2025-11-21,No era lo que esperaba
U01272,1213,7.9,2026-01-11,Me gusto bastante
U01272,2148,5.4,2026-03-17,Final inesperado
U01272,9290,4.7,2026-01-31,Historia entretenida
U01272,13223,8.9,2026-02-12,No era lo que esperaba
U01272,676,5.8,2025-11-10,Historia entretenida
U01272,7341,3.6,2026-02-16,Final inesperado
U01272,1024,7.3,2026-04-06,Buen ritmo
U01272,11400,7.1,2026-03-22,La volveria a ver
U01272,273895,7.3,2026-01-03,Gran actuacion
U01273,11152,4.8,2025-10-17,Gran actuacion
U01273,157547,7.0,2026-01-05,Historia entretenida
U01273,16620,7.0,2026-01-01,La volveria a ver
U01273,27581,5.5,2026-01-18,Excelente recomendacion
U01273,9208,5.0,2025-10-23,No era lo que esperaba
U01273,56292,5.8,2025-10-19,Historia entretenida
U01273,40794,6.2,2025-09-22,Historia entretenida
U01274,13408,3.9,2026-04-03,La volveria a ver
U01274,22804,6.0,2025-10-17,No era lo que esperaba
U01274,184098,6.4,2025-12-13,Gran actuacion
U01274,10138,5.9,2026-03-04,Me gusto bastante
U01274,43653,4.9,2025-10-28,Gran actuacion
U01274,15173,5.5,2025-11-05,Buen ritmo
U01274,321741,5.7,2026-03-05,Gran actuacion
U01274,9626,3.6,2026-02-27,Me gusto bastante
U01274,905,8.6,2026-01-10,Final inesperado
U01274,11495,5.8,2025-10-15,Buena para recomendar
U01274,11199,4.6,2025-10-21,Excelente recomendacion
U01274,2642,4.4,2026-02-09,Visualmente increible
U01275,281730,4.2,2026-04-10,Buen ritmo
U01275,86829,6.3,2026-04-07,No era lo que esperaba
U01275,24913,5.3,2026-04-07,Gran actuacion
U01275,401,7.3,2026-04-07,Excelente recomendacion
U01275,14177,4.4,2026-04-09,Buena para recomendar
U01275,694,6.9,2026-04-10,Final inesperado
U01275,9509,5.8,2026-04-10,Excelente recomendacion
U01276,193613,6.3,2026-03-21,Excelente recomendacion
U01276,52067,7.0,2025-07-08,Excelente recomendacion
U01276,87,8.4,2025-10-12,Buen ritmo
U01276,28353,6.8,2026-02-25,Excelente recomendacion
U01276,9303,6.6,2026-03-22,La volveria a ver
U01276,35219,6.5,2025-04-06,Excelente recomendacion
U01276,335,7.4,2025-12-22,Gran actuacion
U01276,10312,7.3,2025-05-30,Visualmente increible
U01277,58626,4.1,2024-05-15,Buena para recomendar
U01277,44865,5.0,2025-02-20,La volveria a ver
U01277,38780,5.3,2023-12-05,Visualmente increible
U01277,24021,5.9,2025-02-07,La volveria a ver
U01277,40001,4.5,2025-05-08,Buen ritmo
U01277,14278,5.5,2024-03-15,Final inesperado
U01277,22538,5.8,2023-11-04,Excelente recomendacion
U01277,309809,7.7,2025-03-04,Historia entretenida
U01277,137347,7.6,2023-12-08,Historia entretenida
U01277,2100,6.1,2023-08-16,Final inesperado
U01277,12610,7.1,2024-12-21,Excelente recomendacion
U01277,7516,7.2,2024-12-04,Visualmente increible
U01278,94329,7.2,2024-03-17,Historia entretenida
U01278,19959,5.6,2024-06-15,No era lo que esperaba
U01278,205,7.6,2025-08-21,Historia entretenida
U01278,46738,7.9,2024-11-12,Final inesperado
U01278,2501,6.1,2025-07-17,Gran actuacion
U01278,84892,7.1,2024-04-22,Buen ritmo
U01278,4147,8.4,2025-10-08,Me gusto bastante
U01278,9427,6.8,2025-12-11,Historia entretenida
U01278,12088,7.1,2025-03-19,Gran actuacion
U01278,1667,6.4,2024-11-11,Me gusto bastante
U01278,70829,4.9,2024-03-04,Historia entretenida
U01278,1091,7.8,2025-12-24,No era lo que esperaba
U01279,26518,7.1,2026-03-04,Historia entretenida
U01279,346081,8.1,2026-01-05,La volveria a ver
U01279,13991,4.3,2026-02-15,Final inesperado
U01279,56666,6.9,2026-02-28,Gran actuacion
U01279,64690,6.4,2025-06-25,Final inesperado
U01280,201132,6.2,2026-02-03,Final inesperado
U01280,72559,4.6,2025-06-05,Excelente recomendacion
U01280,270946,5.6,2025-12-20,Buen ritmo
U01280,9776,6.4,2025-06-26,No era lo que esperaba
U01280,9879,5.5,2024-10-30,Visualmente increible
U01280,161,8.4,2025-10-07,Buena para recomendar
U01280,4174,7.7,2026-01-02,Buen ritmo
U01280,14392,4.9,2024-12-03,Buen ritmo
U01281,76640,7.1,2024-11-01,Historia entretenida
U01281,319,9.0,2024-03-10,Visualmente increible
U01281,68734,7.6,2024-08-06,Gran actuacion
U01281,11128,6.4,2025-10-22,Gran actuacion
U01281,9944,6.8,2026-01-16,Visualmente increible
U01281,510,8.4,2025-03-07,Excelente recomendacion
U01281,24940,3.9,2024-06-14,Gran actuacion
U01282,25793,7.8,2025-01-01,Historia entretenida
U01282,10724,4.7,2024-09-05,Visualmente increible
U01282,3638,6.2,2025-05-31,Historia entretenida
U01282,9016,7.7,2024-08-10,Buen ritmo
U01282,6478,6.1,2025-05-28,Gran actuacion
U01282,4379,5.0,2024-09-08,Historia entretenida
U01283,33644,6.9,2024-03-30,Buena para recomendar
U01283,15059,5.6,2026-03-09,Gran actuacion
U01283,22908,8.5,2024-01-04,Gran actuacion
U01283,96724,6.8,2025-03-16,Final inesperado
U01283,16869,7.2,2023-11-08,Historia entretenida
U01283,278,8.3,2025-07-30,Historia entretenida
U01283,2567,7.6,2025-02-18,Visualmente increible
U01283,8435,5.4,2023-11-13,Excelente recomendacion
U01283,18533,8.1,2024-04-09,Final inesperado
U01283,820,6.6,2023-12-29,Historia entretenida
U01284,198184,5.9,2025-03-09,Buen ritmo
U01284,19489,6.1,2025-12-15,Me gusto bastante
U01285,14120,5.6,2025-03-01,Visualmente increible
U01285,23631,5.6,2025-05-29,Visualmente increible
U01285,17908,7.3,2025-08-10,No era lo que esperaba
U01285,89857,6.7,2025-10-30,Final inesperado
U01285,2048,6.4,2025-07-04,La volveria a ver
U01285,84355,6.4,2025-06-12,Visualmente increible
U01285,1389,7.0,2023-12-23,La volveria a ver
U01285,52520,5.8,2026-01-17,La volveria a ver
U01285,14165,4.8,2024-07-21,Visualmente increible
U01285,136797,4.6,2026-03-05,Gran actuacion
U01285,12412,7.5,2023-08-08,Visualmente increible
U01285,294254,6.2,2025-11-28,Buen ritmo
U01286,9679,6.4,2024-03-16,Visualmente increible
U01286,37233,7.2,2025-12-27,Visualmente increible
U01286,192136,5.1,2026-03-30,Final inesperado
U01286,75612,7.3,2024-08-14,No era lo que esperaba
U01286,411,5.7,2025-12-11,No era lo que esperaba
U01286,38665,3.0,2025-11-26,Historia entretenida
U01286,280391,6.7,2024-02-04,Excelente recomendacion
U01286,9281,6.2,2023-02-23,Buena para recomendar
U01287,38153,3.7,2025-03-28,Gran actuacion
U01287,30379,3.9,2025-01-30,Gran actuacion
U01287,7980,5.5,2026-03-26,Excelente recomendacion
U01287,284536,6.4,2025-10-14,Excelente recomendacion
U01287,15059,6.2,2025-07-21,No era lo que esperaba
U01287,84174,5.5,2025-10-03,Buen ritmo
U01287,38073,5.7,2025-04-15,Buena para recomendar
U01287,350,7.6,2025-03-13,Me gusto bastante
U01287,9903,4.9,2026-03-05,Excelente recomendacion
U01287,94072,4.5,2025-06-19,No era lo que esperaba
U01287,10219,5.6,2026-03-02,Buen ritmo
U01287,5172,5.4,2026-02-10,Historia entretenida
U01288,8195,7.9,2025-03-27,Me gusto bastante
U01288,58048,2.5,2026-02-03,Buen ritmo
U01288,147441,7.0,2026-02-09,Buena para recomendar
U01289,6977,7.0,2026-01-19,Me gusto bastante
U01289,11257,8.0,2026-02-10,Buen ritmo
U01289,9918,6.2,2026-01-29,Buen ritmo
U01289,1378,5.9,2026-02-27,Final inesperado
U01289,9879,5.4,2026-01-04,No era lo que esperaba
U01289,78373,10.0,2025-10-29,La volveria a ver
U01289,28902,6.2,2026-01-23,Historia entretenida
U01289,20520,8.4,2026-04-08,Excelente recomendacion
U01289,4512,7.0,2026-03-06,Buen ritmo
U01289,8416,7.8,2025-11-09,Gran actuacion
U01289,23483,6.2,2026-02-26,La volveria a ver
U01289,4517,7.3,2026-04-10,Buen ritmo
U01289,17182,6.0,2025-12-25,Buena para recomendar
U01289,4836,7.2,2026-04-08,Excelente recomendacion
U01290,544,6.8,2024-10-17,Historia entretenida
U01290,4806,7.1,2025-09-02,Gran actuacion
U01290,60304,5.4,2025-12-17,La volveria a ver
U01290,35199,6.4,2024-06-30,Buen ritmo
U01290,133805,5.8,2024-05-11,No era lo que esperaba
U01290,76025,6.5,2024-06-22,Final inesperado
U01290,22538,7.9,2024-04-22,No era lo que esperaba
U01290,8814,4.1,2025-05-22,Buen ritmo
U01290,7913,8.2,2026-04-09,Visualmente increible
U01290,30315,5.6,2025-02-13,Visualmente increible
U01290,133575,5.5,2025-12-30,Buen ritmo
U01291,11478,4.5,2023-07-27,Historia entretenida
U01291,175528,6.4,2023-07-15,Visualmente increible
U01291,378237,1.0,2024-12-15,Buen ritmo
U01291,14324,4.7,2025-06-21,Me gusto bastante
U01291,8054,5.9,2025-04-23,Me gusto bastante
U01291,236751,6.3,2024-05-19,Historia entretenida
U01291,44826,6.3,2024-04-15,Visualmente increible
U01291,1771,7.9,2023-06-01,Excelente recomendacion
U01291,805,6.0,2023-04-12,Me gusto bastante
U01291,12158,5.9,2024-09-11,Buen ritmo
U01291,21309,6.2,2025-12-02,Visualmente increible
U01292,10642,3.9,2024-10-05,Gran actuacion
U01292,13805,2.7,2025-06-14,Historia entretenida
U01292,14325,7.1,2024-11-18,No era lo que esperaba
U01292,10220,5.8,2025-09-26,Me gusto bastante
U01292,14014,6.8,2025-10-29,Final inesperado
U01292,10185,4.6,2023-12-26,Buena para recomendar
U01292,1624,7.4,2026-03-28,Me gusto bastante
U01292,291270,6.6,2024-05-19,Historia entretenida
U01292,3594,7.0,2024-12-25,La volveria a ver
U01292,7446,5.8,2024-07-20,Visualmente increible
U01293,116149,8.4,2026-03-01,Buen ritmo
U01293,256591,5.9,2024-12-22,Me gusto bastante
U01293,9555,7.4,2025-09-16,Me gusto bastante
U01293,39513,6.2,2024-05-04,Buen ritmo
U01293,29996,5.0,2025-08-04,Historia entretenida
U01293,13007,8.6,2025-05-02,Historia entretenida
U01293,557,5.5,2026-02-18,No era lo que esperaba
U01293,26389,6.4,2025-06-25,Me gusto bastante
U01293,72197,5.7,2024-08-19,La volveria a ver
U01293,291,6.1,2025-04-27,Gran actuacion
U01293,47964,4.1,2025-10-27,Final inesperado
U01293,14165,6.9,2025-08-12,La volveria a ver
U01293,694,9.4,2025-04-14,Historia entretenida
U01293,194662,8.0,2025-02-12,Buena para recomendar
U01293,10312,6.3,2024-03-08,La volveria a ver
U01294,356483,3.2,2025-10-07,Excelente recomendacion
U01294,76163,7.1,2026-03-07,Final inesperado
U01294,260947,5.0,2025-12-09,Excelente recomendacion
U01294,11442,3.4,2025-12-28,Me gusto bastante
U01294,1424,5.4,2025-08-24,Final inesperado
U01294,351819,5.4,2026-03-11,La volveria a ver
U01294,32579,5.5,2025-09-06,Excelente recomendacion
U01294,4474,4.1,2026-03-01,La volveria a ver
U01294,11820,7.3,2026-01-15,Historia entretenida
U01294,256040,6.6,2026-02-24,Final inesperado
U01294,2288,5.5,2025-09-17,Buen ritmo
U01294,10368,6.0,2025-10-19,Buen ritmo
U01294,37694,5.4,2025-09-13,No era lo que esperaba
U01295,72766,5.4,2026-02-28,Gran actuacion
U01295,8355,6.0,2023-12-23,Gran actuacion
U01295,41830,7.2,2024-04-19,No era lo que esperaba
U01295,13156,6.9,2025-06-07,Visualmente increible
U01295,11109,7.0,2025-01-05,Historia entretenida
U01295,41513,6.7,2025-06-28,Final inesperado
U01295,8435,6.2,2025-10-15,Gran actuacion
U01295,11873,8.2,2025-11-10,La volveria a ver
U01295,345911,5.3,2025-01-25,Visualmente increible
U01295,40652,6.4,2024-09-07,La volveria a ver
U01295,4970,7.0,2024-03-03,La volveria a ver
U01295,10191,7.2,2024-01-29,Final inesperado
U01295,2977,8.2,2024-10-04,Visualmente increible
U01296,10549,7.7,2025-11-27,La volveria a ver
U01296,39513,5.1,2024-06-02,Buen ritmo
U01296,49787,4.1,2024-10-31,Gran actuacion
U01296,68724,7.3,2025-06-28,La volveria a ver
U01296,31640,4.4,2024-10-25,Me gusto bastante
U01296,6415,6.9,2023-01-14,No era lo que esperaba
U01296,10288,5.5,2023-09-08,Final inesperado
U01296,13994,5.3,2025-12-22,Buen ritmo
U01296,10425,5.7,2025-11-10,Visualmente increible
U01296,10535,4.4,2025-06-06,Me gusto bastante
U01296,72086,8.6,2025-12-13,Gran actuacion
U01296,3580,8.4,2025-10-31,Buena para recomendar
U01296,48034,6.9,2023-06-19,Historia entretenida
U01296,12120,6.7,2025-09-20,No era lo que esperaba
U01297,12192,5.7,2023-12-26,Historia entretenida
U01297,22908,6.8,2023-05-25,La volveria a ver
U01297,12658,5.8,2024-12-19,Historia entretenida
U01297,14358,8.1,2024-12-28,Historia entretenida
U01298,44634,5.6,2026-03-25,Gran actuacion
U01298,179144,8.0,2026-03-21,Final inesperado
U01298,4476,8.2,2026-03-29,Excelente recomendacion
U01298,4248,6.3,2026-03-25,Buena para recomendar
U01298,36643,5.0,2026-04-05,Historia entretenida
U01298,9729,5.5,2026-03-08,Me gusto bastante
U01298,145220,6.7,2026-03-25,Buen ritmo
U01298,9992,7.1,2026-03-12,Buena para recomendar
U01298,849,7.0,2026-03-31,Historia entretenida
U01298,10994,7.5,2026-03-16,Me gusto bastante
U01299,2359,8.0,2026-03-18,Gran actuacion
U01299,67913,5.6,2026-02-18,Historia entretenida
U01299,85350,8.4,2026-03-05,Gran actuacion
U01299,10215,7.5,2026-02-08,Buen ritmo
U01299,9032,6.6,2026-04-05,La volveria a ver
U01299,401,7.3,2026-02-04,La volveria a ver
U01299,42297,6.4,2026-02-05,No era lo que esperaba
U01299,136795,5.3,2026-02-25,La volveria a ver
U01299,598,7.3,2026-03-23,Visualmente increible
U01300,13053,6.2,2024-06-18,Me gusto bastante
U01300,1934,7.3,2024-06-24,Historia entretenida
U01300,15037,6.9,2026-01-05,Buen ritmo
U01300,10642,5.8,2025-10-16,Excelente recomendacion
U01300,302699,7.5,2024-09-08,La volveria a ver
U01300,11836,6.1,2025-11-28,Buena para recomendar
U01300,294272,5.3,2026-03-30,Buen ritmo
U01301,2779,5.9,2022-06-17,Final inesperado
U01301,18320,8.5,2025-09-15,Gran actuacion
U01301,9533,6.6,2025-11-24,Excelente recomendacion
U01301,19615,8.4,2024-06-09,Me gusto bastante
U01301,136400,5.6,2025-01-10,Me gusto bastante
U01301,43434,7.1,2025-04-04,La volveria a ver
U01301,9281,6.2,2025-03-22,Final inesperado
U01301,11,7.0,2024-09-16,No era lo que esperaba
U01302,8966,5.2,2025-10-21,Me gusto bastante
U01302,6537,6.4,2025-09-27,La volveria a ver
U01302,44594,6.3,2026-02-12,Buena para recomendar
U01302,109410,7.9,2025-06-09,La volveria a ver
U01302,14869,4.3,2025-12-23,Excelente recomendacion
U01302,9607,4.1,2025-07-29,Visualmente increible
U01302,12901,7.5,2026-03-01,Historia entretenida
U01302,24803,6.9,2025-12-03,Historia entretenida
U01302,14736,7.8,2025-12-15,No era lo que esperaba
U01302,28165,5.2,2025-12-10,Me gusto bastante
U01303,8009,7.9,2025-02-21,Gran actuacion
U01303,107985,5.3,2026-01-04,Final inesperado
U01303,87825,5.8,2024-11-04,Historia entretenida
U01303,9918,7.0,2025-12-04,La volveria a ver
U01303,302699,6.8,2024-12-17,Final inesperado
U01303,1123,6.1,2025-02-25,Visualmente increible
U01303,597,7.0,2025-06-20,Visualmente increible
U01303,654,6.7,2025-05-04,Buena para recomendar
U01303,13994,4.6,2025-01-17,Historia entretenida
U01303,193722,6.6,2025-01-24,Excelente recomendacion
U01303,129139,4.6,2024-11-11,Excelente recomendacion
U01303,540,4.9,2025-11-22,La volveria a ver
U01303,296,6.5,2025-02-20,Visualmente increible
U01303,25212,4.7,2025-10-06,Buena para recomendar
U01303,6116,4.0,2025-04-16,Buena para recomendar
U01304,24113,2.7,2025-06-12,Final inesperado
U01304,109431,5.6,2026-02-06,Historia entretenida
U01304,1904,7.3,2024-08-18,Me gusto bastante
U01305,2771,5.8,2026-02-04,Historia entretenida
U01305,10008,6.4,2026-04-03,Gran actuacion
U01305,32740,5.5,2026-03-03,Visualmente increible
U01305,821,8.3,2026-04-04,No era lo que esperaba
U01305,4108,6.1,2026-02-09,No era lo que esperaba
U01305,10981,5.6,2026-03-08,Historia entretenida
U01305,115210,5.8,2026-02-17,Gran actuacion
U01305,80278,7.9,2026-03-15,Me gusto bastante
U01305,417859,5.6,2026-03-15,La volveria a ver
U01305,111,7.4,2026-04-03,Visualmente increible
U01305,29262,7.2,2026-02-15,No era lo que esperaba
U01305,9087,7.5,2026-03-23,Buena para recomendar
U01305,14325,7.1,2026-02-16,Historia entretenida
U01305,16564,6.7,2026-02-22,Buen ritmo
U01305,64559,7.0,2026-03-28,Excelente recomendacion
U01305,10748,6.0,2026-02-24,Me gusto bastante
U01306,9762,7.2,2026-03-24,Me gusto bastante
U01306,1251,6.9,2026-04-05,Me gusto bastante
U01306,111,9.5,2026-03-21,No era lo que esperaba
U01306,62835,7.4,2026-03-30,Historia entretenida
U01306,340611,5.7,2026-03-20,Visualmente increible
U01306,16899,5.1,2026-03-28,Me gusto bastante
U01306,87101,6.3,2026-03-26,Me gusto bastante
U01307,273248,6.6,2026-04-04,La volveria a ver
U01307,131634,7.5,2026-01-03,Gran actuacion
U01307,67660,7.5,2026-01-12,Final inesperado
U01307,18480,6.7,2026-03-15,Me gusto bastante
U01307,767,7.0,2026-01-27,Excelente recomendacion
U01307,323967,4.7,2026-01-15,Gran actuacion
U01307,58595,4.6,2026-02-22,Gran actuacion
U01307,80585,4.5,2026-02-03,Historia entretenida
U01307,435,5.4,2026-02-15,Historia entretenida
U01307,50942,4.9,2026-02-18,Buena para recomendar
U01307,13596,4.9,2026-03-23,La volveria a ver
U01307,7518,7.3,2026-03-31,Buen ritmo
U01308,17995,6.9,2025-10-01,Historia entretenida
U01308,97367,7.7,2025-01-25,La volveria a ver
U01308,20322,7.3,2025-02-11,Final inesperado
U01308,101299,6.2,2024-07-21,Visualmente increible
U01308,14435,6.8,2024-04-22,La volveria a ver
U01308,4032,7.3,2023-07-04,Buena para recomendar
U01308,4960,7.1,2024-03-21,Buen ritmo
U01308,5759,5.8,2026-02-13,Me gusto bastante
U01308,8942,7.6,2024-08-21,Historia entretenida
U01308,668,5.1,2025-02-12,Visualmente increible
U01308,10195,5.1,2023-11-28,Historia entretenida
U01308,242512,4.9,2025-09-02,Historia entretenida
U01309,5915,9.2,2025-09-14,Buena para recomendar
U01309,9829,5.6,2025-10-23,Historia entretenida
U01309,207769,4.4,2022-10-01,Final inesperado
U01309,913,6.9,2024-02-12,Buena para recomendar
U01309,29015,6.9,2025-05-22,Buen ritmo
U01309,17709,3.7,2022-11-17,Visualmente increible
U01309,159770,4.9,2022-10-26,Final inesperado
U01309,7484,5.2,2024-06-03,Gran actuacion
U01309,17795,7.1,2023-10-01,Me gusto bastante
U01309,627,6.8,2025-10-10,Buena para recomendar
U01310,113947,7.1,2023-12-12,Excelente recomendacion
U01310,49081,5.8,2025-01-01,Excelente recomendacion
U01310,292,6.2,2025-06-04,Excelente recomendacion
U01310,109451,7.4,2025-05-03,Buen ritmo
U01310,21301,6.1,2023-12-17,Excelente recomendacion
U01310,712,7.6,2024-03-02,Excelente recomendacion
U01310,12770,3.6,2023-01-18,Gran actuacion
U01310,818,6.6,2025-05-18,Historia entretenida
U01311,10555,4.9,2024-08-19,Visualmente increible
U01311,11358,6.3,2023-12-23,Visualmente increible
U01311,2148,5.4,2025-12-02,Excelente recomendacion
U01311,10786,5.3,2022-12-02,La volveria a ver
U01311,19904,6.2,2024-11-24,Buen ritmo
U01311,3291,5.5,2026-01-05,Buena para recomendar
U01312,2100,6.6,2025-11-23,Buen ritmo
U01312,78814,5.9,2025-08-16,No era lo que esperaba
U01312,2621,6.1,2026-02-15,Me gusto bastante
U01312,5,6.7,2025-12-20,Excelente recomendacion
U01312,2779,5.5,2025-08-09,Buena para recomendar
U01312,865,7.4,2025-11-20,La volveria a ver
U01312,37532,7.8,2025-08-10,Visualmente increible
U01313,15037,5.5,2025-10-25,Historia entretenida
U01313,24420,8.2,2025-05-31,Final inesperado
U01313,2977,7.5,2026-01-07,Buena para recomendar
U01313,786,7.2,2025-10-26,Visualmente increible
U01313,4108,8.1,2025-07-18,La volveria a ver
U01313,19959,4.8,2025-09-17,Gran actuacion
U01313,2789,6.6,2026-01-01,Me gusto bastante
U01313,37232,6.5,2025-09-06,Gran actuacion
U01313,12634,6.3,2025-07-20,No era lo que esperaba
U01314,15624,6.6,2025-10-06,Historia entretenida
U01314,13448,7.3,2025-06-26,Buena para recomendar
U01314,82695,7.1,2025-10-16,Gran actuacion
U01314,184098,7.6,2025-05-15,Excelente recomendacion
U01314,86304,4.6,2025-08-01,Excelente recomendacion
U01314,31582,6.2,2026-02-14,Excelente recomendacion
U01314,236751,6.4,2025-07-02,No era lo que esperaba
U01314,546,8.0,2025-05-29,Final inesperado
U01314,332567,6.2,2025-08-06,Me gusto bastante
U01314,3981,7.4,2025-10-26,Excelente recomendacion
U01314,203801,8.5,2026-01-05,Buena para recomendar
U01314,13805,4.1,2025-12-31,Buena para recomendar
U01315,9378,4.5,2024-04-15,Gran actuacion
U01315,8984,7.4,2026-01-02,Buen ritmo
U01315,111794,3.8,2023-07-03,Gran actuacion
U01315,10696,3.9,2023-07-21,Buena para recomendar
U01315,16869,9.0,2023-12-17,Final inesperado
U01315,8413,7.5,2023-03-10,Final inesperado
U01315,327833,6.7,2025-08-07,Buen ritmo
U01315,9686,6.6,2024-09-23,La volveria a ver
U01316,87827,8.0,2025-12-30,Historia entretenida
U01316,46146,5.3,2024-11-09,Buen ritmo
U01316,380,8.8,2025-01-11,Buen ritmo
U01316,218778,6.5,2025-04-22,No era lo que esperaba
U01316,8358,8.6,2025-03-26,Me gusto bastante
U01316,21765,6.2,2025-10-29,Excelente recomendacion
U01316,127493,3.7,2026-02-20,La volveria a ver
U01316,10802,4.5,2025-06-11,Buena para recomendar
U01316,954,6.5,2024-10-16,Historia entretenida
U01316,2312,3.5,2025-06-09,Historia entretenida
U01316,19908,6.3,2024-10-08,Visualmente increible
U01316,76203,6.7,2025-01-19,La volveria a ver
U01317,17979,5.9,2023-08-25,Final inesperado
U01317,13920,7.6,2023-04-27,No era lo que esperaba
U01317,58680,5.3,2023-01-05,Final inesperado
U01317,62215,8.0,2023-10-05,Me gusto bastante
U01317,85446,5.5,2025-04-14,Me gusto bastante
U01317,9610,6.4,2025-10-21,No era lo que esperaba
U01317,25353,2.6,2023-06-14,No era lo que esperaba
U01317,203,7.5,2024-12-17,Visualmente increible
U01317,11546,2.9,2025-02-16,Historia entretenida
U01317,6023,7.8,2025-10-28,Historia entretenida
U01317,13809,5.4,2023-03-10,Buen ritmo
U01318,11529,6.8,2024-09-06,Buena para recomendar
U01318,840,8.0,2025-02-04,No era lo que esperaba
U01318,5971,4.1,2025-01-16,Buen ritmo
U01318,37737,5.5,2025-12-04,Buen ritmo
U01318,29996,6.7,2026-03-02,Final inesperado
U01319,286217,6.9,2025-10-11,Me gusto bastante
U01319,12400,6.4,2025-12-14,Buen ritmo
U01319,644,5.9,2026-02-27,La volveria a ver
U01319,214756,5.4,2026-03-07,No era lo que esperaba
U01319,109424,7.0,2024-11-09,Gran actuacion
U01320,22488,6.8,2026-03-21,Buena para recomendar
U01320,36557,8.2,2026-04-03,No era lo que esperaba
U01320,9275,6.7,2026-03-20,Excelente recomendacion
U01320,11377,6.5,2026-03-27,Buena para recomendar
U01320,10982,5.4,2026-04-09,Excelente recomendacion
U01320,26268,7.1,2026-03-25,Visualmente increible
U01320,646,7.4,2026-03-25,Final inesperado
U01320,39141,5.8,2026-03-28,La volveria a ver
U01320,12405,8.2,2026-04-06,Excelente recomendacion
U01320,6623,6.6,2026-04-01,La volveria a ver
U01320,52032,6.6,2026-04-07,No era lo que esperaba
U01320,244786,8.6,2026-04-07,Visualmente increible
U01320,162,8.6,2026-04-03,La volveria a ver
U01320,4233,7.3,2026-04-08,Buen ritmo
U01320,11888,4.8,2026-03-29,Gran actuacion
U01320,38448,5.3,2026-03-17,Historia entretenida
U01320,762,8.5,2026-03-27,Buena para recomendar
U01321,9882,7.1,2026-03-04,Me gusto bastante
U01321,241239,6.2,2024-12-18,Visualmente increible
U01321,25209,7.1,2025-08-11,Visualmente increible
U01321,9889,7.0,2025-01-28,Excelente recomendacion
U01321,252512,6.1,2024-07-14,Gran actuacion
U01321,846,7.6,2025-11-16,Historia entretenida
U01321,87421,5.0,2024-09-22,Buena para recomendar
U01322,9466,7.0,2023-01-12,La volveria a ver
U01322,2771,8.1,2026-01-24,No era lo que esperaba
U01322,17654,8.5,2026-03-23,Historia entretenida
U01322,254,5.7,2026-01-26,No era lo que esperaba
U01322,10935,5.1,2024-08-23,La volveria a ver
U01322,407887,6.7,2023-09-02,Visualmente increible
U01323,81188,6.0,2023-04-24,Me gusto bastante
U01323,37724,5.9,2025-12-11,Historia entretenida
U01323,1894,5.3,2024-09-24,Final inesperado
U01323,10029,7.2,2023-12-25,Final inesperado
U01323,11823,6.5,2025-03-03,Me gusto bastante
U01323,40001,6.5,2024-06-29,Final inesperado
U01323,13092,4.8,2024-03-08,Me gusto bastante
U01323,35944,6.3,2024-11-29,Excelente recomendacion
U01323,9490,7.4,2024-01-18,No era lo que esperaba
U01323,10999,7.1,2025-07-03,Me gusto bastante
U01323,1571,5.6,2023-05-18,No era lo que esperaba
U01323,20309,3.7,2025-11-05,Historia entretenida
U01323,10992,4.8,2024-12-30,Visualmente increible
U01323,52032,8.8,2025-05-04,No era lo que esperaba
U01324,57158,6.5,2026-01-05,No era lo que esperaba
U01324,96399,5.7,2025-09-02,Buena para recomendar
U01324,9533,6.0,2025-09-09,Me gusto bastante
U01324,40794,8.3,2025-10-02,No era lo que esperaba
U01324,10741,6.6,2026-03-04,Gran actuacion
U01324,1487,7.7,2026-01-05,No era lo que esperaba
U01325,12133,6.9,2023-09-15,Visualmente increible
U01325,11644,7.7,2025-11-04,Excelente recomendacion
U01325,84175,5.4,2023-08-01,Final inesperado
U01326,11873,7.7,2023-11-16,Historia entretenida
U01326,59930,4.2,2025-08-12,Buen ritmo
U01326,14299,5.8,2025-01-13,Buen ritmo
U01326,9361,7.3,2024-03-29,Excelente recomendacion
U01326,9027,6.1,2025-07-14,La volveria a ver
U01326,10132,6.2,2025-10-14,Me gusto bastante
U01327,71469,3.8,2025-06-09,Buen ritmo
U01327,10390,4.9,2025-10-30,Buen ritmo
U01327,11395,5.7,2025-09-11,Visualmente increible
U01327,500,7.7,2025-03-30,Buena para recomendar
U01327,20737,4.2,2025-09-12,Excelente recomendacion
U01327,42819,4.5,2025-11-11,Historia entretenida
U01328,10366,4.8,2025-03-02,Me gusto bastante
U01328,53113,5.4,2026-01-30,Historia entretenida
U01329,44009,7.2,2026-01-19,Gran actuacion
U01329,125263,5.7,2024-09-11,Excelente recomendacion
U01329,1726,6.3,2025-01-26,Excelente recomendacion
U01329,8204,6.2,2023-08-14,Excelente recomendacion
U01329,267860,5.6,2025-06-10,Excelente recomendacion
U01329,80585,7.5,2024-09-12,Me gusto bastante
U01330,268238,7.4,2024-12-29,Excelente recomendacion
U01330,75861,6.6,2025-08-01,No era lo que esperaba
U01330,10559,7.5,2025-06-02,Buen ritmo
U01330,9665,6.9,2025-05-09,Me gusto bastante
U01330,1494,7.8,2025-08-25,Gran actuacion
U01330,8054,5.1,2024-12-23,Visualmente increible
U01330,192134,7.3,2026-01-20,Historia entretenida
U01331,39851,7.4,2025-01-16,No era lo que esperaba
U01331,21755,8.2,2024-02-02,No era lo que esperaba
U01331,202575,5.6,2025-08-08,Historia entretenida
U01331,10410,5.8,2025-12-18,No era lo que esperaba
U01331,672,7.1,2026-03-19,La volveria a ver
U01331,1950,4.5,2024-11-12,Gran actuacion
U01331,509,7.3,2023-11-11,Buen ritmo
U01331,45881,6.6,2025-08-15,Excelente recomendacion
U01332,10647,7.6,2023-02-05,Gran actuacion
U01332,14271,7.8,2023-05-27,Final inesperado
U01332,59917,6.0,2024-12-28,La volveria a ver
U01332,9836,5.7,2025-05-07,Buena para recomendar
U01332,16988,3.9,2024-12-07,Visualmente increible
U01333,10623,5.0,2025-06-07,Buena para recomendar
U01333,9387,5.5,2025-03-20,Excelente recomendacion
U01333,36811,7.5,2025-02-23,Buena para recomendar
U01333,10643,5.5,2024-07-31,Me gusto bastante
U01334,40494,6.4,2026-04-04,Buena para recomendar
U01334,385736,7.6,2025-09-29,Visualmente increible
U01334,1550,5.9,2025-10-23,Visualmente increible
U01334,298,7.1,2026-02-09,La volveria a ver
U01334,49787,4.0,2025-09-21,Buena para recomendar
U01334,158852,7.6,2025-09-29,No era lo que esperaba
U01334,335778,4.3,2026-02-04,Historia entretenida
U01334,672,8.6,2025-12-31,Buen ritmo
U01334,10040,4.8,2026-01-20,Excelente recomendacion
U01334,9336,5.7,2026-02-14,No era lo que esperaba
U01334,280092,6.2,2025-10-22,Visualmente increible
U01334,42807,7.0,2026-02-04,Gran actuacion
U01335,44944,7.8,2026-02-07,La volveria a ver
U01335,196867,6.0,2026-03-14,Visualmente increible
U01335,9543,6.9,2026-04-02,Buen ritmo
U01335,41446,5.2,2025-12-30,No era lo que esperaba
U01335,287625,1.0,2026-03-15,Excelente recomendacion
U01335,10950,7.1,2026-02-17,Historia entretenida
U01335,31932,4.2,2025-09-25,Buena para recomendar
U01335,2253,5.3,2025-10-03,Visualmente increible
U01336,49951,1.0,2024-08-21,No era lo que esperaba
U01336,103,7.1,2026-01-18,Buena para recomendar
U01336,426469,6.1,2024-08-10,No era lo que esperaba
U01336,43959,6.0,2024-09-04,Me gusto bastante
U01336,1365,5.8,2024-07-23,No era lo que esperaba
U01336,10678,5.8,2025-03-03,Excelente recomendacion
U01336,8981,5.6,2024-12-15,La volveria a ver
U01336,1360,7.2,2025-03-17,Excelente recomendacion
U01336,347755,7.5,2024-12-20,Final inesperado
U01336,10567,7.1,2024-08-18,Excelente recomendacion
U01336,15037,6.0,2025-04-23,Historia entretenida
U01336,11458,4.3,2025-02-15,Historia entretenida
U01337,76338,7.5,2022-10-05,Buena para recomendar
U01337,11866,6.9,2024-11-12,Buena para recomendar
U01337,10873,6.4,2023-01-05,Buen ritmo
U01338,55347,7.4,2025-09-08,Excelente recomendacion
U01338,1734,7.1,2026-04-09,Me gusto bastante
U01338,101179,6.7,2026-03-19,La volveria a ver
U01338,78814,4.4,2025-11-07,Me gusto bastante
U01338,50647,6.3,2025-12-21,Buena para recomendar
U01338,11357,4.6,2025-09-09,Gran actuacion
U01338,3050,6.2,2025-08-16,Buena para recomendar
U01338,1581,6.4,2025-08-08,Buena para recomendar
U01338,9286,4.3,2025-12-20,Visualmente increible
U01338,20520,7.8,2025-12-08,No era lo que esperaba
U01338,24420,7.8,2025-09-25,No era lo que esperaba
U01338,309809,8.6,2025-12-24,Excelente recomendacion
U01338,26673,2.2,2026-01-05,Buena para recomendar
U01338,10996,4.5,2025-10-14,Final inesperado
U01338,9454,6.8,2026-02-05,La volveria a ver
U01338,11517,4.4,2026-02-09,Buen ritmo
U01338,14434,4.5,2026-01-30,Final inesperado
U01339,103,9.1,2025-10-24,No era lo que esperaba
U01339,18550,3.8,2026-04-06,Buen ritmo
U01339,335778,6.5,2024-06-13,Buen ritmo
U01339,150202,7.0,2025-05-06,Final inesperado
U01339,10477,5.7,2025-01-28,La volveria a ver
U01339,254473,5.9,2024-08-22,Me gusto bastante
U01339,417859,6.8,2025-06-21,Me gusto bastante
U01340,12920,5.4,2025-06-06,Visualmente increible
U01340,59436,6.3,2026-02-25,Me gusto bastante
U01340,2110,5.8,2026-02-11,La volveria a ver
U01340,135397,7.5,2025-07-03,Me gusto bastante
U01340,853,7.6,2026-03-25,Buena para recomendar
U01340,51384,5.8,2025-07-24,No era lo que esperaba
U01340,80035,6.7,2026-03-06,No era lo que esperaba
U01340,8060,5.3,2025-10-16,Buen ritmo
U01341,18550,4.3,2026-01-18,Final inesperado
U01341,77,9.5,2025-12-18,Buen ritmo
U01341,12400,7.0,2024-05-24,Me gusto bastante
U01341,192141,7.1,2025-10-29,Gran actuacion
U01341,17187,7.8,2026-04-09,Visualmente increible
U01341,534,5.4,2025-09-06,Me gusto bastante
U01341,126319,6.9,2025-06-05,No era lo que esperaba
U01341,12412,5.6,2025-08-24,Buena para recomendar
U01342,385636,5.4,2025-05-11,Historia entretenida
U01342,10315,7.3,2025-06-02,Buena para recomendar
U01342,22600,6.4,2024-11-22,Me gusto bastante
U01342,228550,3.5,2025-08-06,Final inesperado
U01342,6978,8.2,2025-05-26,Buena para recomendar
U01342,314365,6.4,2025-05-11,La volveria a ver
U01342,8141,5.9,2025-08-15,Me gusto bastante
U01342,9716,7.3,2026-01-29,No era lo que esperaba
U01342,15511,4.6,2025-02-24,Buena para recomendar
U01342,59728,6.0,2025-12-31,Buena para recomendar
U01342,333348,5.0,2026-03-03,Gran actuacion
U01342,616,6.7,2025-09-10,Final inesperado
U01342,19997,7.5,2026-03-15,Me gusto bastante
U01342,1402,8.4,2024-11-09,Buena para recomendar
U01343,10588,5.3,2024-09-17,Historia entretenida
U01343,71859,8.7,2025-09-19,Buen ritmo
U01343,4474,4.6,2023-05-29,Buen ritmo
U01343,1903,6.3,2024-01-29,Buen ritmo
U01343,11190,7.6,2023-12-06,Buena para recomendar
U01344,12120,6.5,2025-09-22,Historia entretenida
U01344,8875,5.4,2026-02-23,Historia entretenida
U01344,22908,6.9,2025-09-17,Visualmente increible
U01344,240832,5.9,2026-03-21,Historia entretenida
U01344,38940,4.0,2025-11-21,Final inesperado
U01344,646,5.6,2025-10-09,La volveria a ver
U01344,15992,3.6,2026-02-06,Gran actuacion
U01344,11983,5.9,2026-01-05,Buena para recomendar
U01345,30867,5.5,2025-05-01,Excelente recomendacion
U01345,9767,4.3,2025-04-25,No era lo que esperaba
U01345,11282,6.3,2024-09-04,Me gusto bastante
U01345,10201,6.2,2025-01-20,No era lo que esperaba
U01345,627,9.0,2024-11-24,Historia entretenida
U01346,75656,7.0,2025-12-13,No era lo que esperaba
U01346,93456,7.1,2026-02-19,Visualmente increible
U01346,30943,6.4,2025-12-25,Gran actuacion
U01346,17436,5.2,2026-02-02,No era lo que esperaba
U01347,9315,6.0,2026-01-04,Me gusto bastante
U01347,244403,6.2,2025-09-28,Final inesperado
U01347,13362,7.3,2026-02-10,Excelente recomendacion
U01347,55420,6.4,2026-03-05,No era lo que esperaba
U01347,10496,3.2,2025-12-07,Buena para recomendar
U01347,29426,4.2,2025-11-27,Historia entretenida
U01347,3512,6.1,2025-10-17,Final inesperado
U01347,56288,4.7,2025-12-29,Visualmente increible
U01348,13490,4.6,2024-08-05,Visualmente increible
U01348,9009,5.3,2025-10-10,Buena para recomendar
U01348,74536,5.5,2023-06-20,Excelente recomendacion
U01348,807,7.7,2025-05-31,Final inesperado
U01349,1435,6.6,2026-02-08,Final inesperado
U01349,15074,4.8,2026-02-13,Gran actuacion
U01349,2055,5.6,2024-11-27,Buena para recomendar
U01349,713,7.2,2025-10-24,Final inesperado
U01349,9913,6.9,2025-05-01,Buena para recomendar
U01349,14165,5.9,2026-04-08,La volveria a ver
U01350,2085,6.3,2025-08-20,La volveria a ver
U01350,258509,4.5,2025-03-09,Buena para recomendar
U01350,84197,5.3,2025-12-29,Buen ritmo
U01350,28580,8.7,2025-07-26,La volveria a ver
U01350,5854,6.9,2026-01-23,La volveria a ver
U01350,9543,5.5,2025-04-27,Buena para recomendar
U01350,10748,5.1,2026-04-08,Gran actuacion
U01350,2977,7.9,2025-12-27,No era lo que esperaba
U01351,296096,8.3,2025-05-20,Excelente recomendacion
U01351,215211,6.2,2025-02-24,Excelente recomendacion
U01351,4911,6.8,2025-07-11,Visualmente increible
U01352,128,7.7,2025-01-18,No era lo que esperaba
U01352,2289,7.8,2024-05-16,Buena para recomendar
U01352,291081,7.2,2025-01-31,Visualmente increible
U01352,841,7.5,2025-11-20,No era lo que esperaba
U01352,136795,7.0,2024-01-21,La volveria a ver
U01352,13700,5.5,2023-09-25,No era lo que esperaba
U01352,3766,8.0,2023-04-02,Historia entretenida
U01352,1624,7.2,2024-03-30,Buena para recomendar
U01352,137,7.2,2024-03-14,Visualmente increible
U01352,10796,6.7,2024-12-27,Me gusto bastante
U01352,91070,4.0,2022-10-28,Historia entretenida
U01352,9493,4.9,2025-09-25,La volveria a ver
U01352,256040,8.8,2026-01-26,Buena para recomendar
U01352,329833,3.8,2025-04-27,Final inesperado
U01352,7305,5.8,2023-07-20,Buen ritmo
U01352,126319,7.8,2025-09-22,Me gusto bastante
U01353,76338,5.7,2026-03-07,Buen ritmo
U01353,331592,4.5,2024-08-13,No era lo que esperaba
U01353,1412,8.2,2025-10-22,Buen ritmo
U01353,12498,7.6,2025-08-12,Excelente recomendacion
U01353,323676,6.4,2025-12-03,La volveria a ver
U01353,587,6.6,2024-09-04,Final inesperado
U01353,13967,5.0,2024-12-30,La volveria a ver
U01354,8967,6.3,2026-01-04,La volveria a ver
U01354,8914,4.3,2026-02-18,Buen ritmo
U01354,10743,7.2,2025-12-16,Final inesperado
U01354,10563,5.0,2026-04-01,Visualmente increible
U01354,6968,6.0,2025-12-26,No era lo que esperaba
U01354,293660,6.9,2026-01-07,Historia entretenida
U01354,73981,6.2,2025-10-27,Historia entretenida
U01354,860,8.4,2025-12-21,Visualmente increible
U01354,9488,4.6,2025-08-04,Final inesperado
U01354,35690,6.7,2025-08-01,Visualmente increible
U01354,752,6.2,2026-03-29,Historia entretenida
U01355,18736,4.5,2024-01-27,Gran actuacion
U01355,22013,6.9,2025-02-04,No era lo que esperaba
U01355,150540,6.7,2025-07-15,Excelente recomendacion
U01355,1272,7.9,2025-03-13,Buena para recomendar
U01355,270487,5.7,2024-08-20,Excelente recomendacion
U01355,40001,6.1,2025-01-01,Gran actuacion
U01355,13673,4.7,2025-01-27,Gran actuacion
U01355,10535,5.5,2025-08-09,Historia entretenida
U01355,280,7.0,2025-03-19,Excelente recomendacion
U01355,905,6.8,2025-08-09,La volveria a ver
U01355,47502,3.4,2023-12-10,Me gusto bastante
U01355,316727,7.3,2024-11-22,Final inesperado
U01355,14293,7.3,2023-11-16,Visualmente increible
U01356,9464,8.5,2025-10-12,Excelente recomendacion
U01356,1724,7.1,2025-02-18,Excelente recomendacion
U01356,181330,7.2,2026-03-24,Historia entretenida
U01356,10733,5.5,2025-07-13,Buen ritmo
U01356,35219,7.6,2024-02-19,Historia entretenida
U01356,542,5.2,2026-03-23,Buen ritmo
U01356,85,6.3,2024-12-12,Visualmente increible
U01356,43074,5.7,2025-10-31,Buena para recomendar
U01357,159037,9.0,2024-03-05,No era lo que esperaba
U01357,826,7.3,2023-09-28,Buena para recomendar
U01357,1725,7.4,2023-09-17,Final inesperado
U01357,2454,5.9,2025-06-18,Final inesperado
U01357,114635,5.5,2023-09-15,Buen ritmo
U01358,3472,6.4,2023-09-08,La volveria a ver
U01358,50698,5.3,2023-05-10,Historia entretenida
U01358,11308,5.2,2023-03-29,Gran actuacion
U01358,30497,6.1,2024-10-05,Final inesperado
U01358,2501,6.4,2025-05-17,No era lo que esperaba
U01358,8321,8.3,2025-09-10,Buena para recomendar
U01358,826,8.9,2024-04-18,No era lo que esperaba
U01358,54580,5.6,2024-11-28,Visualmente increible
U01358,10981,5.1,2025-02-26,No era lo que esperaba
U01358,10480,6.5,2023-12-01,Visualmente increible
U01358,9603,7.7,2023-07-05,La volveria a ver
U01359,12612,5.7,2025-08-29,Gran actuacion
U01359,117263,5.3,2025-08-26,Gran actuacion
U01359,28178,8.1,2026-01-27,Gran actuacion
U01359,45132,7.3,2025-07-15,Historia entretenida
U01359,8968,3.4,2026-02-19,Gran actuacion
U01359,1997,5.8,2025-11-19,Excelente recomendacion
U01359,50837,5.7,2025-11-16,Gran actuacion
U01359,28666,4.0,2025-12-21,No era lo que esperaba
U01360,10281,5.7,2023-12-01,Buena para recomendar
U01360,38031,5.3,2024-03-15,Final inesperado
U01360,1538,8.2,2023-05-05,Historia entretenida
U01360,9285,7.2,2024-02-27,Buena para recomendar
U01360,14411,7.4,2025-05-20,La volveria a ver
U01360,15544,4.5,2025-07-24,Me gusto bastante
U01360,14177,4.9,2024-09-30,Historia entretenida
U01360,252512,5.6,2025-04-30,Visualmente increible
U01360,14,8.4,2026-02-20,Historia entretenida
U01360,9567,6.7,2024-04-21,Gran actuacion
U01360,20857,5.5,2025-08-19,No era lo que esperaba
U01361,5925,7.9,2025-09-03,Gran actuacion
U01361,55604,6.4,2024-06-18,La volveria a ver
U01361,22794,7.7,2025-07-21,Historia entretenida
U01361,33644,6.4,2023-12-29,Historia entretenida
U01361,10167,3.2,2024-10-30,Buen ritmo
U01361,8922,5.7,2024-09-20,Excelente recomendacion
U01361,14,7.7,2025-07-16,Buena para recomendar
U01361,29015,5.3,2024-11-24,Me gusto bastante
U01361,14574,6.4,2026-02-11,Visualmente increible
U01361,12410,5.1,2025-08-25,Buena para recomendar
U01362,1729,7.4,2026-01-19,Gran actuacion
U01362,641,8.0,2025-05-25,Historia entretenida
U01362,73247,3.7,2024-07-05,Final inesperado
U01362,7278,2.7,2024-02-27,Gran actuacion
U01362,89492,4.3,2024-06-07,Buen ritmo
U01362,9944,5.3,2025-05-31,La volveria a ver
U01362,109451,6.6,2024-12-27,Final inesperado
U01362,925,6.2,2023-04-30,Me gusto bastante
U01362,39806,6.2,2025-08-30,Me gusto bastante
U01363,703,8.1,2026-04-09,Buen ritmo
U01363,14844,7.3,2026-04-10,Me gusto bastante
U01363,818,4.4,2026-04-09,Historia entretenida
U01364,26428,6.0,2024-09-29,Buen ritmo
U01364,10336,6.0,2024-05-24,Gran actuacion
U01364,9675,8.3,2025-02-12,Historia entretenida
U01364,244267,7.0,2025-11-16,Historia entretenida
U01365,16072,4.6,2025-11-16,Visualmente increible
U01365,8051,7.1,2026-04-05,Buen ritmo
U01365,9726,6.8,2025-08-10,No era lo que esperaba
U01365,18276,4.8,2025-05-15,Historia entretenida
U01365,324352,1.0,2025-09-05,Final inesperado
U01365,183894,7.4,2026-02-06,Gran actuacion
U01365,82650,5.2,2026-03-01,La volveria a ver
U01365,14114,5.8,2025-10-22,Excelente recomendacion
U01365,11561,6.6,2026-03-25,No era lo que esperaba
U01365,9487,6.4,2026-03-17,No era lo que esperaba
U01365,11967,6.2,2025-09-16,Buen ritmo
U01365,8848,6.4,2025-09-28,Me gusto bastante
U01365,10191,6.3,2025-05-28,Excelente recomendacion
U01365,87499,7.3,2025-11-10,Visualmente increible
U01366,97614,4.9,2025-09-17,Visualmente increible
U01366,206213,2.3,2024-09-11,Excelente recomendacion
U01366,83860,7.7,2023-08-29,No era lo que esperaba
U01366,9689,6.0,2024-02-07,Buena para recomendar
U01366,1924,7.3,2023-04-22,Buena para recomendar
U01366,2786,6.4,2023-11-21,No era lo que esperaba
U01366,4380,7.2,2024-03-10,Buena para recomendar
U01366,7516,7.1,2024-11-01,No era lo que esperaba
U01366,714,5.0,2025-10-09,Buena para recomendar
U01366,20542,5.8,2024-06-09,Visualmente increible
U01367,9880,6.0,2026-03-20,La volveria a ver
U01367,22,8.2,2025-12-07,Gran actuacion
U01367,9311,7.3,2025-11-25,Buena para recomendar
U01367,1571,6.1,2025-10-27,La volveria a ver
U01367,9486,5.0,2025-11-06,Historia entretenida
U01368,2355,6.4,2025-08-04,Historia entretenida
U01368,8358,6.5,2025-12-06,Buen ritmo
U01368,18701,7.9,2025-08-25,La volveria a ver
U01368,107985,6.9,2025-11-14,Excelente recomendacion
U01368,47692,5.8,2025-03-11,No era lo que esperaba
U01368,293670,7.5,2025-09-05,Excelente recomendacion
U01368,9509,6.2,2025-11-21,Historia entretenida
U01368,71,7.8,2025-08-15,Gran actuacion
U01368,14444,6.1,2025-12-22,Buena para recomendar
U01368,119283,6.8,2025-04-24,Visualmente increible
U01369,838,7.6,2026-02-13,Gran actuacion
U01369,1555,5.6,2023-11-30,Me gusto bastante
U01369,44833,5.9,2026-01-03,Final inesperado
U01369,2501,8.1,2026-01-09,Excelente recomendacion
U01369,10029,7.5,2025-01-04,Gran actuacion
U01369,87101,5.9,2023-10-26,Buen ritmo
U01369,10589,5.4,2024-12-26,Gran actuacion
U01369,9903,5.1,2023-08-19,La volveria a ver
U01369,68735,6.6,2025-01-11,Buena para recomendar
U01369,12212,5.3,2024-05-09,Gran actuacion
U01369,37056,7.4,2025-07-18,La volveria a ver
U01369,9548,4.8,2023-08-27,Excelente recomendacion
U01369,162903,5.3,2026-01-13,Gran actuacion
U01369,414,4.0,2025-11-18,No era lo que esperaba
U01370,10894,6.7,2024-12-01,Excelente recomendacion
U01370,38365,7.2,2024-12-05,Buen ritmo
U01370,251471,5.0,2025-06-11,Buen ritmo
U01370,22538,6.7,2026-04-10,La volveria a ver
U01370,22824,5.7,2025-12-19,La volveria a ver
U01370,10025,5.2,2025-07-04,No era lo que esperaba
U01370,179,4.8,2024-09-10,Me gusto bastante
U01370,297,7.6,2025-09-29,Final inesperado
U01370,20829,6.0,2025-06-18,Me gusto bastante
U01370,11130,6.8,2024-10-19,Gran actuacion
U01370,2294,7.5,2025-05-16,Final inesperado
U01370,12403,6.8,2024-12-15,Excelente recomendacion
U01371,10647,5.8,2025-03-06,Me gusto bastante
U01371,77,8.7,2025-09-01,La volveria a ver
U01371,84355,7.4,2025-06-12,Gran actuacion
U01371,42345,6.2,2025-04-20,Me gusto bastante
U01371,117251,5.7,2025-04-07,Final inesperado
U01371,9009,5.8,2025-02-14,Excelente recomendacion
U01371,49953,6.0,2025-10-13,Historia entretenida
U01372,267860,7.1,2025-08-28,La volveria a ver
U01372,62206,5.3,2025-09-01,No era lo que esperaba
U01372,152747,6.7,2026-03-13,La volveria a ver
U01372,168530,7.3,2025-01-21,Gran actuacion
U01372,139948,6.9,2025-11-18,Gran actuacion
U01372,10865,5.5,2025-06-02,Buena para recomendar
U01372,1642,4.2,2025-08-28,Final inesperado
U01372,170,7.2,2025-04-10,La volveria a ver
U01373,9833,7.0,2024-04-03,Gran actuacion
U01373,926,8.3,2024-04-03,Visualmente increible
U01373,11870,6.5,2026-01-06,La volveria a ver
U01373,34813,5.5,2025-02-23,Excelente recomendacion
U01373,46829,7.6,2025-12-04,Historia entretenida
U01373,8273,7.3,2024-06-10,Me gusto bastante
U01373,82693,7.5,2025-03-16,Excelente recomendacion
U01373,10154,6.6,2023-10-27,Me gusto bastante
U01373,8649,6.3,2023-12-11,No era lo que esperaba
U01373,2185,6.7,2025-05-03,Buena para recomendar
U01374,46503,5.4,2022-12-03,Buen ritmo
U01374,50359,4.2,2025-10-12,Excelente recomendacion
U01374,30867,8.2,2025-12-16,Buena para recomendar
U01374,201132,6.1,2023-12-21,Historia entretenida
U01374,24137,7.5,2024-07-29,Excelente recomendacion
U01374,7299,8.1,2026-03-11,Me gusto bastante
U01374,179144,6.5,2025-12-07,La volveria a ver
U01374,273248,6.4,2024-12-02,Final inesperado
U01374,1895,8.5,2025-07-20,Historia entretenida
U01374,8273,7.2,2022-11-29,Final inesperado
U01374,10591,5.3,2025-10-16,Buena para recomendar
U01374,11172,5.8,2024-04-09,Gran actuacion
U01374,44638,7.5,2024-10-07,Final inesperado
U01374,281730,6.6,2024-12-17,Excelente recomendacion
U01375,39053,5.4,2024-04-24,Buena para recomendar
U01375,9715,4.7,2025-03-13,Excelente recomendacion
U01375,76996,5.9,2025-01-05,Me gusto bastante
U01375,2649,7.0,2023-09-01,La volveria a ver
U01375,13539,4.4,2023-01-22,Final inesperado
U01375,55721,6.1,2024-11-10,No era lo que esperaba
U01375,8982,6.9,2026-03-23,La volveria a ver
U01375,4547,6.8,2023-05-26,La volveria a ver
U01375,206647,5.1,2025-07-10,Buen ritmo
U01375,23618,7.6,2023-08-05,La volveria a ver
U01375,216015,5.0,2024-12-09,No era lo que esperaba
U01376,10929,5.0,2025-11-04,Final inesperado
U01376,14054,7.2,2025-12-05,La volveria a ver
U01376,11386,6.2,2025-10-16,Final inesperado
U01376,16172,6.3,2026-02-12,Visualmente increible
U01376,8835,4.7,2025-11-06,Historia entretenida
U01376,74,6.8,2026-01-26,Visualmente increible
U01376,6479,7.2,2025-10-23,Gran actuacion
U01376,1988,6.3,2025-12-28,La volveria a ver
U01376,50848,8.1,2025-12-11,Visualmente increible
U01377,1831,3.0,2025-12-28,Excelente recomendacion
U01377,9366,8.6,2024-08-02,Gran actuacion
U01377,10796,6.3,2024-06-15,No era lo que esperaba
U01377,17044,6.8,2024-07-03,Historia entretenida
U01377,2666,6.5,2024-09-23,Buen ritmo
U01377,45269,7.0,2024-12-27,Buena para recomendar
U01377,1690,4.6,2026-02-09,Excelente recomendacion
U01377,11812,5.0,2026-01-22,Gran actuacion
U01377,9030,6.4,2025-02-02,Buen ritmo
U01378,76,8.8,2025-01-26,Me gusto bastante
U01378,693,7.1,2024-08-19,La volveria a ver
U01378,277,5.8,2025-11-01,Excelente recomendacion
U01378,76494,5.6,2025-11-28,Gran actuacion
U01378,2275,6.8,2024-01-23,Me gusto bastante
U01378,12100,6.0,2024-08-16,Me gusto bastante
U01378,176077,4.2,2026-03-08,Me gusto bastante
U01378,5955,5.2,2026-03-11,Excelente recomendacion
U01378,40805,6.8,2024-06-05,Excelente recomendacion
U01378,7552,4.8,2025-08-14,La volveria a ver
U01378,807,6.9,2024-07-06,No era lo que esperaba
U01378,9361,5.9,2026-01-05,Historia entretenida
U01378,3059,6.8,2025-08-06,No era lo que esperaba
U01379,2787,8.1,2022-12-13,Final inesperado
U01379,18885,4.0,2024-05-17,La volveria a ver
U01379,146233,7.7,2023-03-29,Gran actuacion
U01379,45380,5.5,2023-05-21,Historia entretenida
U01379,71859,6.5,2024-03-18,Buena para recomendar
U01379,62116,7.4,2025-09-27,Visualmente increible
U01379,6278,5.0,2023-03-23,Historia entretenida
U01379,50037,6.2,2023-09-14,Historia entretenida
U01379,8202,6.4,2025-02-19,La volveria a ver
U01379,66195,7.0,2024-08-12,Buen ritmo
U01379,36586,4.8,2024-05-24,Final inesperado
U01380,1535,5.3,2024-09-11,No era lo que esperaba
U01380,6477,6.0,2024-08-03,Buena para recomendar
U01380,284,8.8,2023-03-28,Excelente recomendacion
U01380,82682,7.3,2026-01-27,Final inesperado
U01380,26306,6.5,2024-08-04,Gran actuacion
U01380,10643,5.7,2025-11-20,Gran actuacion
U01380,12634,4.9,2023-02-12,Buen ritmo
U01381,12133,7.5,2024-10-07,Buena para recomendar
U01381,1683,4.5,2025-01-20,Buen ritmo
U01381,10678,5.1,2023-01-09,Historia entretenida
U01381,11843,5.5,2025-05-16,Me gusto bastante
U01381,8326,6.6,2025-08-11,La volveria a ver
U01382,13279,7.4,2026-03-03,Buena para recomendar
U01382,9624,5.8,2025-11-21,Buena para recomendar
U01383,174751,4.1,2025-12-25,No era lo que esperaba
U01383,87093,5.4,2025-10-21,La volveria a ver
U01383,10480,5.0,2023-08-01,Excelente recomendacion
U01383,6972,7.0,2023-07-15,La volveria a ver
U01383,76349,4.0,2024-12-10,Gran actuacion
U01383,51384,7.2,2024-10-22,Buena para recomendar
U01383,951,6.2,2025-07-12,La volveria a ver
U01383,44754,5.5,2023-09-27,Final inesperado
U01383,342,5.4,2026-02-01,Historia entretenida
U01383,153795,5.0,2025-06-18,Excelente recomendacion
U01383,301351,6.3,2025-12-12,Buen ritmo
U01384,52451,6.6,2026-03-17,Final inesperado
U01384,1417,6.1,2024-01-29,Visualmente increible
U01384,4349,5.1,2025-01-28,Visualmente increible
U01384,13982,6.5,2026-03-01,Buen ritmo
U01385,10615,4.5,2024-03-30,Final inesperado
U01385,29146,5.4,2023-07-09,La volveria a ver
U01385,43653,5.7,2024-12-08,Gran actuacion
U01385,76170,6.7,2025-02-24,Buena para recomendar
U01385,1957,5.8,2025-09-30,Gran actuacion
U01385,1251,7.7,2025-02-17,Buen ritmo
U01385,6106,8.0,2025-08-15,Me gusto bastante
U01385,43949,6.2,2025-08-08,No era lo que esperaba
U01385,280,7.7,2022-08-11,Buena para recomendar
U01385,109424,8.1,2025-06-10,Historia entretenida
U01385,329,7.1,2022-09-05,Buena para recomendar
U01386,2112,5.5,2025-11-09,Buen ritmo
U01386,10719,6.3,2025-03-01,Gran actuacion
U01386,16651,6.4,2024-11-07,Buen ritmo
U01386,11596,7.4,2024-07-03,No era lo que esperaba
U01386,267860,5.0,2024-05-01,Visualmente increible
U01386,68412,5.5,2024-09-18,Excelente recomendacion
U01387,117263,5.2,2025-08-22,Me gusto bastante
U01387,14195,7.1,2025-04-18,Historia entretenida
U01387,30379,4.5,2026-04-09,Buen ritmo
U01387,562,7.5,2026-04-03,Buena para recomendar
U01387,16784,3.5,2025-01-29,La volveria a ver
U01387,2196,7.0,2025-06-04,Gran actuacion
U01387,222936,4.7,2025-07-05,Excelente recomendacion
U01387,239563,7.1,2025-05-23,Me gusto bastante
U01387,25350,7.4,2026-02-08,La volveria a ver
U01387,59962,5.5,2025-11-08,Buena para recomendar
U01387,87827,8.6,2025-06-23,Buen ritmo
U01387,8374,6.3,2025-07-22,No era lo que esperaba
U01387,17834,6.1,2026-01-27,Final inesperado
U01387,27374,4.8,2025-03-01,Historia entretenida
U01388,68735,4.9,2025-01-09,Gran actuacion
U01388,11093,7.1,2025-05-31,Buena para recomendar
U01388,34106,6.1,2025-03-29,Final inesperado
U01388,11232,5.8,2024-06-16,Gran actuacion
U01388,17709,4.0,2026-03-05,Buen ritmo
U01388,11374,5.2,2025-06-03,Buena para recomendar
U01389,262543,6.7,2026-04-08,Final inesperado
U01389,14849,6.9,2026-04-01,Gran actuacion
U01389,58595,7.2,2026-04-10,Buena para recomendar
U01389,334531,6.8,2026-04-02,Visualmente increible
U01389,43434,7.5,2026-03-29,Final inesperado
U01389,294272,6.7,2026-03-31,Buen ritmo
U01389,28580,6.8,2026-03-30,La volveria a ver
U01389,2114,4.9,2026-04-06,Excelente recomendacion
U01389,65749,7.7,2026-04-04,Gran actuacion
U01389,320,7.1,2026-04-03,Final inesperado
U01389,43593,5.7,2026-04-05,Me gusto bastante
U01389,12159,6.4,2026-04-09,Buen ritmo
U01389,591,7.8,2026-04-01,Buen ritmo
U01389,9548,7.0,2026-03-29,La volveria a ver
U01389,9009,5.8,2026-04-02,Gran actuacion
U01390,68735,6.5,2026-03-14,Me gusto bastante
U01390,512,6.6,2023-02-20,Gran actuacion
U01390,22805,6.1,2025-08-08,Excelente recomendacion
U01390,13515,5.5,2023-03-24,Historia entretenida
U01390,11478,6.9,2023-07-23,La volveria a ver
U01390,21512,5.8,2023-07-06,Visualmente increible
U01390,44413,5.7,2024-07-31,Excelente recomendacion
U01390,640,7.0,2023-06-25,Final inesperado
U01390,4824,6.7,2023-02-22,Buena para recomendar
U01390,9353,6.4,2025-11-30,Historia entretenida
U01391,271110,8.3,2025-10-26,Me gusto bastante
U01391,7509,8.2,2026-01-19,Historia entretenida
U01391,11892,5.2,2026-01-04,Historia entretenida
U01391,1637,5.3,2026-02-10,La volveria a ver
U01391,25975,7.2,2026-01-21,No era lo que esperaba
U01391,103663,8.7,2025-11-13,Gran actuacion
U01391,137113,7.8,2026-02-25,Historia entretenida
U01391,45380,7.6,2025-12-14,Excelente recomendacion
U01391,71688,7.5,2026-02-27,Me gusto bastante
U01391,72190,8.1,2025-11-15,La volveria a ver
U01391,205775,6.4,2025-12-23,No era lo que esperaba
U01391,9548,6.2,2026-01-21,Visualmente increible
U01392,15239,5.8,2024-06-18,Buena para recomendar
U01392,25983,5.7,2026-01-11,Final inesperado
U01392,57158,8.3,2025-10-11,Gran actuacion
U01392,16433,6.1,2024-06-01,Gran actuacion
U01392,559,5.4,2025-08-24,Gran actuacion
U01392,13007,6.8,2024-06-16,Buen ritmo
U01392,81005,5.0,2025-09-15,Excelente recomendacion
U01392,12404,5.6,2026-03-29,Final inesperado
U01392,9907,5.7,2025-11-16,Me gusto bastante
U01392,3040,7.6,2025-10-06,Gran actuacion
U01392,8488,5.3,2024-07-10,Historia entretenida
U01392,326,5.7,2024-08-16,No era lo que esperaba
U01392,15648,4.8,2025-10-04,Gran actuacion
U01392,24684,7.5,2024-07-08,Buen ritmo
U01392,26837,5.9,2025-09-04,No era lo que esperaba
U01392,10066,5.9,2025-10-02,Excelente recomendacion
U01393,34851,5.5,2024-11-15,Historia entretenida
U01393,13079,6.0,2023-02-21,Me gusto bastante
U01393,75986,5.9,2024-06-19,Buen ritmo
U01393,39781,5.0,2025-10-11,Visualmente increible
U01393,55,8.8,2022-12-30,Gran actuacion
U01393,17202,5.8,2025-02-21,Gran actuacion
U01393,21525,7.3,2024-03-24,Gran actuacion
U01393,9667,7.8,2026-02-24,Me gusto bastante
U01393,231,4.8,2022-12-01,Visualmente increible
U01394,11351,6.2,2025-10-16,Buen ritmo
U01394,664,7.1,2026-02-08,No era lo que esperaba
U01394,303858,5.7,2025-10-01,Historia entretenida
U01394,352978,6.5,2026-03-09,Historia entretenida
U01394,47889,6.0,2025-09-13,Buena para recomendar
U01394,13685,5.5,2025-09-19,Gran actuacion
U01394,3131,8.2,2025-10-08,Final inesperado
U01394,53502,4.0,2026-03-19,Buena para recomendar
U01394,50037,5.0,2025-12-22,Buen ritmo
U01394,37903,6.0,2025-12-10,Buena para recomendar
U01394,9682,5.4,2025-09-14,Historia entretenida
U01394,17622,6.9,2025-10-07,La volveria a ver
U01394,10386,8.6,2025-12-04,No era lo que esperaba
U01395,8338,6.7,2024-08-11,La volveria a ver
U01395,279,8.1,2025-03-31,Me gusto bastante
U01395,9472,6.2,2024-01-31,Excelente recomendacion
U01395,100402,8.9,2023-09-13,Visualmente increible
U01395,68728,5.1,2023-02-01,La volveria a ver
U01395,698,6.3,2023-03-18,Buena para recomendar
U01395,2123,5.2,2025-01-17,Buen ritmo
U01395,10611,5.7,2023-04-11,Excelente recomendacion
U01395,43213,6.5,2022-09-26,Me gusto bastante
U01395,84175,7.9,2024-01-16,Gran actuacion
U01395,1725,6.5,2025-09-15,La volveria a ver
U01395,227159,6.4,2024-04-21,Visualmente increible
U01395,8054,6.8,2025-08-10,Historia entretenida
U01395,244786,9.4,2025-09-05,Historia entretenida
U01396,9352,7.3,2026-01-22,No era lo que esperaba
U01396,58,7.3,2026-01-16,La volveria a ver
U01396,24664,7.8,2025-06-25,Historia entretenida
U01396,13809,6.2,2025-07-12,Buen ritmo
U01396,25784,5.3,2025-07-29,No era lo que esperaba
U01396,180296,4.7,2026-02-22,Buen ritmo
U01396,9869,5.8,2026-01-19,Me gusto bastante
U01396,58882,5.9,2025-10-27,La volveria a ver
U01396,534,7.2,2026-01-25,La volveria a ver
U01396,117251,5.6,2025-04-13,Visualmente increible
U01397,15198,7.4,2023-11-15,La volveria a ver
U01397,2062,6.6,2026-03-10,No era lo que esperaba
U01397,9384,4.1,2024-01-15,Me gusto bastante
U01397,44594,6.8,2023-12-30,La volveria a ver
U01397,77877,6.5,2024-10-24,Final inesperado
U01397,10944,5.8,2023-10-19,Final inesperado
U01397,5971,6.2,2024-11-16,Visualmente increible
U01397,7552,4.8,2025-04-26,Historia entretenida
U01397,11546,4.8,2023-08-31,Gran actuacion
U01397,75656,8.0,2025-08-09,Visualmente increible
U01397,250546,6.9,2025-11-22,Gran actuacion
U01397,10162,7.2,2026-01-01,Historia entretenida
U01397,913,7.7,2025-11-04,Visualmente increible
U01397,9362,5.4,2023-11-25,Me gusto bastante
U01398,10647,6.5,2025-09-18,No era lo que esperaba
U01398,2771,6.6,2025-03-08,No era lo que esperaba
U01398,11583,6.4,2026-03-26,Buen ritmo
U01398,43595,4.7,2025-01-09,Final inesperado
U01398,15582,4.8,2025-01-04,Historia entretenida
U01398,23398,5.9,2025-07-02,Historia entretenida
U01398,7191,5.9,2025-03-10,Buen ritmo
U01398,48340,6.5,2026-01-18,Final inesperado
U01398,11588,7.4,2025-08-03,Excelente recomendacion
U01399,44639,7.4,2026-04-01,Historia entretenida
U01399,22798,6.0,2026-01-10,No era lo que esperaba
U01399,10528,8.3,2023-08-04,Historia entretenida
U01399,36593,7.6,2025-04-30,No era lo que esperaba
U01399,10955,6.1,2023-08-08,Excelente recomendacion
U01399,1635,6.3,2023-07-28,No era lo que esperaba
U01399,11051,5.6,2024-07-05,Me gusto bastante
U01399,78394,5.3,2026-01-12,Gran actuacion
U01399,9839,6.0,2024-06-10,No era lo que esperaba
U01400,1124,6.7,2024-04-19,Excelente recomendacion
U01400,18360,7.3,2025-01-04,Excelente recomendacion
U01400,105864,5.1,2024-01-14,Buena para recomendar
U01400,62116,5.8,2023-02-05,Me gusto bastante
U01400,53113,6.9,2024-04-21,Me gusto bastante
U01400,10488,5.6,2024-12-19,Visualmente increible
U01400,9294,7.3,2023-11-29,Final inesperado
U01400,36658,5.8,2025-06-23,Final inesperado
U01400,9928,5.2,2026-01-31,Visualmente increible
U01400,8649,7.6,2024-08-22,Excelente recomendacion
U01401,40494,5.2,2025-08-27,Gran actuacion
U01401,59440,7.2,2026-01-20,Final inesperado
U01401,11983,6.0,2025-07-06,Final inesperado
U01401,116584,6.6,2024-12-01,Me gusto bastante
U01401,53862,5.0,2025-05-22,Me gusto bastante
U01401,9880,5.7,2025-11-27,Gran actuacion
U01401,866,7.8,2026-01-08,La volveria a ver
U01401,25186,6.5,2026-03-04,La volveria a ver
U01401,37165,6.5,2025-07-26,La volveria a ver
U01402,16072,7.6,2025-06-19,No era lo que esperaba
U01402,11130,6.8,2026-03-22,Final inesperado
U01402,57943,3.6,2025-07-25,Me gusto bastante
U01402,41210,7.1,2026-01-27,Gran actuacion
U01402,13191,4.2,2025-12-17,La volveria a ver
U01402,38780,6.1,2025-07-19,Excelente recomendacion
U01402,9513,5.9,2025-10-26,No era lo que esperaba
U01402,951,5.8,2026-01-23,Final inesperado
U01402,12211,5.2,2026-02-01,La volveria a ver
U01402,14577,7.1,2025-05-31,Excelente recomendacion
U01402,6278,6.7,2025-12-05,Me gusto bastante
U01402,11904,6.7,2025-07-04,Final inesperado
U01402,1985,6.8,2026-02-01,Visualmente increible
U01402,18254,6.6,2025-12-04,Historia entretenida
U01403,12589,6.0,2025-03-13,Historia entretenida
U01403,207,7.3,2024-12-27,Visualmente increible
U01403,88641,9.3,2024-02-12,Visualmente increible
U01403,2501,8.0,2025-07-16,Excelente recomendacion
U01403,11509,8.3,2022-06-30,Historia entretenida
U01403,77883,6.0,2022-10-11,No era lo que esperaba
U01403,29715,6.6,2023-06-01,Visualmente increible
U01403,14538,6.0,2023-07-23,La volveria a ver
U01404,37950,5.6,2026-03-25,Excelente recomendacion
U01404,70875,1.5,2026-03-29,La volveria a ver
U01404,10822,5.8,2026-03-25,Visualmente increible
U01404,8963,7.7,2026-04-01,Buena para recomendar
U01405,41823,5.2,2024-07-30,Final inesperado
U01405,118957,5.4,2023-12-13,La volveria a ver
U01405,218043,5.2,2025-11-28,Visualmente increible
U01405,9285,6.8,2025-11-14,Me gusto bastante
U01405,2196,7.7,2022-10-08,Me gusto bastante
U01405,9600,6.1,2025-11-06,Excelente recomendacion
U01405,10034,6.7,2024-07-25,Excelente recomendacion
U01405,504,6.9,2023-03-09,Final inesperado
U01405,80468,6.0,2023-09-06,Excelente recomendacion
U01405,8326,5.8,2025-12-20,Buen ritmo
U01405,23759,5.3,2023-05-03,Buena para recomendar
U01405,13460,4.7,2022-08-19,Visualmente increible
U01405,27983,5.4,2023-08-02,Excelente recomendacion
U01406,4942,6.1,2025-06-08,Me gusto bastante
U01406,342521,5.3,2025-12-03,Gran actuacion
U01406,30082,7.2,2025-01-23,Final inesperado
U01406,53457,7.8,2024-03-31,Gran actuacion
U01406,12245,5.9,2024-09-09,Final inesperado
U01406,278,7.4,2026-03-30,Gran actuacion
U01406,323675,7.2,2024-12-31,Excelente recomendacion
U01406,253412,7.1,2025-10-20,Buen ritmo
U01406,9035,7.1,2026-04-07,No era lo que esperaba
U01406,10048,4.6,2025-05-01,La volveria a ver
U01406,239,7.2,2024-02-15,Final inesperado
U01406,14160,6.6,2025-09-25,Visualmente increible
U01406,139038,6.5,2024-12-07,Historia entretenida
U01406,2567,7.6,2025-10-13,Buena para recomendar
U01406,36739,7.0,2025-12-10,Buen ritmo
U01407,286217,8.5,2022-08-22,La volveria a ver
U01407,330770,6.1,2026-02-02,Excelente recomendacion
U01407,2293,5.3,2023-11-10,Gran actuacion
U01407,49520,6.5,2026-04-05,Visualmente increible
U01407,226458,4.0,2023-03-31,La volveria a ver
U01407,12484,6.2,2023-07-26,Gran actuacion
U01407,7350,7.7,2025-02-17,La volveria a ver
U01407,2142,7.6,2024-02-10,Gran actuacion
U01407,7484,6.3,2025-04-30,Excelente recomendacion
U01407,92635,6.1,2026-02-22,Buena para recomendar
U01408,193,5.4,2026-03-14,No era lo que esperaba
U01408,258509,4.5,2026-03-19,Visualmente increible
U01408,38543,4.8,2026-04-10,Visualmente increible
U01408,25248,8.3,2026-03-30,Gran actuacion
U01408,31640,6.0,2026-04-07,Me gusto bastante
U01408,16608,7.9,2026-03-22,Final inesperado
U01408,34152,5.5,2026-03-14,Buen ritmo
U01408,1427,5.8,2026-03-25,Visualmente increible
U01408,47964,6.5,2026-03-06,La volveria a ver
U01408,17113,6.3,2026-03-15,Historia entretenida
U01408,8193,7.4,2026-03-08,No era lo que esperaba
U01408,15028,5.1,2026-04-02,Me gusto bastante
U01409,10153,7.2,2024-02-22,Buen ritmo
U01409,10545,7.5,2026-02-09,Historia entretenida
U01409,68734,7.6,2025-11-01,Buena para recomendar
U01409,76757,5.7,2025-05-07,Final inesperado
U01409,22907,7.2,2024-05-24,Visualmente increible
U01410,10890,6.1,2024-07-07,Buena para recomendar
U01410,8193,6.6,2023-05-22,No era lo que esperaba
U01410,43593,5.7,2025-02-02,No era lo que esperaba
U01411,12153,5.6,2024-12-22,Buen ritmo
U01411,32657,4.8,2025-01-04,Me gusto bastante
U01411,244534,4.3,2024-11-16,No era lo que esperaba
U01411,86829,6.0,2025-05-19,No era lo que esperaba
U01411,11056,5.6,2026-03-10,Final inesperado
U01411,364,5.3,2024-07-01,Excelente recomendacion
U01411,181533,7.1,2024-07-16,Me gusto bastante
U01411,1265,6.0,2024-04-23,Historia entretenida
U01411,11917,4.5,2024-05-30,Gran actuacion
U01411,40688,2.6,2026-02-14,No era lo que esperaba
U01411,578,8.7,2025-06-06,Me gusto bastante
U01412,2293,6.7,2024-07-14,Me gusto bastante
U01412,1613,6.2,2024-08-11,La volveria a ver
U01412,301748,4.8,2025-12-27,Excelente recomendacion
U01412,10781,6.3,2024-02-13,No era lo que esperaba
U01412,8914,6.6,2026-01-09,Buen ritmo
U01412,24469,5.6,2025-09-19,Visualmente increible
U01412,13066,7.1,2025-06-13,Buena para recomendar
U01412,10744,5.6,2025-12-13,Buena para recomendar
U01412,10591,6.1,2026-01-15,La volveria a ver
U01412,26688,4.0,2024-09-11,Me gusto bastante
U01412,314385,5.8,2024-03-26,Historia entretenida
U01412,158895,7.8,2025-07-15,Buena para recomendar
U01412,164372,6.3,2023-11-12,Visualmente increible
U01413,128,8.6,2025-10-24,Buena para recomendar
U01413,26039,5.8,2023-04-22,Buen ritmo
U01413,76640,6.1,2026-03-05,No era lo que esperaba
U01413,8367,5.7,2024-03-18,La volveria a ver
U01413,11015,5.9,2025-09-24,No era lo que esperaba
U01413,11457,8.4,2024-02-16,Buen ritmo
U01413,14574,7.4,2023-02-02,Excelente recomendacion
U01413,1997,6.2,2023-06-11,La volveria a ver
U01413,21355,5.1,2026-03-11,Buena para recomendar
U01413,116745,7.0,2025-10-12,Visualmente increible
U01413,7518,4.9,2025-05-13,Historia entretenida
U01413,9045,7.6,2022-11-24,La volveria a ver
U01414,544,7.1,2025-02-09,La volveria a ver
U01414,11690,5.5,2026-02-24,Visualmente increible
U01414,1817,5.8,2024-12-22,Final inesperado
U01414,12144,6.0,2025-08-27,Buena para recomendar
U01414,17654,6.3,2025-12-25,Buen ritmo
U01414,9877,6.2,2025-03-13,La volveria a ver
U01414,2034,8.5,2025-02-05,Final inesperado
U01414,6020,6.1,2025-07-06,Final inesperado
U01414,19585,5.9,2026-03-09,Gran actuacion
U01414,12596,6.8,2025-07-12,Historia entretenida
U01414,32456,6.6,2025-02-09,Me gusto bastante
U01414,2687,5.1,2025-09-10,Final inesperado
U01414,285,7.5,2026-01-06,Final inesperado
U01414,7516,5.8,2025-01-10,Buena para recomendar
U01415,29595,7.7,2025-08-08,Buen ritmo
U01415,9335,6.9,2025-08-23,Buen ritmo
U01415,6973,7.9,2025-11-16,La volveria a ver
U01415,11090,5.9,2025-05-20,Visualmente increible
U01415,9289,7.7,2025-07-01,Me gusto bastante
U01415,1571,6.5,2025-08-19,Historia entretenida
U01415,16633,7.1,2026-04-01,Me gusto bastante
U01416,43630,6.2,2026-01-21,Buena para recomendar
U01416,16148,5.5,2024-12-19,Visualmente increible
U01416,29917,6.4,2025-03-11,Gran actuacion
U01416,34941,6.4,2026-01-04,Gran actuacion
U01416,9555,6.9,2025-06-18,Me gusto bastante
U01416,2652,7.0,2026-02-01,Gran actuacion
U01416,9686,7.5,2025-08-16,La volveria a ver
U01416,33667,8.3,2024-12-27,Excelente recomendacion
U01416,40001,3.9,2025-11-30,Buena para recomendar
U01417,11247,5.3,2026-04-08,La volveria a ver
U01417,16112,6.4,2024-07-26,Excelente recomendacion
U01417,10071,3.4,2024-08-29,Gran actuacion
U01417,576,7.5,2025-01-04,Gran actuacion
U01417,9516,7.7,2025-12-17,Excelente recomendacion
U01417,1576,7.3,2024-07-19,Gran actuacion
U01417,25941,7.7,2024-09-12,Gran actuacion
U01418,266647,7.0,2024-08-17,Excelente recomendacion
U01418,794,6.3,2025-05-06,Final inesperado
U01418,49051,8.0,2023-11-23,Excelente recomendacion
U01418,184345,5.2,2024-01-08,No era lo que esperaba
U01418,9389,6.8,2024-02-27,No era lo que esperaba
U01418,10655,5.7,2023-08-18,No era lo que esperaba
U01418,16899,7.2,2025-11-20,Final inesperado
U01419,16866,4.5,2025-11-27,Gran actuacion
U01419,921,7.3,2024-07-21,No era lo que esperaba
U01419,205,7.3,2024-12-03,La volveria a ver
U01419,315664,6.7,2025-02-06,Me gusto bastante
U01419,153,8.7,2023-08-14,Excelente recomendacion
U01419,10724,6.0,2024-12-06,La volveria a ver
U01419,164457,7.5,2025-08-20,Final inesperado
U01419,309809,7.6,2025-08-08,Buena para recomendar
U01419,109424,7.6,2026-03-08,No era lo que esperaba
U01419,10014,4.6,2026-02-02,Final inesperado
U01419,19912,3.9,2026-01-18,Visualmente increible
U01419,264644,9.3,2024-02-26,Gran actuacion
U01419,2275,6.1,2024-05-23,Excelente recomendacion
U01419,139948,5.4,2023-09-22,Historia entretenida
U01419,64690,8.0,2024-10-27,Me gusto bastante
U01420,12183,5.3,2024-02-18,Buen ritmo
U01420,1894,5.8,2025-05-04,Buen ritmo
U01420,14811,7.6,2025-06-03,Visualmente increible
U01420,241766,3.0,2026-02-08,Buen ritmo
U01420,9327,5.4,2026-03-03,No era lo que esperaba
U01420,9003,6.8,2025-09-10,Historia entretenida
U01420,426469,6.5,2026-01-31,Gran actuacion
U01420,10147,6.7,2024-03-04,Buena para recomendar
U01421,271110,6.6,2026-03-12,Gran actuacion
U01421,209112,4.4,2026-01-26,Gran actuacion
U01421,11499,6.5,2024-06-29,Final inesperado
U01421,35169,3.3,2026-02-27,Historia entretenida
U01421,9809,6.8,2024-11-22,No era lo que esperaba
U01421,84178,5.7,2023-11-10,Excelente recomendacion
U01421,766,6.6,2025-10-16,Me gusto bastante
U01421,14256,6.7,2024-05-18,Visualmente increible
U01421,5900,7.2,2025-11-05,Gran actuacion
U01421,10428,6.4,2024-02-11,Excelente recomendacion
U01421,38745,6.3,2025-11-24,Me gusto bastante
U01421,12486,2.6,2025-02-03,Historia entretenida
U01421,12837,6.2,2023-06-28,Me gusto bastante
U01421,13689,6.6,2024-02-26,Buena para recomendar
U01422,21755,5.9,2023-06-19,Final inesperado
U01422,176,7.2,2023-06-29,Excelente recomendacion
U01422,43546,6.5,2022-08-21,Buen ritmo
U01422,14778,7.1,2023-08-01,Historia entretenida
U01423,1535,7.8,2023-09-11,Historia entretenida
U01423,9290,3.8,2023-09-23,Gran actuacion
U01423,10710,5.2,2024-01-30,Buena para recomendar
U01423,268917,4.9,2026-01-05,Buena para recomendar
U01423,927,5.8,2025-05-24,No era lo que esperaba
U01423,10384,4.4,2022-11-09,Historia entretenida
U01423,19840,4.6,2023-08-09,La volveria a ver
U01423,35944,5.1,2023-04-03,Buen ritmo
U01423,11353,7.3,2024-12-22,Historia entretenida
U01423,70006,5.8,2022-09-09,Excelente recomendacion
U01424,14012,5.0,2025-04-29,La volveria a ver
U01424,12246,6.4,2026-01-23,Historia entretenida
U01424,2163,7.8,2025-06-28,No era lo que esperaba
U01424,21338,5.4,2025-09-02,Gran actuacion
U01424,45650,4.9,2026-03-14,Buen ritmo
U01424,309,8.2,2026-03-15,Me gusto bastante
U01425,67660,5.8,2024-09-30,Buen ritmo
U01425,6519,5.1,2024-08-09,Buen ritmo
U01425,84200,5.3,2025-10-31,Buena para recomendar
U01425,10215,6.3,2025-04-27,Visualmente increible
U01425,11458,4.2,2024-08-25,Visualmente increible
U01425,157547,5.2,2024-10-14,Excelente recomendacion
U01425,13788,4.3,2024-07-19,Visualmente increible
U01425,64499,5.6,2024-08-11,Buena para recomendar
U01426,28932,7.0,2025-10-25,No era lo que esperaba
U01426,40807,7.3,2024-04-07,Me gusto bastante
U01426,7870,4.9,2025-03-02,Historia entretenida
U01426,60308,7.4,2025-01-08,Gran actuacion
U01426,9268,4.6,2025-02-25,Excelente recomendacion
U01426,14538,7.1,2025-11-01,No era lo que esperaba
U01426,9763,6.4,2025-03-18,La volveria a ver
U01427,2085,5.9,2026-01-31,Gran actuacion
U01427,9447,6.7,2026-01-24,Historia entretenida
U01427,294086,6.2,2026-03-11,Me gusto bastante
U01427,240832,7.3,2026-01-17,Visualmente increible
U01428,10034,5.1,2023-01-15,Excelente recomendacion
U01428,3766,8.2,2024-03-26,Final inesperado
U01428,227719,6.7,2025-11-16,Buena para recomendar
U01428,12454,6.3,2023-03-01,Excelente recomendacion
U01428,873,7.4,2024-01-22,Visualmente increible
U01428,158852,7.2,2022-10-19,Buena para recomendar
U01428,283445,5.2,2023-01-08,Me gusto bastante
U01428,198184,7.5,2025-06-16,Final inesperado
U01428,71547,4.0,2024-05-21,Visualmente increible
U01428,280,9.2,2022-05-08,Historia entretenida
U01428,8461,5.3,2023-04-01,Excelente recomendacion
U01428,5955,5.0,2022-11-02,Gran actuacion
U01429,6521,7.5,2026-04-07,Final inesperado
U01429,11036,6.8,2026-01-24,Visualmente increible
U01429,9089,7.4,2026-03-04,La volveria a ver
U01429,125490,5.0,2026-01-27,La volveria a ver
U01429,18,7.8,2026-02-18,Gran actuacion
U01429,29514,6.7,2026-04-10,Buen ritmo
U01429,11202,8.0,2026-03-11,No era lo que esperaba
U01429,10139,7.4,2026-02-24,No era lo que esperaba
U01429,14181,5.4,2026-01-28,La volveria a ver
U01429,22970,7.1,2026-02-09,Gran actuacion
U01429,130150,7.8,2026-01-24,Buena para recomendar
U01429,1726,6.3,2026-02-13,Final inesperado
U01430,16448,8.0,2025-04-17,Gran actuacion
U01430,10414,7.2,2025-09-30,Me gusto bastante
U01430,20653,5.8,2025-05-09,Final inesperado
U01430,979,6.8,2025-09-16,Buena para recomendar
U01430,215881,6.3,2025-05-09,Buena para recomendar
U01430,350,6.3,2025-06-22,Final inesperado
U01430,76203,7.3,2025-12-23,Me gusto bastante
U01431,470,5.8,2022-07-21,La volveria a ver
U01431,11644,7.1,2022-08-31,Historia entretenida
U01431,16288,6.8,2024-10-17,Gran actuacion
U01431,12479,6.5,2023-01-01,Historia entretenida
U01431,9280,6.7,2023-01-10,Buena para recomendar
U01431,271718,5.8,2022-11-03,Visualmente increible
U01431,174311,5.1,2025-06-17,Buena para recomendar
U01432,11072,6.6,2023-08-12,Final inesperado
U01432,321,6.9,2025-06-12,Historia entretenida
U01432,423,8.4,2025-06-29,Buena para recomendar
U01432,155,9.6,2024-02-02,Historia entretenida
U01432,11823,5.7,2024-09-21,La volveria a ver
U01432,2604,6.2,2024-08-20,La volveria a ver
U01432,20981,7.6,2024-05-25,Me gusto bastante
U01432,15708,6.6,2024-05-16,Excelente recomendacion
U01432,31007,6.3,2025-06-29,Excelente recomendacion
U01432,826,9.1,2026-02-09,Buen ritmo
U01432,11888,4.6,2024-12-19,La volveria a ver
U01433,688,8.2,2023-09-04,Final inesperado
U01433,5038,6.8,2024-06-19,Visualmente increible
U01433,36669,6.3,2024-02-09,No era lo que esperaba
U01434,1018,8.1,2025-09-04,Excelente recomendacion
U01434,69848,8.0,2025-04-08,Final inesperado
U01434,1123,5.1,2025-02-14,Final inesperado
U01434,365222,7.3,2026-02-17,Final inesperado
U01434,401,6.2,2025-07-11,Excelente recomendacion
U01434,223485,5.8,2025-06-26,La volveria a ver
U01434,17043,3.8,2025-01-14,Buen ritmo
U01435,166624,4.6,2025-01-25,Final inesperado
U01435,79120,7.4,2024-02-22,Excelente recomendacion
U01435,10559,5.8,2024-01-20,Buen ritmo
U01435,105864,6.8,2025-10-19,Historia entretenida
U01435,44562,4.3,2026-01-16,Buena para recomendar
U01435,25209,6.9,2025-08-17,Buen ritmo
U01435,1687,6.9,2024-06-05,Visualmente increible
U01435,32579,5.9,2024-01-16,Final inesperado
U01435,172,6.0,2025-08-09,La volveria a ver
U01435,13982,6.1,2025-07-16,Final inesperado
U01435,14729,7.3,2025-06-21,Gran actuacion
U01435,186935,6.6,2025-02-06,Excelente recomendacion
U01435,249164,6.7,2025-10-13,Historia entretenida
U01435,239897,1.0,2025-10-24,Buena para recomendar
U01436,22,8.2,2025-10-31,Final inesperado
U01436,7364,5.2,2025-12-19,Me gusto bastante
U01436,28353,5.3,2026-01-17,Gran actuacion
U01436,33,7.8,2025-10-24,Buena para recomendar
U01436,51162,5.8,2025-12-27,Historia entretenida
U01436,7453,8.0,2026-02-15,Gran actuacion
U01436,578,7.6,2026-02-20,Gran actuacion
U01436,49950,3.9,2026-02-08,Historia entretenida
U01436,227735,7.8,2025-12-18,La volveria a ver
U01436,9357,6.6,2025-11-02,Excelente recomendacion
U01437,16617,6.2,2026-03-28,Excelente recomendacion
U01437,7214,8.7,2025-06-15,Gran actuacion
U01437,122906,8.5,2024-12-18,Buen ritmo
U01437,28121,5.5,2023-06-01,Me gusto bastante
U01437,3062,5.5,2026-04-08,Me gusto bastante
U01437,263503,3.3,2023-11-01,Me gusto bastante
U01437,433,7.1,2024-06-14,Final inesperado
U01438,259943,7.0,2026-01-20,Gran actuacion
U01438,254470,6.8,2026-03-21,Final inesperado
U01438,311,9.0,2025-10-31,Final inesperado
U01438,101267,7.2,2024-06-22,Visualmente increible
U01438,89540,5.6,2026-02-03,Buena para recomendar
U01438,11535,2.1,2024-04-01,Final inesperado
U01438,7978,5.4,2025-02-16,Final inesperado
U01438,49953,5.0,2024-03-26,Buen ritmo
U01438,395,4.2,2024-11-22,Buen ritmo
U01438,50538,7.1,2024-12-08,Historia entretenida
U01438,98568,6.9,2026-01-04,Excelente recomendacion
U01438,16538,7.5,2023-11-12,Visualmente increible
U01438,10970,6.0,2026-01-30,Excelente recomendacion
U01439,245703,6.2,2024-01-22,Gran actuacion
U01439,8967,6.4,2024-03-04,Visualmente increible
U01439,9339,6.6,2022-07-06,Buen ritmo
U01439,1422,6.8,2024-03-20,Historia entretenida
U01439,338,7.4,2023-04-02,Historia entretenida
U01439,68924,5.5,2024-08-19,Visualmente increible
U01440,11835,7.2,2023-11-21,Buen ritmo
U01440,1883,6.0,2025-08-02,Final inesperado
U01440,43947,7.2,2025-12-23,Gran actuacion
U01440,13937,4.7,2025-12-04,Buena para recomendar
U01440,1368,8.0,2024-08-21,No era lo que esperaba
U01440,39269,5.0,2024-03-05,Visualmente increible
U01440,14278,7.4,2025-05-25,Buena para recomendar
U01440,9361,5.8,2025-07-30,Me gusto bastante
U01440,714,6.8,2024-06-16,Final inesperado
U01440,181330,8.1,2025-12-15,Me gusto bastante
U01440,86812,4.9,2026-03-07,Historia entretenida
U01440,1091,7.9,2024-04-04,Visualmente increible
U01441,231617,7.3,2025-04-29,Buena para recomendar
U01441,102362,6.3,2023-07-09,Me gusto bastante
U01441,9489,6.9,2026-02-10,Buena para recomendar
U01442,209112,5.5,2025-04-05,No era lo que esperaba
U01442,1213,6.4,2025-08-24,Gran actuacion
U01442,75174,6.8,2025-09-10,Me gusto bastante
U01442,10947,5.0,2025-04-14,Gran actuacion
U01442,11004,6.9,2026-04-08,Gran actuacion
U01442,75,6.2,2025-05-04,Gran actuacion
U01442,97020,5.2,2025-03-21,No era lo que esperaba
U01442,4032,6.9,2025-12-23,Buena para recomendar
U01442,41283,5.1,2024-12-15,Excelente recomendacion
U01442,8488,5.6,2025-08-01,Historia entretenida
U01442,8619,7.6,2025-06-07,Final inesperado
U01442,68718,7.7,2025-10-29,No era lo que esperaba
U01443,1996,4.7,2024-10-17,Historia entretenida
U01443,12400,6.7,2025-06-20,Final inesperado
U01443,1677,6.4,2025-09-11,Final inesperado
U01443,13673,6.0,2024-07-31,Historia entretenida
U01443,9550,6.7,2024-08-24,La volveria a ver
U01443,23631,7.8,2024-07-31,La volveria a ver
U01444,1417,7.3,2025-11-11,Historia entretenida
U01444,802,6.2,2026-02-25,Buen ritmo
U01444,1272,6.6,2026-03-25,Buena para recomendar
U01444,507,5.0,2025-10-02,Buena para recomendar
U01444,51588,5.0,2025-09-01,Visualmente increible
U01444,227707,5.3,2025-07-04,Final inesperado
U01444,10567,5.1,2025-12-13,La volveria a ver
U01444,562,6.3,2026-01-02,Buen ritmo
U01445,14834,5.6,2024-01-28,Me gusto bastante
U01445,10982,6.0,2024-04-22,Me gusto bastante
U01445,13158,5.2,2024-10-27,No era lo que esperaba
U01445,20737,5.5,2022-07-30,Final inesperado
U01445,27191,7.4,2024-11-02,Visualmente increible
U01445,157350,7.1,2024-07-30,Me gusto bastante
U01445,795,6.3,2023-09-25,Excelente recomendacion
U01445,76341,8.4,2023-10-17,Buena para recomendar
U01445,12103,7.1,2026-01-15,La volveria a ver
U01445,9644,5.3,2025-11-14,Buen ritmo
U01445,90414,6.2,2024-05-22,Historia entretenida
U01445,22908,6.7,2026-01-28,Buena para recomendar
U01445,242582,9.0,2025-04-25,Gran actuacion
U01445,13166,4.3,2026-04-01,Excelente recomendacion
U01445,694,8.0,2023-05-23,Excelente recomendacion
U01446,44865,6.3,2026-01-12,No era lo que esperaba
U01446,10060,7.3,2026-03-04,Historia entretenida
U01446,10074,6.6,2026-02-17,Historia entretenida
U01446,61984,7.6,2025-12-09,La volveria a ver
U01446,10765,7.3,2026-01-09,Gran actuacion
U01446,10764,7.1,2026-02-19,Me gusto bastante
U01446,15121,8.0,2025-12-15,Final inesperado
U01446,504,6.1,2025-11-06,Final inesperado
U01446,10481,6.3,2025-12-27,La volveria a ver
U01447,639,8.1,2026-01-24,Me gusto bastante
U01447,8587,9.5,2026-04-02,Visualmente increible
U01447,109445,8.8,2026-02-21,Buena para recomendar
U01447,10215,5.4,2026-03-01,Buen ritmo
U01447,1724,6.2,2026-02-08,Visualmente increible
U01447,11287,5.9,2026-01-10,Me gusto bastante
U01447,283708,7.9,2026-02-11,Visualmente increible
U01447,10719,6.1,2026-04-09,Buen ritmo
U01447,206197,6.9,2026-01-19,Buen ritmo
U01447,13536,5.9,2026-02-04,La volveria a ver
U01448,47686,8.0,2025-06-26,Buen ritmo
U01448,19457,7.3,2026-01-07,Gran actuacion
U01448,11979,6.9,2025-07-11,Buena para recomendar
U01448,16110,5.7,2026-03-24,Excelente recomendacion
U01448,41216,5.0,2024-12-04,Visualmente increible
U01448,12163,7.5,2026-02-04,Buen ritmo
U01448,13600,5.2,2024-10-22,No era lo que esperaba
U01448,9016,8.1,2025-07-19,Buen ritmo
U01448,65,8.0,2024-12-20,Me gusto bastante
U01448,46528,6.9,2025-11-07,Me gusto bastante
U01448,21972,5.0,2024-10-17,Final inesperado
U01448,11632,5.5,2024-12-13,Final inesperado
U01449,28,8.5,2026-04-08,Excelente recomendacion
U01449,17979,7.4,2025-12-18,Gran actuacion
U01449,107985,7.0,2025-12-21,Historia entretenida
U01449,44040,5.4,2026-02-18,No era lo que esperaba
U01449,20862,7.1,2026-03-13,Final inesperado
U01449,9361,6.8,2025-11-24,Me gusto bastante
U01450,1577,4.6,2026-01-25,Excelente recomendacion
U01450,863,8.2,2025-06-03,Excelente recomendacion
U01450,13282,6.9,2025-10-26,Excelente recomendacion
U01450,36419,6.7,2025-04-02,Me gusto bastante
U01450,136795,6.0,2026-04-10,Historia entretenida
U01450,141,6.4,2026-03-13,Excelente recomendacion
U01450,10184,5.6,2025-05-07,Buena para recomendar
U01450,10195,5.9,2025-12-27,Final inesperado
U01450,205,7.8,2025-04-30,Buen ritmo
U01450,8435,7.7,2025-09-09,Buena para recomendar
U01450,10861,4.1,2025-05-18,Final inesperado
U01450,539,7.0,2025-09-19,No era lo que esperaba
U01451,38415,4.3,2025-08-25,Me gusto bastante
U01451,284,7.0,2025-02-02,Historia entretenida
U01451,16869,7.5,2025-02-22,Gran actuacion
U01451,17820,5.8,2026-01-04,Historia entretenida
U01451,198663,6.0,2026-04-10,No era lo que esperaba
U01451,41210,4.4,2026-03-08,No era lo que esperaba
U01451,16995,7.5,2025-04-24,Final inesperado
U01451,321741,7.2,2025-05-06,Buen ritmo
U01451,60400,6.0,2025-12-31,Buena para recomendar
U01451,192141,6.6,2025-11-08,Excelente recomendacion
U01451,68722,6.7,2026-04-10,No era lo que esperaba
U01452,18869,4.6,2025-03-05,Visualmente increible
U01452,8840,7.7,2023-04-10,Historia entretenida
U01452,9016,6.8,2025-06-27,Me gusto bastante
U01452,2110,6.5,2024-07-08,La volveria a ver
U01452,597,7.2,2025-07-14,Buen ritmo
U01452,12763,6.1,2025-08-11,Gran actuacion
U01452,8328,7.8,2024-10-29,Buena para recomendar
U01452,228194,6.6,2024-02-28,No era lo que esperaba
U01452,641,7.9,2022-12-13,Visualmente increible
U01452,380,9.1,2025-11-09,Me gusto bastante
U01452,158015,5.0,2024-01-01,Buen ritmo
U01452,188207,4.0,2024-08-19,Final inesperado
U01452,244403,7.1,2023-05-20,Historia entretenida
U01452,11495,5.8,2025-01-25,Final inesperado
U01452,10238,6.7,2024-07-20,Me gusto bastante
U01452,37707,7.0,2023-01-22,No era lo que esperaba
U01452,11342,6.4,2026-02-10,Gran actuacion
U01453,62630,6.4,2025-06-09,La volveria a ver
U01453,256917,5.4,2025-08-07,Gran actuacion
U01453,141,6.3,2026-01-29,Historia entretenida
U01453,12877,6.3,2025-03-30,Final inesperado
U01453,116584,6.2,2025-07-28,Gran actuacion
U01453,44040,7.2,2025-09-17,No era lo que esperaba
U01453,8413,5.4,2025-06-04,No era lo que esperaba
U01453,10061,6.5,2025-07-21,Buen ritmo
U01453,38317,5.7,2025-08-09,Buena para recomendar
U01453,10876,7.5,2026-03-17,Buena para recomendar
U01454,4614,5.6,2026-04-01,Buen ritmo
U01454,5175,6.9,2026-02-20,Buena para recomendar
U01454,1734,7.0,2026-02-21,Final inesperado
U01454,9290,3.9,2025-06-24,No era lo que esperaba
U01454,68724,7.7,2025-12-06,Buen ritmo
U01454,8966,7.0,2025-07-31,Final inesperado
U01454,38985,7.4,2025-08-01,Historia entretenida
U01454,95,5.8,2026-02-13,Final inesperado
U01454,21338,6.2,2025-06-09,Me gusto bastante
U01454,943,6.3,2026-01-18,No era lo que esperaba
U01454,225886,5.4,2025-09-28,No era lo que esperaba
U01454,68735,5.0,2025-10-05,No era lo que esperaba
U01454,285,8.3,2025-11-06,Buen ritmo
U01455,788,5.9,2024-08-26,Visualmente increible
U01455,7446,5.3,2024-10-22,Me gusto bastante
U01455,23570,5.3,2024-03-29,La volveria a ver
U01455,581,8.7,2024-10-24,La volveria a ver
U01455,7345,9.2,2024-07-08,Buena para recomendar
U01455,31005,6.2,2022-08-09,Final inesperado
U01455,309809,7.0,2022-06-09,Historia entretenida
U01455,131634,6.5,2024-05-05,No era lo que esperaba
U01455,8681,6.0,2025-12-19,Final inesperado
U01455,68818,7.0,2023-04-16,Final inesperado
U01455,36669,6.2,2022-08-02,Me gusto bastante
U01456,287903,6.7,2025-03-30,Historia entretenida
U01456,9449,4.9,2023-09-02,Gran actuacion
U01456,42297,7.0,2026-03-17,Me gusto bastante
U01456,10468,6.0,2024-06-14,Buen ritmo
U01456,2787,5.8,2023-01-06,Me gusto bastante
U01456,29912,7.1,2025-09-14,Excelente recomendacion
U01456,74,5.1,2024-03-19,Me gusto bastante
U01456,11697,8.1,2025-11-12,No era lo que esperaba
U01456,4517,6.9,2023-09-05,Historia entretenida
U01456,323676,6.2,2023-09-12,No era lo que esperaba
U01456,8961,7.4,2025-09-14,Buena para recomendar
U01456,464,5.4,2024-03-26,La volveria a ver
U01457,311,9.2,2025-10-27,Buena para recomendar
U01457,68724,7.1,2025-12-05,Buen ritmo
U01457,77883,7.0,2026-02-02,Buena para recomendar
U01457,25,6.8,2025-11-30,No era lo que esperaba
U01457,979,6.3,2025-04-04,Final inesperado
U01457,826,6.5,2025-11-07,Buen ritmo
U01457,34043,4.2,2025-11-01,No era lo que esperaba
U01457,55903,7.4,2025-05-24,Me gusto bastante
U01457,87499,5.3,2025-06-09,Excelente recomendacion
U01457,16523,7.4,2026-04-04,La volveria a ver
U01458,11827,7.5,2026-01-27,Buen ritmo
U01458,30973,7.5,2026-03-18,La volveria a ver
U01458,9288,5.1,2026-03-17,Buen ritmo
U01458,242083,5.5,2026-03-24,Historia entretenida
U01458,379532,5.4,2025-11-09,Buen ritmo
U01458,10913,7.1,2026-03-19,Buen ritmo
U01458,15907,7.8,2025-11-19,Historia entretenida
U01458,37056,6.6,2026-02-06,Excelente recomendacion
U01458,5123,7.5,2025-10-28,Visualmente increible
U01459,1584,5.9,2025-06-06,Visualmente increible
U01459,480,5.9,2025-12-11,Final inesperado
U01459,810,6.4,2025-05-20,Buen ritmo
U01459,156022,7.2,2026-02-08,Visualmente increible
U01459,503,4.4,2025-08-17,Buena para recomendar
U01459,66767,5.0,2025-12-06,No era lo que esperaba
U01459,45272,4.9,2025-12-10,Excelente recomendacion
U01459,8975,4.4,2025-02-09,Buena para recomendar
U01459,11371,5.7,2025-02-15,Buen ritmo
U01460,5,5.3,2023-05-02,Visualmente increible
U01460,10054,4.5,2023-07-26,La volveria a ver
U01460,262504,4.6,2024-08-20,Gran actuacion
U01460,13001,7.9,2023-10-17,La volveria a ver
U01460,16448,7.5,2024-06-28,Gran actuacion
U01460,44040,5.3,2024-01-14,No era lo que esperaba
U01460,106646,6.9,2025-12-28,Historia entretenida
U01460,84197,5.7,2024-07-26,Buena para recomendar
U01460,345,6.6,2025-12-30,Historia entretenida
U01460,2395,6.4,2025-10-31,La volveria a ver
U01460,9342,7.0,2024-03-28,Final inesperado
U01460,53953,5.4,2024-10-02,Gran actuacion
U01460,11001,5.3,2024-05-06,Buena para recomendar
U01461,232672,8.1,2024-04-22,Me gusto bastante
U01461,69668,5.3,2025-04-21,Final inesperado
U01461,3083,7.0,2025-02-03,Buena para recomendar
U01461,73,8.8,2024-04-28,Excelente recomendacion
U01461,1273,7.2,2025-08-10,Excelente recomendacion
U01462,27723,7.3,2025-11-09,Buena para recomendar
U01462,270938,5.8,2025-10-25,Visualmente increible
U01462,9799,7.1,2025-07-21,Visualmente increible
U01462,16406,7.1,2025-04-06,La volveria a ver
U01462,6488,6.9,2026-02-23,Visualmente increible
U01462,9457,5.0,2025-09-19,Buena para recomendar
U01462,31915,6.7,2026-04-08,La volveria a ver
U01462,7484,5.3,2026-03-20,No era lo que esperaba
U01462,333348,5.1,2025-07-28,Buena para recomendar
U01463,5,7.6,2026-03-23,Excelente recomendacion
U01463,22074,6.7,2026-03-24,Me gusto bastante
U01463,13121,4.1,2026-03-21,No era lo que esperaba
U01463,125490,5.4,2026-03-30,Visualmente increible
U01463,9285,6.1,2026-04-04,Excelente recomendacion
U01463,43933,7.6,2026-03-11,Final inesperado
U01463,12183,5.4,2026-03-17,Me gusto bastante
U01463,89857,6.0,2026-03-30,Me gusto bastante
U01463,27360,6.3,2026-04-03,Historia entretenida
U01463,9989,5.4,2026-03-08,Gran actuacion
U01463,13809,6.2,2026-04-03,Me gusto bastante
U01463,82990,4.8,2026-03-20,Historia entretenida
U01463,11199,6.2,2026-03-11,Me gusto bastante
U01463,9573,6.2,2026-03-26,Visualmente increible
U01464,87,6.7,2025-09-24,Buena para recomendar
U01464,10684,6.6,2024-03-03,Me gusto bastante
U01464,16653,6.1,2025-12-09,La volveria a ver
U01464,1562,7.1,2023-09-10,Visualmente increible
U01464,16869,7.2,2025-01-17,No era lo que esperaba
U01464,37950,5.4,2025-02-23,Visualmente increible
U01464,231617,6.2,2025-08-10,Gran actuacion
U01464,21301,6.2,2024-05-28,Visualmente increible
U01464,24266,5.7,2024-04-20,Historia entretenida
U01465,1417,7.1,2025-07-26,Visualmente increible
U01465,1544,7.1,2024-07-24,Gran actuacion
U01465,562,8.6,2024-03-09,La volveria a ver
U01465,767,8.9,2024-03-31,Buena para recomendar
U01465,286565,4.8,2026-03-31,Excelente recomendacion
U01465,9729,5.3,2025-12-24,Buen ritmo
U01465,46849,6.0,2023-12-08,No era lo que esperaba
U01465,9806,8.6,2026-03-30,Me gusto bastante
U01465,5172,5.9,2024-06-19,Gran actuacion
U01465,850,7.6,2025-01-07,Buen ritmo
U01466,10996,3.9,2024-07-03,No era lo que esperaba
U01466,41513,4.5,2023-10-05,Historia entretenida
U01466,367961,7.9,2024-01-07,Me gusto bastante
U01466,339984,7.1,2025-09-13,Historia entretenida
U01466,6478,7.4,2025-09-28,Me gusto bastante
U01466,76758,6.9,2025-03-23,Buena para recomendar
U01466,2023,7.5,2023-09-18,Visualmente increible
U01467,16241,7.4,2026-03-21,Me gusto bastante
U01467,14120,6.7,2024-06-06,La volveria a ver
U01467,2925,6.9,2024-05-05,Buen ritmo
U01467,10179,5.6,2024-10-26,Gran actuacion
U01468,40862,9.3,2024-07-06,Final inesperado
U01468,7443,6.2,2023-10-14,Gran actuacion
U01468,257211,5.7,2023-11-11,Buen ritmo
U01468,67238,7.5,2025-02-21,Buena para recomendar
U01468,20468,7.0,2024-01-16,No era lo que esperaba
U01468,65086,6.7,2025-05-08,Historia entretenida
U01468,137113,7.1,2025-09-22,La volveria a ver
U01468,50497,5.8,2025-05-16,Excelente recomendacion
U01469,8953,7.9,2024-05-01,La volveria a ver
U01469,66468,3.2,2025-02-21,Historia entretenida
U01469,57214,6.7,2024-05-26,No era lo que esperaba
U01469,334527,6.6,2024-08-27,Visualmente increible
U01469,42188,8.0,2026-04-07,Historia entretenida
U01469,10136,6.9,2026-03-31,Gran actuacion
U01469,708,5.6,2024-12-19,Final inesperado
U01469,546,7.8,2025-02-16,Gran actuacion
U01469,18292,6.5,2025-09-25,Excelente recomendacion
U01469,12412,4.8,2025-06-30,No era lo que esperaba
U01470,28211,6.8,2025-10-14,Final inesperado
U01470,25195,4.9,2026-03-18,Me gusto bastante
U01470,59962,6.6,2025-09-29,Gran actuacion
U01470,10861,4.3,2026-03-29,Buen ritmo
U01471,4251,8.4,2025-07-30,Gran actuacion
U01471,10877,6.8,2025-02-28,Buena para recomendar
U01471,27582,6.5,2025-02-20,La volveria a ver
U01471,11467,6.7,2025-05-28,Final inesperado
U01471,25388,6.1,2024-04-27,Me gusto bastante
U01471,82650,5.2,2025-04-17,Historia entretenida
U01471,510,7.5,2024-07-18,Excelente recomendacion
U01471,10806,5.2,2025-12-13,Final inesperado
U01471,39013,5.7,2024-11-03,Buen ritmo
U01471,10135,5.9,2025-04-06,Final inesperado
U01471,16388,7.2,2025-04-05,Visualmente increible
U01471,464,6.6,2025-07-18,Buena para recomendar
U01471,172385,5.4,2025-06-02,Final inesperado
U01472,7459,4.2,2023-06-21,Buena para recomendar
U01472,953,7.5,2024-09-07,No era lo que esperaba
U01472,266647,4.4,2025-05-04,Buena para recomendar
U01472,157353,5.7,2023-08-28,Historia entretenida
U01472,4257,3.9,2026-01-20,Buena para recomendar
U01473,31175,8.2,2023-12-01,Visualmente increible
U01473,8967,7.9,2025-11-11,Buena para recomendar
U01473,49049,6.7,2022-12-15,Buena para recomendar
U01473,11091,7.9,2025-09-16,Historia entretenida
U01473,25196,7.6,2024-11-02,Buen ritmo
U01473,14293,5.7,2024-04-07,Final inesperado
U01474,19901,6.9,2026-03-01,Visualmente increible
U01474,17139,7.4,2026-02-13,La volveria a ver
U01475,1779,8.7,2025-06-08,Final inesperado
U01475,18900,7.4,2025-05-06,Me gusto bastante
U01475,257344,4.2,2025-01-29,Historia entretenida
U01475,8456,6.4,2025-11-15,Final inesperado
U01476,141,8.7,2025-12-03,La volveria a ver
U01476,13510,5.4,2024-10-15,Final inesperado
U01476,10822,7.0,2023-05-31,Buen ritmo
U01476,10861,5.3,2026-03-04,Gran actuacion
U01476,562,8.0,2023-05-01,Final inesperado
U01477,27022,5.2,2024-09-06,Excelente recomendacion
U01477,122917,8.5,2025-06-30,Visualmente increible
U01477,356987,4.5,2024-02-15,No era lo que esperaba
U01477,75531,5.2,2024-08-26,La volveria a ver
U01477,13201,5.4,2024-12-24,Me gusto bastante
U01477,16337,6.6,2026-01-14,Gran actuacion
U01477,54138,6.0,2026-03-29,Me gusto bastante
U01477,4816,7.4,2025-06-25,Buena para recomendar
U01477,84174,5.9,2026-01-02,Me gusto bastante
U01477,193610,5.6,2024-01-23,Me gusto bastante
U01477,250546,7.1,2024-11-30,Gran actuacion
U01477,12158,6.0,2025-04-04,Excelente recomendacion
U01477,159770,7.3,2026-01-21,Final inesperado
U01477,4379,6.3,2025-09-11,Historia entretenida
U01478,10673,5.9,2026-01-22,Visualmente increible
U01478,4614,7.1,2026-03-05,Final inesperado
U01478,10629,8.2,2026-02-13,Excelente recomendacion
U01478,60422,6.5,2025-12-10,Excelente recomendacion
U01478,11342,5.1,2026-01-10,Gran actuacion
U01478,14574,8.2,2026-03-05,No era lo que esperaba
U01478,13056,4.5,2026-02-05,Me gusto bastante
U01479,25195,6.1,2024-07-05,Gran actuacion
U01479,4967,4.8,2023-01-03,Buen ritmo
U01479,617,5.9,2025-03-13,No era lo que esperaba
U01479,2502,7.4,2026-03-08,Final inesperado
U01479,771,8.4,2025-11-21,La volveria a ver
U01479,13132,7.3,2022-07-21,Excelente recomendacion
U01480,52451,6.6,2024-01-17,Me gusto bastante
U01480,10685,5.5,2025-11-26,No era lo que esperaba
U01480,61984,6.3,2025-06-11,La volveria a ver
U01480,550,9.5,2023-10-30,Final inesperado
U01480,18885,4.4,2024-08-18,No era lo que esperaba
U01480,2567,8.4,2023-06-20,No era lo que esperaba
U01480,27983,6.7,2025-09-18,Visualmente increible
U01480,539,8.9,2023-07-13,No era lo que esperaba
U01481,2621,7.3,2025-10-29,Me gusto bastante
U01481,14033,3.1,2026-01-11,Buena para recomendar
U01481,157386,6.9,2026-02-09,Buen ritmo
U01481,9516,7.4,2026-02-03,Gran actuacion
U01481,238615,6.5,2026-01-08,Buena para recomendar
U01481,2309,6.8,2026-01-14,Excelente recomendacion
U01481,14043,7.3,2026-02-01,No era lo que esperaba
U01482,291081,5.7,2024-11-18,No era lo que esperaba
U01482,2155,5.8,2026-04-08,Gran actuacion
U01482,3021,5.3,2026-02-07,Buen ritmo
U01482,120,7.7,2025-05-10,Visualmente increible
U01482,264999,5.8,2025-06-24,Gran actuacion
U01482,11588,7.0,2025-09-02,Visualmente increible
U01482,53113,6.4,2025-07-27,No era lo que esperaba
U01482,11051,5.6,2025-04-03,Me gusto bastante
U01482,131634,6.6,2025-06-03,Final inesperado
U01482,22971,7.6,2025-07-05,Buen ritmo
U01482,9334,4.9,2026-03-24,No era lo que esperaba
U01482,272878,7.2,2026-01-08,Final inesperado
U01482,22051,6.8,2025-01-13,Buen ritmo
U01482,174362,4.3,2025-01-16,Gran actuacion
U01483,924,6.5,2024-07-27,Excelente recomendacion
U01483,17332,5.2,2026-03-10,Historia entretenida
U01483,26665,6.8,2024-07-14,Buena para recomendar
U01483,154,5.9,2024-07-31,Me gusto bastante
U01484,193613,6.8,2024-10-06,Visualmente increible
U01484,18823,4.8,2024-11-12,La volveria a ver
U01484,5559,6.8,2024-06-09,Me gusto bastante
U01484,168259,7.1,2024-05-15,Excelente recomendacion
U01484,13483,7.6,2025-03-30,Visualmente increible
U01484,8885,6.5,2026-03-08,Historia entretenida
U01485,11802,5.6,2026-02-08,Final inesperado
U01485,14175,5.3,2025-05-16,Buen ritmo
U01485,816,7.4,2024-11-24,Final inesperado
U01485,15256,4.9,2026-02-02,Final inesperado
U01485,15800,6.9,2025-06-21,Buena para recomendar
U01485,16651,7.3,2026-03-12,Gran actuacion
U01485,11353,7.4,2025-11-15,La volveria a ver
U01485,41894,5.3,2025-07-03,Final inesperado
U01485,86838,7.0,2026-01-04,Visualmente increible
U01486,9618,6.8,2023-06-19,Gran actuacion
U01486,248774,7.4,2026-03-27,Excelente recomendacion
U01486,9526,5.1,2024-12-22,Me gusto bastante
U01486,25975,6.3,2023-08-22,No era lo que esperaba
U01486,9502,7.0,2023-10-17,No era lo que esperaba
U01486,619,6.4,2022-11-29,Final inesperado
U01486,10707,7.2,2025-09-22,No era lo que esperaba
U01486,1931,7.2,2022-11-04,Gran actuacion
U01486,15568,6.1,2023-03-22,Excelente recomendacion
U01487,82702,7.1,2026-02-08,Me gusto bastante
U01487,2428,6.2,2025-11-20,Historia entretenida
U01487,75986,5.6,2026-01-09,Visualmente increible
U01487,269057,8.1,2025-05-25,Buena para recomendar
U01487,957,7.0,2026-04-10,Gran actuacion
U01487,2148,6.4,2025-04-28,Buena para recomendar
U01487,640,8.1,2025-04-22,Visualmente increible
U01487,228970,7.2,2026-02-16,Excelente recomendacion
U01487,4349,6.8,2025-09-20,Buen ritmo
U01488,9444,6.5,2026-01-08,Gran actuacion
U01488,423,7.4,2025-12-03,Historia entretenida
U01488,11093,7.6,2025-09-13,Excelente recomendacion
U01488,315011,5.8,2025-12-17,Gran actuacion
U01488,9549,6.8,2026-01-13,Historia entretenida
U01488,58574,7.6,2026-02-22,Excelente recomendacion
U01488,10844,5.3,2026-02-07,Visualmente increible
U01488,8999,6.2,2025-09-18,Final inesperado
U01488,4912,7.2,2026-02-06,Me gusto bastante
U01488,16996,5.3,2025-09-17,Excelente recomendacion
U01489,455,7.4,2025-01-13,No era lo que esperaba
U01489,9637,6.9,2024-12-14,Me gusto bastante
U01489,16871,6.3,2023-09-03,La volveria a ver
U01489,29963,7.0,2024-02-20,Gran actuacion
U01489,20764,6.9,2023-01-29,La volveria a ver
U01489,10710,6.3,2025-11-25,Me gusto bastante
U01489,1792,4.1,2024-06-07,La volveria a ver
U01489,29920,6.3,2023-08-19,Excelente recomendacion
U01489,323676,4.1,2025-07-01,Gran actuacion
U01489,48217,6.9,2025-05-12,Excelente recomendacion
U01490,13342,8.0,2023-06-16,Buen ritmo
U01490,205,8.9,2022-12-25,Me gusto bastante
U01490,43539,7.6,2025-05-23,No era lo que esperaba
U01490,11363,5.9,2026-03-06,Gran actuacion
U01490,9969,6.6,2026-03-28,La volveria a ver
U01490,3175,8.1,2024-07-20,Me gusto bastante
U01490,9074,6.4,2025-09-06,Buena para recomendar
U01490,75638,7.1,2023-05-20,No era lo que esperaba
U01490,1164,5.4,2024-04-20,Final inesperado
U01490,80271,6.4,2024-11-02,Historia entretenida
U01490,46849,6.5,2023-04-04,Me gusto bastante
U01490,35944,5.1,2025-08-06,Historia entretenida
U01490,80585,7.0,2026-03-11,Buen ritmo
U01491,365052,8.5,2025-06-16,La volveria a ver
U01491,248774,7.5,2023-08-21,La volveria a ver
U01491,70687,3.7,2025-11-26,Me gusto bastante
U01491,138976,4.5,2025-01-01,Visualmente increible
U01492,245916,5.1,2026-03-04,La volveria a ver
U01492,56715,4.5,2026-03-15,Final inesperado
U01492,10138,7.8,2026-01-28,Final inesperado
U01492,18530,6.7,2026-01-09,Me gusto bastante
U01492,319,6.6,2026-01-08,La volveria a ver
U01492,8675,6.5,2026-01-18,Historia entretenida
U01492,3040,7.4,2026-02-03,Buena para recomendar
U01492,332285,3.9,2026-02-11,Visualmente increible
U01492,8649,7.4,2026-01-09,Visualmente increible
U01492,177,8.2,2026-03-03,Historia entretenida
U01493,673,6.5,2026-03-06,Gran actuacion
U01493,8346,5.4,2026-02-23,Gran actuacion
U01493,77495,7.7,2026-04-07,Buena para recomendar
U01493,57119,7.1,2026-03-10,Buena para recomendar
U01493,17139,8.1,2026-02-11,Excelente recomendacion
U01493,1880,6.5,2026-02-27,Excelente recomendacion
U01493,612,6.9,2026-01-21,No era lo que esperaba
U01493,9273,6.8,2026-01-09,Visualmente increible
U01493,83588,5.1,2026-04-07,Historia entretenida
U01494,226458,5.9,2025-09-21,Gran actuacion
U01494,177677,6.8,2024-07-27,Buena para recomendar
U01494,834,7.8,2024-07-18,Me gusto bastante
U01494,1656,6.4,2024-09-15,Me gusto bastante
U01494,44718,5.1,2023-01-18,La volveria a ver
U01494,21525,8.0,2024-04-20,Buena para recomendar
U01494,17047,6.0,2025-10-18,Visualmente increible
U01494,70160,7.2,2024-04-15,La volveria a ver
U01494,9100,5.7,2024-10-14,Gran actuacion
U01494,106,7.8,2022-12-18,No era lo que esperaba
U01495,10629,7.2,2025-04-17,Buen ritmo
U01495,38153,2.6,2026-01-22,Final inesperado
U01495,11702,6.0,2025-07-20,Buen ritmo
U01495,9555,7.8,2026-03-21,Buen ritmo
U01495,4911,5.3,2025-11-07,Me gusto bastante
U01495,11036,8.6,2025-06-04,Excelente recomendacion
U01495,204922,4.7,2025-12-16,Buena para recomendar
U01495,70074,3.9,2025-11-30,Historia entretenida
U01495,8007,5.0,2025-10-12,Visualmente increible
U01495,271718,4.9,2026-01-11,Me gusto bastante
U01495,227719,7.1,2025-06-02,Historia entretenida
U01496,253,5.8,2025-02-17,No era lo que esperaba
U01496,4421,4.5,2025-05-12,Final inesperado
U01496,39180,4.9,2024-11-26,Excelente recomendacion
U01496,12573,7.4,2024-10-12,Buen ritmo
U01496,8960,6.0,2025-10-10,No era lo que esperaba
U01496,101267,6.1,2025-06-13,Excelente recomendacion
U01496,242166,3.9,2026-01-30,Gran actuacion
U01496,9950,7.4,2026-03-11,Excelente recomendacion
U01496,273895,6.1,2026-04-09,Visualmente increible
U01496,20309,4.4,2024-12-15,Historia entretenida
U01496,146,5.7,2024-12-07,Buen ritmo
U01497,13778,4.1,2025-08-19,Gran actuacion
U01497,14608,6.1,2026-03-09,Me gusto bastante
U01497,189,7.5,2026-01-01,La volveria a ver
U01497,22820,7.6,2025-11-04,Me gusto bastante
U01497,11283,6.3,2026-02-05,No era lo que esperaba
U01497,950,7.3,2026-01-26,Buena para recomendar
U01497,276907,5.7,2025-10-03,La volveria a ver
U01497,2310,5.8,2025-08-22,Historia entretenida
U01497,78394,6.4,2025-12-10,La volveria a ver
U01497,11679,3.7,2026-01-26,Buen ritmo
U01498,11622,6.1,2025-04-25,Buen ritmo
U01498,1824,6.9,2025-12-04,No era lo que esperaba
U01498,16911,6.1,2023-05-17,No era lo que esperaba
U01498,228205,7.8,2023-03-12,La volveria a ver
U01498,10999,5.8,2024-03-17,La volveria a ver
U01498,2989,6.8,2025-01-27,Buena para recomendar
U01499,147773,8.4,2023-11-14,Buen ritmo
U01499,8883,7.1,2024-10-28,Historia entretenida
U01499,312221,6.4,2023-09-05,La volveria a ver
U01499,9962,5.9,2025-07-27,Me gusto bastante
U01499,8879,7.4,2023-08-20,Me gusto bastante
U01499,1538,8.1,2025-04-03,La volveria a ver
U01499,29595,6.9,2026-04-02,No era lo que esperaba
U01499,24356,5.6,2024-04-24,Buena para recomendar
U01499,71866,6.3,2025-07-22,Gran actuacion
U01499,9823,3.8,2023-09-10,Excelente recomendacion
U01499,68812,6.7,2023-05-31,No era lo que esperaba
U01499,28121,6.4,2023-07-20,Excelente recomendacion
U01499,10622,5.8,2024-01-04,Historia entretenida
U01499,1493,7.0,2025-12-19,Me gusto bastante
U01499,157422,4.6,2024-03-04,Buena para recomendar
U01499,28260,6.5,2023-12-27,No era lo que esperaba
U01499,258755,6.8,2025-03-01,Historia entretenida
U01499,13132,7.2,2025-03-13,Gran actuacion
U01500,10923,5.1,2023-07-10,No era lo que esperaba
U01500,131634,6.5,2024-07-06,Buen ritmo
U01500,118340,8.2,2025-09-09,La volveria a ver
U01500,57825,5.5,2026-04-07,Gran actuacion
U01500,12704,2.8,2023-07-21,Buena para recomendar
U01500,138843,8.6,2025-06-24,Gran actuacion
U01500,72086,8.2,2024-03-05,Buen ritmo
U01500,11324,7.5,2025-12-12,Me gusto bastante
U01500,73935,6.1,2025-05-11,Gran actuacion
U01501,16471,6.4,2026-02-11,Final inesperado
U01501,11564,7.2,2026-01-28,Historia entretenida
U01501,14560,5.3,2026-01-24,Historia entretenida
U01501,1430,8.7,2026-03-18,Gran actuacion
U01501,14652,4.3,2026-03-20,Buena para recomendar
U01501,10215,5.4,2026-01-11,Buena para recomendar
U01501,41508,5.3,2026-03-22,Buena para recomendar
U01501,19995,8.4,2026-01-22,Visualmente increible
U01501,46528,6.8,2026-02-28,La volveria a ver
U01501,14736,8.3,2026-03-19,Historia entretenida
U01501,782,8.7,2026-03-29,Me gusto bastante
U01501,9311,7.7,2026-02-04,Gran actuacion
U01502,9313,6.5,2026-03-29,Historia entretenida
U01502,10183,6.9,2025-08-08,Visualmente increible
U01502,80585,5.5,2024-01-07,Gran actuacion
U01503,10140,7.3,2025-12-09,Gran actuacion
U01503,192102,7.0,2024-12-21,Buen ritmo
U01503,84178,4.2,2026-03-10,Buen ritmo
U01503,82631,5.5,2025-03-07,Historia entretenida
U01503,14877,5.5,2026-02-22,Visualmente increible
U01503,8271,7.9,2025-08-17,Me gusto bastante
U01503,14745,3.3,2025-03-16,Me gusto bastante
U01503,223,8.7,2025-05-29,La volveria a ver
U01503,2157,4.4,2025-05-09,Buen ritmo
U01503,28580,8.9,2025-11-02,No era lo que esperaba
U01503,32456,6.7,2026-03-29,La volveria a ver
U01503,242582,7.9,2025-12-02,Visualmente increible
U01503,4638,8.5,2025-11-19,Buena para recomendar
U01503,11658,6.9,2024-11-17,La volveria a ver
U01503,9593,7.4,2024-12-12,Final inesperado
U01504,8988,5.1,2024-07-31,Buena para recomendar
U01504,242095,5.3,2025-04-18,Historia entretenida
U01504,328111,6.5,2025-03-14,Gran actuacion
U01504,9603,7.3,2025-10-30,Excelente recomendacion
U01504,10468,6.7,2025-10-01,Buen ritmo
U01504,11283,6.8,2026-03-01,Me gusto bastante
U01504,138832,7.8,2025-12-05,Excelente recomendacion
U01504,46705,8.1,2024-01-21,Me gusto bastante
U01504,17264,6.0,2023-02-20,Gran actuacion
U01504,12220,4.6,2025-06-05,Gran actuacion
U01504,191229,4.8,2025-01-09,Excelente recomendacion
U01504,10047,5.8,2024-05-14,Final inesperado
U01504,13990,4.8,2024-10-15,Buena para recomendar
U01504,10955,8.1,2025-09-29,No era lo que esperaba
U01504,11632,6.0,2026-02-19,Gran actuacion
U01505,49018,6.7,2026-03-04,Gran actuacion
U01505,17578,7.1,2025-10-11,Buena para recomendar
U01505,1213,6.5,2026-03-12,Buena para recomendar
U01505,365222,7.9,2025-12-12,Final inesperado
U01505,10708,4.7,2025-09-10,Visualmente increible
U01505,1491,7.7,2025-10-11,La volveria a ver
U01505,29595,6.5,2026-03-18,Historia entretenida
U01505,100042,5.7,2025-10-27,La volveria a ver
U01505,238636,7.5,2025-09-23,No era lo que esperaba
U01505,14191,6.2,2025-08-18,Buen ritmo
U01505,11042,6.9,2025-11-18,Visualmente increible
U01505,14574,7.9,2026-03-15,Excelente recomendacion
U01505,312793,3.6,2026-02-28,La volveria a ver
U01505,30890,8.2,2025-08-12,Buen ritmo
U01505,10748,5.6,2026-03-22,Visualmente increible
U01506,9457,6.1,2025-03-21,No era lo que esperaba
U01506,12486,2.7,2025-03-26,Historia entretenida
U01506,22,7.1,2025-05-04,Final inesperado
U01506,32579,6.4,2025-11-25,La volveria a ver
U01506,3050,4.1,2026-04-03,Gran actuacion
U01506,244786,7.0,2024-12-12,Buen ritmo
U01506,85446,7.3,2025-09-25,Gran actuacion
U01507,209451,6.7,2025-10-03,Historia entretenida
U01507,228203,6.6,2025-10-03,La volveria a ver
U01507,6877,4.5,2024-04-21,La volveria a ver
U01507,24137,7.2,2025-07-21,Buena para recomendar
U01507,7979,6.9,2025-05-04,Buen ritmo
U01507,17795,5.4,2025-09-13,La volveria a ver
U01507,3172,5.5,2024-12-19,Historia entretenida
U01507,1921,6.4,2024-09-22,Me gusto bastante
U01508,16072,5.4,2025-03-30,Gran actuacion
U01508,36819,5.5,2025-05-17,Buen ritmo
U01508,2642,5.9,2025-04-06,Me gusto bastante
U01508,132344,7.4,2026-03-14,No era lo que esperaba
U01508,12094,6.1,2025-03-16,Buen ritmo
U01509,40652,8.3,2024-03-08,Buena para recomendar
U01509,11802,5.0,2024-12-01,Buena para recomendar
U01509,24664,6.9,2024-08-23,Gran actuacion
U01509,5820,6.4,2026-01-24,Visualmente increible
U01510,10281,5.7,2026-03-03,Me gusto bastante
U01510,87421,6.3,2025-09-13,No era lo que esperaba
U01510,346081,10.0,2026-03-05,La volveria a ver
U01510,75780,7.3,2026-02-23,Visualmente increible
U01510,1957,6.7,2026-01-21,La volveria a ver
U01510,3131,7.4,2026-01-15,Buen ritmo
U01510,140300,6.9,2026-02-14,Excelente recomendacion
U01510,14139,5.9,2026-03-19,Gran actuacion
U01510,43630,5.3,2025-07-14,Final inesperado
U01510,9466,6.0,2026-03-19,Me gusto bastante
U01510,13600,5.3,2025-09-01,Final inesperado
U01510,19898,7.1,2025-04-30,Buena para recomendar
U01510,818,4.7,2025-10-14,Final inesperado
U01511,18360,5.4,2024-09-06,Historia entretenida
U01511,8012,7.0,2025-03-22,Visualmente increible
U01511,184315,5.9,2024-11-28,Buen ritmo
U01511,10796,6.6,2026-02-05,No era lo que esperaba
U01511,21338,5.3,2025-07-23,Gran actuacion
U01511,56292,7.5,2025-10-12,Gran actuacion
U01511,7484,7.3,2025-04-27,Historia entretenida
U01511,9072,5.2,2025-07-26,Me gusto bastante
U01511,21801,7.5,2025-11-27,Historia entretenida
U01511,76203,8.6,2026-01-12,Buen ritmo
U01512,3116,8.1,2026-02-11,Me gusto bastante
U01512,1250,6.3,2025-04-09,Historia entretenida
U01512,9610,6.2,2024-01-21,Me gusto bastante
U01512,2043,7.0,2025-05-27,Gran actuacion
U01512,19997,5.6,2023-05-20,Excelente recomendacion
U01512,12281,6.3,2026-01-01,Gran actuacion
U01512,339984,6.5,2024-06-02,Final inesperado
U01512,9548,5.9,2024-11-16,Gran actuacion
U01512,43933,7.6,2024-01-31,No era lo que esperaba
U01512,55123,5.2,2024-01-31,Gran actuacion
U01512,15173,5.8,2023-09-17,Excelente recomendacion
U01512,408,6.6,2026-03-07,Buen ritmo
U01513,164558,9.1,2026-03-28,Me gusto bastante
U01513,1954,6.3,2026-04-09,Visualmente increible
U01513,9533,5.5,2026-03-30,Buen ritmo
U01513,30315,7.0,2026-03-03,Visualmente increible
U01513,1360,6.3,2026-02-27,La volveria a ver
U01513,62215,6.6,2026-03-09,Buena para recomendar
U01513,24266,5.4,2026-04-01,Historia entretenida
U01513,2055,7.1,2026-03-08,Me gusto bastante
U01513,14538,7.6,2026-03-12,No era lo que esperaba
U01514,675,7.8,2024-11-29,Final inesperado
U01514,9473,5.8,2024-10-14,La volveria a ver
U01514,44853,6.5,2024-07-01,Excelente recomendacion
U01514,102899,6.5,2024-05-27,No era lo que esperaba
U01514,14811,6.5,2025-10-14,Gran actuacion
U01514,235,7.4,2024-01-29,Me gusto bastante
U01514,8413,7.6,2024-01-04,No era lo que esperaba
U01514,768,7.0,2025-01-05,Historia entretenida
U01514,183894,7.6,2026-02-11,Final inesperado
U01514,47890,7.0,2023-12-09,No era lo que esperaba
U01514,50601,6.7,2024-10-02,Historia entretenida
U01515,9616,5.8,2025-11-28,Buena para recomendar
U01515,22649,7.1,2024-12-14,Historia entretenida
U01515,479,6.7,2025-01-04,Historia entretenida
U01515,293660,8.1,2025-04-17,Buen ritmo
U01515,15005,7.1,2025-01-19,Final inesperado
U01515,244114,6.6,2025-11-28,Historia entretenida
U01515,11323,5.4,2025-12-12,Historia entretenida
U01516,840,8.6,2025-12-25,Historia entretenida
U01516,272,6.6,2025-10-02,La volveria a ver
U01516,1874,6.7,2025-10-02,Buen ritmo
U01516,10930,7.2,2025-12-21,La volveria a ver
U01516,9800,6.9,2025-11-27,No era lo que esperaba
U01516,10564,6.9,2026-02-02,Buen ritmo
U01516,807,7.7,2025-11-08,Buen ritmo
U01516,11564,7.0,2026-02-05,Visualmente increible
U01517,3116,8.1,2023-03-13,Historia entretenida
U01517,1621,6.6,2024-04-17,Final inesperado
U01517,14429,4.7,2023-07-08,Buena para recomendar
U01517,11615,6.5,2023-12-08,Me gusto bastante
U01517,121,8.0,2025-12-15,Buena para recomendar
U01517,309425,7.7,2025-05-29,Visualmente increible
U01517,8966,4.7,2023-12-03,Buen ritmo
U01517,13820,7.6,2025-05-05,Excelente recomendacion
U01517,8999,7.3,2025-11-04,Gran actuacion
U01517,9487,5.3,2023-12-24,Buen ritmo
U01517,309,8.6,2024-05-29,La volveria a ver
U01517,9988,4.7,2024-06-27,Visualmente increible
U01517,9567,6.0,2024-02-25,Gran actuacion
U01518,28580,7.8,2025-10-06,Me gusto bastante
U01518,329,7.9,2023-01-31,No era lo que esperaba
U01518,15394,6.8,2025-07-01,Visualmente increible
U01518,1245,8.2,2023-02-07,No era lo que esperaba
U01518,13460,5.4,2026-01-07,Historia entretenida
U01519,43610,7.1,2025-03-22,La volveria a ver
U01519,146239,6.6,2025-11-12,Gran actuacion
U01519,297,6.6,2024-08-24,Buena para recomendar
U01519,277685,6.1,2026-01-24,Final inesperado
U01519,25941,7.0,2026-01-16,La volveria a ver
U01519,4011,8.1,2024-03-15,Gran actuacion
U01519,49520,4.5,2026-03-06,Gran actuacion
U01519,11820,5.4,2026-04-04,No era lo que esperaba
U01519,260778,6.0,2025-10-07,Gran actuacion
U01520,13937,6.6,2025-03-08,No era lo que esperaba
U01520,10743,5.6,2024-07-08,Final inesperado
U01520,222935,6.5,2025-06-22,Me gusto bastante
U01520,8913,6.1,2026-04-01,Buena para recomendar
U01520,41216,7.4,2025-11-09,Buena para recomendar
U01520,10895,6.2,2024-10-12,Historia entretenida
U01520,139998,6.1,2025-01-18,Final inesperado
U01520,83666,7.5,2024-10-29,La volveria a ver
U01521,8916,6.2,2025-12-13,Buena para recomendar
U01521,9396,4.2,2026-02-18,Buen ritmo
U01521,76341,7.1,2025-11-25,La volveria a ver
U01521,440,4.0,2026-03-03,Buen ritmo
U01521,24748,7.0,2025-11-09,Historia entretenida
U01521,158895,6.2,2026-04-08,No era lo que esperaba
U01522,68735,5.3,2024-12-07,La volveria a ver
U01522,54518,4.2,2024-08-17,La volveria a ver
U01522,6071,6.6,2024-01-03,Visualmente increible
U01522,16991,6.0,2025-05-11,Final inesperado
U01522,220488,3.8,2026-04-03,Visualmente increible
U01522,170687,7.4,2023-05-04,Buen ritmo
U01523,5255,5.0,2024-12-24,No era lo que esperaba
U01523,129,8.5,2023-09-30,Visualmente increible
U01523,289,8.5,2023-10-17,Final inesperado
U01523,72113,6.2,2025-11-11,Gran actuacion
U01524,14033,5.2,2022-09-30,Final inesperado
U01524,13920,7.9,2023-11-16,No era lo que esperaba
U01524,9360,3.7,2024-06-11,Excelente recomendacion
U01524,127560,7.9,2025-10-05,Historia entretenida
U01524,11529,5.3,2023-11-26,Buena para recomendar
U01524,424,9.1,2023-04-18,Excelente recomendacion
U01524,10564,7.5,2025-05-05,Me gusto bastante
U01524,270487,5.9,2023-04-24,Historia entretenida
U01524,10192,6.8,2023-05-04,Gran actuacion
U01524,68735,6.0,2022-12-18,Gran actuacion
U01524,10623,7.1,2024-05-27,Me gusto bastante
U01524,192210,5.5,2024-10-21,Me gusto bastante
U01525,340816,5.9,2024-01-30,Visualmente increible
U01525,8675,7.2,2024-10-10,Historia entretenida
U01525,14536,5.3,2026-04-05,Final inesperado
U01525,250184,7.8,2025-10-02,Buena para recomendar
U01525,22820,5.5,2025-01-20,No era lo que esperaba
U01525,2989,4.1,2025-01-25,No era lo que esperaba
U01525,109513,4.1,2025-10-10,Visualmente increible
U01526,10866,5.3,2026-03-10,Excelente recomendacion
U01526,525,7.8,2025-10-19,No era lo que esperaba
U01526,146,7.7,2025-11-04,Gran actuacion
U01526,13994,7.5,2025-10-19,Visualmente increible
U01526,144340,6.3,2025-12-17,Excelente recomendacion
U01526,10985,4.5,2026-04-09,No era lo que esperaba
U01526,6478,5.2,2026-04-06,Buen ritmo
U01527,146216,5.7,2025-12-12,La volveria a ver
U01527,1651,7.3,2023-10-03,Excelente recomendacion
U01527,10253,4.8,2025-01-25,Me gusto bastante
U01527,500,6.5,2025-10-07,No era lo que esperaba
U01527,62835,6.0,2024-09-25,Gran actuacion
U01527,244114,5.0,2025-01-23,Me gusto bastante
U01527,15544,3.6,2025-10-20,Excelente recomendacion
U01527,7518,6.9,2023-08-25,Gran actuacion
U01528,77,9.0,2024-06-18,Visualmente increible
U01528,11679,5.7,2023-04-06,Gran actuacion
U01528,12093,6.9,2025-10-17,Me gusto bastante
U01528,187017,6.9,2023-12-14,Historia entretenida
U01528,169,5.2,2025-02-17,Visualmente increible
U01528,16642,8.9,2026-03-24,Visualmente increible
U01528,18808,5.6,2023-06-06,No era lo que esperaba
U01528,10024,7.6,2023-12-17,Visualmente increible
U01528,61791,6.4,2023-06-23,No era lo que esperaba
U01529,500,9.3,2025-05-31,Excelente recomendacion
U01529,13159,5.3,2025-04-16,Me gusto bastante
U01529,44147,7.9,2025-08-25,Historia entretenida
U01529,29912,5.0,2023-12-16,Buen ritmo
U01529,8374,7.2,2024-01-24,Buen ritmo
U01529,23048,5.8,2023-11-07,No era lo que esperaba
U01529,10437,7.4,2024-01-09,Buen ritmo
U01530,10218,6.8,2025-10-13,Historia entretenida
U01530,13405,7.4,2025-05-13,La volveria a ver
U01530,270946,6.6,2025-04-15,Final inesperado
U01530,4032,8.0,2025-11-22,Me gusto bastante
U01530,8536,5.8,2025-10-23,Historia entretenida
U01530,262504,6.4,2025-08-15,Excelente recomendacion
U01530,9424,5.8,2026-01-22,Historia entretenida
U01531,1895,6.6,2023-03-08,Buen ritmo
U01531,782,7.0,2025-04-14,Final inesperado
U01531,41515,4.9,2025-08-10,Final inesperado
U01531,454,7.9,2025-02-12,Historia entretenida
U01531,549,8.1,2023-07-08,Me gusto bastante
U01531,4232,5.9,2023-07-14,Visualmente increible
U01531,90,7.6,2025-10-21,Excelente recomendacion
U01531,12150,6.3,2023-02-12,Historia entretenida
U01532,283445,6.0,2024-03-16,Final inesperado
U01532,887,8.9,2024-03-04,Historia entretenida
U01532,39183,5.0,2025-03-07,Buen ritmo
U01532,11509,8.6,2026-03-29,Historia entretenida
U01532,52010,4.6,2024-04-22,La volveria a ver
U01532,71,8.2,2024-08-28,Buena para recomendar
U01532,71552,6.4,2024-02-13,Buena para recomendar
U01533,4347,7.1,2025-09-08,Gran actuacion
U01533,1887,6.1,2025-09-25,Excelente recomendacion
U01533,20653,7.4,2025-05-17,Buena para recomendar
U01533,13201,6.8,2025-09-29,Gran actuacion
U01533,271969,6.7,2026-02-20,Me gusto bastante
U01533,9594,5.4,2025-11-22,Gran actuacion
U01533,24748,7.6,2026-01-12,Me gusto bastante
U01533,231617,8.5,2025-03-13,Gran actuacion
U01533,8328,5.3,2025-03-08,Gran actuacion
U01533,2011,8.1,2025-06-02,No era lo que esperaba
U01533,10783,6.3,2025-02-27,Buen ritmo
U01533,11324,8.4,2025-12-24,Final inesperado
U01533,7303,5.0,2026-03-10,La volveria a ver
U01533,294272,5.5,2025-02-20,Excelente recomendacion
U01533,170687,6.7,2026-01-26,No era lo que esperaba
U01534,76640,5.4,2025-04-21,Historia entretenida
U01534,688,6.7,2023-11-24,Excelente recomendacion
U01534,11658,8.8,2023-12-11,Visualmente increible
U01534,602,7.7,2025-07-17,Buen ritmo
U01534,10154,6.5,2024-06-21,Buena para recomendar
U01534,350,5.7,2025-01-13,Final inesperado
U01534,1537,6.4,2024-04-02,Me gusto bastante
U01534,19997,6.0,2024-03-02,Historia entretenida
U01534,64685,6.1,2026-03-01,Me gusto bastante
U01534,20857,5.5,2023-06-15,Historia entretenida
U01535,17734,5.0,2025-07-04,Buen ritmo
U01535,146631,2.2,2024-10-11,Visualmente increible
U01535,10431,6.9,2024-06-27,Historia entretenida
U01535,242575,8.4,2024-05-14,No era lo que esperaba
U01535,1949,6.3,2026-04-04,Final inesperado
U01535,664,5.2,2025-02-23,Buena para recomendar
U01535,9291,6.3,2025-07-18,Buena para recomendar
U01535,16523,6.1,2025-03-16,Buena para recomendar
U01536,9683,5.9,2025-11-22,Gran actuacion
U01536,9986,6.9,2024-03-11,Me gusto bastante
U01536,8869,5.0,2025-04-04,La volveria a ver
U01536,297100,1.0,2025-05-27,Historia entretenida
U01536,44260,6.6,2024-05-05,Final inesperado
U01536,7446,5.3,2025-07-30,Gran actuacion
U01537,30082,5.6,2025-09-08,Visualmente increible
U01537,51130,6.0,2026-03-17,No era lo que esperaba
U01537,102651,7.0,2025-05-24,Buen ritmo
U01537,16448,6.9,2025-07-05,No era lo que esperaba
U01537,302688,4.4,2025-08-16,Final inesperado
U01537,837,8.3,2026-01-20,La volveria a ver
U01537,49524,4.1,2025-09-25,Final inesperado
U01537,8272,5.9,2025-07-02,No era lo que esperaba
U01537,14202,6.3,2026-01-07,La volveria a ver
U01537,82532,7.4,2025-04-08,Visualmente increible
U01537,8848,7.4,2025-06-10,Visualmente increible
U01537,26837,6.2,2025-05-13,Excelente recomendacion
U01538,36334,7.9,2023-12-24,Final inesperado
U01538,77931,5.5,2025-09-13,Buen ritmo
U01538,38543,6.9,2025-03-25,Final inesperado
U01538,24356,5.8,2025-11-02,Final inesperado
U01538,24150,6.5,2024-12-01,Excelente recomendacion
U01538,310,5.2,2023-03-24,Excelente recomendacion
U01538,10586,6.2,2024-12-02,No era lo que esperaba
U01538,77948,3.7,2025-02-17,Historia entretenida
U01538,121986,7.1,2025-02-01,Historia entretenida
U01538,124459,4.0,2023-05-01,Visualmente increible
U01538,10719,6.8,2023-08-01,No era lo que esperaba
U01538,16538,6.2,2024-02-16,Visualmente increible
U01538,45650,5.1,2023-02-28,Historia entretenida
U01538,2502,6.4,2026-04-04,Excelente recomendacion
U01539,38415,4.6,2026-03-30,La volveria a ver
U01539,2148,5.9,2026-04-09,No era lo que esperaba
U01539,33667,8.2,2026-03-30,Visualmente increible
U01539,22530,3.2,2026-04-05,Historia entretenida
U01539,59917,5.9,2026-04-06,Historia entretenida
U01539,581,8.7,2026-04-04,La volveria a ver
U01539,206296,5.8,2026-04-04,Visualmente increible
U01539,18681,4.0,2026-03-31,Me gusto bastante
U01539,9470,6.5,2026-04-06,Historia entretenida
U01539,227735,7.3,2026-04-04,Me gusto bastante
U01539,18240,6.4,2026-03-30,No era lo que esperaba
U01539,12621,5.4,2026-04-06,Historia entretenida
U01540,55301,4.0,2025-11-11,Final inesperado
U01540,191714,5.9,2025-11-17,Final inesperado
U01540,37003,7.1,2026-03-22,La volveria a ver
U01540,4551,6.8,2025-11-06,Final inesperado
U01540,1901,6.9,2025-11-29,Me gusto bastante
U01540,48035,7.0,2026-01-02,La volveria a ver
U01540,31246,3.4,2026-04-05,La volveria a ver
U01540,14014,5.3,2026-03-21,Me gusto bastante
U01540,47816,7.2,2026-01-09,La volveria a ver
U01541,1903,5.3,2025-07-17,Gran actuacion
U01541,9772,6.2,2024-09-17,La volveria a ver
U01541,12162,6.4,2023-12-14,La volveria a ver
U01541,13193,6.6,2025-11-17,Buen ritmo
U01541,7451,5.9,2025-07-22,Final inesperado
U01541,153,6.9,2024-03-11,Buena para recomendar
U01541,8285,4.3,2024-09-16,Excelente recomendacion
U01541,11679,4.4,2025-06-25,Buena para recomendar
U01541,1696,7.0,2024-05-15,Visualmente increible
U01541,57431,5.0,2023-10-10,Buen ritmo
U01541,272878,8.1,2025-02-08,Historia entretenida
U01541,290555,5.7,2024-03-09,Buena para recomendar
U01542,11818,4.1,2023-10-03,Visualmente increible
U01542,270946,5.7,2025-05-11,Me gusto bastante
U01542,26306,7.8,2024-06-07,Buena para recomendar
U01542,55,8.8,2025-10-22,La volveria a ver
U01542,246449,3.4,2023-12-07,Historia entretenida
U01542,11917,6.1,2024-08-14,Buena para recomendar
U01542,10628,5.3,2023-06-19,Buena para recomendar
U01543,11336,6.4,2026-03-27,Final inesperado
U01543,1701,5.7,2025-11-18,Gran actuacion
U01543,125052,5.8,2025-07-23,No era lo que esperaba
U01543,18041,4.0,2024-06-16,Buena para recomendar
U01543,1833,6.4,2026-03-10,No era lo que esperaba
U01543,227719,7.5,2025-02-18,Visualmente increible
U01543,746,7.3,2024-10-14,No era lo que esperaba
U01544,17979,6.9,2026-01-22,Buen ritmo
U01544,9783,4.7,2024-08-07,Buena para recomendar
U01544,10984,5.3,2024-01-27,Excelente recomendacion
U01544,175291,7.1,2026-03-17,Final inesperado
U01544,2135,5.9,2025-09-14,Me gusto bastante
U01544,11313,6.4,2026-03-02,Me gusto bastante
U01544,77951,5.8,2025-08-01,Historia entretenida
U01544,2112,6.5,2024-03-26,Excelente recomendacion
U01544,70981,6.7,2024-07-02,Buena para recomendar
U01544,9676,6.2,2025-01-02,Final inesperado
U01544,9535,7.1,2024-05-03,Buena para recomendar
U01544,1573,7.5,2023-10-15,Buen ritmo
U01544,21494,7.7,2025-06-29,La volveria a ver
U01544,294512,5.2,2023-11-02,No era lo que esperaba
U01544,266102,7.0,2025-12-16,Historia entretenida
U01544,11780,7.9,2025-08-18,Historia entretenida
U01544,10027,5.4,2024-10-17,Excelente recomendacion
U01545,18713,5.9,2026-03-04,La volveria a ver
U01545,2577,7.5,2026-03-14,Visualmente increible
U01545,415,4.8,2026-02-22,Buen ritmo
U01545,9268,6.4,2026-03-26,Gran actuacion
U01545,7735,6.5,2026-03-07,Historia entretenida
U01545,6639,6.7,2026-03-09,Visualmente increible
U01545,7515,4.7,2026-02-22,Gran actuacion
U01545,5722,6.1,2026-03-30,Buen ritmo
U01545,211672,6.2,2026-03-05,Historia entretenida
U01545,9358,5.7,2026-03-01,No era lo que esperaba
U01546,50037,6.9,2024-12-28,La volveria a ver
U01546,175574,4.7,2025-04-02,Historia entretenida
U01546,8488,5.8,2025-08-04,Visualmente increible
U01546,17202,6.6,2024-08-30,La volveria a ver
U01546,9975,6.4,2025-01-15,Gran actuacion
U01546,56666,6.0,2024-09-13,Historia entretenida
U01546,10047,5.9,2025-12-01,La volveria a ver
U01546,297,6.8,2023-09-07,Final inesperado
U01546,211672,6.7,2024-10-02,Buen ritmo
U01546,4824,5.1,2023-11-01,No era lo que esperaba
U01546,161795,9.1,2024-10-26,Excelente recomendacion
U01547,15976,7.3,2024-07-06,La volveria a ver
U01547,10534,6.5,2024-06-24,La volveria a ver
U01547,7450,5.0,2023-07-27,Final inesperado
U01547,1586,7.7,2022-10-06,Me gusto bastante
U01547,612,7.2,2024-08-13,Excelente recomendacion
U01547,44754,7.0,2025-07-18,Historia entretenida
U01547,74,6.6,2023-03-16,Excelente recomendacion
U01548,38757,6.4,2025-05-10,Historia entretenida
U01548,62214,6.6,2025-10-20,Visualmente increible
U01548,90369,6.8,2025-09-14,Buena para recomendar
U01549,11967,7.7,2025-01-08,Final inesperado
U01549,660,6.6,2025-04-05,Excelente recomendacion
U01549,11583,5.4,2025-04-16,Excelente recomendacion
U01550,22649,6.0,2025-11-09,No era lo que esperaba
U01550,10226,5.2,2026-03-21,La volveria a ver
U01550,77931,6.8,2025-10-20,No era lo que esperaba
U01550,157841,8.1,2026-03-24,Buena para recomendar
U01550,24150,6.2,2026-03-01,Historia entretenida
U01550,546,6.1,2026-01-11,Visualmente increible
U01550,17795,5.3,2026-03-19,Final inesperado
U01551,11208,5.9,2026-03-15,Final inesperado
U01551,72559,5.5,2026-01-29,Buena para recomendar
U01551,78149,3.2,2026-02-10,Final inesperado
U01551,807,8.8,2026-03-15,Visualmente increible
U01551,4174,6.2,2026-01-06,Gran actuacion
U01551,13448,5.8,2026-01-20,Excelente recomendacion
U01551,10678,4.1,2026-01-27,La volveria a ver
U01551,78698,6.2,2026-02-28,Final inesperado
U01551,98549,4.3,2026-03-15,Final inesperado
U01551,122081,5.2,2026-02-14,Buena para recomendar
U01551,335874,5.3,2026-01-17,Me gusto bastante
U01551,211672,5.6,2026-03-25,No era lo que esperaba
U01551,73567,5.8,2026-04-06,Buena para recomendar
U01551,20770,7.1,2026-03-05,No era lo que esperaba
U01551,1639,3.0,2026-02-03,Gran actuacion
U01551,9357,6.1,2026-02-03,Me gusto bastante
U01552,7873,6.0,2025-03-13,Buen ritmo
U01552,18240,7.8,2025-07-15,Buen ritmo
U01552,2114,6.8,2026-01-24,Gran actuacion
U01552,302,7.9,2025-03-25,La volveria a ver
U01553,9378,6.7,2025-10-21,Excelente recomendacion
U01553,35688,6.6,2025-11-12,Buena para recomendar
U01554,87826,7.4,2025-06-30,No era lo que esperaba
U01554,9481,5.8,2025-10-19,Visualmente increible
U01554,292539,6.2,2025-06-25,Buena para recomendar
U01554,8272,8.0,2025-11-07,La volveria a ver
U01554,82696,6.3,2025-09-12,Gran actuacion
U01554,21301,6.7,2025-07-16,Gran actuacion
U01554,13809,5.4,2025-03-21,Me gusto bastante
U01554,860,7.2,2025-12-16,La volveria a ver
U01554,13518,8.2,2025-04-08,Me gusto bastante
U01554,18701,6.7,2025-10-16,No era lo que esperaba
U01554,16353,5.9,2025-12-16,No era lo que esperaba
U01554,290370,2.4,2025-05-03,Buena para recomendar
U01555,245703,6.4,2025-02-16,La volveria a ver
U01555,76025,8.0,2025-04-18,Buen ritmo
U01555,8960,6.1,2025-11-12,No era lo que esperaba
U01555,55420,6.5,2024-11-06,Final inesperado
U01555,13689,7.0,2024-12-16,Buena para recomendar
U01555,228967,7.5,2024-10-10,Excelente recomendacion
U01555,801,6.3,2025-01-08,Gran actuacion
U01555,10876,6.9,2025-02-17,Excelente recomendacion
U01555,547,7.9,2026-01-19,Historia entretenida
U01556,62255,5.2,2025-10-18,Visualmente increible
U01556,11036,8.8,2026-03-20,Final inesperado
U01556,27191,5.9,2026-01-07,La volveria a ver
U01556,4935,7.5,2026-04-07,No era lo que esperaba
U01556,77951,6.2,2025-11-06,Buen ritmo
U01556,274,7.8,2025-10-07,Visualmente increible
U01556,808,7.1,2025-08-23,Final inesperado
U01556,11545,8.9,2025-07-01,La volveria a ver
U01556,38317,6.2,2025-11-20,Gran actuacion
U01556,10683,7.6,2026-01-11,Me gusto bastante
U01556,112949,5.9,2025-09-30,Gran actuacion
U01556,291,6.7,2025-09-27,Buen ritmo
U01556,22897,6.3,2025-11-17,La volveria a ver
U01556,10014,4.7,2025-11-16,Excelente recomendacion
U01556,34043,4.4,2025-09-08,Final inesperado
U01556,147441,5.5,2026-03-23,Buena para recomendar
U01556,9392,6.2,2025-09-29,Me gusto bastante
U01557,43942,6.5,2026-03-04,Historia entretenida
U01557,29963,6.3,2025-11-26,La volveria a ver
U01557,1497,7.1,2026-04-02,Buen ritmo
U01557,119458,2.4,2025-12-15,Excelente recomendacion
U01557,2501,8.2,2026-02-23,Historia entretenida
U01557,503,6.3,2026-01-24,No era lo que esperaba
U01557,36819,7.5,2026-04-01,Buena para recomendar
U01557,468,8.0,2026-02-16,Buena para recomendar
U01557,24113,2.7,2026-02-03,No era lo que esperaba
U01557,9781,7.0,2025-12-27,Historia entretenida
U01557,12201,4.9,2025-12-15,Excelente recomendacion
U01557,11836,5.8,2025-11-30,Historia entretenida
U01557,11577,6.9,2026-02-07,Final inesperado
U01557,10147,6.7,2026-03-31,Excelente recomendacion
U01557,9896,5.7,2025-11-18,No era lo que esperaba
U01557,10771,4.2,2026-01-15,Me gusto bastante
U01557,617,7.7,2026-01-23,Historia entretenida
U01557,21461,6.8,2026-01-15,Historia entretenida
U01557,9678,4.8,2026-03-23,Me gusto bastante
U01558,8966,6.8,2024-07-03,Final inesperado
U01558,16,7.0,2024-07-29,Buen ritmo
U01558,9813,5.3,2024-01-27,Buena para recomendar
U01558,9282,5.8,2025-04-28,Me gusto bastante
U01558,497,7.3,2025-12-31,Excelente recomendacion
U01558,65203,4.0,2025-11-06,Historia entretenida
U01559,17339,6.4,2025-05-04,La volveria a ver
U01559,1907,6.9,2024-06-30,Historia entretenida
U01559,76640,7.2,2025-12-26,Me gusto bastante
U01559,25763,4.6,2025-10-22,Buena para recomendar
U01559,38843,5.3,2023-03-16,Buena para recomendar
U01559,1581,6.8,2025-03-18,Me gusto bastante
U01559,126186,6.0,2024-04-08,Gran actuacion
U01559,240832,6.0,2025-02-11,Buen ritmo
U01559,14161,5.6,2024-04-19,Visualmente increible
U01559,17130,5.5,2023-08-15,La volveria a ver
U01559,241251,5.1,2024-09-09,Me gusto bastante
U01559,42819,5.3,2025-01-02,Historia entretenida
U01560,43546,7.6,2025-07-12,Excelente recomendacion
U01560,254128,7.0,2024-10-01,Final inesperado
U01560,8247,6.0,2025-07-25,Historia entretenida
U01560,34813,7.0,2025-11-02,Buena para recomendar
U01560,6933,3.4,2024-12-01,Gran actuacion
U01560,9504,7.7,2025-11-30,Buen ritmo
U01560,34101,5.3,2024-08-13,Historia entretenida
U01560,11137,5.4,2026-03-13,Buen ritmo
U01560,137,7.2,2024-12-15,Buen ritmo
U01560,39269,5.4,2026-01-13,Visualmente increible
U01560,68727,6.9,2025-01-05,Gran actuacion
U01560,139038,5.2,2025-12-22,Historia entretenida
U01560,168672,7.0,2026-03-27,Gran actuacion
U01561,284293,8.9,2024-08-29,No era lo que esperaba
U01561,6973,5.4,2024-08-12,Me gusto bastante
U01561,9879,5.2,2022-07-16,Buena para recomendar
U01561,149,9.1,2025-11-28,No era lo que esperaba
U01561,250546,6.1,2022-07-21,Excelente recomendacion
U01562,266102,5.7,2024-02-12,Buena para recomendar
U01562,89,7.1,2024-08-21,Final inesperado
U01562,10400,7.4,2025-11-02,Visualmente increible
U01562,1852,6.7,2025-09-29,Visualmente increible
U01562,299245,5.5,2024-03-23,Final inesperado
U01563,68735,4.9,2026-01-21,Buen ritmo
U01563,8292,8.2,2026-01-03,Me gusto bastante
U01563,309809,8.6,2026-02-16,Historia entretenida
U01563,14120,5.2,2026-03-16,Excelente recomendacion
U01563,75986,5.9,2026-03-25,Gran actuacion
U01563,295964,6.6,2026-02-10,Buen ritmo
U01563,273481,6.6,2026-04-05,Buena para recomendar
U01563,165,8.1,2026-03-20,Gran actuacion
U01563,243940,5.7,2025-12-27,Me gusto bastante
U01563,11375,5.3,2026-04-02,Me gusto bastante
U01564,1584,6.9,2026-03-28,Final inesperado
U01564,11442,5.1,2025-11-02,Final inesperado
U01564,46738,7.7,2025-10-18,No era lo que esperaba
U01564,356216,5.4,2025-08-21,Buena para recomendar
U01564,18885,5.2,2026-02-14,Visualmente increible
U01564,22215,7.1,2025-10-23,Gran actuacion
U01564,211954,7.2,2026-01-06,Excelente recomendacion
U01564,573,6.3,2026-02-02,Excelente recomendacion
U01564,8963,7.0,2025-11-07,Buen ritmo
U01564,331190,5.8,2025-08-10,Gran actuacion
U01564,67238,6.7,2026-02-01,La volveria a ver
U01564,710,6.8,2025-11-20,La volveria a ver
U01564,244786,8.3,2025-05-30,Historia entretenida
U01564,13025,4.5,2026-02-25,Visualmente increible
U01565,9473,8.2,2026-02-24,Historia entretenida
U01565,72190,7.4,2025-10-22,Final inesperado
U01565,619,6.3,2024-10-23,Excelente recomendacion
U01565,404,6.8,2025-03-31,La volveria a ver
U01565,44594,7.6,2025-02-25,Buen ritmo
U01565,17182,4.6,2024-04-03,Historia entretenida
U01565,138976,4.6,2024-02-07,Me gusto bastante
U01565,30315,5.7,2026-04-09,Me gusto bastante
U01565,2288,7.0,2025-06-19,Buena para recomendar
U01566,9390,8.2,2026-02-15,Visualmente increible
U01566,11036,6.5,2026-02-09,Buen ritmo
U01566,21512,7.0,2026-02-14,Buen ritmo
U01566,2493,6.8,2026-01-27,Historia entretenida
U01566,5559,4.4,2026-01-29,Final inesperado
U01566,644,5.6,2026-03-02,Historia entretenida
U01566,14317,6.2,2026-03-27,Gran actuacion
U01566,33155,3.9,2026-01-09,Me gusto bastante
U01566,39541,6.1,2026-02-09,Excelente recomendacion
U01566,114,7.1,2026-04-04,Buena para recomendar
U01566,137106,7.3,2026-02-12,Visualmente increible
U01566,4232,7.1,2026-02-14,Visualmente increible
U01566,10873,7.6,2026-03-03,Excelente recomendacion
U01566,214,4.8,2026-01-10,Buen ritmo
U01567,11186,5.2,2025-05-22,Buen ritmo
U01567,102362,7.1,2025-03-13,Historia entretenida
U01567,1696,6.3,2024-01-17,Visualmente increible
U01567,195589,7.1,2026-04-01,Excelente recomendacion
U01567,1645,8.1,2025-10-27,Buena para recomendar
U01567,14293,5.9,2026-01-31,La volveria a ver
U01567,116741,6.0,2025-08-14,Gran actuacion
U01568,25704,4.8,2024-12-17,La volveria a ver
U01568,10773,7.1,2023-12-31,Final inesperado
U01568,11817,5.5,2024-11-29,Visualmente increible
U01568,14405,4.6,2024-08-04,Buen ritmo
U01568,2118,7.0,2023-12-01,Me gusto bastante
U01569,45791,7.1,2026-02-18,Visualmente increible
U01569,4982,8.0,2025-06-22,Visualmente increible
U01569,11212,4.4,2025-10-11,Final inesperado
U01569,84178,4.7,2025-10-22,Visualmente increible
U01569,1894,7.6,2025-11-16,Final inesperado
U01569,1779,8.0,2025-07-09,No era lo que esperaba
U01569,840,6.0,2025-12-14,Buena para recomendar
U01569,590,6.9,2026-03-06,Visualmente increible
U01569,1265,7.9,2026-03-04,Visualmente increible
U01569,11692,5.2,2026-03-14,Buen ritmo
U01569,9430,8.2,2025-12-10,Me gusto bastante
U01569,244786,8.6,2026-01-03,La volveria a ver
U01569,44990,5.2,2026-03-01,Gran actuacion
U01569,9912,6.6,2026-03-07,Visualmente increible
U01569,45317,6.4,2026-03-01,Buen ritmo
U01570,48034,5.7,2023-03-29,Excelente recomendacion
U01570,138832,5.7,2024-10-10,Buen ritmo
U01570,75612,7.5,2022-10-17,La volveria a ver
U01570,24985,7.0,2023-01-19,Gran actuacion
U01570,10066,5.1,2023-07-11,La volveria a ver
U01570,754,8.2,2024-03-16,Final inesperado
U01571,16052,7.7,2024-01-03,La volveria a ver
U01571,290751,4.9,2025-10-15,No era lo que esperaba
U01571,11699,6.4,2024-03-15,Historia entretenida
U01571,198062,5.9,2023-08-09,Gran actuacion
U01571,2280,7.0,2023-11-03,Visualmente increible
U01571,51540,7.4,2026-02-06,Me gusto bastante
U01571,129,6.9,2024-11-17,Historia entretenida
U01571,42297,6.1,2024-08-28,Excelente recomendacion
U01571,2105,6.4,2024-09-24,Buen ritmo
U01571,302699,7.6,2024-11-23,Buena para recomendar
U01572,138832,7.4,2025-11-13,Buen ritmo
U01572,859,6.0,2026-03-16,Historia entretenida
U01572,9457,5.3,2026-01-01,Gran actuacion
U01572,30379,2.3,2026-01-22,Buena para recomendar
U01572,11033,7.9,2025-11-24,Visualmente increible
U01572,137113,8.6,2026-02-08,Buena para recomendar
U01573,1435,7.3,2025-01-07,Gran actuacion
U01573,6020,3.6,2024-05-26,Historia entretenida
U01573,200,7.3,2025-05-14,La volveria a ver
U01573,8859,4.6,2024-03-03,Historia entretenida
U01573,788,5.8,2026-02-01,Excelente recomendacion
U01573,299245,4.7,2025-09-10,No era lo que esperaba
U01573,155,7.6,2025-04-14,Buen ritmo
U01573,22597,6.9,2025-09-30,Visualmente increible
U01574,49022,6.7,2026-04-06,La volveria a ver
U01574,274854,5.3,2024-07-22,Me gusto bastante
U01574,254128,6.9,2022-10-31,Buena para recomendar
U01574,42057,3.8,2023-05-22,Visualmente increible
U01574,14191,6.6,2024-08-14,Buena para recomendar
U01574,1930,6.6,2023-06-22,Visualmente increible
U01574,244786,8.2,2022-08-31,Buen ritmo
U01574,49471,8.3,2023-07-19,Final inesperado
U01574,223702,6.9,2025-10-07,No era lo que esperaba
U01574,26371,6.9,2024-10-20,Excelente recomendacion
U01575,675,7.2,2025-04-21,Buena para recomendar
U01575,246403,6.4,2025-03-06,Final inesperado
U01575,24469,8.4,2025-05-25,No era lo que esperaba
U01575,60309,7.5,2026-01-17,Me gusto bastante
U01575,54897,6.3,2026-04-06,La volveria a ver
U01575,26428,7.2,2024-07-09,La volveria a ver
U01575,9550,7.1,2025-11-15,Final inesperado
U01575,2270,6.9,2025-09-29,Excelente recomendacion
U01575,3580,6.3,2025-01-28,Final inesperado
U01575,27342,7.2,2026-03-09,Buena para recomendar
U01575,11240,6.1,2025-05-15,No era lo que esperaba
U01575,13963,6.5,2025-07-23,Gran actuacion
U01576,34647,7.2,2025-06-30,Final inesperado
U01576,4995,6.4,2025-11-13,Buena para recomendar
U01576,13184,4.7,2025-06-03,La volveria a ver
U01576,22803,6.2,2025-08-28,Excelente recomendacion
U01576,177677,5.7,2025-03-26,La volveria a ver
U01576,1865,6.5,2025-08-23,Gran actuacion
U01576,57165,4.1,2025-05-23,Final inesperado
U01576,53862,3.3,2025-05-20,Gran actuacion
U01576,205584,5.3,2025-12-07,Final inesperado
U01576,9806,6.0,2026-02-22,Me gusto bastante
U01576,281957,7.1,2025-12-09,Gran actuacion
U01576,8688,6.1,2025-01-06,La volveria a ver
U01576,13025,6.2,2025-06-17,Buen ritmo
U01577,5516,6.4,2025-07-26,Visualmente increible
U01577,767,8.1,2024-09-27,Buena para recomendar
U01577,118340,7.9,2024-07-24,Buen ritmo
U01577,22051,7.9,2024-01-04,Gran actuacion
U01577,49517,6.7,2022-11-28,Final inesperado
U01577,10661,4.9,2022-10-29,Historia entretenida
U01577,10053,4.6,2022-09-14,Final inesperado
U01577,9429,6.8,2023-01-02,Gran actuacion
U01577,1677,8.4,2024-07-30,No era lo que esperaba
U01577,8987,6.0,2023-02-24,Visualmente increible
U01578,782,7.9,2024-12-03,Final inesperado
U01578,9802,6.6,2025-02-09,No era lo que esperaba
U01578,57294,6.6,2024-04-23,Excelente recomendacion
U01578,2907,8.2,2025-12-26,Buena para recomendar
U01578,43347,7.7,2024-06-24,Historia entretenida
U01579,1213,8.2,2022-08-06,Gran actuacion
U01579,387,7.0,2023-09-13,Buena para recomendar
U01579,18238,5.8,2023-01-21,Me gusto bastante
U01579,1894,7.7,2025-05-06,Historia entretenida
U01579,318850,7.6,2023-11-22,No era lo que esperaba
U01579,51540,5.6,2024-05-26,Gran actuacion
U01579,322745,7.6,2025-12-31,Me gusto bastante
U01579,142132,6.8,2022-11-12,No era lo que esperaba
U01579,46138,6.1,2025-02-13,Buen ritmo
U01579,30979,4.8,2024-04-02,Me gusto bastante
U01579,11891,6.7,2023-09-17,Final inesperado
U01579,9889,6.9,2025-07-13,Final inesperado
U01579,436,6.6,2023-06-04,Excelente recomendacion
U01579,10592,6.9,2024-01-05,Buena para recomendar
U01580,13187,7.9,2025-05-08,Excelente recomendacion
U01580,87502,6.8,2026-02-27,Excelente recomendacion
U01580,10634,7.4,2026-02-26,Gran actuacion
U01580,744,7.7,2025-01-02,Buen ritmo
U01580,38810,7.6,2024-09-14,No era lo que esperaba
U01580,1116,6.8,2025-11-06,Buena para recomendar
U01580,357441,7.4,2024-05-10,La volveria a ver
U01580,158015,7.0,2023-07-04,Me gusto bastante
U01580,172533,7.5,2023-09-24,Excelente recomendacion
U01580,326576,3.1,2025-08-19,Historia entretenida
U01580,9312,4.2,2024-07-11,Final inesperado
U01580,568,7.3,2024-07-10,Me gusto bastante
U01580,2453,6.0,2023-10-24,Gran actuacion
U01581,328387,7.0,2023-09-28,Gran actuacion
U01581,52462,6.3,2023-12-15,Excelente recomendacion
U01581,16110,5.1,2024-09-12,Excelente recomendacion
U01581,762,6.5,2025-11-17,Historia entretenida
U01581,8321,8.1,2024-07-22,La volveria a ver
U01581,3132,3.9,2025-02-22,La volveria a ver
U01581,63574,5.6,2025-04-13,No era lo que esperaba
U01581,82687,6.6,2025-01-23,Visualmente increible
U01582,8265,7.1,2026-03-18,Gran actuacion
U01582,257091,5.2,2026-03-17,Gran actuacion
U01582,33511,8.2,2026-03-25,Buen ritmo
U01582,29963,6.4,2026-04-07,La volveria a ver
U01582,227719,7.4,2026-03-21,La volveria a ver
U01582,8963,8.5,2026-04-06,Historia entretenida
U01582,953,7.3,2026-04-05,La volveria a ver
U01582,91721,6.0,2026-04-07,Historia entretenida
U01582,11836,7.7,2026-03-13,Buena para recomendar
U01582,33217,7.0,2026-03-16,Final inesperado
U01583,8077,5.2,2023-05-16,La volveria a ver
U01583,2140,7.4,2023-10-06,La volveria a ver
U01583,433715,1.0,2023-08-30,Buena para recomendar
U01583,10661,4.9,2024-07-01,Gran actuacion
U01583,250124,5.3,2025-05-01,La volveria a ver
U01584,3489,4.6,2026-04-01,Final inesperado
U01584,9444,6.9,2026-03-13,Visualmente increible
U01584,17995,5.3,2026-03-14,Historia entretenida
U01584,299553,3.4,2026-02-23,Excelente recomendacion
U01584,157350,5.9,2026-02-22,Final inesperado
U01584,13435,7.7,2026-03-10,Buen ritmo
U01584,1491,5.8,2025-12-13,Gran actuacion
U01584,1365,5.0,2026-01-03,Buen ritmo
U01584,13680,6.4,2026-03-29,Final inesperado
U01584,72213,5.6,2026-01-28,Me gusto bastante
U01584,292539,8.7,2026-02-18,Gran actuacion
U01584,38448,5.9,2026-03-01,No era lo que esperaba
U01584,9260,5.3,2026-02-04,Gran actuacion
U01584,92635,4.3,2025-12-19,La volveria a ver
U01585,10673,6.2,2023-03-27,Me gusto bastante
U01586,17610,3.1,2024-01-03,Final inesperado
U01586,156022,7.6,2025-04-25,Gran actuacion
U01586,23168,7.5,2024-09-27,Visualmente increible
U01586,100,8.8,2023-06-06,La volveria a ver
U01586,159770,7.0,2025-09-15,Historia entretenida
U01586,82687,5.9,2025-06-07,Buen ritmo
U01587,24113,4.1,2025-05-01,Visualmente increible
U01587,838,6.6,2025-04-30,La volveria a ver
U01587,1579,8.3,2025-04-25,Gran actuacion
U01587,190847,4.2,2025-03-21,Excelente recomendacion
U01587,1282,6.6,2025-10-17,Historia entretenida
U01587,13824,5.8,2025-01-14,Historia entretenida
U01587,101299,7.6,2025-11-30,Historia entretenida
U01587,11917,5.5,2025-02-21,Excelente recomendacion
U01587,11888,6.4,2026-01-03,Historia entretenida
U01587,47941,3.6,2026-03-30,La volveria a ver
U01587,6963,5.3,2026-03-04,Historia entretenida
U01587,771,8.1,2026-02-22,Buen ritmo
U01588,14195,6.7,2026-03-05,Buen ritmo
U01588,18074,5.7,2026-04-04,Gran actuacion
U01588,2277,6.2,2026-03-24,La volveria a ver
U01588,8292,7.6,2026-04-02,Gran actuacion
U01588,20,7.3,2026-04-07,Gran actuacion
U01588,253306,6.6,2026-03-13,Buen ritmo
U01588,585,6.9,2026-03-09,Me gusto bastante
U01588,9930,4.5,2026-03-24,Gran actuacion
U01588,616,8.2,2026-02-22,Buena para recomendar
U01588,10414,6.2,2026-02-28,Buen ritmo
U01588,9517,7.3,2026-04-09,Gran actuacion
U01589,11260,3.8,2026-01-02,Buen ritmo
U01589,16281,7.2,2026-02-13,Excelente recomendacion
U01589,812,8.9,2026-01-01,Gran actuacion
U01589,175541,7.2,2026-04-05,Excelente recomendacion
U01589,586,7.9,2026-03-16,No era lo que esperaba
U01589,9837,6.7,2026-01-03,Buena para recomendar
U01589,58680,6.2,2026-01-10,Buena para recomendar
U01589,136835,4.9,2026-02-13,No era lo que esperaba
U01589,20360,8.0,2025-12-31,Visualmente increible
U01589,29514,7.1,2026-02-20,Me gusto bastante
U01589,154,8.4,2026-01-09,La volveria a ver
U01590,28260,5.7,2025-05-01,Visualmente increible
U01590,470,5.7,2025-12-05,Historia entretenida
U01590,20763,5.6,2024-10-25,Visualmente increible
U01590,340816,5.7,2024-09-21,La volveria a ver
U01590,32823,7.4,2026-03-12,Final inesperado
U01590,11969,7.0,2025-12-04,Buen ritmo
U01590,59861,5.6,2026-01-29,No era lo que esperaba
U01591,6114,8.4,2026-04-06,Buen ritmo
U01591,86834,7.1,2025-12-14,Final inesperado
U01591,44115,7.4,2025-09-14,Visualmente increible
U01592,1717,5.4,2026-03-20,Excelente recomendacion
U01592,40494,6.3,2025-03-16,La volveria a ver
U01592,222250,5.5,2025-01-29,Visualmente increible
U01592,42188,6.2,2023-04-15,Final inesperado
U01592,77875,5.2,2025-07-08,Gran actuacion
U01592,23759,7.1,2022-12-24,Me gusto bastante
U01592,9374,7.4,2023-11-17,No era lo que esperaba
U01592,979,7.4,2023-07-06,Buen ritmo
U01592,10437,8.3,2025-06-24,Excelente recomendacion
U01592,243940,5.7,2024-07-08,La volveria a ver
U01593,9428,7.9,2025-05-07,Final inesperado
U01593,43539,5.5,2025-05-08,Buen ritmo
U01593,36355,6.4,2025-05-23,Final inesperado
U01593,8337,7.1,2025-12-30,Buen ritmo
U01593,10013,4.5,2026-03-11,Me gusto bastante
U01593,70981,6.0,2025-05-08,Buen ritmo
U01593,31915,6.2,2025-03-31,Final inesperado
U01593,59728,3.5,2025-12-02,Final inesperado
U01593,9713,3.5,2025-07-31,Excelente recomendacion
U01593,181330,6.1,2025-04-13,Visualmente increible
U01593,9567,6.5,2025-11-25,Gran actuacion
U01593,9517,6.6,2025-04-17,Visualmente increible
U01593,10972,6.4,2025-10-19,Buena para recomendar
U01594,273481,5.7,2026-04-06,No era lo que esperaba
U01594,11917,4.8,2025-08-24,La volveria a ver
U01594,9495,7.2,2025-08-13,Me gusto bastante
U01594,152742,7.6,2025-04-16,Buena para recomendar
U01594,321258,6.9,2025-08-25,Historia entretenida
U01594,36669,4.8,2024-12-14,Visualmente increible
U01595,10588,3.8,2025-12-18,Visualmente increible
U01595,52462,5.8,2025-02-06,Buen ritmo
U01595,109729,5.6,2024-11-26,Historia entretenida
U01595,51162,5.9,2025-12-20,Visualmente increible
U01595,318846,7.2,2025-09-30,Final inesperado
U01595,820,6.9,2024-07-17,Excelente recomendacion
U01596,18937,8.1,2023-12-07,Buena para recomendar
U01596,10390,5.7,2024-09-07,Visualmente increible
U01596,10070,7.2,2025-07-21,Final inesperado
U01596,640,6.4,2023-08-01,Visualmente increible
U01596,7461,5.4,2026-04-04,Final inesperado
U01596,54138,8.8,2023-04-29,Historia entretenida
U01597,9644,5.1,2026-01-13,Gran actuacion
U01597,177572,7.7,2026-01-12,Historia entretenida
U01597,239678,5.3,2026-03-22,Buen ritmo
U01597,3083,7.3,2025-11-06,Final inesperado
U01597,13497,6.4,2025-08-23,Me gusto bastante
U01597,14585,5.3,2026-03-03,La volveria a ver
U01598,11858,7.3,2026-02-23,Gran actuacion
U01598,1824,7.8,2026-02-21,Buen ritmo
U01598,109428,5.5,2026-03-01,No era lo que esperaba
U01598,681,7.1,2026-03-26,Me gusto bastante
U01598,12150,7.2,2026-01-24,Me gusto bastante
U01598,9741,6.8,2026-02-09,Final inesperado
U01598,11588,5.7,2026-03-19,La volveria a ver
U01599,125263,5.0,2025-12-19,Gran actuacion
U01599,27995,7.3,2025-12-25,La volveria a ver
U01599,157353,5.5,2026-01-25,Me gusto bastante
U01599,183894,8.4,2026-04-05,Buen ritmo
U01599,188927,6.5,2026-01-21,Excelente recomendacion
U01599,177572,8.2,2025-11-17,Me gusto bastante
U01599,321258,6.8,2026-02-26,Gran actuacion
U01599,10195,6.1,2026-02-23,Visualmente increible
U01599,8457,4.3,2026-02-28,Visualmente increible
U01600,14623,4.6,2025-06-27,Buen ritmo
U01600,205596,7.2,2026-03-31,Gran actuacion
U01600,49051,7.3,2026-02-15,No era lo que esperaba
U01600,70436,4.7,2025-12-28,Me gusto bastante
U01600,855,6.2,2025-07-22,Buena para recomendar
U01600,104,7.1,2026-03-15,Final inesperado
U01600,10358,6.3,2025-08-10,No era lo que esperaba
U01600,1624,6.1,2025-04-28,Buena para recomendar
U01600,2503,7.2,2025-05-03,Buen ritmo
U01600,277216,6.4,2024-12-19,Visualmente increible
U01600,11096,6.8,2025-11-03,Gran actuacion
U01601,100402,8.4,2026-01-06,Visualmente increible
U01601,3093,3.3,2023-03-05,Gran actuacion
U01601,161,6.7,2025-12-01,Me gusto bastante
U01601,18,7.9,2026-01-14,Final inesperado
U01601,707,5.5,2023-04-02,Buena para recomendar
U01601,13064,7.1,2025-06-25,Buen ritmo
U01601,8065,7.4,2024-09-10,Historia entretenida
U01601,321741,6.7,2025-09-05,Final inesperado
U01601,9281,6.3,2024-12-12,Excelente recomendacion
U01601,1698,7.2,2025-08-03,Buena para recomendar
U01601,30246,4.1,2025-01-21,Excelente recomendacion
U01601,129139,4.2,2025-09-27,Final inesperado
U01601,16172,5.1,2023-07-02,Buena para recomendar
U01601,301351,6.7,2024-03-01,Historia entretenida
U01601,15005,7.0,2026-01-15,No era lo que esperaba
U01601,826,6.3,2024-10-09,Buena para recomendar
U01602,1985,7.0,2026-01-18,Gran actuacion
U01602,4251,7.2,2025-06-21,Historia entretenida
U01602,8357,7.1,2025-10-09,Final inesperado
U01602,429,7.7,2025-08-06,La volveria a ver
U01602,7553,7.3,2025-12-06,Me gusto bastante
U01602,9918,8.3,2025-12-11,No era lo que esperaba
U01603,9672,6.0,2025-01-28,Buen ritmo
U01603,10559,7.7,2024-12-31,No era lo que esperaba
U01603,260346,7.3,2025-03-31,No era lo que esperaba
U01603,19,9.0,2026-02-01,Final inesperado
U01603,1904,6.3,2026-02-02,Buen ritmo
U01603,142061,9.3,2025-07-16,Me gusto bastante
U01603,12403,5.7,2025-03-26,La volveria a ver
U01603,9702,7.7,2024-10-13,Visualmente increible
U01603,46849,7.8,2025-04-24,La volveria a ver
U01603,196,6.9,2025-09-03,No era lo que esperaba
U01603,63574,6.0,2025-05-14,Final inesperado
U01603,65759,5.1,2024-11-17,Gran actuacion
U01603,25212,7.5,2025-07-21,Buena para recomendar
U01603,20542,5.5,2025-05-21,Buen ritmo
U01603,268171,7.4,2024-10-29,Me gusto bastante
U01604,242,5.9,2025-10-25,No era lo que esperaba
U01604,44826,5.7,2026-02-24,No era lo que esperaba
U01604,1417,8.2,2026-03-16,Buena para recomendar
U01604,45132,6.4,2026-01-19,Buen ritmo
U01604,6217,6.7,2025-09-30,Buena para recomendar
U01604,411,5.9,2025-09-28,Gran actuacion
U01604,25428,6.6,2025-09-11,Gran actuacion
U01604,507,6.0,2025-12-15,La volveria a ver
U01604,6950,5.1,2025-11-03,Final inesperado
U01604,10773,6.5,2026-01-20,Visualmente increible
U01604,205,8.5,2025-10-03,La volveria a ver
U01604,43931,5.1,2025-08-26,La volveria a ver
U01605,27586,7.1,2024-08-14,Buena para recomendar
U01605,62177,5.5,2025-02-15,Buena para recomendar
U01605,16620,8.2,2025-02-05,Final inesperado
U01605,11692,5.4,2025-08-09,Me gusto bastante
U01605,9837,7.4,2025-03-28,Excelente recomendacion
U01605,8090,6.5,2024-06-19,Buena para recomendar
U01605,84200,4.4,2023-10-18,Excelente recomendacion
U01605,39939,6.8,2025-09-09,La volveria a ver
U01605,52449,5.1,2023-06-28,Historia entretenida
U01606,9099,6.1,2025-02-17,Buen ritmo
U01606,41479,6.9,2023-06-23,Excelente recomendacion
U01606,20520,5.7,2026-01-10,Historia entretenida
U01606,14438,8.4,2026-03-26,Gran actuacion
U01606,37137,6.4,2024-02-25,Excelente recomendacion
U01606,109451,5.3,2024-07-25,Final inesperado
U01606,65057,7.3,2024-01-24,Buen ritmo
U01606,10808,5.8,2025-12-24,No era lo que esperaba
U01606,11876,6.2,2025-06-11,Excelente recomendacion
U01606,22597,7.6,2025-03-23,Excelente recomendacion
U01607,18712,5.8,2026-02-25,Buen ritmo
U01607,22479,4.9,2026-01-19,Gran actuacion
U01607,189,7.6,2025-12-28,Historia entretenida
U01607,347755,8.1,2026-04-08,No era lo que esperaba
U01607,2770,5.1,2026-01-16,Excelente recomendacion
U01607,15544,2.5,2026-03-06,La volveria a ver
U01607,152601,8.0,2026-03-08,Historia entretenida
U01607,250546,4.5,2026-02-27,Excelente recomendacion
U01608,181283,6.7,2026-01-18,Final inesperado
U01608,1620,5.5,2025-11-18,Me gusto bastante
U01608,8835,5.1,2025-05-08,Buen ritmo
U01608,16161,7.9,2025-07-07,Historia entretenida
U01609,403,7.1,2025-09-15,Excelente recomendacion
U01609,33157,8.5,2024-01-27,La volveria a ver
U01609,43884,6.4,2025-05-20,Buen ritmo
U01609,3877,6.0,2024-10-30,No era lo que esperaba
U01609,127867,5.0,2023-09-28,Me gusto bastante
U01609,147441,5.3,2024-12-28,Me gusto bastante
U01609,391,8.4,2024-12-25,No era lo que esperaba
U01609,14442,7.0,2025-05-23,La volveria a ver
U01609,8963,6.5,2025-03-19,Gran actuacion
U01609,208763,4.5,2023-12-13,Gran actuacion
U01610,357441,6.7,2026-02-24,Final inesperado
U01610,1619,7.5,2025-11-06,Gran actuacion
U01610,147773,8.5,2026-03-04,Visualmente increible
U01610,254,6.7,2026-02-25,Buena para recomendar
U01610,250902,5.8,2026-03-27,Excelente recomendacion
U01610,332411,3.2,2026-02-10,Gran actuacion
U01610,50546,7.1,2026-03-27,Buena para recomendar
U01610,188166,6.6,2026-04-08,La volveria a ver
U01610,298312,5.3,2025-11-23,Buena para recomendar
U01611,621,7.6,2026-02-03,No era lo que esperaba
U01611,22971,6.8,2025-08-18,La volveria a ver
U01611,55180,5.3,2025-06-21,No era lo que esperaba
U01611,11600,7.0,2026-03-20,La volveria a ver
U01611,18045,4.0,2024-10-17,Gran actuacion
U01611,90369,7.3,2025-09-10,Buena para recomendar
U01611,119450,8.5,2024-07-23,La volveria a ver
U01611,36046,5.2,2024-12-28,Me gusto bastante
U01611,9009,6.7,2025-05-16,Historia entretenida
U01611,211954,7.0,2025-05-22,Buen ritmo
U01612,7863,7.9,2025-03-16,No era lo que esperaba
U01612,9360,3.5,2024-11-10,Visualmente increible
U01612,184345,4.3,2024-01-15,Visualmente increible
U01612,11935,7.8,2023-11-02,Buen ritmo
U01612,7547,6.2,2024-08-23,Excelente recomendacion
U01612,13649,5.0,2026-03-31,Me gusto bastante
U01612,206296,4.4,2024-06-08,Historia entretenida
U01612,15582,3.0,2026-03-16,Visualmente increible
U01612,183894,9.0,2023-09-27,Historia entretenida
U01612,31915,4.9,2025-07-30,Buena para recomendar
U01612,39451,4.9,2024-01-16,La volveria a ver
U01613,128,9.2,2026-03-09,Visualmente increible
U01613,1621,8.1,2024-06-24,Gran actuacion
U01613,55301,5.9,2024-06-26,Excelente recomendacion
U01613,264660,8.3,2024-08-02,Historia entretenida
U01613,6968,6.6,2024-09-01,Excelente recomendacion
U01613,64328,6.2,2026-03-04,Visualmente increible
U01613,5852,4.4,2025-01-03,Buen ritmo
U01613,10364,7.2,2026-02-22,Final inesperado
U01613,137094,6.2,2025-02-27,Visualmente increible
U01613,2054,7.0,2026-01-09,Gran actuacion
U01614,37834,6.9,2023-09-19,Buena para recomendar
U01614,24913,5.4,2023-12-03,Gran actuacion
U01614,287948,5.6,2024-09-21,Excelente recomendacion
U01614,12405,7.9,2026-04-08,Excelente recomendacion
U01614,19848,6.9,2025-09-28,La volveria a ver
U01614,231,6.8,2025-05-31,Me gusto bastante
U01614,11371,5.3,2023-09-30,Historia entretenida
U01615,105864,5.1,2024-04-20,No era lo que esperaba
U01615,72976,7.1,2026-01-19,Buena para recomendar
U01615,6521,5.6,2025-09-03,La volveria a ver
U01615,280391,4.7,2024-07-05,Final inesperado
U01615,15186,3.6,2024-08-12,Buena para recomendar
U01615,17654,7.1,2025-01-18,Visualmente increible
U01615,11382,7.2,2024-06-04,Me gusto bastante
U01615,1933,8.2,2024-09-14,Excelente recomendacion
U01615,109729,5.3,2025-09-21,Buena para recomendar
U01615,5689,6.5,2025-07-15,Me gusto bastante
U01615,200505,7.8,2023-12-13,Final inesperado
U01615,7288,6.9,2025-07-10,Me gusto bastante
U01615,9793,6.5,2023-11-30,Me gusto bastante
U01616,1018,8.6,2025-03-02,Me gusto bastante
U01616,1581,7.5,2025-03-16,Excelente recomendacion
U01616,11024,6.2,2026-03-18,Me gusto bastante
U01616,10545,6.5,2024-01-07,No era lo que esperaba
U01616,50014,8.4,2025-10-30,La volveria a ver
U01616,10950,6.0,2024-01-14,Me gusto bastante
U01616,7859,7.6,2024-06-17,No era lo que esperaba
U01616,41894,5.4,2025-06-24,No era lo que esperaba
U01616,13889,7.5,2025-10-09,Historia entretenida
U01617,782,6.2,2024-10-26,La volveria a ver
U01617,12618,6.1,2025-12-20,Buen ritmo
U01617,8321,8.3,2025-04-25,La volveria a ver
U01617,10388,5.6,2025-05-07,Buena para recomendar
U01617,504,7.9,2025-09-17,Gran actuacion
U01617,19489,4.6,2024-10-26,Final inesperado
U01618,34813,6.4,2025-12-28,Visualmente increible
U01618,10425,6.8,2025-04-27,Historia entretenida
U01618,56715,3.7,2025-12-06,Gran actuacion
U01618,169,7.2,2025-08-16,Excelente recomendacion
U01618,10050,5.8,2025-04-29,La volveria a ver
U01618,23049,5.7,2025-09-28,No era lo que esperaba
U01618,281189,1.0,2025-11-26,Buena para recomendar
U01618,70670,5.8,2025-02-24,Final inesperado
U01619,135397,7.6,2025-03-14,No era lo que esperaba
U01619,19255,8.2,2024-03-19,Visualmente increible
U01619,11431,7.0,2025-09-17,La volveria a ver
U01619,11284,3.9,2024-02-15,Visualmente increible
U01619,7304,5.6,2025-04-21,Gran actuacion
U01619,14574,7.4,2024-03-12,Buena para recomendar
U01619,69,6.8,2025-05-18,Me gusto bastante
U01619,2116,7.1,2025-12-17,Excelente recomendacion
U01620,51052,6.7,2024-09-11,Final inesperado
U01620,5559,6.9,2025-10-31,No era lo que esperaba
U01620,19997,5.4,2025-11-29,Historia entretenida
U01620,2832,7.2,2025-03-15,Visualmente increible
U01620,404,6.6,2024-12-19,La volveria a ver
U01620,68734,7.4,2024-11-04,Excelente recomendacion
U01620,39209,6.1,2026-03-31,La volveria a ver
U01620,818,6.2,2024-10-22,Buena para recomendar
U01620,9583,6.9,2025-08-21,No era lo que esperaba
U01620,71688,5.4,2025-02-21,No era lo que esperaba
U01621,10384,3.7,2023-05-09,La volveria a ver
U01621,9562,5.4,2024-03-24,Gran actuacion
U01621,10283,5.1,2023-11-04,No era lo que esperaba
U01621,62177,7.8,2023-06-05,Final inesperado
U01621,10535,4.0,2025-10-09,Buena para recomendar
U01621,1911,7.8,2023-06-16,Historia entretenida
U01621,9470,7.1,2023-10-05,Historia entretenida
U01621,18,8.4,2024-09-11,Gran actuacion
U01621,40247,5.8,2023-10-05,Final inesperado
U01621,175528,6.7,2025-08-26,Buena para recomendar
U01622,97614,5.8,2023-05-28,Me gusto bastante
U01622,408,7.9,2023-04-05,Buen ritmo
U01622,10138,8.0,2023-10-20,Me gusto bastante
U01622,49524,6.6,2023-02-17,La volveria a ver
U01622,24977,7.2,2025-08-08,Gran actuacion
U01622,122,8.7,2023-05-11,Excelente recomendacion
U01622,13820,7.1,2024-12-26,Excelente recomendacion
U01622,73191,5.2,2026-04-05,No era lo que esperaba
U01622,1427,6.8,2024-11-23,Final inesperado
U01622,14757,6.9,2025-12-15,Excelente recomendacion
U01622,4638,6.1,2024-06-07,Me gusto bastante
U01622,329833,6.0,2023-03-08,Buena para recomendar
U01623,10198,5.5,2025-02-27,Visualmente increible
U01623,290555,4.9,2025-03-11,Historia entretenida
U01623,214,5.8,2025-10-25,Excelente recomendacion
U01624,707,6.7,2025-07-13,Visualmente increible
U01624,11249,5.0,2025-06-29,Buen ritmo
U01624,8688,7.1,2025-03-30,Buen ritmo
U01624,59436,6.1,2025-08-05,No era lo que esperaba
U01624,333371,7.7,2025-12-22,Gran actuacion
U01624,387,9.2,2025-12-03,Buena para recomendar
U01624,21461,8.3,2025-12-09,No era lo que esperaba
U01624,262504,7.2,2025-03-16,Buena para recomendar
U01624,90,7.0,2025-08-20,La volveria a ver
U01624,10719,6.3,2025-08-09,Gran actuacion
U01624,9600,5.3,2025-09-01,No era lo que esperaba
U01625,9336,7.2,2025-11-22,Excelente recomendacion
U01625,26320,5.8,2024-12-14,Historia entretenida
U01625,26837,5.8,2024-02-09,Gran actuacion
U01625,323270,4.5,2025-09-19,Historia entretenida
U01625,197,7.0,2025-01-15,Me gusto bastante
U01625,1415,5.9,2025-11-13,No era lo que esperaba
U01625,19908,6.8,2024-11-20,Final inesperado
U01626,6978,7.3,2025-02-20,Visualmente increible
U01626,12094,5.5,2023-01-27,Excelente recomendacion
U01626,69270,4.8,2025-11-02,Excelente recomendacion
U01626,270946,7.9,2023-02-10,Visualmente increible
U01626,11153,6.2,2023-07-24,Gran actuacion
U01626,71859,8.4,2025-02-03,Gran actuacion
U01626,46989,7.2,2025-06-10,Excelente recomendacion
U01626,2755,6.7,2025-08-09,Buen ritmo
U01626,82675,5.2,2024-07-23,Buen ritmo
U01626,118957,3.9,2022-11-20,La volveria a ver
U01627,9637,5.8,2024-11-25,Excelente recomendacion
U01627,788,6.0,2024-09-23,No era lo que esperaba
U01627,253290,1.0,2025-08-06,Buena para recomendar
U01627,13476,4.1,2025-08-20,Excelente recomendacion
U01627,11400,6.2,2025-03-18,Excelente recomendacion
U01627,159014,7.4,2025-04-19,La volveria a ver
U01627,2288,7.3,2024-09-15,Me gusto bastante
U01627,10999,5.2,2025-03-16,Excelente recomendacion
U01627,11543,7.0,2025-06-28,Buen ritmo
U01627,9366,6.7,2025-03-30,Historia entretenida
U01627,1402,8.8,2025-09-12,No era lo que esperaba
U01627,14392,6.9,2025-01-07,Me gusto bastante
U01628,594,6.8,2026-03-16,Excelente recomendacion
U01628,64639,6.8,2026-03-10,Buen ritmo
U01628,329540,7.2,2026-02-19,Historia entretenida
U01628,1996,4.8,2026-02-21,No era lo que esperaba
U01628,287948,6.6,2026-03-28,Historia entretenida
U01628,43653,4.1,2026-02-11,Gran actuacion
U01628,674,6.4,2026-03-04,La volveria a ver
U01628,260778,8.0,2026-03-10,Gran actuacion
U01628,10105,5.5,2026-02-02,Buena para recomendar
U01628,629,8.1,2026-02-14,Buen ritmo
U01629,13074,7.1,2024-05-17,La volveria a ver
U01629,2048,5.5,2024-09-14,Final inesperado
U01629,14836,6.1,2024-05-19,No era lo que esperaba
U01629,7944,6.3,2024-12-04,Me gusto bastante
U01629,688,7.5,2025-11-22,Me gusto bastante
U01629,24961,4.8,2025-07-29,Excelente recomendacion
U01629,10029,7.5,2025-02-06,Visualmente increible
U01629,80035,6.0,2025-10-02,Me gusto bastante
U01629,33676,3.6,2025-12-10,Excelente recomendacion
U01629,41144,5.8,2024-12-02,Visualmente increible
U01629,522,7.8,2025-03-24,Gran actuacion
U01630,12106,7.2,2025-04-05,Historia entretenida
U01630,15122,4.6,2025-08-11,Visualmente increible
U01630,924,5.8,2024-06-16,Buen ritmo
U01630,118452,3.8,2025-11-15,Buena para recomendar
U01630,13849,5.3,2023-04-29,Buen ritmo
U01630,11866,6.7,2024-02-26,Gran actuacion
U01630,8012,7.8,2023-12-11,No era lo que esperaba
U01630,4327,7.1,2025-04-26,Historia entretenida
U01630,771,8.1,2025-03-08,Buena para recomendar
U01630,87499,6.2,2023-06-07,Me gusto bastante
U01630,11561,6.8,2025-09-03,La volveria a ver
U01631,9344,8.1,2025-11-27,Buen ritmo
U01631,14811,8.2,2026-02-23,Gran actuacion
U01631,292539,6.4,2026-04-10,Visualmente increible
U01631,82693,7.5,2026-04-05,No era lo que esperaba
U01631,188166,7.9,2026-02-02,No era lo que esperaba
U01631,40001,3.8,2025-12-22,Final inesperado
U01631,320,6.7,2026-01-28,La volveria a ver
U01631,82650,4.7,2025-11-28,Final inesperado
U01631,9992,7.1,2026-02-08,Me gusto bastante
U01631,84188,6.2,2026-02-24,No era lo que esperaba
U01631,84184,6.9,2025-12-09,Buen ritmo
U01631,43595,5.9,2026-02-06,Gran actuacion
U01631,2185,7.7,2025-12-10,Historia entretenida
U01632,76726,5.1,2025-11-29,La volveria a ver
U01632,286217,8.6,2024-07-11,La volveria a ver
U01632,62204,6.4,2024-09-05,Buen ritmo
U01632,1779,7.9,2024-06-16,Visualmente increible
U01632,277,5.6,2025-04-03,Historia entretenida
U01632,244772,6.1,2024-12-15,Final inesperado
U01632,45132,5.9,2026-02-03,La volveria a ver
U01632,1546,6.8,2026-02-24,Historia entretenida
U01632,9600,7.0,2025-01-18,Me gusto bastante
U01632,1499,4.3,2026-01-23,No era lo que esperaba
U01633,21074,4.5,2023-02-20,Gran actuacion
U01633,13649,5.7,2025-03-22,Gran actuacion
U01633,7446,7.5,2025-01-27,Buena para recomendar
U01633,20862,8.0,2025-05-20,Excelente recomendacion
U01633,4816,5.9,2023-11-24,No era lo que esperaba
U01633,18074,4.7,2026-02-25,La volveria a ver
U01634,22820,5.0,2026-03-18,Final inesperado
U01634,10377,6.3,2025-03-13,Excelente recomendacion
U01634,673,6.6,2025-09-22,Buena para recomendar
U01634,342502,4.3,2025-12-19,Gran actuacion
U01634,16281,6.1,2025-08-20,Buen ritmo
U01634,46705,6.0,2026-02-23,Final inesperado
U01634,262500,5.9,2025-11-13,No era lo que esperaba
U01634,22787,3.9,2025-08-02,Historia entretenida
U01634,11980,6.7,2025-08-14,Excelente recomendacion
U01634,925,6.9,2025-06-09,Gran actuacion
U01634,251979,3.7,2025-08-15,Visualmente increible
U01634,194662,7.3,2025-03-22,Buen ritmo
U01635,241239,5.4,2024-08-30,Excelente recomendacion
U01635,2756,7.6,2025-08-25,No era lo que esperaba
U01635,1547,7.4,2024-08-18,Final inesperado
U01635,10167,5.5,2026-04-01,Historia entretenida
U01635,44115,7.9,2025-09-13,Buen ritmo
U01635,29731,5.3,2024-07-06,Final inesperado
U01635,1642,6.4,2025-01-22,Final inesperado
U01635,10655,7.4,2025-07-24,Buena para recomendar
U01636,18869,5.5,2025-04-19,No era lo que esperaba
U01636,8681,6.6,2025-08-05,Excelente recomendacion
U01636,12509,5.6,2026-04-06,Buen ritmo
U01636,50875,4.7,2025-11-18,Final inesperado
U01636,11322,7.2,2025-04-26,Visualmente increible
U01636,70160,6.5,2026-03-26,Buena para recomendar
U01636,13475,7.4,2025-12-23,Excelente recomendacion
U01636,7553,5.6,2025-03-16,Buena para recomendar
U01636,627,9.0,2025-07-19,Buena para recomendar
U01637,346,6.9,2025-03-16,Historia entretenida
U01637,196867,5.0,2025-02-22,La volveria a ver
U01637,8467,6.8,2025-05-07,Visualmente increible
U01637,323967,5.1,2025-08-17,No era lo que esperaba
U01637,9312,6.6,2025-04-30,Me gusto bastante
U01637,10196,4.9,2025-07-08,Visualmente increible
U01637,9942,6.0,2025-09-29,Historia entretenida
U01637,357837,4.2,2025-04-17,Historia entretenida
U01637,307081,8.7,2025-10-06,Buen ritmo
U01637,1645,7.1,2025-05-28,Me gusto bastante
U01637,11199,6.7,2025-08-16,Buena para recomendar
U01637,13495,4.7,2026-01-22,Buena para recomendar
U01638,14120,4.8,2025-12-13,No era lo que esperaba
U01638,10876,6.9,2025-09-06,Visualmente increible
U01638,205596,7.0,2025-08-29,Visualmente increible
U01638,39781,7.7,2025-09-04,Me gusto bastante
U01638,11400,7.2,2025-08-08,Final inesperado
U01638,51828,6.1,2026-01-13,Gran actuacion
U01638,500,8.8,2026-02-16,Gran actuacion
U01639,44857,6.4,2026-03-04,Final inesperado
U01639,128,9.5,2025-09-21,Historia entretenida
U01639,360339,4.7,2025-12-17,Gran actuacion
U01639,13223,9.2,2025-09-19,Historia entretenida
U01639,8068,8.0,2026-02-03,La volveria a ver
U01639,15927,6.5,2026-03-22,No era lo que esperaba
U01639,15256,5.8,2026-02-20,Gran actuacion
U01639,45324,7.1,2025-10-04,Buen ritmo
U01639,10718,3.8,2025-12-10,Excelente recomendacion
U01640,14429,5.3,2025-06-11,Gran actuacion
U01640,325173,5.7,2026-01-29,Me gusto bastante
U01640,10426,5.9,2024-01-09,Gran actuacion
U01640,11357,7.0,2024-04-07,Excelente recomendacion
U01640,2112,6.7,2025-12-04,Excelente recomendacion
U01640,16428,6.2,2025-03-22,La volveria a ver
U01640,109445,8.7,2026-03-22,Excelente recomendacion
U01640,86834,5.2,2024-11-18,No era lo que esperaba
U01640,333348,5.1,2024-02-03,Gran actuacion
U01640,104896,6.6,2024-02-17,Gran actuacion
U01640,680,7.6,2025-04-27,Historia entretenida
U01640,13503,6.7,2026-02-15,No era lo que esperaba
U01640,10994,6.9,2024-08-26,Gran actuacion
U01640,13183,8.0,2024-12-29,Visualmente increible
U01640,14113,4.5,2025-08-03,Historia entretenida
U01641,11507,7.6,2026-03-18,Gran actuacion
U01641,22102,4.6,2025-03-19,Visualmente increible
U01641,11170,7.3,2024-03-08,No era lo que esperaba
U01641,55720,7.6,2025-11-02,No era lo que esperaba
U01641,4816,6.2,2026-01-11,Final inesperado
U01641,11679,5.5,2024-05-30,Me gusto bastante
U01641,2655,6.8,2024-11-18,Buena para recomendar
U01641,9896,4.7,2024-09-02,Me gusto bastante
U01641,11959,7.1,2024-01-07,Buen ritmo
U01641,11446,5.7,2025-05-12,Historia entretenida
U01641,660,6.4,2024-07-04,Buen ritmo
U01641,20296,3.8,2025-07-24,Visualmente increible
U01641,73935,3.5,2023-08-04,Historia entretenida
U01642,693,5.5,2026-03-08,Buen ritmo
U01642,72559,5.9,2022-10-02,Gran actuacion
U01642,10017,4.5,2024-07-21,Visualmente increible
U01642,550,7.0,2022-09-16,Gran actuacion
U01642,291870,6.2,2022-10-29,Final inesperado
U01642,264656,7.1,2025-06-15,Gran actuacion
U01642,84188,5.0,2022-07-26,La volveria a ver
U01643,55347,5.9,2024-06-21,Excelente recomendacion
U01643,284,8.1,2025-12-20,Buena para recomendar
U01643,71469,4.4,2025-06-02,Me gusto bastante
U01643,10712,6.4,2025-07-23,Buen ritmo
U01643,1895,7.2,2024-11-29,Visualmente increible
U01643,9793,5.7,2025-08-23,Historia entretenida
U01643,10718,3.6,2024-05-29,Visualmente increible
U01643,26389,4.8,2025-02-26,Buena para recomendar
U01643,238615,6.8,2024-08-19,No era lo que esperaba
U01643,10471,5.7,2024-08-10,Visualmente increible
U01643,162,7.8,2024-12-11,Buena para recomendar
U01643,11780,6.5,2025-06-21,La volveria a ver
U01643,480,7.9,2025-01-10,No era lo que esperaba
U01644,11564,6.3,2024-05-25,La volveria a ver
U01644,2771,6.9,2024-03-20,Historia entretenida
U01644,26379,7.4,2024-06-04,Excelente recomendacion
U01644,1439,7.8,2026-03-17,Buena para recomendar
U01644,116613,6.2,2025-02-19,Buen ritmo
U01645,86837,7.3,2025-12-25,No era lo que esperaba
U01645,1724,7.5,2026-02-12,Buen ritmo
U01645,206563,6.2,2026-02-17,Visualmente increible
U01645,622,7.4,2026-02-06,Visualmente increible
U01645,8051,7.3,2026-01-23,Excelente recomendacion
U01645,348,6.5,2026-03-14,Visualmente increible
U01646,12920,7.6,2026-02-23,Buen ritmo
U01646,28005,6.8,2025-04-11,Me gusto bastante
U01646,3175,8.1,2024-11-06,Historia entretenida
U01646,26171,6.6,2025-10-29,Buen ritmo
U01646,2112,5.9,2025-10-23,La volveria a ver
U01646,15045,3.9,2025-04-07,No era lo que esperaba
U01646,10970,6.9,2025-07-15,Excelente recomendacion
U01647,29917,5.8,2024-10-05,Buen ritmo
U01647,3033,5.3,2024-08-28,Excelente recomendacion
U01647,12589,5.5,2025-11-17,Historia entretenida
U01647,147773,7.8,2024-08-10,No era lo que esperaba
U01647,169,6.7,2023-12-06,Historia entretenida
U01647,11866,5.2,2023-12-27,Excelente recomendacion
U01647,109491,4.2,2026-01-21,Historia entretenida
U01647,21334,7.4,2025-11-10,Buen ritmo
U01647,13411,5.8,2025-07-14,Gran actuacion
U01647,1427,8.1,2025-08-12,Final inesperado
U01647,9466,7.5,2025-05-12,Me gusto bastante
U01647,8619,8.0,2023-11-08,La volveria a ver
U01647,8618,5.7,2026-01-19,Gran actuacion
U01647,93856,5.9,2025-07-05,No era lo que esperaba
U01647,3034,6.7,2025-08-20,Me gusto bastante
U01648,13166,5.7,2024-10-09,Buen ritmo
U01648,44639,6.9,2025-04-26,No era lo que esperaba
U01648,10761,4.8,2025-03-29,Me gusto bastante
U01648,9292,4.0,2025-06-01,No era lo que esperaba
U01648,20352,7.1,2025-07-12,Me gusto bastante
U01649,2133,6.8,2025-06-20,Final inesperado
U01649,21610,6.4,2025-08-17,Historia entretenida
U01649,81796,6.1,2025-04-15,Final inesperado
U01649,8068,7.5,2026-01-18,Buena para recomendar
U01649,24913,6.2,2024-10-25,Me gusto bastante
U01649,654,9.5,2025-10-17,Gran actuacion
U01649,8009,8.2,2025-05-10,Buena para recomendar
U01649,1997,6.5,2024-12-31,Visualmente increible
U01649,44260,8.6,2025-05-06,Gran actuacion
U01649,60307,6.8,2025-12-11,Gran actuacion
U01649,27191,5.8,2024-12-17,Visualmente increible
U01650,5137,5.4,2024-08-19,La volveria a ver
U01650,175555,5.6,2024-04-15,Gran actuacion
U01650,1883,8.5,2024-01-16,No era lo que esperaba
U01650,179144,7.4,2025-12-18,Excelente recomendacion
U01650,203,8.1,2024-11-07,Buen ritmo
U01650,53862,6.0,2024-10-08,La volveria a ver
U01650,10569,6.6,2024-09-30,Buena para recomendar
U01650,134371,5.7,2025-05-22,Buen ritmo
U01650,225565,6.8,2023-12-12,Visualmente increible
U01650,2054,6.8,2024-03-06,Me gusto bastante
U01651,17880,6.1,2026-03-20,Buena para recomendar
U01651,10992,3.6,2026-03-12,Buen ritmo
U01651,11778,8.4,2026-02-28,Visualmente increible
U01652,365222,7.7,2026-03-27,Me gusto bastante
U01652,27549,3.8,2026-03-30,Excelente recomendacion
U01652,451,7.0,2026-02-19,Buen ritmo
U01652,18480,5.7,2026-02-14,Historia entretenida
U01652,2290,5.5,2026-02-23,Buena para recomendar
U01652,83666,6.7,2026-03-31,Final inesperado
U01652,9268,5.2,2026-03-10,No era lo que esperaba
U01652,10707,6.8,2026-02-09,Excelente recomendacion
U01652,10674,8.0,2026-04-08,Buena para recomendar
U01652,616,8.5,2026-04-07,Buen ritmo
U01652,18892,4.9,2026-04-03,Gran actuacion
U01652,301365,5.2,2026-02-22,La volveria a ver
U01652,13963,6.6,2026-02-08,Visualmente increible
U01653,97614,4.4,2026-03-26,Visualmente increible
U01653,816,7.7,2025-05-03,No era lo que esperaba
U01653,13920,6.4,2024-06-07,Gran actuacion
U01653,8780,6.2,2025-11-09,Buen ritmo
U01653,9645,6.4,2025-07-01,Gran actuacion
U01653,1988,5.7,2024-06-12,La volveria a ver
U01653,294272,6.5,2024-09-30,Buen ritmo
U01653,157350,6.6,2025-11-05,Buen ritmo
U01654,222250,5.5,2026-01-09,Gran actuacion
U01654,1613,4.6,2025-09-16,Visualmente increible
U01654,10426,5.0,2026-01-15,La volveria a ver
U01654,25462,7.2,2026-03-07,Gran actuacion
U01654,26320,5.4,2025-07-20,No era lo que esperaba
U01654,1966,6.2,2025-12-28,Historia entretenida
U01654,362765,1.4,2025-08-26,Final inesperado
U01654,9012,6.7,2025-12-31,Buena para recomendar
U01654,1250,5.7,2026-01-25,Excelente recomendacion
U01654,10253,4.0,2026-01-14,La volveria a ver
U01655,1734,6.0,2025-06-16,La volveria a ver
U01655,292539,8.0,2024-07-14,Buena para recomendar
U01655,8975,5.4,2026-01-16,Buen ritmo
U01655,31166,6.2,2025-02-24,Buena para recomendar
U01655,22538,6.3,2026-03-13,Final inesperado
U01655,15013,6.0,2024-09-26,Excelente recomendacion
U01655,4032,7.8,2026-02-19,Me gusto bastante
U01655,453,7.8,2025-04-06,Buena para recomendar
U01655,1722,4.6,2025-05-17,Me gusto bastante
U01655,10025,6.3,2024-06-28,Excelente recomendacion
U01655,4107,7.6,2025-07-06,Historia entretenida
U01655,16441,4.5,2026-02-03,Gran actuacion
U01655,37165,8.1,2024-09-14,Excelente recomendacion
U01656,62838,5.4,2025-08-28,Buen ritmo
U01656,286217,8.2,2025-10-21,Excelente recomendacion
U01656,22649,5.5,2024-12-30,No era lo que esperaba
U01656,9021,5.3,2026-04-04,Buena para recomendar
U01656,35169,4.2,2025-12-10,Me gusto bastante
U01656,274854,5.5,2025-08-19,Gran actuacion
U01656,302156,5.1,2026-04-09,Excelente recomendacion
U01656,3021,7.3,2026-03-05,Me gusto bastante
U01656,4922,7.4,2024-09-04,Visualmente increible
U01656,186,7.1,2024-06-15,La volveria a ver
U01656,160588,6.5,2025-02-09,Buena para recomendar
U01656,1844,4.9,2025-03-11,Final inesperado
U01657,3509,5.9,2024-01-01,Visualmente increible
U01657,244403,8.1,2025-07-03,Visualmente increible
U01657,62211,8.3,2025-05-11,La volveria a ver
U01657,58,6.4,2024-02-29,Gran actuacion
U01657,6073,5.4,2026-03-31,Me gusto bastante
U01657,654,9.1,2024-05-01,No era lo que esperaba
U01657,149,8.6,2023-10-27,Buena para recomendar
U01657,5494,5.2,2026-02-12,La volveria a ver
U01657,2370,5.8,2025-06-27,Visualmente increible
U01657,4518,7.8,2025-08-14,Buen ritmo
U01658,129670,7.6,2025-03-13,Buena para recomendar
U01658,1669,6.2,2025-09-05,Buena para recomendar
U01658,12192,4.9,2024-08-11,Excelente recomendacion
U01658,10550,4.4,2025-10-23,Excelente recomendacion
U01658,373314,6.5,2025-12-29,No era lo que esperaba
U01658,16323,6.7,2024-07-26,La volveria a ver
U01659,17287,5.7,2024-12-22,No era lo que esperaba
U01659,711,6.3,2025-10-26,Gran actuacion
U01659,106845,3.9,2025-01-13,La volveria a ver
U01659,1359,8.1,2026-01-26,Buen ritmo
U01659,11128,5.6,2024-07-29,Gran actuacion
U01659,58882,3.8,2023-01-08,Visualmente increible
U01659,77948,3.3,2024-03-24,Me gusto bastante
U01659,120467,7.3,2023-07-18,No era lo que esperaba
U01659,74510,8.5,2024-05-26,Gran actuacion
U01659,4380,6.8,2024-09-23,Historia entretenida
U01659,10214,3.8,2024-04-22,Gran actuacion
U01659,169917,5.9,2025-03-06,Historia entretenida
U01659,2268,6.2,2023-09-14,Me gusto bastante
U01659,1921,5.2,2025-11-15,Buen ritmo
U01660,17134,6.0,2024-06-16,Buena para recomendar
U01660,146233,8.0,2026-04-06,Buen ritmo
U01660,267935,5.6,2025-05-26,Buena para recomendar
U01660,10388,7.0,2023-11-24,Buena para recomendar
U01660,136797,5.0,2025-02-16,Final inesperado
U01660,1646,7.6,2024-07-02,La volveria a ver
U01661,9384,4.6,2024-01-28,Visualmente increible
U01661,34341,4.0,2025-09-15,Visualmente increible
U01661,109428,6.5,2025-02-09,Buen ritmo
U01661,49051,6.4,2026-02-17,Me gusto bastante
U01661,9685,6.6,2024-09-18,No era lo que esperaba
U01661,49040,5.8,2024-08-17,Historia entretenida
U01661,9433,5.8,2023-09-28,Buen ritmo
U01661,17768,6.7,2023-11-01,Excelente recomendacion
U01661,2925,6.1,2023-07-16,Me gusto bastante
U01661,1865,5.4,2023-04-20,Historia entretenida
U01661,8077,7.4,2025-01-03,Buena para recomendar
U01661,211672,5.0,2023-07-18,La volveria a ver
U01661,310933,3.2,2023-09-29,Historia entretenida
U01662,62204,7.9,2024-12-28,Buen ritmo
U01662,9043,4.9,2025-01-25,Final inesperado
U01662,41216,6.7,2025-05-06,La volveria a ver
U01662,865,6.3,2025-08-28,Buen ritmo
U01662,13551,6.2,2024-11-21,Final inesperado
U01662,25941,6.4,2025-03-27,Buen ritmo
U01662,37735,6.5,2025-12-01,Final inesperado
U01662,23570,5.2,2025-03-19,Excelente recomendacion
U01662,10156,7.1,2025-10-15,Me gusto bastante
U01663,11027,7.0,2025-03-31,Gran actuacion
U01663,512,6.4,2024-05-13,Historia entretenida
U01663,37206,6.1,2025-01-25,Excelente recomendacion
U01663,45269,8.5,2026-02-05,Buena para recomendar
U01663,10483,5.5,2024-11-10,Excelente recomendacion
U01663,39209,6.6,2024-12-13,Gran actuacion
U01663,29193,8.3,2025-10-05,Final inesperado
U01663,206412,4.5,2024-03-18,Final inesperado
U01663,87827,7.5,2024-05-26,Buena para recomendar
U01663,71859,7.3,2023-12-02,Buena para recomendar
U01664,1590,7.5,2023-03-30,No era lo que esperaba
U01664,205220,6.6,2025-04-19,Me gusto bastante
U01664,12279,3.8,2022-11-24,Buena para recomendar
U01664,55561,5.0,2024-04-23,Buen ritmo
U01664,250349,4.5,2024-02-06,Buen ritmo
U01664,200,6.3,2025-11-19,Gran actuacion
U01664,272,8.0,2024-01-24,Visualmente increible
U01664,281957,8.5,2025-08-28,Excelente recomendacion
U01664,9398,5.5,2025-05-04,Gran actuacion
U01664,80,8.5,2023-10-06,La volveria a ver
U01665,26428,5.6,2023-02-18,La volveria a ver
U01665,2787,7.6,2025-02-03,Me gusto bastante
U01665,193756,6.4,2023-08-14,Gran actuacion
U01665,4551,4.9,2023-08-07,Buena para recomendar
U01665,50601,7.2,2024-10-11,Me gusto bastante
U01665,650,8.6,2023-07-01,Gran actuacion
U01666,24113,2.4,2023-05-26,Historia entretenida
U01666,950,5.8,2024-07-06,Buena para recomendar
U01666,16072,6.6,2025-04-22,Buena para recomendar
U01666,9339,5.1,2024-09-30,Excelente recomendacion
U01666,9767,6.0,2022-05-26,No era lo que esperaba
U01666,137955,5.8,2023-11-12,Visualmente increible
U01666,18923,7.2,2025-03-16,Visualmente increible
U01666,3021,5.9,2025-12-27,Buen ritmo
U01666,9944,6.9,2023-11-30,No era lo que esperaba
U01666,10159,6.6,2024-03-13,Historia entretenida
U01666,9486,5.6,2025-12-16,La volveria a ver
U01666,10288,6.0,2026-02-14,Final inesperado
U01667,11302,7.7,2026-03-16,Me gusto bastante
U01667,1930,7.3,2025-12-27,Historia entretenida
U01667,622,6.9,2025-10-11,Final inesperado
U01667,138843,8.4,2026-01-09,Me gusto bastante
U01668,12555,5.9,2025-01-04,No era lo que esperaba
U01668,25983,6.2,2023-03-31,Buena para recomendar
U01668,226354,5.9,2024-10-19,Me gusto bastante
U01668,1883,7.8,2025-07-08,Final inesperado
U01668,16358,5.9,2025-09-13,Buen ritmo
U01668,87943,6.2,2025-05-12,Buena para recomendar
U01669,9587,8.5,2024-09-02,La volveria a ver
U01669,310569,9.2,2024-09-29,Final inesperado
U01669,10364,6.5,2025-05-02,Historia entretenida
U01669,4982,7.3,2025-05-13,La volveria a ver
U01669,9842,4.4,2024-09-24,Excelente recomendacion
U01669,40805,5.9,2025-01-28,Final inesperado
U01669,26171,7.4,2026-03-08,No era lo que esperaba
U01670,8814,3.5,2024-07-02,La volveria a ver
U01670,75531,3.4,2026-01-07,Historia entretenida
U01670,395,4.4,2024-10-05,Buena para recomendar
U01670,348,9.1,2023-10-16,Gran actuacion
U01671,34813,6.2,2026-01-11,Historia entretenida
U01671,10215,7.2,2026-03-20,Excelente recomendacion
U01671,34584,6.4,2025-09-12,Final inesperado
U01671,8665,6.7,2025-10-08,Buena para recomendar
U01671,317930,5.7,2026-03-24,No era lo que esperaba
U01671,38780,6.6,2025-12-27,Visualmente increible
U01671,7509,6.0,2025-09-20,Me gusto bastante
U01671,39781,7.1,2025-08-01,Final inesperado
U01671,10207,6.7,2025-08-20,Me gusto bastante
U01671,106646,7.9,2026-02-03,Historia entretenida
U01671,105,7.2,2025-11-19,Buena para recomendar
U01672,1165,7.3,2026-03-29,Buen ritmo
U01672,40505,5.9,2025-05-12,Buena para recomendar
U01672,262504,5.0,2025-04-16,Buen ritmo
U01672,16619,6.5,2025-12-27,Excelente recomendacion
U01672,14844,5.0,2024-08-26,La volveria a ver
U01672,22972,5.7,2025-06-21,Gran actuacion
U01672,319910,5.7,2026-02-08,Excelente recomendacion
U01672,10844,7.2,2025-02-27,Visualmente increible
U01672,9664,5.2,2025-01-03,Gran actuacion
U01672,50538,6.5,2025-08-25,La volveria a ver
U01672,357837,5.4,2025-07-04,No era lo que esperaba
U01673,14576,7.4,2025-12-27,No era lo que esperaba
U01673,25763,6.0,2025-03-21,Gran actuacion
U01673,278348,5.1,2025-09-29,Visualmente increible
U01673,10068,6.5,2025-12-04,Final inesperado
U01673,136400,7.4,2025-10-13,Visualmente increible
U01673,257091,5.9,2025-07-14,Me gusto bastante
U01673,43306,5.8,2025-03-31,Gran actuacion
U01673,27374,7.0,2024-09-11,Gran actuacion
U01673,170687,5.9,2024-10-24,La volveria a ver
U01674,18713,5.7,2024-08-16,Historia entretenida
U01674,55604,6.5,2023-09-16,Gran actuacion
U01674,70,7.6,2022-05-18,La volveria a ver
U01674,83,4.7,2025-08-09,Buena para recomendar
U01674,10663,6.2,2024-03-23,Buena para recomendar
U01674,68202,5.9,2023-04-02,Buena para recomendar
U01674,23048,6.1,2025-04-12,Buen ritmo
U01674,5236,7.9,2024-05-14,Me gusto bastante
U01675,4942,6.3,2025-05-11,Gran actuacion
U01675,19901,5.8,2023-08-04,No era lo que esperaba
U01675,370980,6.1,2023-06-28,No era lo que esperaba
U01675,96724,5.7,2023-11-15,Historia entretenida
U01675,11690,8.1,2023-10-29,Buen ritmo
U01675,60599,5.8,2025-09-17,Historia entretenida
U01675,16288,4.9,2023-01-27,Final inesperado
U01675,25376,6.7,2023-04-06,Buen ritmo
U01675,10655,6.4,2024-10-18,No era lo que esperaba
U01675,4517,6.4,2025-12-16,La volveria a ver
U01676,271110,7.5,2023-11-17,Me gusto bastante
U01676,202575,6.1,2023-03-12,Buen ritmo
U01676,8838,7.0,2024-01-28,No era lo que esperaba
U01676,41210,6.8,2025-07-14,No era lo que esperaba
U01676,21612,8.3,2025-09-30,Excelente recomendacion
U01676,44147,6.3,2024-10-28,Visualmente increible
U01676,12183,4.4,2024-05-21,Buena para recomendar
U01676,243938,4.1,2024-11-14,Historia entretenida
U01676,11302,8.2,2024-11-20,Me gusto bastante
U01676,13092,5.8,2026-04-06,Me gusto bastante
U01676,178862,7.9,2025-02-09,Excelente recomendacion
U01676,6479,6.7,2024-05-03,No era lo que esperaba
U01676,14292,7.0,2026-01-18,Excelente recomendacion
U01677,2133,6.0,2024-06-25,Gran actuacion
U01677,37958,6.3,2025-12-20,Final inesperado
U01677,15648,4.4,2025-08-09,Gran actuacion
U01677,103663,8.5,2025-02-15,Me gusto bastante
U01677,37737,7.4,2025-04-07,Me gusto bastante
U01677,9916,6.1,2024-10-18,Historia entretenida
U01677,49519,5.7,2025-04-04,Visualmente increible
U01677,71866,5.0,2025-08-06,No era lo que esperaba
U01677,74643,7.5,2025-12-19,Me gusto bastante
U01677,244786,7.4,2025-04-01,Excelente recomendacion
U01677,9705,7.6,2026-03-31,Me gusto bastante
U01678,13994,6.8,2024-12-14,La volveria a ver
U01678,944,6.2,2025-10-17,Excelente recomendacion
U01678,792,8.2,2026-01-14,Buen ritmo
U01678,158752,5.4,2025-02-18,La volveria a ver
U01678,22256,5.4,2024-02-07,Buena para recomendar
U01678,51588,5.1,2025-02-08,Visualmente increible
U01678,89325,5.7,2024-11-01,Final inesperado
U01679,15005,4.7,2024-09-01,Gran actuacion
U01679,250184,7.4,2025-06-25,Historia entretenida
U01679,9548,6.9,2026-02-10,La volveria a ver
U01679,1537,4.7,2024-05-23,No era lo que esperaba
U01679,46889,4.4,2025-10-04,La volveria a ver
U01679,38940,5.8,2026-04-06,Gran actuacion
U01679,18126,6.1,2025-02-02,No era lo que esperaba
U01680,11679,5.6,2025-02-18,Buena para recomendar
U01680,50839,5.6,2023-11-28,Gran actuacion
U01680,118340,6.6,2023-11-20,Buena para recomendar
U01680,10895,8.1,2024-05-19,Final inesperado
U01680,46829,5.9,2024-04-10,No era lo que esperaba
U01680,129,9.4,2024-06-17,Buena para recomendar
U01680,2270,7.3,2023-10-25,Visualmente increible
U01680,14271,6.7,2023-10-26,Historia entretenida
U01680,10537,7.1,2023-09-24,Visualmente increible
U01681,48034,7.9,2026-03-07,Buena para recomendar
U01681,1577,7.3,2024-07-05,No era lo que esperaba
U01681,152599,6.1,2023-12-16,Buen ritmo
U01681,76285,7.0,2024-12-28,La volveria a ver
U01681,43884,5.9,2024-10-01,No era lo que esperaba
U01681,46195,5.6,2025-06-09,Gran actuacion
U01682,9821,6.6,2025-12-17,Final inesperado
U01682,11971,7.4,2025-05-13,Buen ritmo
U01682,667,6.1,2026-01-17,Historia entretenida
U01682,180383,8.6,2024-11-06,Final inesperado
U01682,10987,5.9,2024-12-31,Me gusto bastante
U01682,1808,7.4,2024-10-27,Excelente recomendacion
U01682,87101,6.1,2024-09-21,Buen ritmo
U01682,38073,6.7,2024-10-20,Visualmente increible
U01682,8982,5.4,2025-10-05,Me gusto bastante
U01682,10530,5.4,2025-08-05,Me gusto bastante
U01682,60421,6.3,2024-11-02,Me gusto bastante
U01682,37964,5.7,2026-03-29,Excelente recomendacion
U01682,1645,6.7,2024-12-01,No era lo que esperaba
U01682,5279,6.4,2026-01-04,Me gusto bastante
U01682,38448,6.7,2025-03-15,Gran actuacion
U01683,2211,6.2,2026-02-15,La volveria a ver
U01683,242095,6.4,2026-02-04,La volveria a ver
U01683,11411,2.9,2025-11-07,La volveria a ver
U01683,53256,4.9,2026-02-01,Buen ritmo
U01683,4922,6.0,2025-12-25,Visualmente increible
U01683,223,6.6,2025-12-04,Historia entretenida
U01683,39538,6.4,2025-09-29,Excelente recomendacion
U01683,9946,4.0,2025-10-11,Me gusto bastante
U01683,19084,4.1,2025-11-10,Final inesperado
U01683,9806,6.7,2025-09-30,Final inesperado
U01683,68722,7.2,2025-10-08,Final inesperado
U01683,20337,6.4,2025-09-22,Gran actuacion
U01683,9992,6.0,2026-03-20,Buena para recomendar
U01683,13948,3.6,2025-10-21,Excelente recomendacion
U01683,752,8.7,2025-10-18,La volveria a ver
U01684,290391,2.6,2024-10-28,Buen ritmo
U01684,277216,7.8,2024-12-17,Gran actuacion
U01684,250124,7.7,2024-08-20,Buena para recomendar
U01684,76706,5.9,2024-06-01,Excelente recomendacion
U01684,10185,4.7,2025-02-27,Final inesperado
U01684,187,8.5,2025-06-23,No era lo que esperaba
U01684,49953,4.6,2025-05-10,Historia entretenida
U01685,45791,7.4,2025-08-23,Visualmente increible
U01685,6071,5.3,2026-01-22,Excelente recomendacion
U01685,20737,6.2,2025-02-11,Buen ritmo
U01685,862,7.9,2024-11-16,Final inesperado
U01685,14877,6.2,2025-05-27,La volveria a ver
U01685,21612,6.4,2024-09-07,Me gusto bastante
U01685,198277,6.6,2025-01-02,No era lo que esperaba
U01685,10362,6.3,2025-01-25,Historia entretenida
U01685,26602,4.8,2025-04-22,Visualmente increible
U01685,1858,7.0,2025-05-20,No era lo que esperaba
U01685,12437,6.9,2025-09-01,Me gusto bastante
U01685,14156,5.0,2025-02-21,Buen ritmo
U01685,8818,5.5,2024-10-21,Historia entretenida
U01685,19997,5.8,2025-01-14,Me gusto bastante
U01685,109421,7.8,2024-10-19,Historia entretenida
U01686,11638,4.1,2026-03-10,La volveria a ver
U01686,20009,6.2,2026-04-08,Historia entretenida
U01686,9007,6.5,2026-03-16,No era lo que esperaba
U01686,22013,8.6,2026-03-29,Buena para recomendar
U01686,171274,5.2,2026-03-20,Buen ritmo
U01686,273899,4.0,2026-04-02,Buena para recomendar
U01686,2252,7.7,2026-03-13,Me gusto bastante
U01686,228967,5.5,2026-04-09,Gran actuacion
U01686,53502,3.0,2026-03-11,No era lo que esperaba
U01686,10655,6.1,2026-03-16,La volveria a ver
U01687,772,5.7,2025-10-29,La volveria a ver
U01687,3080,6.0,2024-10-20,Gran actuacion
U01687,1408,6.9,2025-01-08,Final inesperado
U01687,14836,8.7,2025-07-28,No era lo que esperaba
U01688,17711,2.6,2023-12-03,Buen ritmo
U01688,11395,5.5,2025-01-31,Historia entretenida
U01688,9355,4.8,2023-11-24,Buena para recomendar
U01689,39013,7.3,2025-03-10,Final inesperado
U01689,69,7.8,2024-11-05,Buena para recomendar
U01689,4935,6.7,2025-06-10,Buen ritmo
U01689,96724,5.1,2024-07-22,Final inesperado
U01689,85860,3.5,2024-12-01,Buen ritmo
U01689,500,8.5,2025-09-30,Me gusto bastante
U01689,364,6.1,2025-07-07,Buen ritmo
U01689,86549,5.9,2025-07-16,No era lo que esperaba
U01689,9035,6.2,2025-03-05,Buen ritmo
U01689,8869,4.2,2024-06-21,Me gusto bastante
U01689,9573,7.5,2025-05-21,Visualmente increible
U01690,14608,5.1,2024-06-15,Visualmente increible
U01690,11130,5.8,2023-01-17,Buena para recomendar
U01690,14359,7.7,2025-06-09,Historia entretenida
U01690,8869,4.3,2023-11-09,Excelente recomendacion
U01690,206647,6.7,2023-05-23,Buen ritmo
U01690,20981,6.8,2026-01-18,Buen ritmo
U01690,82533,5.6,2023-05-21,La volveria a ver
U01690,9928,4.5,2025-10-16,Buen ritmo
U01690,33106,8.0,2023-11-25,Gran actuacion
U01690,1771,5.3,2024-04-19,Me gusto bastante
U01690,55123,5.1,2022-06-20,Me gusto bastante
U01690,26710,3.4,2026-03-03,Excelente recomendacion
U01690,1369,6.8,2025-08-18,Gran actuacion
U01690,10397,8.0,2024-12-25,Historia entretenida
U01690,3595,5.5,2025-05-24,Buena para recomendar
U01691,41730,5.4,2024-03-10,Excelente recomendacion
U01691,134371,4.5,2026-03-08,No era lo que esperaba
U01691,7299,7.2,2024-05-06,Buena para recomendar
U01691,13898,7.2,2024-07-01,Historia entretenida
U01691,347755,7.7,2024-01-03,Final inesperado
U01691,11113,6.2,2025-03-07,Final inesperado
U01691,9424,6.4,2024-10-15,Buena para recomendar
U01692,55347,6.4,2025-10-08,Buena para recomendar
U01692,4108,7.9,2025-12-09,Buena para recomendar
U01692,186,6.6,2025-12-05,Buen ritmo
U01692,85,7.4,2026-03-12,Buena para recomendar
U01692,76492,7.3,2026-01-11,Visualmente increible
U01692,253412,5.8,2025-10-21,Final inesperado
U01692,10218,8.0,2025-12-05,Historia entretenida
U01692,4515,4.9,2025-10-20,Me gusto bastante
U01692,9798,7.3,2025-12-27,Visualmente increible
U01693,39486,8.1,2024-10-07,No era lo que esperaba
U01693,14576,7.0,2023-07-10,Buena para recomendar
U01693,1250,6.5,2026-03-18,Me gusto bastante
U01693,595,8.8,2024-08-03,No era lo que esperaba
U01693,8470,5.9,2025-07-28,Buen ritmo
U01693,249164,7.4,2025-01-09,Buena para recomendar
U01693,3512,5.3,2023-10-29,No era lo que esperaba
U01694,8998,6.5,2023-07-14,Buena para recomendar
U01694,89750,7.1,2025-07-30,Excelente recomendacion
U01694,327,7.6,2024-07-25,Excelente recomendacion
U01694,26390,6.1,2023-12-01,Gran actuacion
U01694,77883,5.2,2023-09-21,Historia entretenida
U01694,9978,4.0,2024-07-12,No era lo que esperaba
U01694,10956,4.5,2022-11-13,Historia entretenida
U01694,106747,6.3,2022-11-02,No era lo que esperaba
U01694,152742,6.6,2024-07-10,Excelente recomendacion
U01695,11253,6.9,2024-07-17,Final inesperado
U01695,14582,5.9,2025-11-23,Me gusto bastante
U01695,174311,5.7,2023-03-29,Excelente recomendacion
U01695,15394,6.9,2025-11-18,Excelente recomendacion
U01695,49953,5.1,2024-05-18,Final inesperado
U01695,598,7.3,2023-06-22,Gran actuacion
U01695,121986,7.3,2024-01-05,Visualmente increible
U01695,24266,7.5,2025-07-10,Historia entretenida
U01695,652,7.2,2023-03-20,Gran actuacion
U01695,238603,5.3,2023-02-02,Gran actuacion
U01695,20542,6.5,2024-12-08,Buena para recomendar
U01696,11620,6.2,2025-10-13,La volveria a ver
U01696,15648,4.3,2025-01-21,Buen ritmo
U01696,156022,6.5,2025-02-09,Gran actuacion
U01696,13960,6.3,2025-06-28,Buena para recomendar
U01696,9574,4.3,2025-09-26,Gran actuacion
U01696,273481,7.3,2025-11-26,Buena para recomendar
U01696,19150,5.5,2025-07-23,Historia entretenida
U01696,264999,5.6,2025-02-19,Buen ritmo
U01697,29917,6.9,2025-07-05,La volveria a ver
U01697,22,7.6,2025-06-19,Excelente recomendacion
U01697,25786,4.9,2025-12-12,Excelente recomendacion
U01697,312221,6.6,2026-04-05,Historia entretenida
U01697,6520,4.5,2026-01-21,La volveria a ver
U01697,8584,6.4,2026-01-21,Historia entretenida
U01697,10229,7.7,2025-12-28,Buena para recomendar
U01697,232672,5.7,2025-08-17,Buen ritmo
U01697,4380,5.5,2026-02-07,Visualmente increible
U01697,362105,6.9,2025-09-18,La volveria a ver
U01697,215924,4.9,2025-08-15,Excelente recomendacion
U01697,33155,3.4,2025-06-20,Visualmente increible
U01698,125052,4.1,2025-08-31,Gran actuacion
U01698,794,5.8,2025-09-09,La volveria a ver
U01698,325173,5.0,2025-11-15,Me gusto bastante
U01698,10762,5.4,2025-08-26,La volveria a ver
U01698,35056,4.7,2025-12-15,No era lo que esperaba
U01698,9894,4.6,2025-06-22,Gran actuacion
U01698,12484,6.2,2025-06-07,Buen ritmo
U01698,59968,7.2,2025-06-22,Final inesperado
U01698,590,7.5,2026-01-26,Historia entretenida
U01698,57212,7.8,2025-11-02,Historia entretenida
U01698,256961,4.3,2025-12-13,Gran actuacion
U01698,12109,7.4,2025-12-30,Gran actuacion
U01698,242582,8.9,2025-08-13,Final inesperado
U01698,193610,5.0,2025-06-03,Excelente recomendacion
U01698,123678,7.3,2025-09-15,Excelente recomendacion
U01698,10162,6.9,2026-02-02,No era lo que esperaba
U01698,9793,4.8,2025-05-14,Me gusto bastante
U01699,157336,8.1,2025-02-27,La volveria a ver
U01699,9378,3.9,2026-03-04,Me gusto bastante
U01699,14299,6.7,2022-08-22,Visualmente increible
U01699,33667,5.9,2023-12-20,Final inesperado
U01699,1649,6.3,2025-11-05,Excelente recomendacion
U01699,45958,5.9,2024-08-27,Final inesperado
U01699,9427,5.4,2022-08-27,Gran actuacion
U01699,38317,5.2,2024-09-22,Gran actuacion
U01699,276907,6.7,2024-05-06,Buena para recomendar
U01699,43949,7.8,2023-02-13,Visualmente increible
U01699,8835,5.4,2025-03-06,La volveria a ver
U01699,11,7.5,2023-10-19,Historia entretenida
U01699,9366,5.9,2025-03-31,Buena para recomendar
U01700,122917,8.3,2026-02-23,Gran actuacion
U01700,824,8.9,2025-04-25,Buen ritmo
U01700,145220,6.8,2025-06-20,Final inesperado
U01700,254470,5.4,2025-08-29,Excelente recomendacion
U01700,64685,6.1,2025-02-26,No era lo que esperaba
U01700,9794,4.2,2025-12-25,Gran actuacion
U01700,5723,6.7,2026-04-10,Final inesperado
U01701,2493,8.8,2026-02-08,La volveria a ver
U01701,209112,6.6,2025-09-18,Historia entretenida
U01701,11025,6.8,2025-02-13,La volveria a ver
U01701,339408,5.9,2025-12-23,No era lo que esperaba
U01701,300671,7.7,2025-02-13,Visualmente increible
U01701,1946,6.0,2025-10-01,Buen ritmo
U01701,20533,3.9,2025-12-12,Buen ritmo
U01701,12193,3.8,2025-09-25,No era lo que esperaba
U01701,13510,6.8,2024-10-31,Gran actuacion
U01702,335866,6.9,2023-12-14,Buena para recomendar
U01702,14317,4.5,2024-10-12,No era lo que esperaba
U01702,26390,7.0,2024-01-27,Final inesperado
U01702,267935,5.2,2026-01-17,No era lo que esperaba
U01702,101299,7.2,2026-03-20,Buena para recomendar
U01702,43434,7.3,2024-12-14,Buen ritmo
U01702,7944,7.1,2026-01-23,Historia entretenida
U01703,342521,5.4,2025-12-08,Visualmente increible
U01703,75780,6.3,2024-10-16,No era lo que esperaba
U01703,27023,4.7,2024-07-08,Buena para recomendar
U01703,595,6.5,2024-11-27,Me gusto bastante
U01703,10550,4.1,2026-04-03,La volveria a ver
U01703,9625,3.2,2025-06-01,Historia entretenida
U01704,201132,7.3,2025-12-03,Visualmente increible
U01704,280,8.0,2025-03-30,Visualmente increible
U01704,9437,5.0,2024-07-31,Excelente recomendacion
U01704,62,8.5,2026-02-20,Me gusto bastante
U01705,251471,6.3,2025-04-13,Buen ritmo
U01705,1088,7.5,2022-11-16,Gran actuacion
U01705,158011,8.0,2022-11-08,No era lo que esperaba
U01705,1422,7.8,2025-09-16,Excelente recomendacion
U01705,231617,7.6,2026-03-09,Buen ritmo
U01706,209451,8.0,2026-03-29,La volveria a ver
U01706,329440,5.3,2026-02-10,Historia entretenida
U01706,887,7.5,2026-03-22,La volveria a ver
U01706,9533,5.2,2026-04-04,Me gusto bastante
U01706,308639,7.5,2026-03-28,Excelente recomendacion
U01706,10445,7.1,2026-03-28,Historia entretenida
U01707,9829,6.7,2024-12-05,Gran actuacion
U01707,43884,7.0,2025-03-28,Me gusto bastante
U01707,72913,5.5,2025-06-25,Historia entretenida
U01708,226458,5.7,2026-02-24,No era lo que esperaba
U01709,20943,6.5,2024-11-16,Buena para recomendar
U01709,9798,6.8,2025-04-24,Gran actuacion
U01709,10253,4.7,2026-03-19,La volveria a ver
U01709,17264,7.1,2025-06-20,Visualmente increible
U01709,14574,8.0,2024-05-21,Visualmente increible
U01709,184346,4.6,2024-09-18,Excelente recomendacion
U01710,310569,7.7,2026-02-24,Buen ritmo
U01710,37686,6.0,2025-11-20,La volveria a ver
U01710,60308,7.3,2025-10-27,Gran actuacion
U01710,10196,5.0,2025-08-25,Historia entretenida
U01710,10152,3.9,2025-05-06,Gran actuacion
U01710,4912,5.6,2025-10-04,Gran actuacion
U01710,238615,6.5,2025-05-18,Visualmente increible
U01710,1624,7.7,2025-08-03,Buena para recomendar
U01710,16323,6.1,2025-05-22,Gran actuacion
U01711,3116,7.7,2024-06-11,Me gusto bastante
U01711,16995,6.0,2025-10-04,Me gusto bastante
U01711,10678,4.3,2024-07-30,La volveria a ver
U01711,38415,6.7,2025-05-19,Excelente recomendacion
U01711,8329,5.7,2026-01-31,Me gusto bastante
U01711,18681,5.8,2025-05-21,Excelente recomendacion
U01711,18320,5.8,2024-10-01,Gran actuacion
U01711,1930,6.4,2025-05-10,Visualmente increible
U01711,2148,6.9,2025-03-13,La volveria a ver
U01711,38,7.0,2025-03-27,Buena para recomendar
U01711,16433,5.2,2026-01-14,No era lo que esperaba
U01711,10353,4.8,2025-02-12,Buen ritmo
U01712,31909,5.9,2026-02-23,Visualmente increible
U01712,269057,6.9,2024-05-15,No era lo que esperaba
U01712,325173,3.8,2024-09-18,Historia entretenida
U01712,77931,4.7,2025-07-07,Historia entretenida
U01712,12144,6.6,2025-06-07,Buen ritmo
U01712,272,8.8,2026-02-18,La volveria a ver
U01712,10733,5.3,2025-06-07,Historia entretenida
U01712,11217,4.1,2025-08-17,No era lo que esperaba
U01712,680,6.9,2024-05-18,Historia entretenida
U01712,414,4.8,2024-12-14,No era lo que esperaba
U01713,9502,5.5,2025-07-09,Gran actuacion
U01713,7504,7.7,2025-11-14,Buen ritmo
U01713,9766,7.8,2025-09-04,Gran actuacion
U01713,14284,8.4,2025-09-07,Final inesperado
U01713,87101,7.2,2025-07-31,La volveria a ver
U01713,239573,4.6,2025-06-20,La volveria a ver
U01713,11042,6.6,2025-09-14,Historia entretenida
U01713,2395,4.7,2026-02-03,Excelente recomendacion
U01713,15907,7.5,2025-10-16,Buen ritmo
U01713,9454,6.2,2025-11-11,Me gusto bastante
U01713,134,6.6,2026-01-06,No era lo que esperaba
U01714,8850,4.4,2025-09-16,La volveria a ver
U01714,62838,6.3,2024-11-29,Buena para recomendar
U01714,334074,5.2,2026-03-17,Buena para recomendar
U01714,19905,5.5,2026-02-13,Gran actuacion
U01714,49017,5.8,2025-06-26,Excelente recomendacion
U01714,9682,5.8,2025-05-30,Me gusto bastante
U01714,2140,7.7,2025-04-02,Final inesperado
U01714,28355,4.9,2025-06-26,Gran actuacion
U01714,158150,6.3,2025-01-09,Final inesperado
U01715,235271,5.7,2026-01-18,Historia entretenida
U01715,284,8.9,2026-01-28,Visualmente increible
U01715,12877,7.7,2026-04-07,Visualmente increible
U01715,9667,5.8,2026-03-03,Visualmente increible
U01715,1272,5.8,2026-03-03,Buen ritmo
U01715,293660,7.2,2026-01-18,La volveria a ver
U01715,674,7.4,2026-01-31,Me gusto bastante
U01715,18632,6.4,2026-01-14,Final inesperado
U01715,6278,4.6,2026-04-05,La volveria a ver
U01715,109417,4.5,2026-01-12,Excelente recomendacion
U01715,91122,3.2,2025-12-22,Gran actuacion
U01715,82990,3.8,2025-12-12,La volveria a ver
U01715,14854,6.7,2026-01-02,No era lo que esperaba
U01716,76617,3.9,2025-03-22,Final inesperado
U01716,9036,7.0,2026-02-27,Buena para recomendar
U01716,12535,7.3,2024-11-21,Me gusto bastante
U01716,4922,6.4,2024-09-03,Buena para recomendar
U01716,11323,5.1,2025-08-25,Buena para recomendar
U01716,10358,5.9,2025-05-02,Buena para recomendar
U01716,3050,6.5,2025-10-12,Buena para recomendar
U01716,8012,5.3,2025-03-04,Historia entretenida
U01716,10439,6.5,2024-11-16,Excelente recomendacion
U01716,82525,6.7,2025-02-26,No era lo que esperaba
U01716,9619,7.0,2025-02-23,Buen ritmo
U01716,9280,7.4,2025-07-20,Buena para recomendar
U01716,36696,5.9,2025-08-07,Visualmente increible
U01717,3131,7.6,2026-01-28,Buena para recomendar
U01717,62214,7.5,2026-02-04,Excelente recomendacion
U01717,114150,6.9,2025-08-17,Visualmente increible
U01717,43933,7.4,2025-11-25,Buena para recomendar
U01717,10877,4.4,2025-12-25,Final inesperado
U01717,10139,8.0,2025-08-10,Buen ritmo
U01717,20697,5.0,2026-03-22,Buen ritmo
U01718,43959,7.7,2026-03-28,Gran actuacion
U01718,357441,7.6,2024-01-14,Visualmente increible
U01718,10096,6.2,2025-07-28,Final inesperado
U01718,300706,4.5,2024-08-15,Final inesperado
U01718,8078,4.5,2024-09-14,No era lo que esperaba
U01718,22007,4.5,2024-01-27,Historia entretenida
U01719,812,6.7,2025-09-01,Visualmente increible
U01719,9059,7.4,2025-10-10,No era lo que esperaba
U01719,146,8.0,2026-01-29,Excelente recomendacion
U01719,50357,4.0,2025-06-27,Gran actuacion
U01719,5494,4.8,2025-11-21,Final inesperado
U01719,1537,5.1,2025-10-27,Gran actuacion
U01719,157909,4.4,2025-06-23,Buena para recomendar
U01719,8834,5.3,2025-10-17,Buena para recomendar
U01719,11258,6.5,2025-04-07,Buena para recomendar
U01719,72545,5.6,2026-01-23,Gran actuacion
U01719,7446,6.9,2025-12-22,Visualmente increible
U01720,50538,6.0,2026-04-05,Excelente recomendacion
U01720,2501,8.4,2025-06-26,Excelente recomendacion
U01720,222250,7.2,2025-07-18,La volveria a ver
U01720,196,7.5,2025-03-19,Buen ritmo
U01721,85,6.9,2026-04-05,Me gusto bastante
U01721,102899,6.1,2025-03-28,Excelente recomendacion
U01721,102651,5.7,2024-09-06,Buen ritmo
U01721,14395,5.1,2025-02-15,Gran actuacion
U01721,1491,6.9,2026-01-13,Gran actuacion
U01721,184098,5.3,2026-03-04,Historia entretenida
U01721,11323,7.4,2026-02-05,Me gusto bastante
U01721,2786,9.0,2025-11-03,Historia entretenida
U01721,10586,5.0,2025-12-10,No era lo que esperaba
U01721,154,6.6,2024-11-20,Gran actuacion
U01721,16857,7.5,2024-08-07,No era lo que esperaba
U01721,9903,7.3,2025-03-12,La volveria a ver
U01721,850,6.1,2024-11-02,Me gusto bastante
U01722,9662,6.2,2025-04-19,La volveria a ver
U01722,8859,4.8,2025-05-07,Final inesperado
U01722,9059,6.3,2024-09-05,No era lo que esperaba
U01722,11598,5.7,2024-06-03,Final inesperado
U01722,9693,8.0,2025-09-07,La volveria a ver
U01722,27569,5.1,2024-11-15,Historia entretenida
U01722,1956,7.1,2025-01-03,Excelente recomendacion
U01722,310,6.7,2024-07-24,Excelente recomendacion
U01722,45658,4.8,2024-05-23,No era lo que esperaba
U01722,10331,7.7,2024-12-19,No era lo que esperaba
U01722,1792,4.5,2025-08-12,La volveria a ver
U01722,9280,5.9,2026-02-19,Me gusto bastante
U01723,75656,8.4,2024-03-01,La volveria a ver
U01723,693,6.2,2024-01-25,Me gusto bastante
U01723,10461,4.9,2023-12-06,Buena para recomendar
U01723,5822,4.7,2025-08-18,Gran actuacion
U01723,817,6.7,2023-10-18,No era lo que esperaba
U01723,11975,6.9,2023-09-02,Me gusto bastante
U01723,25784,6.5,2026-01-28,Buena para recomendar
U01723,139038,5.3,2024-04-09,Historia entretenida
U01723,935,8.9,2026-04-01,Gran actuacion
U01723,408,6.1,2023-08-16,Gran actuacion
U01724,18712,6.6,2024-01-31,Excelente recomendacion
U01724,241766,5.0,2025-08-25,Visualmente increible
U01724,77931,6.0,2025-06-10,Visualmente increible
U01724,12212,5.6,2022-11-04,Final inesperado
U01724,84318,8.2,2024-08-10,No era lo que esperaba
U01724,5722,5.5,2026-03-09,Final inesperado
U01724,127560,6.1,2023-07-30,Buen ritmo
U01725,99861,5.9,2025-01-16,No era lo que esperaba
U01725,248,7.7,2024-08-15,Excelente recomendacion
U01725,222250,6.8,2024-11-28,Historia entretenida
U01725,6977,6.6,2025-08-10,Visualmente increible
U01725,582,8.8,2024-04-04,Buen ritmo
U01725,8469,8.0,2023-08-31,Me gusto bastante
U01725,755,8.2,2024-08-10,Visualmente increible
U01725,2142,5.6,2025-10-07,Historia entretenida
U01725,13994,7.2,2023-09-27,Excelente recomendacion
U01725,8078,5.2,2024-09-30,Buena para recomendar
U01725,157185,2.3,2025-11-24,Me gusto bastante
U01725,24575,4.3,2024-09-12,Historia entretenida
U01726,9032,5.7,2026-02-06,Historia entretenida
U01726,26665,5.7,2025-07-16,No era lo que esperaba
U01726,136795,7.5,2025-07-13,Buen ritmo
U01726,41210,6.8,2025-07-04,Historia entretenida
U01727,593,8.9,2026-01-28,Historia entretenida
U01727,188161,4.9,2026-04-04,Gran actuacion
U01727,4638,8.7,2026-04-06,Me gusto bastante
U01727,222649,7.3,2025-09-26,Buena para recomendar
U01727,204082,5.0,2025-02-11,Buena para recomendar
U01727,49051,5.7,2025-10-27,La volveria a ver
U01727,28165,3.8,2025-04-05,Visualmente increible
U01727,808,6.2,2026-02-03,Buen ritmo
U01727,905,6.3,2025-02-06,Excelente recomendacion
U01728,37958,7.2,2025-05-23,Gran actuacion
U01728,23629,5.7,2024-10-08,Excelente recomendacion
U01728,24985,8.7,2024-08-08,Visualmente increible
U01728,10622,5.5,2024-04-02,Visualmente increible
U01728,129,7.2,2024-07-05,Final inesperado
U01728,7303,4.6,2025-01-17,No era lo que esperaba
U01728,70670,6.5,2023-12-08,Me gusto bastante
U01729,5852,6.3,2026-04-04,No era lo que esperaba
U01729,14976,5.5,2026-03-12,Buena para recomendar
U01729,31246,1.8,2026-04-04,Excelente recomendacion
U01729,169,5.6,2026-02-23,Buen ritmo
U01729,109428,7.3,2026-03-28,Gran actuacion
U01729,365222,7.9,2026-03-27,Final inesperado
U01729,694,6.7,2026-03-03,Excelente recomendacion
U01729,9576,8.4,2026-04-02,Me gusto bastante
U01729,254,6.3,2026-02-06,Buena para recomendar
U01729,84892,9.1,2026-04-06,Final inesperado
U01729,45317,7.6,2026-03-14,Visualmente increible
U01729,9414,7.1,2026-04-05,La volveria a ver
U01729,9357,7.8,2026-03-29,Excelente recomendacion
U01730,291081,8.2,2023-05-13,Buen ritmo
U01730,207,9.0,2024-05-05,Me gusto bastante
U01730,242166,4.4,2024-01-17,Historia entretenida
U01730,9513,6.5,2026-03-21,No era lo que esperaba
U01730,335874,4.2,2023-08-18,Me gusto bastante
U01730,205584,6.0,2025-07-11,Historia entretenida
U01730,158752,6.3,2023-12-27,Me gusto bastante
U01730,2001,8.0,2023-07-08,No era lo que esperaba
U01730,4517,7.0,2023-02-08,Gran actuacion
U01730,1585,9.4,2024-02-29,Historia entretenida
U01730,316152,7.7,2026-01-09,Gran actuacion
U01730,249164,5.9,2023-08-07,Buen ritmo
U01731,1417,6.4,2023-11-07,Final inesperado
U01731,56930,6.8,2025-12-01,La volveria a ver
U01731,365222,5.9,2024-06-09,Visualmente increible
U01731,10070,6.3,2023-06-22,Me gusto bastante
U01731,3179,5.8,2024-05-14,Gran actuacion
U01731,29697,6.6,2024-07-18,No era lo que esperaba
U01731,83666,7.7,2023-12-25,Final inesperado
U01731,8272,7.5,2025-02-02,Buen ritmo
U01731,3989,6.1,2024-02-15,Buen ritmo
U01731,1493,5.0,2025-05-25,Buen ritmo
U01731,2755,7.7,2023-10-10,La volveria a ver
U01731,5955,6.4,2024-12-28,No era lo que esperaba
U01731,290555,6.5,2026-03-23,Excelente recomendacion
U01731,10970,5.4,2024-01-07,Visualmente increible
U01732,9279,5.7,2025-09-23,La volveria a ver
U01732,10008,4.6,2025-08-24,Final inesperado
U01732,29595,6.5,2025-11-14,Buena para recomendar
U01732,347126,6.4,2025-04-15,La volveria a ver
U01732,1259,7.5,2025-09-24,Buena para recomendar
U01732,13516,6.4,2025-05-07,La volveria a ver
U01732,258509,4.8,2025-09-22,La volveria a ver
U01732,186,8.3,2025-05-06,Final inesperado
U01732,9425,7.1,2025-05-25,Buena para recomendar
U01732,46738,9.1,2026-02-02,Me gusto bastante
U01733,8055,8.5,2025-06-14,No era lo que esperaba
U01733,2289,8.2,2025-04-02,Final inesperado
U01733,86834,4.9,2024-04-25,Visualmente increible
U01733,2074,5.0,2024-04-16,Me gusto bastante
U01733,681,7.6,2025-08-21,La volveria a ver
U01733,1427,7.6,2023-06-14,Buena para recomendar
U01733,12657,3.7,2025-12-24,Excelente recomendacion
U01734,924,5.5,2026-01-25,Excelente recomendacion
U01734,43942,7.3,2025-08-01,Gran actuacion
U01734,50942,3.8,2023-12-26,Buena para recomendar
U01734,39486,5.8,2025-10-27,Historia entretenida
U01734,45243,7.1,2024-01-23,Me gusto bastante
U01734,37931,5.8,2024-07-18,Buen ritmo
U01734,40805,5.6,2024-07-31,Final inesperado
U01734,49953,4.8,2025-01-02,Buena para recomendar
U01734,30309,5.1,2026-01-07,La volveria a ver
U01734,82533,5.7,2024-01-10,Gran actuacion
U01734,865,5.8,2025-11-11,Me gusto bastante
U01734,1125,7.0,2026-04-07,No era lo que esperaba
U01735,2211,5.6,2025-08-24,Visualmente increible
U01735,13074,5.4,2026-02-22,No era lo que esperaba
U01735,96724,5.2,2024-08-02,Final inesperado
U01735,15373,5.1,2025-01-25,Final inesperado
U01735,291362,6.2,2025-10-17,Buen ritmo
U01735,51052,7.3,2025-06-06,Gran actuacion
U01735,44833,6.9,2024-09-19,Excelente recomendacion
U01735,26367,5.3,2026-04-09,Historia entretenida
U01735,35199,7.8,2026-01-31,Historia entretenida
U01735,1726,7.2,2024-07-25,Buen ritmo
U01735,10050,5.6,2025-10-23,Me gusto bastante
U01736,177677,6.9,2023-12-21,Me gusto bastante
U01736,1865,6.6,2024-05-31,Gran actuacion
U01736,9919,6.1,2025-01-26,Visualmente increible
U01736,578,6.5,2024-07-27,Visualmente increible
U01736,409,8.0,2025-07-16,Historia entretenida
U01737,87428,5.5,2025-06-04,Buen ritmo
U01737,49530,7.0,2023-09-07,No era lo que esperaba
U01737,13967,5.2,2025-08-14,Buena para recomendar
U01737,9030,6.2,2024-09-23,Me gusto bastante
U01738,424,7.0,2025-08-08,Buen ritmo
U01738,8427,5.9,2024-10-24,No era lo que esperaba
U01738,613,8.6,2025-08-03,Visualmente increible
U01738,1255,5.4,2025-06-03,Me gusto bastante
U01738,14275,7.1,2026-03-19,No era lo que esperaba
U01738,13812,6.2,2026-01-09,Buen ritmo
U01738,42109,5.3,2025-01-24,Buen ritmo
U01738,309,8.7,2025-05-29,Historia entretenida
U01738,244783,4.1,2025-05-17,No era lo que esperaba
U01738,2832,7.5,2025-02-27,Final inesperado
U01739,83770,4.5,2024-11-16,Me gusto bastante
U01739,619,6.5,2024-04-25,Buena para recomendar
U01739,87502,7.1,2024-05-27,Final inesperado
U01739,41233,7.0,2022-11-17,Excelente recomendacion
U01739,284293,8.1,2025-12-01,Visualmente increible
U01739,9297,7.3,2024-02-26,Me gusto bastante
U01739,11153,5.9,2023-11-25,Historia entretenida
U01739,7345,8.7,2023-07-21,Visualmente increible
U01739,19344,5.1,2024-04-06,No era lo que esperaba
U01739,20337,4.3,2024-09-04,Me gusto bastante
U01739,39055,4.4,2025-06-04,Gran actuacion
U01739,9023,8.4,2026-04-04,Gran actuacion
U01739,1422,8.6,2024-08-01,Gran actuacion
U01739,13973,5.5,2023-04-17,Historia entretenida
U01740,14517,6.1,2025-01-13,La volveria a ver
U01740,37724,6.3,2025-09-07,Me gusto bastante
U01740,32579,7.7,2026-03-02,Buen ritmo
U01740,86549,5.2,2025-05-10,Me gusto bastante
U01740,1956,5.5,2025-01-12,Historia entretenida
U01740,29064,2.9,2026-03-19,Me gusto bastante
U01741,48034,7.0,2026-04-09,Buen ritmo
U01741,9821,7.1,2026-03-28,Buen ritmo
U01741,10238,8.4,2026-03-02,Buen ritmo
U01741,11576,5.6,2026-02-17,Me gusto bastante
U01741,9641,5.3,2026-04-09,Buen ritmo
U01741,84188,5.7,2026-03-03,Historia entretenida
U01741,11545,7.2,2026-02-16,Buena para recomendar
U01741,293863,7.2,2026-03-05,Buen ritmo
U01741,9593,7.0,2026-03-10,Buen ritmo
U01742,242095,6.5,2025-01-15,Buen ritmo
U01742,16642,6.8,2024-08-10,Excelente recomendacion
U01742,180296,4.9,2024-11-01,Buen ritmo
U01742,246655,6.5,2024-07-30,Buen ritmo
U01742,29595,7.9,2024-09-14,La volveria a ver
U01742,15186,4.4,2025-04-08,Buen ritmo
U01742,253412,8.1,2024-05-06,Buena para recomendar
U01742,509,7.1,2026-02-01,Excelente recomendacion
U01742,9598,6.1,2025-09-27,Buena para recomendar
U01742,262500,7.1,2025-03-18,Excelente recomendacion
U01742,12142,3.3,2024-05-24,Buen ritmo
U01742,116613,6.2,2024-03-27,Gran actuacion
U01742,10307,5.4,2025-09-10,Final inesperado
U01742,281957,8.5,2024-06-17,Visualmente increible
U01742,11565,5.1,2024-04-16,Me gusto bastante
U01743,6479,7.2,2026-04-08,Final inesperado
U01743,1360,7.0,2022-10-07,La volveria a ver
U01743,1452,5.8,2023-12-22,Buen ritmo
U01744,10329,4.3,2026-03-09,Historia entretenida
U01744,11697,7.1,2025-04-01,Final inesperado
U01744,238636,5.8,2026-02-24,Me gusto bastante
U01744,380,8.7,2024-12-20,No era lo que esperaba
U01744,1850,7.3,2024-08-22,Visualmente increible
U01744,9782,5.5,2024-09-15,Excelente recomendacion
U01744,2022,5.1,2024-09-30,Historia entretenida
U01744,238,7.1,2025-08-04,No era lo que esperaba
U01745,34341,5.2,2025-04-29,Gran actuacion
U01745,140823,7.1,2023-08-28,Gran actuacion
U01745,41446,5.2,2024-08-20,Me gusto bastante
U01745,27582,6.5,2024-10-25,Visualmente increible
U01745,17127,5.1,2024-10-13,Excelente recomendacion
U01746,239,7.1,2026-01-20,Buena para recomendar
U01746,37724,7.6,2023-08-29,No era lo que esperaba
U01746,41382,5.0,2024-07-07,Visualmente increible
U01747,1090,6.4,2026-01-18,La volveria a ver
U01747,83666,7.6,2025-09-12,Buen ritmo
U01747,9557,4.9,2023-09-14,La volveria a ver
U01747,27581,5.9,2024-09-14,Historia entretenida
U01747,152760,5.5,2025-11-12,Historia entretenida
U01747,28211,7.1,2023-12-06,No era lo que esperaba
U01747,12160,6.0,2025-07-11,Final inesperado
U01747,36696,7.5,2025-08-27,Buen ritmo
U01747,27983,6.2,2023-07-07,Historia entretenida
U01747,14392,5.1,2023-12-08,Excelente recomendacion
U01748,11619,4.8,2025-02-27,Visualmente increible
U01748,5854,7.6,2024-04-13,Final inesperado
U01748,628,7.8,2025-08-03,No era lo que esperaba
U01748,17264,7.4,2026-01-23,Gran actuacion
U01748,14757,6.7,2025-02-09,Final inesperado
U01749,123553,5.8,2025-12-22,Historia entretenida
U01749,218,8.3,2026-01-20,Me gusto bastante
U01749,36825,5.8,2026-02-27,Buena para recomendar
U01749,14033,3.4,2025-03-04,Me gusto bastante
U01749,328111,4.9,2024-11-20,Excelente recomendacion
U01749,37206,6.7,2025-02-24,Me gusto bastante
U01749,257091,7.1,2026-01-02,Gran actuacion
U01749,49444,5.6,2026-01-20,Buena para recomendar
U01749,9607,4.8,2025-02-11,Final inesperado
U01749,38757,7.5,2024-09-03,No era lo que esperaba
U01749,9427,7.8,2025-10-13,Visualmente increible
U01750,20024,5.6,2026-02-17,Buen ritmo
U01750,8469,8.4,2025-12-28,Buena para recomendar
U01750,9504,6.7,2026-02-22,Buen ritmo
U01750,11826,7.1,2026-01-24,Buena para recomendar
U01750,12586,7.2,2025-09-21,No era lo que esperaba
U01750,44826,7.3,2025-12-04,Excelente recomendacion
U01750,13405,7.9,2025-08-14,Final inesperado
U01750,20337,6.1,2025-12-14,Final inesperado
U01750,2288,6.1,2026-03-21,Final inesperado
U01750,9760,4.4,2025-12-19,Excelente recomendacion
U01750,327,6.1,2025-10-11,Excelente recomendacion
U01750,4107,7.7,2025-08-07,Gran actuacion
U01750,72545,5.4,2025-12-02,Buen ritmo
U01751,80321,6.6,2024-07-25,No era lo que esperaba
U01751,13523,5.9,2025-04-01,Excelente recomendacion
U01752,1648,5.6,2023-07-26,Buen ritmo
U01752,68727,6.5,2024-01-28,Visualmente increible
U01752,30139,4.6,2025-12-05,Buena para recomendar
U01752,10314,4.6,2023-05-29,Final inesperado
U01753,9027,5.6,2025-07-27,Final inesperado
U01753,10528,7.4,2025-06-23,Visualmente increible
U01753,1597,6.6,2026-02-08,La volveria a ver
U01753,1949,8.4,2025-09-10,Excelente recomendacion
U01753,82650,5.8,2025-08-08,Me gusto bastante
U01753,27380,3.4,2025-08-29,Historia entretenida
U01753,2116,4.6,2025-09-28,Visualmente increible
U01754,14560,4.3,2026-03-28,Me gusto bastante
U01754,8337,6.7,2025-12-17,Gran actuacion
U01754,9746,6.3,2025-12-25,La volveria a ver
U01754,20024,7.4,2025-12-09,Excelente recomendacion
U01754,328425,6.1,2026-02-17,Buen ritmo
U01754,6435,5.0,2026-01-20,Historia entretenida
U01754,10564,6.1,2025-12-27,No era lo que esperaba
U01754,39939,6.6,2026-01-21,Historia entretenida
U01755,27585,6.4,2025-12-17,Visualmente increible
U01755,8916,5.6,2025-10-27,Historia entretenida
U01755,33511,6.7,2025-12-12,Final inesperado
U01755,25461,7.7,2026-04-06,No era lo que esperaba
U01755,30943,7.4,2026-03-25,Buena para recomendar
U01755,157849,7.2,2025-12-09,No era lo que esperaba
U01755,11298,6.4,2026-01-15,Buena para recomendar
U01755,4380,7.0,2026-01-09,Historia entretenida
U01755,10478,5.4,2025-12-27,Buen ritmo
U01755,19844,4.8,2025-12-07,Me gusto bastante
U01755,9988,5.4,2026-02-20,Buen ritmo
U01755,16690,6.4,2026-04-05,Final inesperado
U01755,32657,5.9,2026-02-09,No era lo que esperaba
U01756,117263,7.6,2026-03-11,Buena para recomendar
U01756,9473,6.4,2026-03-31,No era lo que esperaba
U01756,291362,7.7,2026-01-23,La volveria a ver
U01756,18501,6.5,2026-01-24,Final inesperado
U01756,38543,6.3,2026-03-01,Excelente recomendacion
U01756,309425,6.8,2026-03-13,Me gusto bastante
U01756,3062,5.6,2026-02-05,Me gusto bastante
U01756,11820,6.4,2026-03-12,Me gusto bastante
U01756,2122,5.9,2026-03-06,Excelente recomendacion
U01756,11,6.9,2026-04-04,Historia entretenida
U01756,10610,3.9,2026-03-07,No era lo que esperaba
U01756,34584,5.9,2026-02-08,Historia entretenida
U01756,25379,7.4,2026-01-28,Excelente recomendacion
U01757,10615,5.6,2025-03-25,No era lo que esperaba
U01757,664,6.1,2025-11-27,Visualmente increible
U01757,9036,7.5,2026-03-18,Me gusto bastante
U01757,622,6.0,2025-12-18,Gran actuacion
U01757,297761,6.9,2024-08-18,Final inesperado
U01757,80304,4.3,2026-02-13,Me gusto bastante
U01757,57612,8.4,2024-06-13,Historia entretenida
U01757,2295,6.5,2025-02-28,No era lo que esperaba
U01757,206647,5.9,2026-03-31,Me gusto bastante
U01757,2779,7.6,2024-05-20,Excelente recomendacion
U01757,9096,6.0,2026-01-09,La volveria a ver
U01757,93456,7.3,2025-02-09,Buena para recomendar
U01757,9798,5.6,2025-05-10,Final inesperado
U01758,1955,7.9,2025-12-05,Final inesperado
U01758,1574,7.9,2025-09-30,La volveria a ver
U01758,31535,2.3,2025-04-11,Historia entretenida
U01758,1497,7.0,2025-02-25,Historia entretenida
U01758,222899,4.7,2025-09-13,Me gusto bastante
U01758,1366,8.2,2024-10-03,Me gusto bastante
U01758,10588,4.0,2025-11-09,Gran actuacion
U01758,1948,7.3,2025-05-21,Gran actuacion
U01758,11904,5.8,2024-09-12,Gran actuacion
U01758,310131,5.9,2026-01-14,Buen ritmo
U01758,122906,7.0,2026-03-06,Final inesperado
U01758,660,7.7,2025-03-07,Historia entretenida
U01759,10014,5.8,2025-04-30,Gran actuacion
U01759,13856,6.5,2026-01-03,Gran actuacion
U01759,9718,7.7,2024-12-24,Final inesperado
U01759,109431,6.7,2025-09-24,La volveria a ver
U01759,9336,5.2,2025-09-03,Visualmente increible
U01759,74534,7.1,2024-06-05,Buen ritmo
U01759,42345,6.2,2024-02-12,La volveria a ver
U01759,16996,6.1,2026-02-08,Buen ritmo
U01759,153795,4.1,2024-09-17,Me gusto bastante
U01760,161,6.6,2022-08-11,Historia entretenida
U01760,264660,8.3,2025-11-07,Buen ritmo
U01760,7443,7.1,2026-01-29,Visualmente increible
U01760,25520,5.8,2025-12-13,Buena para recomendar
U01760,14048,6.6,2024-06-16,Me gusto bastante
U01761,2675,5.7,2025-05-14,Final inesperado
U01761,550,8.7,2025-06-01,Buena para recomendar
U01761,9276,6.4,2026-01-29,Me gusto bastante
U01761,13497,5.4,2025-12-07,Excelente recomendacion
U01762,123553,4.8,2026-04-06,La volveria a ver
U01762,9731,5.4,2026-03-11,Me gusto bastante
U01762,40963,9.4,2026-03-10,Visualmente increible
U01762,1995,4.6,2026-03-28,Me gusto bastante
U01762,9930,6.2,2026-04-07,Gran actuacion
U01762,22215,5.3,2026-03-16,La volveria a ver
U01762,9902,6.8,2026-03-08,Gran actuacion
U01763,1555,7.8,2026-01-24,Buen ritmo
U01763,15927,7.4,2024-04-27,La volveria a ver
U01763,8271,7.1,2025-07-10,Gran actuacion
U01763,8643,6.7,2024-08-11,Historia entretenida
U01763,13836,4.9,2025-06-29,Historia entretenida
U01764,109445,8.1,2024-03-11,Visualmente increible
U01764,9781,8.2,2023-12-19,Buena para recomendar
U01764,55465,6.1,2023-01-22,Me gusto bastante
U01764,238603,6.7,2022-10-01,Final inesperado
U01764,319888,7.6,2026-02-09,Historia entretenida
U01764,1422,8.5,2024-09-29,Excelente recomendacion
U01764,22907,6.1,2026-02-23,Visualmente increible
U01764,10947,7.5,2023-09-15,No era lo que esperaba
U01764,425,5.9,2023-01-29,Visualmente increible
U01765,2133,5.6,2024-12-28,Buena para recomendar
U01765,9344,7.7,2023-11-19,Buen ritmo
U01765,1213,5.7,2025-06-25,No era lo que esperaba
U01765,152601,7.3,2024-11-09,Excelente recomendacion
U01765,2300,6.1,2025-09-19,Historia entretenida
U01765,747,7.8,2025-03-20,Final inesperado
U01766,861,7.5,2026-02-28,Visualmente increible
U01766,81796,5.9,2025-10-13,Visualmente increible
U01766,245,5.8,2026-03-24,Gran actuacion
U01766,9563,6.0,2025-10-03,Visualmente increible
U01766,9297,5.5,2026-01-20,Gran actuacion
U01766,568,7.0,2025-12-09,Excelente recomendacion
U01766,55,6.5,2025-08-15,Buena para recomendar
U01766,29920,6.0,2026-03-05,Me gusto bastante
U01766,4233,6.6,2026-02-23,Final inesperado
U01766,50698,5.5,2025-12-01,Historia entretenida
U01766,37718,4.7,2025-12-14,Buena para recomendar
U01766,325373,8.0,2025-12-21,No era lo que esperaba
U01766,7913,8.2,2025-10-16,Historia entretenida
U01766,13335,6.1,2026-02-11,Gran actuacion
U01766,39895,5.8,2025-11-15,No era lo que esperaba
U01767,52520,5.6,2024-10-04,Gran actuacion
U01767,2110,5.3,2025-09-16,Buena para recomendar
U01767,157350,8.1,2025-04-20,Gran actuacion
U01767,13198,6.4,2024-08-14,Excelente recomendacion
U01767,13064,5.3,2024-03-15,Gran actuacion
U01767,62835,7.8,2024-10-11,Buena para recomendar
U01767,868,8.4,2025-07-23,Buen ritmo
U01767,39541,5.6,2024-12-13,No era lo que esperaba
U01767,318040,5.6,2024-09-28,Excelente recomendacion
U01767,17644,3.7,2025-05-08,Historia entretenida
U01767,9013,6.3,2024-11-19,Gran actuacion
U01768,1710,5.1,2023-08-27,Final inesperado
U01768,16471,4.8,2023-12-28,La volveria a ver
U01768,52520,6.9,2024-06-04,Buen ritmo
U01768,57876,4.3,2024-08-19,No era lo que esperaba
U01768,30973,9.2,2025-06-26,Historia entretenida
U01768,24961,5.3,2024-09-10,Historia entretenida
U01768,14844,6.1,2024-06-12,Final inesperado
U01768,9779,7.5,2023-10-19,Historia entretenida
U01768,4912,7.3,2025-06-17,Gran actuacion
U01768,20504,7.2,2025-12-16,Buen ritmo
U01768,211557,4.5,2025-01-03,Final inesperado
U01769,98,7.6,2026-04-04,Buena para recomendar
U01769,38,6.6,2026-03-04,Excelente recomendacion
U01769,1550,7.0,2026-03-27,Buena para recomendar
U01769,1649,5.0,2026-03-14,Historia entretenida
U01769,25461,6.7,2026-03-03,No era lo que esperaba
U01769,91586,6.3,2026-04-03,Visualmente increible
U01769,8413,6.9,2026-04-09,Historia entretenida
U01769,9890,6.7,2026-03-19,No era lo que esperaba
U01769,347764,6.8,2026-03-26,No era lo que esperaba
U01770,46261,5.7,2026-04-03,Buena para recomendar
U01770,80278,7.0,2026-01-02,No era lo que esperaba
U01770,4967,5.9,2025-11-15,Buen ritmo
U01770,172,5.9,2026-03-07,Excelente recomendacion
U01770,23048,6.8,2025-11-17,Buena para recomendar
U01771,29731,5.0,2024-08-23,La volveria a ver
U01771,795,5.5,2024-06-02,Final inesperado
U01771,18501,6.3,2024-01-13,Buena para recomendar
U01771,36668,6.2,2023-12-21,Gran actuacion
U01771,29015,4.7,2024-12-13,Gran actuacion
U01771,19995,7.2,2024-08-09,Buen ritmo
U01771,241239,6.7,2025-04-06,La volveria a ver
U01771,9889,4.6,2024-01-04,Historia entretenida
U01771,39895,7.4,2025-01-29,Final inesperado
U01772,17332,8.0,2025-02-28,Buena para recomendar
U01772,764,7.8,2025-04-15,Final inesperado
U01772,44945,7.2,2026-03-02,No era lo que esperaba
U01772,17708,4.6,2025-08-19,Gran actuacion
U01772,253450,7.2,2023-09-03,Visualmente increible
U01772,8669,5.9,2024-07-21,Buen ritmo
U01772,12,8.0,2025-01-17,Buen ritmo
U01772,137113,8.2,2025-08-21,Historia entretenida
U01772,9030,6.9,2026-01-28,Me gusto bastante
U01773,62177,5.6,2024-05-05,Gran actuacion
U01773,16869,8.2,2024-07-02,Me gusto bastante
U01773,24985,7.2,2024-06-21,Visualmente increible
U01773,8046,2.2,2025-01-31,Final inesperado
U01773,17908,7.2,2024-05-25,Visualmente increible
U01773,191714,7.2,2024-07-20,La volveria a ver
U01773,2503,7.9,2025-12-27,No era lo que esperaba
U01773,28580,7.7,2026-01-26,Excelente recomendacion
U01773,10998,7.1,2025-05-26,Historia entretenida
U01773,227707,5.9,2024-05-14,Buen ritmo
U01773,104896,5.7,2025-10-25,Buena para recomendar
U01773,82990,5.1,2026-02-02,Gran actuacion
U01773,67373,4.3,2024-04-23,Final inesperado
U01773,13963,8.2,2025-08-15,Buen ritmo
U01774,94329,6.7,2026-03-31,La volveria a ver
U01774,250066,4.6,2026-03-11,Visualmente increible
U01774,55787,5.7,2026-03-06,Buen ritmo
U01775,76617,5.4,2026-02-02,Excelente recomendacion
U01775,241257,5.8,2025-12-08,Historia entretenida
U01775,3082,9.4,2025-09-26,Gran actuacion
U01775,1883,7.3,2024-03-01,La volveria a ver
U01775,84178,6.1,2025-09-03,Me gusto bastante
U01775,25312,6.2,2023-12-04,Historia entretenida
U01775,593,7.0,2024-04-04,Buen ritmo
U01775,31117,1.7,2024-04-29,Visualmente increible
U01775,8984,4.9,2025-09-11,La volveria a ver
U01775,17134,4.4,2026-01-04,Visualmente increible
U01775,920,6.8,2025-05-10,Buen ritmo
U01775,10212,6.7,2024-08-21,Gran actuacion
U01775,15005,7.3,2025-08-27,Buena para recomendar
U01775,10253,5.3,2023-11-29,Me gusto bastante
U01775,8198,5.1,2025-11-26,Visualmente increible
U01775,6116,4.3,2025-05-17,Visualmente increible
U01776,17287,6.8,2024-06-01,Gran actuacion
U01776,131634,6.7,2023-07-12,Final inesperado
U01776,1417,6.4,2024-07-26,Visualmente increible
U01776,9526,7.3,2024-12-07,Buena para recomendar
U01776,2211,7.4,2023-04-14,Visualmente increible
U01776,10012,6.2,2023-05-07,Historia entretenida
U01776,9331,5.5,2023-12-13,Excelente recomendacion
U01776,88005,5.5,2026-02-24,Gran actuacion
U01776,9822,5.1,2023-05-23,Excelente recomendacion
U01776,4108,6.6,2024-03-13,Historia entretenida
U01776,10858,5.8,2023-07-28,Visualmente increible
U01776,9291,5.7,2024-01-09,Buena para recomendar
U01776,192134,4.6,2025-11-29,La volveria a ver
U01776,11086,7.2,2025-03-07,Historia entretenida
U01777,13751,7.9,2024-01-06,Gran actuacion
U01777,9279,6.8,2025-01-28,Final inesperado
U01777,11013,6.6,2022-12-07,No era lo que esperaba
U01777,10610,4.5,2024-04-01,Me gusto bastante
U01777,1408,4.3,2025-01-22,Me gusto bastante
U01777,3877,7.1,2023-09-07,La volveria a ver
U01777,10786,5.8,2025-07-11,Historia entretenida
U01778,35791,4.7,2025-12-01,Gran actuacion
U01778,2293,6.0,2026-01-13,No era lo que esperaba
U01778,77953,5.7,2025-08-10,Historia entretenida
U01778,84329,8.0,2026-03-29,Me gusto bastante
U01778,274,7.4,2025-11-29,Final inesperado
U01778,7341,4.8,2025-07-26,Final inesperado
U01778,13994,5.6,2025-10-20,Buena para recomendar
U01778,9920,5.8,2025-08-17,Me gusto bastante
U01778,13132,6.2,2026-01-05,La volveria a ver
U01778,23082,5.8,2025-10-30,Visualmente increible
U01779,274854,6.2,2025-08-21,Historia entretenida
U01779,2011,7.1,2026-02-09,Excelente recomendacion
U01779,161,7.2,2025-07-31,La volveria a ver
U01779,426469,7.9,2025-01-24,Buen ritmo
U01779,334074,4.0,2024-12-30,Buena para recomendar
U01779,33,8.1,2024-03-28,La volveria a ver
U01779,21355,5.6,2023-11-22,Excelente recomendacion
U01779,9424,5.7,2024-08-01,Gran actuacion
U01779,18475,5.5,2024-05-15,Me gusto bastante
U01779,19316,8.3,2024-09-10,Buen ritmo
U01779,1018,7.4,2023-12-15,La volveria a ver
U01779,100275,5.3,2024-05-24,Buena para recomendar
U01779,37964,6.3,2024-06-23,La volveria a ver
U01779,8698,6.1,2025-03-15,Visualmente increible
U01780,1365,5.9,2023-08-06,La volveria a ver
U01780,39141,6.6,2025-10-05,No era lo que esperaba
U01780,2023,6.5,2026-03-15,Buena para recomendar
U01780,25066,6.5,2024-10-14,Visualmente increible
U01780,2105,5.8,2024-01-14,Me gusto bastante
U01780,8987,5.5,2025-11-04,Excelente recomendacion
U01781,11027,5.1,2025-02-02,Historia entretenida
U01781,10934,5.2,2026-03-22,Visualmente increible
U01781,38055,6.1,2024-04-13,Final inesperado
U01781,9746,7.4,2025-11-22,Buen ritmo
U01781,9766,5.8,2024-03-01,Me gusto bastante
U01781,46435,5.3,2024-10-18,Buena para recomendar
U01781,72387,7.2,2024-01-07,Final inesperado
U01781,44770,7.6,2023-12-28,Historia entretenida
U01781,641,8.1,2026-02-06,Buena para recomendar
U01781,10425,6.0,2026-03-14,Historia entretenida
U01781,943,6.4,2023-08-12,Visualmente increible
U01781,309809,7.0,2026-03-25,Buena para recomendar
U01781,158895,7.3,2026-01-02,Gran actuacion
U01781,12246,6.2,2025-05-31,Me gusto bastante
U01781,89,6.8,2024-10-11,Historia entretenida
U01781,12770,3.0,2024-02-28,Historia entretenida
U01782,97430,6.7,2025-05-20,Visualmente increible
U01782,8879,6.4,2025-02-01,Gran actuacion
U01782,109451,7.3,2025-08-05,Buena para recomendar
U01782,8374,7.6,2025-05-01,No era lo que esperaba
U01782,11596,6.2,2026-03-13,Buena para recomendar
U01782,306667,4.1,2024-07-29,Final inesperado
U01782,6795,6.8,2024-11-11,La volveria a ver
U01782,14425,5.4,2025-10-20,Buena para recomendar
U01782,747,6.6,2025-07-18,Buena para recomendar
U01783,244403,8.1,2025-07-03,Me gusto bastante
U01783,9610,4.4,2025-04-25,No era lo que esperaba
U01783,21349,6.5,2025-03-23,La volveria a ver
U01783,4824,5.6,2024-12-12,Final inesperado
U01783,11172,5.0,2024-12-07,Excelente recomendacion
U01783,11324,8.1,2025-09-05,La volveria a ver
U01783,285923,5.9,2026-01-30,Historia entretenida
U01783,10339,5.4,2025-09-16,Final inesperado
U01784,14022,6.4,2026-03-14,Final inesperado
U01784,627,7.4,2026-01-22,Buen ritmo
U01784,69848,8.0,2025-12-05,Final inesperado
U01784,888,5.7,2025-10-01,Final inesperado
U01784,13191,6.2,2025-11-15,Historia entretenida
U01784,77883,5.5,2026-01-09,Historia entretenida
U01784,126509,5.0,2025-09-21,Excelente recomendacion
U01784,79940,5.1,2025-11-04,La volveria a ver
U01784,987,5.5,2025-10-17,Visualmente increible
U01784,15059,4.5,2026-01-12,Buena para recomendar
U01784,86549,7.3,2025-11-15,Final inesperado
U01784,9920,5.6,2026-04-07,No era lo que esperaba
U01785,9434,8.1,2023-08-09,Buen ritmo
U01785,8469,7.8,2023-04-23,Historia entretenida
U01785,13150,6.8,2026-01-22,Me gusto bastante
U01785,5852,4.9,2023-05-03,No era lo que esperaba
U01785,1933,7.7,2023-08-01,No era lo que esperaba
U01785,49520,5.8,2024-01-17,Buen ritmo
U01785,8656,6.5,2025-07-17,La volveria a ver
U01785,6478,5.6,2025-04-08,Gran actuacion
U01785,9312,6.7,2025-07-06,La volveria a ver
U01785,34697,4.2,2024-04-04,Historia entretenida
U01786,811,5.0,2024-08-05,Buena para recomendar
U01786,329440,5.0,2025-02-07,Buena para recomendar
U01786,347126,6.6,2024-07-28,Gran actuacion
U01786,10477,3.9,2024-08-21,Me gusto bastante
U01786,84659,4.9,2025-04-02,Excelente recomendacion
U01786,14631,9.0,2022-08-14,Buena para recomendar
U01786,31174,5.7,2025-06-09,Excelente recomendacion
U01786,13475,7.6,2025-09-14,La volveria a ver
U01786,26843,6.7,2026-02-02,Excelente recomendacion
U01786,581,6.6,2023-01-10,Excelente recomendacion
U01787,112456,3.6,2025-09-02,No era lo que esperaba
U01787,27549,4.4,2025-08-18,Historia entretenida
U01787,11066,5.2,2023-08-31,Visualmente increible
U01787,71864,6.0,2024-07-10,Visualmente increible
U01787,451,8.4,2026-01-03,Me gusto bastante
U01787,25763,3.5,2023-12-12,No era lo que esperaba
U01787,68724,6.8,2024-07-09,Excelente recomendacion
U01787,10362,5.2,2026-01-07,Historia entretenida
U01787,49963,8.0,2024-08-20,Visualmente increible
U01787,11439,8.0,2023-07-22,Buena para recomendar
U01787,9425,6.6,2024-07-03,Buen ritmo
U01787,2312,4.1,2024-06-19,Gran actuacion
U01787,152742,8.5,2025-09-15,Final inesperado
U01787,4133,6.4,2025-06-24,Buen ritmo
U01787,57825,7.5,2024-09-02,Gran actuacion
U01787,164372,5.6,2025-10-15,Final inesperado
U01788,4012,7.0,2026-01-16,Final inesperado
U01788,2067,4.7,2025-01-14,Final inesperado
U01788,10685,3.7,2025-10-06,Me gusto bastante
U01788,62630,6.7,2025-07-13,Visualmente increible
U01788,5176,6.1,2026-03-13,La volveria a ver
U01788,239573,6.2,2025-02-09,Final inesperado
U01788,595,8.6,2025-04-21,Gran actuacion
U01788,9916,6.6,2025-12-16,Excelente recomendacion
U01788,297761,5.2,2025-06-23,Visualmente increible
U01788,57165,6.1,2025-02-15,No era lo que esperaba
U01788,14299,7.3,2026-03-01,Final inesperado
U01788,28165,5.3,2025-01-28,No era lo que esperaba
U01789,17287,5.0,2025-07-20,Buena para recomendar
U01789,1777,5.6,2024-04-04,No era lo que esperaba
U01789,294600,5.8,2024-07-25,Me gusto bastante
U01789,297761,6.2,2025-03-22,Excelente recomendacion
U01789,100042,5.8,2026-01-11,La volveria a ver
U01789,25132,6.0,2024-06-30,Gran actuacion
U01789,25636,5.8,2024-05-07,Final inesperado
U01789,331190,4.9,2025-10-24,Historia entretenida
U01789,22794,6.9,2024-05-15,No era lo que esperaba
U01789,657,6.4,2024-05-12,Buen ritmo
U01789,8842,3.0,2023-09-25,Gran actuacion
U01789,10219,5.1,2025-10-14,Excelente recomendacion
U01789,195589,7.5,2024-02-19,La volveria a ver
U01789,224141,5.1,2025-04-18,Excelente recomendacion
U01789,74643,6.5,2025-10-29,Me gusto bastante
U01790,18550,5.1,2025-11-11,Me gusto bastante
U01790,16320,8.8,2025-12-12,Historia entretenida
U01790,9570,6.5,2023-11-10,Buen ritmo
U01790,254473,5.8,2024-05-08,Me gusto bastante
U01790,9776,4.2,2024-05-22,Excelente recomendacion
U01790,238615,6.1,2023-12-13,Buena para recomendar
U01790,57165,4.3,2026-03-27,Final inesperado
U01791,924,7.5,2023-09-03,La volveria a ver
U01791,76338,6.1,2024-10-31,Buen ritmo
U01791,60463,6.9,2026-04-06,Me gusto bastante
U01791,9443,7.1,2023-05-26,Gran actuacion
U01791,230266,5.5,2025-04-09,Visualmente increible
U01791,86304,3.0,2023-11-23,Buen ritmo
U01791,9457,6.6,2024-06-15,Buen ritmo
U01791,1427,7.1,2026-03-12,Final inesperado
U01791,11258,5.9,2026-02-07,Historia entretenida
U01791,72545,5.2,2023-04-18,Me gusto bastante
U01791,10661,4.8,2023-02-11,Me gusto bastante
U01792,4148,7.3,2022-12-31,Buen ritmo
U01792,238603,4.5,2026-04-01,Me gusto bastante
U01792,8337,8.1,2023-09-28,Excelente recomendacion
U01792,59436,7.7,2025-06-03,No era lo que esperaba
U01792,255266,6.4,2024-06-08,Gran actuacion
U01792,1430,7.0,2023-09-02,Historia entretenida
U01793,201132,8.1,2024-03-24,Buena para recomendar
U01793,11798,6.4,2026-01-17,Buen ritmo
U01793,13435,6.8,2025-05-28,Visualmente increible
U01793,1586,6.6,2025-01-24,Me gusto bastante
U01793,29463,6.0,2023-07-20,Me gusto bastante
U01793,84332,5.7,2025-12-18,No era lo que esperaba
U01793,14758,7.4,2023-07-18,Buena para recomendar
U01793,122,6.9,2022-10-30,Visualmente increible
U01794,179,5.4,2025-12-27,La volveria a ver
U01794,9022,6.0,2025-10-21,Gran actuacion
U01794,10186,4.2,2026-03-11,No era lo que esperaba
U01794,14043,5.4,2025-10-31,Visualmente increible
U01794,138832,6.5,2026-03-07,Excelente recomendacion
U01794,578,7.2,2025-10-09,Final inesperado
U01794,53862,3.8,2026-02-07,Me gusto bastante
U01794,68727,5.6,2026-02-13,Historia entretenida
U01794,9352,5.0,2025-11-17,La volveria a ver
U01794,301351,5.7,2026-01-25,Buen ritmo
U01794,7515,6.0,2026-02-12,Gran actuacion
U01794,1909,7.5,2025-10-25,Buena para recomendar
U01794,14434,5.5,2026-03-28,Me gusto bastante
U01794,10476,6.9,2025-07-29,Excelente recomendacion
U01795,1268,6.5,2025-10-16,Historia entretenida
U01795,44264,6.3,2025-09-12,Visualmente increible
U01795,15992,4.7,2025-09-17,Gran actuacion
U01795,24977,8.4,2025-10-02,Buena para recomendar
U01795,82700,5.5,2024-10-08,Me gusto bastante
U01795,370662,1.1,2026-01-23,Buen ritmo
U01795,347764,6.5,2025-04-28,No era lo que esperaba
U01796,699,5.5,2023-10-28,Buena para recomendar
U01796,14849,6.5,2023-05-19,No era lo que esperaba
U01796,246655,7.1,2023-11-07,Final inesperado
U01796,14709,5.5,2023-08-28,Buena para recomendar
U01796,2142,5.6,2024-10-07,Buen ritmo
U01796,8869,4.8,2024-10-13,Historia entretenida
U01796,14585,7.8,2025-09-06,Buena para recomendar
U01796,18828,5.1,2025-08-26,Excelente recomendacion
U01796,9781,6.0,2025-11-04,Excelente recomendacion
U01796,4474,4.1,2024-10-06,Visualmente increible
U01796,674,7.1,2023-03-19,Buena para recomendar
U01796,9989,6.3,2024-11-27,Historia entretenida
U01796,2841,8.2,2023-09-22,Buena para recomendar
U01796,17707,6.2,2026-02-28,No era lo que esperaba
U01796,68818,7.3,2024-01-21,Buena para recomendar
U01797,9645,6.3,2026-03-21,Historia entretenida
U01797,14846,6.0,2026-03-02,Visualmente increible
U01797,11007,7.0,2026-03-12,Historia entretenida
U01797,8913,7.9,2026-04-03,La volveria a ver
U01797,4380,7.3,2026-03-03,Buen ritmo
U01797,14139,5.7,2026-03-08,La volveria a ver
U01797,25189,6.5,2026-03-31,No era lo que esperaba
U01798,37724,6.7,2025-09-08,Historia entretenida
U01798,277,6.8,2026-02-15,Historia entretenida
U01798,7299,7.0,2025-10-26,Me gusto bastante
U01798,248774,7.1,2025-12-04,Buen ritmo
U01798,29427,5.2,2026-03-16,La volveria a ver
U01798,57165,5.8,2026-01-12,Buen ritmo
U01798,16300,5.4,2026-01-21,La volveria a ver
U01798,9306,4.1,2025-12-06,Historia entretenida
U01798,32456,6.2,2025-08-31,Buena para recomendar
U01798,8374,8.3,2025-12-21,Buena para recomendar
U01798,326284,5.1,2025-09-12,No era lo que esperaba
U01798,2667,5.6,2025-07-21,Final inesperado
U01798,17795,6.2,2025-07-14,Final inesperado
U01798,5123,6.4,2026-01-20,Me gusto bastante
U01799,30979,6.5,2026-03-18,No era lo que esperaba
U01799,10117,5.6,2026-03-14,Final inesperado
U01799,159037,7.0,2026-02-20,Gran actuacion
U01799,57201,5.5,2026-04-05,Gran actuacion
U01799,345003,4.9,2026-02-22,Buena para recomendar
U01799,582,7.2,2026-03-26,Me gusto bastante
U01799,429,8.5,2026-03-12,Visualmente increible
U01799,12771,5.9,2026-02-25,Historia entretenida
U01799,3597,4.5,2026-02-23,Visualmente increible
U01800,248774,8.0,2024-08-08,Excelente recomendacion
U01800,8871,6.2,2023-09-12,La volveria a ver
U01800,177572,7.9,2024-01-20,Excelente recomendacion
U01800,32456,5.0,2025-08-04,Buena para recomendar
U01800,17043,6.4,2023-06-17,Buen ritmo
U01800,9400,6.6,2024-02-14,Visualmente increible
U01801,57800,7.6,2023-12-22,Historia entretenida
U01801,62837,6.0,2023-03-31,Gran actuacion
U01801,9541,6.0,2024-09-28,Visualmente increible
U01801,795,6.6,2026-01-10,Final inesperado
U01801,291270,7.7,2024-08-07,Visualmente increible
U01801,5125,5.5,2025-11-10,Visualmente increible
U01801,12247,5.9,2023-09-17,Me gusto bastante
U01801,29406,7.5,2025-08-05,Visualmente increible
U01801,360339,6.1,2024-01-08,Gran actuacion
U01801,11576,7.5,2023-06-20,Buen ritmo
U01801,309,9.0,2024-06-22,Buena para recomendar
U01801,8198,6.6,2024-02-10,Historia entretenida
U01802,2395,5.4,2023-10-13,Historia entretenida
U01802,11619,4.7,2024-04-18,Gran actuacion
U01802,22913,5.6,2024-06-03,La volveria a ver
U01802,70435,4.2,2023-08-23,La volveria a ver
U01802,12400,7.5,2023-07-15,La volveria a ver
U01802,15028,4.5,2023-05-02,Buena para recomendar
U01802,205220,6.7,2024-10-05,No era lo que esperaba
U01802,296099,6.1,2024-06-14,Gran actuacion
U01802,11615,7.1,2024-12-06,No era lo que esperaba
U01802,55903,5.5,2024-09-11,Buena para recomendar
U01802,9793,6.7,2023-01-21,Gran actuacion
U01803,31909,6.8,2024-06-07,Visualmente increible
U01803,26688,6.2,2024-06-06,Me gusto bastante
U01803,59968,6.2,2024-06-23,Visualmente increible
U01803,6439,5.3,2025-03-06,Me gusto bastante
U01803,9470,8.4,2024-06-02,La volveria a ver
U01803,773,8.7,2026-04-08,Me gusto bastante
U01804,14160,8.7,2026-03-26,Excelente recomendacion
U01804,22538,5.8,2026-03-09,Historia entretenida
U01804,10054,4.3,2026-03-07,Buena para recomendar
U01804,1997,5.4,2026-02-17,Final inesperado
U01804,288,7.9,2025-12-31,Buena para recomendar
U01804,11778,6.5,2026-03-14,Visualmente increible
U01805,1550,7.9,2025-11-02,Excelente recomendacion
U01805,36643,4.7,2025-10-10,No era lo que esperaba
U01805,10016,4.8,2025-10-17,Visualmente increible
U01805,7735,7.8,2026-03-05,Buen ritmo
U01805,9470,6.1,2025-10-18,Excelente recomendacion
U01805,4951,8.1,2025-12-05,Buena para recomendar
U01805,19997,7.9,2025-12-22,La volveria a ver
U01805,280381,1.1,2026-04-04,Buena para recomendar
U01806,286217,8.8,2025-08-16,Buen ritmo
U01806,12153,4.9,2025-12-26,Gran actuacion
U01806,4251,6.1,2026-02-25,Buena para recomendar
U01806,27205,9.3,2025-07-17,Excelente recomendacion
U01806,72570,6.7,2025-12-04,No era lo que esperaba
U01807,24126,5.5,2026-03-30,Final inesperado
U01807,12155,5.6,2025-09-04,La volveria a ver
U01807,11202,7.8,2025-06-21,Me gusto bastante
U01807,25388,5.8,2026-01-15,Final inesperado
U01807,1487,7.9,2025-11-26,Me gusto bastante
U01807,87,6.3,2026-01-27,No era lo que esperaba
U01807,59728,3.3,2025-04-01,Excelente recomendacion
U01807,118,6.5,2025-07-22,La volveria a ver
U01807,16690,7.3,2025-09-14,Me gusto bastante
U01807,10397,5.6,2025-05-26,Buen ritmo
U01807,227719,7.8,2025-02-22,Me gusto bastante
U01808,11313,5.4,2023-02-19,Gran actuacion
U01808,12162,7.9,2024-08-20,Gran actuacion
U01808,20943,6.0,2022-12-18,Final inesperado
U01808,13197,7.0,2025-10-31,Visualmente increible
U01808,13908,5.2,2023-01-07,Visualmente increible
U01808,244267,8.1,2023-04-20,Buena para recomendar
U01808,4553,8.1,2023-10-05,Gran actuacion
U01808,3597,4.7,2024-04-05,Excelente recomendacion
U01809,6020,3.8,2026-02-19,Buena para recomendar
U01809,333371,6.1,2024-07-14,Buen ritmo
U01809,49527,7.0,2023-05-09,Gran actuacion
U01809,272878,5.4,2025-05-05,Excelente recomendacion
U01809,9691,5.6,2023-12-12,Historia entretenida
U01810,57800,5.1,2025-10-26,Gran actuacion
U01810,679,8.4,2026-03-19,Historia entretenida
U01810,51130,6.6,2024-11-16,Buen ritmo
U01810,26268,7.2,2024-12-17,La volveria a ver
U01810,9709,6.5,2024-08-23,Buena para recomendar
U01810,81005,4.4,2025-04-07,Gran actuacion
U01810,9794,4.5,2025-03-03,No era lo que esperaba
U01810,39210,6.9,2026-03-02,Buena para recomendar
U01810,4584,7.3,2026-02-01,Gran actuacion
U01810,17734,7.0,2025-12-28,Visualmente increible
U01810,19844,3.3,2024-06-26,Historia entretenida
U01810,44115,7.6,2024-03-10,Historia entretenida
U01810,864,7.3,2025-12-08,Gran actuacion
U01810,12177,3.0,2025-11-07,Buena para recomendar
U01811,63020,5.4,2024-12-04,Visualmente increible
U01811,27455,7.4,2025-01-30,Gran actuacion
U01811,44634,4.8,2026-01-23,Historia entretenida
U01811,794,5.9,2025-01-26,Final inesperado
U01811,50942,4.9,2026-01-09,Historia entretenida
U01811,671,7.3,2026-02-22,Excelente recomendacion
U01811,291270,7.6,2025-11-28,Visualmente increible
U01811,60420,6.7,2026-03-19,Excelente recomendacion
U01811,68684,4.2,2025-08-10,Final inesperado
U01811,73191,5.9,2024-11-07,Gran actuacion
U01811,8078,4.8,2024-11-01,Buena para recomendar
U01811,152532,6.8,2025-10-06,Buen ritmo
U01811,219,7.5,2025-03-07,Visualmente increible
U01811,10782,5.2,2025-11-25,Final inesperado
U01811,18616,5.9,2025-04-21,Gran actuacion
U01811,46838,7.9,2026-01-17,Me gusto bastante
U01811,77987,4.7,2025-09-01,Buen ritmo
U01812,272693,7.6,2023-07-30,No era lo que esperaba
U01812,209403,6.8,2023-04-26,Final inesperado
U01812,9447,4.4,2025-09-27,No era lo que esperaba
U01812,198062,7.4,2025-12-25,Historia entretenida
U01812,58680,5.0,2023-09-20,Visualmente increible
U01812,1245,8.2,2024-10-10,Excelente recomendacion
U01812,23169,5.7,2026-01-15,Final inesperado
U01812,35032,6.6,2025-05-02,Excelente recomendacion
U01812,272,6.8,2023-12-17,Buen ritmo
U01812,8271,8.0,2023-05-10,Me gusto bastante
U01812,219,6.6,2023-08-23,Historia entretenida
U01812,137347,7.5,2023-08-26,Excelente recomendacion
U01812,46838,7.6,2026-01-16,Me gusto bastante
U01812,142,8.7,2024-03-31,Final inesperado
U01812,109421,6.1,2024-10-14,Visualmente increible
U01812,1125,5.6,2024-08-16,Visualmente increible
U01813,107846,6.8,2025-04-14,Buena para recomendar
U01813,1576,5.7,2025-09-03,Buen ritmo
U01813,146,7.7,2025-03-20,Buena para recomendar
U01813,9591,6.1,2025-04-18,Visualmente increible
U01813,14395,6.6,2025-06-28,Visualmente increible
U01813,181283,5.0,2025-09-10,Buen ritmo
U01813,1970,6.9,2024-12-30,No era lo que esperaba
U01813,2752,3.9,2026-03-08,Historia entretenida
U01813,20468,7.1,2026-01-24,La volveria a ver
U01813,321741,5.7,2026-01-07,Visualmente increible
U01813,12193,6.1,2025-02-04,No era lo que esperaba
U01813,24034,6.1,2025-10-18,Historia entretenida
U01813,2428,7.5,2026-02-08,Me gusto bastante
U01813,158015,5.7,2025-05-19,Gran actuacion
U01813,165,8.7,2024-10-19,La volveria a ver
U01813,43630,5.7,2025-07-02,Me gusto bastante
U01813,2898,7.3,2025-03-04,La volveria a ver
U01813,323676,4.8,2024-11-24,La volveria a ver
U01814,241257,6.0,2024-07-19,Buen ritmo
U01814,167,6.3,2025-03-17,Buen ritmo
U01814,2155,6.3,2024-04-23,No era lo que esperaba
U01814,11065,6.1,2025-12-30,Final inesperado
U01814,184098,6.3,2026-02-15,Buen ritmo
U01814,10710,3.7,2022-11-10,Excelente recomendacion
U01814,310,4.9,2023-04-11,Me gusto bastante
U01814,90414,6.1,2022-12-22,La volveria a ver
U01814,10683,8.8,2025-01-17,Final inesperado
U01814,9776,6.2,2025-02-13,Me gusto bastante
U01814,225235,7.6,2024-01-18,Gran actuacion
U01814,3059,8.8,2026-03-15,No era lo que esperaba
U01814,10402,4.6,2024-02-18,Buena para recomendar
U01814,8909,7.4,2025-06-13,Buen ritmo
U01815,1429,5.8,2024-10-07,Final inesperado
U01815,19905,6.8,2025-08-16,Visualmente increible
U01815,29917,5.8,2025-03-19,Buen ritmo
U01815,138832,5.4,2024-04-20,Historia entretenida
U01815,10685,5.0,2024-04-29,La volveria a ver
U01815,22538,6.2,2026-01-06,La volveria a ver
U01815,207,9.5,2025-02-08,Excelente recomendacion
U01815,10802,4.2,2024-11-04,Historia entretenida
U01815,9470,6.4,2024-11-24,Gran actuacion
U01815,335,7.6,2024-10-26,Buen ritmo
U01815,2118,7.2,2026-02-22,No era lo que esperaba
U01816,194,6.9,2025-01-07,Buena para recomendar
U01816,37737,7.3,2025-02-02,Buen ritmo
U01816,1688,6.9,2024-09-06,La volveria a ver
U01816,30139,5.1,2025-10-30,No era lo que esperaba
U01816,10105,6.8,2025-11-08,Visualmente increible
U01816,10066,6.8,2025-11-03,Historia entretenida
U01817,13491,7.4,2026-01-16,Me gusto bastante
U01817,765,9.1,2026-01-11,Buen ritmo
U01817,146239,5.2,2026-02-02,La volveria a ver
U01817,27845,7.7,2025-11-08,No era lo que esperaba
U01817,12155,6.2,2025-12-11,Buen ritmo
U01817,1435,6.6,2026-02-26,Visualmente increible
U01817,11968,7.2,2025-10-22,Me gusto bastante
U01817,239563,6.3,2025-10-06,Visualmente increible
U01817,40264,5.0,2025-10-04,Final inesperado
U01817,9023,7.4,2026-04-10,Buena para recomendar
U01817,264644,8.9,2026-03-14,Historia entretenida
U01817,300671,8.4,2026-04-09,Excelente recomendacion
U01818,14834,5.6,2024-10-06,Final inesperado
U01818,4349,5.5,2025-05-27,Me gusto bastante
U01818,289,6.6,2025-10-26,La volveria a ver
U01818,3597,5.2,2024-11-27,Excelente recomendacion
U01818,60307,7.4,2025-12-11,Visualmente increible
U01818,881,8.0,2025-03-10,Buen ritmo
U01818,234212,6.2,2025-07-06,No era lo que esperaba
U01818,15673,6.3,2026-02-20,No era lo que esperaba
U01818,8920,3.9,2025-09-03,Final inesperado
U01818,20857,7.5,2025-03-23,Final inesperado
U01819,283671,5.1,2024-07-28,La volveria a ver
U01819,61038,4.7,2024-08-07,Buena para recomendar
U01819,1710,6.3,2025-07-14,Gran actuacion
U01819,269057,6.6,2025-03-18,La volveria a ver
U01819,5353,5.5,2025-02-10,Me gusto bastante
U01819,16996,5.7,2024-08-09,Visualmente increible
U01820,10159,7.4,2025-06-01,No era lo que esperaba
U01820,152601,8.8,2025-08-14,Excelente recomendacion
U01820,46889,5.8,2025-03-12,Historia entretenida
U01820,24055,5.0,2025-07-14,Me gusto bastante
U01820,408429,6.2,2025-11-17,Buena para recomendar
U01820,16448,6.3,2024-10-18,La volveria a ver
U01820,1164,5.7,2025-10-26,Final inesperado
U01820,4922,8.1,2024-12-10,La volveria a ver
U01820,9021,6.0,2025-05-21,No era lo que esperaba
U01820,13983,3.6,2025-10-31,Excelente recomendacion
U01820,16538,7.4,2025-02-18,Me gusto bastante
U01820,14353,6.5,2025-12-25,La volveria a ver
U01820,8698,4.8,2025-05-20,Final inesperado
U01821,100275,6.8,2026-02-27,Visualmente increible
U01821,30497,8.5,2025-11-28,La volveria a ver
U01821,52520,6.6,2025-12-22,Gran actuacion
U01821,46252,1.0,2026-03-15,Excelente recomendacion
U01821,7510,4.8,2025-12-09,Me gusto bastante
U01821,1904,7.5,2026-01-04,Buena para recomendar
U01821,277685,5.0,2026-01-14,Me gusto bastante
U01821,598,8.4,2026-03-28,Gran actuacion
U01822,8970,6.1,2024-03-09,La volveria a ver
U01822,18713,3.9,2025-10-15,Historia entretenida
U01822,1696,5.9,2024-03-03,Buen ritmo
U01822,91721,6.4,2024-12-21,Me gusto bastante
U01822,83542,5.6,2025-10-02,Buen ritmo
U01822,10549,8.2,2025-02-09,Final inesperado
U01822,158852,4.7,2025-11-07,Me gusto bastante
U01822,1831,4.4,2026-01-16,Buen ritmo
U01823,9059,7.4,2023-10-02,Buen ritmo
U01823,8011,4.9,2025-03-06,Final inesperado
U01823,14624,6.6,2023-12-13,La volveria a ver
U01823,16784,4.1,2023-10-24,Buena para recomendar
U01823,18947,7.0,2024-02-02,La volveria a ver
U01823,9954,4.8,2025-03-17,Buena para recomendar
U01823,10955,7.4,2025-03-09,Final inesperado
U01823,289180,6.2,2025-11-28,Excelente recomendacion
U01823,692,7.1,2024-11-15,Visualmente increible
U01824,12155,5.9,2025-07-21,Gran actuacion
U01824,2619,7.3,2025-08-08,Gran actuacion
U01824,15644,5.1,2025-01-22,Buena para recomendar
U01824,120,7.4,2026-01-23,Visualmente increible
U01824,9392,6.5,2025-11-18,La volveria a ver
U01824,50875,5.8,2025-06-07,Visualmente increible
U01825,24113,4.7,2025-01-19,Gran actuacion
U01825,281730,4.1,2024-06-15,Gran actuacion
U01825,20009,5.8,2023-09-04,La volveria a ver
U01825,14709,7.2,2024-02-06,No era lo que esperaba
U01825,59860,5.9,2024-11-28,Visualmente increible
U01825,44718,6.4,2026-03-08,La volveria a ver
U01825,3060,6.1,2023-08-27,No era lo que esperaba
U01825,14425,6.7,2023-04-28,Gran actuacion
U01825,9087,5.7,2023-04-27,Excelente recomendacion
U01826,862,6.9,2024-11-04,Buen ritmo
U01826,1999,6.7,2023-10-24,Gran actuacion
U01826,68,6.1,2026-03-08,La volveria a ver
U01826,76163,6.4,2024-09-15,No era lo que esperaba
U01826,59108,4.5,2024-11-10,Visualmente increible
U01826,37799,8.5,2024-04-06,Buena para recomendar
U01826,14655,5.7,2025-04-17,Buen ritmo
U01826,12404,7.5,2023-08-20,Me gusto bastante
U01826,10999,7.8,2024-06-11,Final inesperado
U01826,198663,7.4,2025-05-06,No era lo que esperaba
U01826,489,7.8,2024-01-30,Excelente recomendacion
U01827,2687,6.1,2026-04-01,Excelente recomendacion
U01827,120,6.6,2026-04-09,Final inesperado
U01827,62116,6.2,2025-12-16,Excelente recomendacion
U01827,14299,5.9,2026-04-07,Me gusto bastante
U01827,2292,8.3,2026-01-31,Gran actuacion
U01827,52010,4.8,2025-12-30,La volveria a ver
U01828,9763,6.4,2024-10-25,Visualmente increible
U01828,17710,5.8,2024-10-17,Buena para recomendar
U01828,8367,5.6,2025-01-30,Final inesperado
U01828,16642,7.3,2025-07-09,Visualmente increible
U01828,62837,8.1,2025-06-14,Buena para recomendar
U01828,11615,7.2,2025-07-24,Final inesperado
U01828,20526,6.3,2025-08-03,Excelente recomendacion
U01828,203,5.7,2025-09-25,La volveria a ver
U01829,76640,6.8,2024-05-25,Excelente recomendacion
U01829,1024,7.4,2023-09-22,Gran actuacion
U01829,11866,4.4,2024-09-05,Historia entretenida
U01830,10998,6.6,2025-11-03,Buen ritmo
U01830,50646,6.0,2026-04-09,Buen ritmo
U01830,41283,6.9,2025-03-10,Visualmente increible
U01830,12779,4.3,2025-01-06,Me gusto bastante
U01830,14057,6.5,2025-10-25,Excelente recomendacion
U01830,10947,5.9,2025-05-11,Me gusto bastante
U01830,8390,7.5,2025-02-17,Buen ritmo
U01831,680,9.5,2025-09-13,Me gusto bastante
U01831,256040,8.8,2026-03-23,Buena para recomendar
U01831,280391,4.0,2025-09-07,Buen ritmo
U01831,14295,8.1,2026-02-17,Excelente recomendacion
U01831,11908,5.1,2026-01-25,Me gusto bastante
U01832,10530,7.1,2024-07-25,Excelente recomendacion
U01832,58151,4.5,2025-10-03,Final inesperado
U01832,46261,4.5,2026-02-26,Buen ritmo
U01832,9526,7.7,2026-01-09,Visualmente increible
U01832,8487,4.4,2024-12-20,Final inesperado
U01832,35691,7.7,2025-04-05,Final inesperado
U01832,16072,5.0,2025-05-16,Visualmente increible
U01832,245700,5.5,2025-03-28,Final inesperado
U01832,1909,6.8,2024-10-17,Buen ritmo
U01832,57158,6.5,2025-08-26,Final inesperado
U01833,33217,6.8,2025-04-11,Me gusto bastante
U01833,116149,7.6,2026-03-08,Buen ritmo
U01833,8859,6.4,2025-04-05,No era lo que esperaba
U01833,6038,4.8,2026-03-11,Historia entretenida
U01833,82695,8.2,2025-12-26,Visualmente increible
U01833,9667,5.7,2026-01-11,Gran actuacion
U01833,9954,5.5,2026-03-21,Buena para recomendar
U01833,1581,6.6,2025-10-22,Visualmente increible
U01833,82679,4.4,2026-02-06,Gran actuacion
U01833,7735,8.2,2024-12-07,Excelente recomendacion
U01833,13967,6.3,2025-09-09,Gran actuacion
U01833,95755,6.7,2024-02-14,Buena para recomendar
U01833,1909,6.0,2024-04-10,No era lo que esperaba
U01834,12228,6.4,2025-08-15,No era lo que esperaba
U01834,9563,7.6,2026-03-25,Visualmente increible
U01834,14160,8.5,2025-06-30,Gran actuacion
U01834,324322,6.4,2025-07-27,Gran actuacion
U01834,2122,5.7,2026-01-09,Buena para recomendar
U01834,2370,4.9,2025-09-26,Me gusto bastante
U01834,63287,7.5,2025-12-05,Buen ritmo
U01834,9839,6.8,2026-03-30,Historia entretenida
U01834,227348,6.1,2025-10-19,Buen ritmo
U01834,59961,4.9,2026-03-06,Buen ritmo
U01834,9334,6.8,2025-09-26,La volveria a ver
U01835,19052,5.8,2026-02-12,Me gusto bastante
U01835,9896,7.1,2025-09-30,Historia entretenida
U01835,8012,5.1,2025-07-17,La volveria a ver
U01835,11457,5.8,2025-10-06,Excelente recomendacion
U01835,4257,4.7,2025-08-07,Me gusto bastante
U01836,116,8.2,2025-08-24,Buen ritmo
U01836,35019,6.4,2025-08-08,Buen ritmo
U01836,3131,7.6,2024-07-06,Buena para recomendar
U01836,10229,8.1,2024-09-18,Me gusto bastante
U01836,100042,5.1,2024-01-04,Visualmente increible
U01836,42684,4.2,2024-07-20,Excelente recomendacion
U01836,26389,6.2,2025-08-12,No era lo que esperaba
U01836,9304,6.0,2024-03-31,Buen ritmo
U01836,9930,5.7,2023-12-19,Buena para recomendar
U01836,8942,5.9,2025-11-28,Final inesperado
U01836,109414,5.7,2026-03-19,Excelente recomendacion
U01837,1523,5.9,2026-03-22,La volveria a ver
U01837,14582,7.3,2025-09-11,Excelente recomendacion
U01837,76996,7.1,2025-12-13,Excelente recomendacion
U01837,299553,4.2,2025-06-05,Excelente recomendacion
U01837,10483,5.9,2025-11-23,Buena para recomendar
U01837,848,7.9,2025-10-10,No era lo que esperaba
U01837,335866,6.0,2025-11-12,Visualmente increible
U01837,38093,5.1,2025-12-22,No era lo que esperaba
U01837,9644,4.7,2026-02-02,Buena para recomendar
U01837,37532,7.1,2025-10-14,No era lo que esperaba
U01837,98568,5.3,2026-01-13,Gran actuacion
U01837,194,8.1,2025-07-07,Buen ritmo
U01837,62214,5.8,2025-06-15,Buena para recomendar
U01837,39013,6.7,2025-06-17,No era lo que esperaba
U01837,11592,7.1,2026-03-31,No era lo que esperaba
U01837,14758,5.2,2025-07-24,No era lo que esperaba
U01838,39514,6.1,2026-02-15,Buena para recomendar
U01838,13922,6.8,2026-03-30,Excelente recomendacion
U01838,27022,6.1,2026-01-04,Excelente recomendacion
U01838,77,8.8,2026-01-04,La volveria a ver
U01838,45226,6.3,2026-01-30,Buen ritmo
U01838,2018,4.9,2026-04-10,Buena para recomendar
U01838,376004,6.2,2026-01-25,Buena para recomendar
U01838,9310,4.3,2026-01-17,Gran actuacion
U01838,28165,5.6,2025-12-30,Buen ritmo
U01838,2118,7.5,2025-12-22,Gran actuacion
U01839,12535,7.7,2025-12-02,Historia entretenida
U01839,21345,8.8,2025-08-20,Final inesperado
U01839,230266,4.5,2025-08-27,Final inesperado
U01839,58151,5.7,2026-01-29,Gran actuacion
U01839,121826,6.2,2024-10-23,Gran actuacion
U01839,1933,7.3,2025-10-01,Buena para recomendar
U01839,64678,5.1,2025-03-09,Buena para recomendar
U01839,1572,6.9,2026-04-06,Historia entretenida
U01839,11979,4.7,2025-08-05,Excelente recomendacion
U01839,13812,4.5,2026-02-01,Gran actuacion
U01839,14517,6.2,2025-11-23,La volveria a ver
U01839,65754,6.1,2025-06-25,Buena para recomendar
U01839,22051,6.0,2025-06-19,Final inesperado
U01839,2054,5.5,2025-10-15,Final inesperado
U01840,49538,6.5,2024-12-24,Historia entretenida
U01840,15037,5.0,2024-04-21,Me gusto bastante
U01840,2293,5.3,2024-01-29,Historia entretenida
U01840,2655,5.9,2025-01-15,La volveria a ver
U01840,26916,4.5,2024-04-15,La volveria a ver
U01840,10070,5.2,2025-09-01,Visualmente increible
U01840,14057,4.5,2025-01-11,Buena para recomendar
U01840,43947,6.3,2026-01-16,La volveria a ver
U01840,194662,7.2,2025-10-21,Excelente recomendacion
U01840,76203,7.1,2025-02-25,Buen ritmo
U01841,2756,6.1,2026-02-13,La volveria a ver
U01841,12819,6.0,2026-03-05,Visualmente increible
U01841,591,6.0,2024-07-19,Gran actuacion
U01841,18885,5.1,2025-10-22,Gran actuacion
U01841,11113,8.9,2024-06-21,Final inesperado
U01841,87421,6.8,2024-03-24,Gran actuacion
U01841,45380,6.1,2025-01-07,Final inesperado
U01842,23479,6.7,2025-09-22,Historia entretenida
U01842,1412,7.0,2025-08-04,Buen ritmo
U01842,242582,6.4,2026-03-18,Visualmente increible
U01843,50456,7.9,2024-05-18,Excelente recomendacion
U01843,2062,7.1,2026-01-09,Me gusto bastante
U01843,22,8.2,2024-04-24,Buena para recomendar
U01843,766,8.3,2024-06-26,Excelente recomendacion
U01843,7301,7.3,2025-08-28,Historia entretenida
U01843,232672,7.1,2025-03-07,La volveria a ver
U01843,1571,7.4,2025-05-25,Gran actuacion
U01843,9334,4.6,2026-01-17,La volveria a ver
U01843,11412,6.6,2024-09-06,Final inesperado
U01843,5279,6.7,2025-04-14,Buen ritmo
U01843,14854,4.8,2025-06-01,Final inesperado
U01844,3179,6.7,2025-05-08,Buena para recomendar
U01844,10202,4.6,2025-07-22,Visualmente increible
U01844,874,7.2,2026-04-01,Historia entretenida
U01844,9726,6.7,2025-12-27,La volveria a ver
U01844,801,5.9,2026-01-28,Gran actuacion
U01844,578,6.8,2025-08-12,Historia entretenida
U01844,325123,1.7,2025-05-12,Final inesperado
U01844,10569,6.7,2026-02-07,Buena para recomendar
U01844,22794,7.3,2025-05-30,No era lo que esperaba
U01844,259693,7.8,2025-04-14,Buena para recomendar
U01844,24803,6.2,2025-08-29,Historia entretenida
U01844,82702,6.6,2025-10-09,La volveria a ver
U01844,57119,7.4,2025-07-12,Historia entretenida
U01845,105864,7.4,2025-03-16,Visualmente increible
U01845,4995,7.2,2023-09-05,Buen ritmo
U01845,298,6.5,2024-01-14,Visualmente increible
U01845,25461,8.1,2024-03-12,La volveria a ver
U01845,1624,6.8,2024-04-01,Gran actuacion
U01845,16300,4.1,2023-04-15,Excelente recomendacion
U01845,11468,6.5,2026-01-31,Final inesperado
U01845,17917,8.3,2024-09-20,No era lo que esperaba
U01845,111794,3.1,2025-12-18,Visualmente increible
U01845,14220,3.7,2024-01-11,Buena para recomendar
U01845,36419,6.0,2025-08-26,Excelente recomendacion
U01845,190859,8.1,2023-09-06,Excelente recomendacion
U01846,60421,6.4,2025-12-10,Final inesperado
U01846,8195,6.7,2026-01-07,Buen ritmo
U01846,1370,6.0,2025-12-23,Visualmente increible
U01846,10060,5.8,2026-01-28,Historia entretenida
U01846,9631,5.6,2026-02-13,Excelente recomendacion
U01846,7510,4.6,2026-01-27,No era lo que esperaba
U01846,264656,5.3,2026-02-07,Historia entretenida
U01847,83770,5.5,2025-11-19,Final inesperado
U01847,22649,6.3,2025-07-11,No era lo que esperaba
U01847,25636,7.2,2025-06-08,Final inesperado
U01847,20697,3.2,2025-11-15,Gran actuacion
U01848,11132,4.9,2025-08-20,Me gusto bastante
U01848,138832,7.7,2025-05-15,Buena para recomendar
U01848,20322,6.5,2025-08-11,Visualmente increible
U01848,1956,6.5,2025-05-15,Buen ritmo
U01849,150540,7.0,2025-10-23,Excelente recomendacion
U01849,840,7.3,2025-08-30,Visualmente increible
U01849,9802,8.1,2025-09-25,No era lo que esperaba
U01849,46705,8.0,2026-03-28,Historia entretenida
U01849,31915,4.6,2026-01-20,Historia entretenida
U01849,52010,5.1,2025-09-19,Me gusto bastante
U01850,55347,5.4,2025-01-26,Me gusto bastante
U01850,533,5.9,2025-10-13,Final inesperado
U01850,6977,6.7,2025-10-29,Final inesperado
U01850,46738,6.8,2024-08-07,La volveria a ver
U01850,35056,7.3,2024-08-03,Buena para recomendar
U01850,9035,7.2,2025-12-11,Buen ritmo
U01850,36351,6.7,2025-10-19,Historia entretenida
U01850,71859,8.8,2024-11-28,Historia entretenida
U01850,19840,4.6,2026-03-02,Historia entretenida
U01850,510,9.3,2024-07-14,La volveria a ver
U01850,225565,5.3,2025-02-01,Buen ritmo
U01850,18701,5.3,2025-12-29,Buena para recomendar
U01850,258755,8.4,2025-06-18,No era lo que esperaba
U01850,11618,6.0,2026-03-12,Me gusto bastante
U01851,140823,7.4,2024-12-22,Visualmente increible
U01851,205587,5.8,2024-12-27,Gran actuacion
U01851,76757,3.9,2025-03-13,Gran actuacion
U01851,9988,7.2,2025-05-16,Me gusto bastante
U01851,2253,5.9,2025-04-13,Final inesperado
U01852,13751,6.6,2025-05-13,Buen ritmo
U01852,211557,5.2,2023-01-16,Buena para recomendar
U01852,9502,7.0,2023-07-31,Historia entretenida
U01852,18276,6.3,2024-10-19,Historia entretenida
U01852,370980,6.3,2024-08-28,Me gusto bastante
U01852,16784,3.6,2024-11-24,No era lo que esperaba
U01852,2567,6.4,2025-06-07,Me gusto bastante
U01852,10557,7.2,2023-06-21,Visualmente increible
U01853,703,7.0,2025-11-11,Final inesperado
U01853,8545,6.7,2025-05-28,Historia entretenida
U01853,2370,7.3,2025-11-02,Excelente recomendacion
U01853,16158,8.1,2025-06-13,Historia entretenida
U01854,2026,7.0,2025-05-29,Buena para recomendar
U01854,75638,7.3,2025-08-24,Visualmente increible
U01854,8848,6.6,2025-08-31,Historia entretenida
U01854,140300,7.0,2025-11-01,Me gusto bastante
U01854,8982,7.4,2026-02-11,Final inesperado
U01854,670,8.0,2025-08-13,Excelente recomendacion
U01854,25189,7.9,2026-03-21,Buen ritmo
U01854,242512,3.9,2025-07-21,Me gusto bastante
U01854,10873,5.3,2026-03-02,Gran actuacion
U01855,205587,6.9,2024-09-24,Gran actuacion
U01855,49519,5.6,2026-03-15,Excelente recomendacion
U01855,542,7.1,2025-07-26,Me gusto bastante
U01855,120,8.3,2025-06-06,Final inesperado
U01855,266856,7.2,2025-11-12,Excelente recomendacion
U01855,1164,7.1,2024-10-06,Visualmente increible
U01855,15487,7.6,2025-09-07,Historia entretenida
U01855,24977,7.2,2024-05-26,Excelente recomendacion
U01855,273899,5.1,2025-03-27,Me gusto bastante
U01855,10496,3.3,2025-02-06,Me gusto bastante
U01855,74,7.3,2025-07-24,Gran actuacion
U01855,244403,7.6,2024-07-11,Me gusto bastante
U01856,28,8.8,2026-01-21,No era lo que esperaba
U01856,2575,7.4,2025-10-17,Buena para recomendar
U01856,680,8.5,2024-08-09,Buen ritmo
U01856,14191,4.9,2026-01-01,Buena para recomendar
U01856,249164,6.8,2025-08-09,Buen ritmo
U01856,35691,7.2,2025-08-31,Gran actuacion
U01856,9027,5.8,2024-11-19,No era lo que esperaba
U01856,11561,6.3,2025-09-06,Buena para recomendar
U01857,4348,8.6,2025-01-17,Buen ritmo
U01857,11066,4.0,2023-09-24,Buena para recomendar
U01857,41513,4.5,2023-06-26,Historia entretenida
U01857,13007,6.7,2023-07-30,La volveria a ver
U01857,257211,6.8,2025-10-14,Me gusto bastante
U01857,36643,6.9,2025-03-26,Buen ritmo
U01857,1735,5.2,2024-06-05,Buena para recomendar
U01857,137113,8.5,2023-12-07,Visualmente increible
U01857,127918,8.0,2025-10-19,Gran actuacion
U01857,50546,7.7,2025-02-13,Visualmente increible
U01857,2100,8.2,2024-03-01,No era lo que esperaba
U01857,13154,4.6,2025-04-20,Excelente recomendacion
U01858,17202,5.0,2024-03-09,Final inesperado
U01858,332,5.0,2023-02-14,No era lo que esperaba
U01858,294086,5.6,2024-09-02,Gran actuacion
U01858,9003,8.0,2026-02-09,La volveria a ver
U01858,26320,7.5,2025-11-29,Historia entretenida
U01858,236751,6.3,2023-03-01,Gran actuacion
U01858,80271,6.7,2025-01-29,Historia entretenida
U01858,11978,7.1,2025-09-29,La volveria a ver
U01858,227783,4.6,2024-03-06,Buen ritmo
U01858,138103,6.0,2024-03-03,Buen ritmo
U01858,752,7.6,2023-03-09,La volveria a ver
U01859,849,6.1,2023-07-06,Historia entretenida
U01859,2898,7.7,2024-05-09,Buen ritmo
U01859,693,6.4,2023-07-10,Gran actuacion
U01859,4951,6.3,2025-05-04,Me gusto bastante
U01859,39781,5.1,2025-01-19,Buen ritmo
U01859,44853,4.4,2024-02-04,Gran actuacion
U01859,254472,3.9,2025-05-16,Final inesperado
U01860,32740,4.7,2025-08-19,Final inesperado
U01860,300706,6.1,2025-10-29,Final inesperado
U01860,50497,5.8,2026-01-27,Buen ritmo
U01860,149,6.5,2025-04-07,Historia entretenida
U01860,8987,5.2,2025-08-02,No era lo que esperaba
U01860,10802,5.3,2026-03-04,La volveria a ver
U01860,255343,7.2,2025-08-15,Me gusto bastante
U01860,11258,4.7,2025-05-15,Me gusto bastante
U01860,40794,5.5,2025-12-11,Gran actuacion
U01860,850,8.1,2025-10-02,Buena para recomendar
U01861,5876,6.5,2025-12-10,Buen ritmo
U01861,157847,5.6,2024-11-04,Me gusto bastante
U01861,109418,6.0,2024-01-12,Buen ritmo
U01861,11004,7.5,2026-01-23,Excelente recomendacion
U01861,769,9.0,2024-10-23,Me gusto bastante
U01861,306745,6.5,2025-02-05,Final inesperado
U01862,1389,7.5,2025-12-07,Historia entretenida
U01862,12155,5.0,2026-02-22,Final inesperado
U01862,82695,6.6,2026-01-09,Excelente recomendacion
U01862,334,6.9,2026-02-23,Historia entretenida
U01862,25353,2.8,2026-03-13,Historia entretenida
U01862,5900,6.7,2025-12-14,La volveria a ver
U01862,16300,5.0,2025-10-01,Historia entretenida
U01862,25784,5.6,2026-04-04,Historia entretenida
U01862,9836,5.7,2026-02-05,La volveria a ver
U01862,38778,4.2,2025-12-23,La volveria a ver
U01862,51995,5.0,2025-12-08,Buen ritmo
U01862,9291,5.6,2025-11-17,Me gusto bastante
U01862,16996,6.5,2025-09-17,Historia entretenida
U01863,10400,7.7,2025-09-23,Gran actuacion
U01863,81836,7.1,2026-01-25,Visualmente increible
U01863,4836,6.9,2025-08-03,Me gusto bastante
U01863,2310,6.1,2026-02-08,Buen ritmo
U01863,563,7.0,2025-09-09,La volveria a ver
U01864,31909,4.3,2025-04-20,Buena para recomendar
U01864,512,7.4,2025-11-24,Final inesperado
U01864,1874,5.9,2025-10-05,Final inesperado
U01864,40658,6.1,2025-04-16,Gran actuacion
U01864,13064,7.5,2026-03-19,Me gusto bastante
U01864,168,5.6,2025-08-05,Final inesperado
U01864,285923,6.9,2025-11-08,Buen ritmo
U01864,171274,7.1,2026-02-04,Buen ritmo
U01864,17834,5.7,2025-04-09,Final inesperado
U01864,10201,5.7,2026-03-04,Gran actuacion
U01865,226,7.9,2026-01-18,Buena para recomendar
U01865,35,7.5,2025-08-18,Buen ritmo
U01865,43942,6.0,2024-09-29,Visualmente increible
U01865,70981,5.9,2026-01-28,Buena para recomendar
U01865,557,7.9,2024-04-09,Final inesperado
U01865,158150,5.2,2025-09-26,Historia entretenida
U01865,6877,6.7,2024-12-25,Buena para recomendar
U01865,4553,7.4,2024-11-23,Final inesperado
U01865,227156,6.1,2024-04-04,Buena para recomendar
U01865,365052,6.2,2024-10-14,Final inesperado
U01865,283384,4.5,2024-07-30,Buen ritmo
U01866,169,4.8,2025-11-03,Historia entretenida
U01866,10549,8.7,2026-02-05,No era lo que esperaba
U01866,298,6.9,2026-01-25,La volveria a ver
U01866,8413,5.2,2025-10-20,Buena para recomendar
U01866,4584,7.2,2025-11-13,Final inesperado
U01866,10800,5.6,2026-01-30,Historia entretenida
U01866,4553,8.0,2025-09-02,Final inesperado
U01866,6950,5.6,2026-02-09,Buen ritmo
U01866,9466,6.0,2026-01-31,La volveria a ver
U01866,40652,5.6,2025-10-08,No era lo que esperaba
U01866,44214,8.1,2025-07-12,La volveria a ver
U01866,40963,10.0,2025-09-13,Buena para recomendar
U01866,325373,7.3,2026-04-01,Gran actuacion
U01866,50725,6.4,2026-03-17,Me gusto bastante
U01866,10533,6.2,2025-11-24,Gran actuacion
U01867,44896,6.5,2024-03-28,Buena para recomendar
U01867,81188,7.7,2025-08-09,Buen ritmo
U01867,1259,6.4,2024-11-14,Buen ritmo
U01867,16858,6.6,2023-09-23,Excelente recomendacion
U01867,186,6.6,2023-03-07,Me gusto bastante
U01867,9257,6.6,2026-01-08,Excelente recomendacion
U01867,8870,4.6,2023-07-29,No era lo que esperaba
U01868,84318,8.0,2023-03-31,Buena para recomendar
U01868,111190,6.9,2025-09-14,No era lo que esperaba
U01869,9587,6.9,2025-11-04,Visualmente increible
U01869,10488,5.1,2026-02-28,Visualmente increible
U01869,2567,7.6,2025-08-28,Buena para recomendar
U01869,62764,5.8,2026-03-19,Gran actuacion
U01869,1571,5.3,2026-01-23,Excelente recomendacion
U01869,192134,5.0,2026-01-20,Buena para recomendar
U01870,287815,8.6,2024-11-13,Buen ritmo
U01870,2155,6.6,2026-02-15,Visualmente increible
U01870,34941,5.7,2025-12-30,Buen ritmo
U01870,211672,7.2,2024-09-22,Final inesperado
U01870,15983,5.2,2025-01-17,Excelente recomendacion
U01870,9787,7.0,2024-08-15,Excelente recomendacion
U01870,225886,6.4,2025-01-05,Excelente recomendacion
U01870,14351,4.0,2025-03-01,Gran actuacion
U01871,50348,7.1,2026-01-22,No era lo que esperaba
U01871,48382,6.4,2023-01-25,Final inesperado
U01871,223485,5.3,2023-05-23,Historia entretenida
U01871,8409,4.6,2024-05-27,Excelente recomendacion
U01871,42889,3.4,2025-09-12,Visualmente increible
U01871,9353,6.4,2023-08-18,Final inesperado
U01872,60420,6.3,2025-10-08,Buena para recomendar
U01872,63020,6.0,2023-10-12,Me gusto bastante
U01872,217,5.9,2024-06-28,Excelente recomendacion
U01872,11024,5.0,2024-06-08,Final inesperado
U01872,32740,4.1,2023-05-03,Historia entretenida
U01872,44115,6.2,2025-08-29,Me gusto bastante
U01872,11065,5.3,2022-12-06,Final inesperado
U01872,18079,6.7,2025-09-27,Gran actuacion
U01872,6538,5.7,2024-05-30,Historia entretenida
U01873,29963,6.8,2025-03-10,No era lo que esperaba
U01873,4638,6.8,2026-03-17,Historia entretenida
U01873,278927,8.1,2025-10-27,Me gusto bastante
U01873,62177,6.9,2026-04-04,La volveria a ver
U01873,87093,6.6,2026-01-21,Final inesperado
U01873,254,6.4,2025-04-18,Buena para recomendar
U01873,49529,4.7,2025-12-03,La volveria a ver
U01873,881,6.4,2025-07-15,Buena para recomendar
U01873,41110,6.8,2025-04-20,Final inesperado
U01874,18841,6.9,2025-12-30,No era lo que esperaba
U01874,294600,5.0,2024-10-11,Visualmente increible
U01874,153397,5.2,2025-05-25,Excelente recomendacion
U01874,42057,5.4,2025-07-07,Final inesperado
U01874,9591,8.2,2024-09-17,Final inesperado
U01874,24664,7.4,2026-03-15,Buena para recomendar
U01874,10138,5.4,2024-10-17,Final inesperado
U01874,55616,6.5,2026-01-29,No era lo que esperaba
U01874,9869,5.2,2025-09-22,Me gusto bastante
U01874,89,9.0,2024-10-19,Excelente recomendacion
U01874,6439,4.8,2025-04-21,Me gusto bastante
U01874,259694,7.3,2025-12-30,La volveria a ver
U01874,15699,6.7,2025-09-21,No era lo que esperaba
U01875,4032,6.2,2024-09-24,No era lo que esperaba
U01875,587,7.0,2024-11-09,Buen ritmo
U01875,78705,6.5,2023-08-26,Gran actuacion
U01876,13937,5.7,2024-10-19,Gran actuacion
U01876,15365,4.5,2025-12-05,Excelente recomendacion
U01876,11042,5.5,2023-06-26,Final inesperado
U01876,9982,4.4,2025-08-27,Visualmente increible
U01876,8409,6.9,2023-05-05,Excelente recomendacion
U01876,15800,5.1,2023-01-15,Buena para recomendar
U01876,227973,6.9,2025-10-27,Excelente recomendacion
U01876,257,5.5,2023-03-21,Historia entretenida
U01877,26039,7.5,2025-02-09,Visualmente increible
U01877,4258,3.4,2025-02-12,Excelente recomendacion
U01877,26428,8.2,2024-12-14,Excelente recomendacion
U01877,43884,5.7,2026-04-03,Excelente recomendacion
U01877,25189,6.7,2025-08-22,No era lo que esperaba
U01877,127585,8.8,2025-06-11,Me gusto bastante
U01877,1573,7.5,2026-03-09,Buen ritmo
U01877,298312,7.3,2024-11-09,Buen ritmo
U01878,512,7.4,2026-04-09,Me gusto bastante
U01878,104,7.4,2026-03-26,Buen ritmo
U01878,9981,7.0,2026-04-06,Gran actuacion
U01878,24034,5.3,2026-04-04,Me gusto bastante
U01878,9902,7.1,2026-03-30,No era lo que esperaba
U01878,4553,8.6,2026-04-04,Excelente recomendacion
U01878,296,5.6,2026-03-24,Gran actuacion
U01878,1771,5.7,2026-03-28,La volveria a ver
U01878,13518,7.1,2026-04-05,Excelente recomendacion
U01879,84184,6.3,2025-10-12,Historia entretenida
U01879,24227,5.1,2025-04-29,Buena para recomendar
U01879,1648,6.5,2026-02-27,Historia entretenida
U01879,50601,4.9,2025-02-17,Buen ritmo
U01879,226354,5.4,2025-11-30,Buen ritmo
U01879,137321,5.0,2025-04-21,Buen ritmo
U01880,18360,4.5,2024-08-01,No era lo que esperaba
U01880,4348,8.5,2025-09-30,Final inesperado
U01880,193756,6.3,2025-01-03,Buen ritmo
U01880,119450,6.6,2025-06-02,Buena para recomendar
U01880,1958,6.0,2024-06-11,Buen ritmo
U01880,454,6.5,2023-11-06,Final inesperado
U01880,257091,7.0,2024-09-29,Historia entretenida
U01880,77948,3.8,2026-02-14,No era lo que esperaba
U01880,109414,5.0,2026-03-21,Excelente recomendacion
U01881,87,8.0,2026-03-20,Gran actuacion
U01881,11398,4.9,2026-02-08,Gran actuacion
U01881,16995,8.0,2026-02-15,Final inesperado
U01881,9952,7.3,2026-03-12,Final inesperado
U01881,1213,8.4,2026-02-16,Buen ritmo
U01881,155,9.3,2026-02-14,Final inesperado
U01881,152599,7.6,2026-01-28,Visualmente increible
U01882,1598,6.8,2025-08-13,Visualmente increible
U01882,9517,5.6,2025-08-02,Visualmente increible
U01883,226486,5.8,2024-12-07,Me gusto bastante
U01883,18206,7.2,2024-05-08,Historia entretenida
U01883,16096,3.7,2025-07-17,La volveria a ver
U01883,76494,6.9,2025-02-24,Historia entretenida
U01883,57165,5.0,2026-01-04,Excelente recomendacion
U01884,226486,3.7,2025-05-17,La volveria a ver
U01884,103328,7.0,2025-12-26,Buen ritmo
U01884,9428,7.1,2025-06-26,Gran actuacion
U01884,9759,4.8,2022-12-20,Excelente recomendacion
U01884,14799,6.8,2023-07-22,No era lo que esperaba
U01884,2652,7.8,2025-05-16,Me gusto bastante
U01884,76706,3.8,2022-07-31,Buena para recomendar
U01884,109421,7.2,2022-11-23,Final inesperado
U01884,338,8.1,2024-05-23,La volveria a ver
U01884,87421,6.6,2024-01-31,Visualmente increible
U01885,43266,8.1,2025-12-28,Gran actuacion
U01885,861,7.8,2025-12-15,La volveria a ver
U01885,144336,4.6,2026-02-01,No era lo que esperaba
U01885,20178,7.4,2025-09-18,No era lo que esperaba
U01885,844,5.9,2025-08-08,Excelente recomendacion
U01885,9877,4.4,2025-10-08,Buen ritmo
U01885,26602,5.7,2025-11-27,Me gusto bastante
U01885,205584,4.0,2026-02-05,Gran actuacion
U01885,1930,6.9,2025-10-31,Historia entretenida
U01885,10496,3.8,2026-01-25,Final inesperado
U01886,147773,6.6,2025-04-16,Historia entretenida
U01886,12783,7.1,2025-03-20,Buena para recomendar
U01886,10065,5.8,2023-11-17,Final inesperado
U01886,702,8.3,2024-08-01,Me gusto bastante
U01886,270946,7.0,2024-08-26,Visualmente increible
U01886,10764,5.5,2025-11-25,Visualmente increible
U01886,40805,4.3,2025-02-09,Final inesperado
U01886,15544,3.7,2023-11-27,No era lo que esperaba
U01886,312791,6.2,2024-01-22,Historia entretenida
U01886,11176,7.5,2024-04-21,Visualmente increible
U01886,16911,4.7,2024-02-25,Gran actuacion
U01886,75612,5.7,2025-10-03,Buena para recomendar
U01886,4967,4.8,2024-06-29,Buena para recomendar
U01886,9548,5.5,2023-10-05,Buena para recomendar
U01886,11361,4.9,2024-06-18,No era lo que esperaba
U01887,286217,8.4,2025-10-14,Historia entretenida
U01887,26815,8.0,2025-11-23,Buena para recomendar
U01887,861,7.7,2025-10-24,Buen ritmo
U01887,76285,5.5,2025-12-07,Me gusto bastante
U01887,2252,7.1,2025-12-03,Buen ritmo
U01887,13064,6.5,2026-02-10,Excelente recomendacion
U01887,13027,7.3,2026-04-05,Buena para recomendar
U01887,11826,6.7,2025-10-31,Buen ritmo
U01888,253253,5.2,2025-11-17,Final inesperado
U01888,144340,6.2,2025-03-25,Final inesperado
U01888,10802,6.1,2024-02-18,Buena para recomendar
U01888,3179,7.2,2024-01-25,Buena para recomendar
U01888,1891,7.1,2026-03-18,Gran actuacion
U01888,25132,4.0,2024-10-17,Buena para recomendar
U01888,990,6.9,2024-04-05,Excelente recomendacion
U01889,150202,6.1,2025-02-05,No era lo que esperaba
U01889,338,6.3,2025-01-01,Excelente recomendacion
U01889,11529,6.5,2025-08-09,Final inesperado
U01889,245700,5.1,2025-12-26,Gran actuacion
U01889,37821,5.7,2025-11-22,La volveria a ver
U01889,171274,7.0,2025-08-28,Excelente recomendacion
U01889,2253,7.9,2026-01-15,Visualmente increible
U01889,2018,7.0,2025-03-13,Historia entretenida
U01889,17044,6.3,2025-09-07,La volveria a ver
U01889,291,7.0,2026-02-05,La volveria a ver
U01889,188927,6.8,2025-02-16,Buen ritmo
U01889,8643,7.4,2025-08-10,Me gusto bastante
U01890,260346,5.6,2025-11-22,Gran actuacion
U01890,254472,3.8,2024-05-06,Buen ritmo
U01890,335866,6.6,2026-02-13,Me gusto bastante
U01890,10987,5.9,2023-08-20,Me gusto bastante
U01890,8413,7.5,2024-11-13,Buena para recomendar
U01890,33693,4.9,2026-04-05,Visualmente increible
U01890,77951,5.5,2024-12-06,Me gusto bastante
U01890,10998,5.6,2023-10-13,Gran actuacion
U01890,10674,8.9,2024-05-14,Final inesperado
U01890,10890,5.6,2023-11-17,Historia entretenida
U01890,31163,3.8,2025-12-13,Excelente recomendacion
U01891,239571,8.3,2025-10-05,Excelente recomendacion
U01891,22794,5.3,2025-06-22,Excelente recomendacion
U01891,50875,6.7,2024-05-20,Me gusto bastante
U01891,57431,5.1,2025-10-03,Historia entretenida
U01891,6520,6.8,2024-05-08,Gran actuacion
U01891,280,9.1,2025-06-19,Buena para recomendar
U01891,4476,7.6,2024-10-27,Me gusto bastante
U01891,109424,7.0,2025-01-11,Excelente recomendacion
U01891,46420,6.1,2024-11-22,Excelente recomendacion
U01892,18937,5.8,2026-03-22,Buen ritmo
U01892,5994,6.9,2025-03-11,Excelente recomendacion
U01892,82679,4.7,2025-07-15,Visualmente increible
U01892,9383,6.9,2024-03-04,Excelente recomendacion
U01892,35169,5.0,2024-04-16,Final inesperado
U01892,3989,5.7,2025-09-01,Excelente recomendacion
U01893,15074,5.4,2025-08-13,Buen ritmo
U01893,98,9.2,2025-12-24,Excelente recomendacion
U01893,93856,3.4,2024-03-28,Historia entretenida
U01894,297,6.4,2024-12-21,Buena para recomendar
U01894,504,6.5,2025-09-24,La volveria a ver
U01894,136795,7.9,2025-03-20,Excelente recomendacion
U01894,57876,4.8,2025-03-10,No era lo que esperaba
U01894,1637,6.6,2025-12-18,Buen ritmo
U01894,127585,8.4,2024-11-06,Me gusto bastante
U01894,5393,5.7,2025-12-01,Buen ritmo
U01894,13072,7.0,2025-03-24,Final inesperado
U01894,11324,8.4,2025-08-18,Buena para recomendar
U01894,30979,4.0,2024-11-02,Buena para recomendar
U01894,14160,7.6,2025-06-08,Visualmente increible
U01894,1370,4.2,2024-12-21,Final inesperado
U01894,1579,6.5,2025-10-28,Gran actuacion
U01894,174362,6.4,2024-10-11,Excelente recomendacion
U01895,329440,4.9,2022-10-29,Final inesperado
U01895,10065,5.9,2026-02-10,Visualmente increible
U01895,9447,6.7,2025-07-13,Me gusto bastante
U01895,24985,6.6,2023-11-30,Buen ritmo
U01895,321,4.3,2025-04-27,Buena para recomendar
U01895,7509,6.8,2023-07-24,Me gusto bastante
U01895,101299,6.0,2024-03-21,Buen ritmo
U01895,285923,7.7,2023-11-28,La volveria a ver
U01895,27329,5.6,2025-03-24,Buen ritmo
U01895,120467,7.1,2024-11-28,Historia entretenida
U01895,65749,6.7,2023-03-30,Me gusto bastante
U01895,116613,7.1,2023-11-20,Buen ritmo
U01895,40963,10.0,2024-03-08,La volveria a ver
U01895,2266,5.7,2025-12-05,Final inesperado
U01895,139998,7.6,2026-03-31,Historia entretenida
U01895,10022,7.2,2024-11-26,Final inesperado
U01896,594,6.9,2026-01-07,Buena para recomendar
U01896,49047,5.9,2025-03-17,Buena para recomendar
U01897,11619,7.3,2026-03-10,No era lo que esperaba
U01897,7942,4.9,2023-04-04,Historia entretenida
U01897,9880,7.8,2025-11-16,Buen ritmo
U01897,2621,7.4,2025-11-23,Final inesperado
U01897,11601,6.5,2024-04-27,Me gusto bastante
U01897,14849,5.4,2023-04-06,La volveria a ver
U01897,7547,6.3,2024-05-16,Me gusto bastante
U01897,687,6.2,2026-03-06,Me gusto bastante
U01897,17130,5.0,2026-02-28,Me gusto bastante
U01897,1422,8.4,2026-04-01,Final inesperado
U01897,31174,6.3,2023-06-17,Final inesperado
U01897,9008,6.5,2023-03-03,Visualmente increible
U01898,15875,6.0,2025-02-02,Buen ritmo
U01898,3635,7.6,2024-04-25,Me gusto bastante
U01898,160588,7.8,2022-10-22,Buena para recomendar
U01899,9104,7.1,2026-03-20,Me gusto bastante
U01899,42586,5.9,2025-11-02,Excelente recomendacion
U01899,10530,6.7,2025-08-26,La volveria a ver
U01899,10162,7.4,2025-05-20,Gran actuacion
U01899,125537,6.3,2026-04-09,No era lo que esperaba
U01899,710,6.1,2026-01-09,Gran actuacion
U01899,9631,7.2,2025-03-06,Historia entretenida
U01900,76341,7.4,2025-01-02,Excelente recomendacion
U01900,330,5.8,2024-11-20,Final inesperado
U01900,13536,6.1,2025-05-10,La volveria a ver
U01900,8952,7.3,2026-01-14,Gran actuacion
U01900,67238,7.2,2025-06-08,No era lo que esperaba
U01900,10212,5.5,2025-01-12,Historia entretenida
U01900,330770,5.5,2025-04-29,Buena para recomendar
U01900,231576,6.8,2026-02-25,La volveria a ver
U01901,9026,7.4,2023-08-30,Final inesperado
U01901,21349,5.8,2024-09-10,Buena para recomendar
U01901,8545,6.6,2024-11-08,Visualmente increible
U01901,10929,5.5,2023-12-04,No era lo que esperaba
U01901,745,9.1,2024-02-12,Gran actuacion
U01901,26352,5.4,2024-04-30,Historia entretenida
U01901,670,7.8,2025-06-23,Visualmente increible
U01901,266647,6.0,2025-07-09,Historia entretenida
U01901,68734,7.2,2024-08-22,No era lo que esperaba
U01901,9800,6.4,2025-12-03,Final inesperado
U01901,44413,8.1,2026-03-05,Final inesperado
U01902,77495,7.1,2026-03-26,Visualmente increible
U01902,49478,6.2,2026-01-05,Visualmente increible
U01902,105864,8.0,2025-12-25,No era lo que esperaba
U01902,1497,4.6,2026-03-23,Gran actuacion
U01902,82703,6.8,2025-11-30,Buena para recomendar
U01902,193,5.3,2025-12-15,Buena para recomendar
U01902,9783,5.4,2026-03-21,Visualmente increible
U01902,8452,5.7,2026-02-28,Gran actuacion
U01902,12163,8.5,2026-02-06,La volveria a ver
U01902,2280,5.7,2025-12-06,Final inesperado
U01902,47452,7.1,2026-02-25,La volveria a ver
U01902,241771,8.0,2025-12-24,Gran actuacion
U01903,14283,7.1,2026-01-12,Me gusto bastante
U01903,9894,5.5,2026-03-06,No era lo que esperaba
U01904,6282,6.6,2025-04-23,No era lo que esperaba
U01904,11170,7.3,2025-07-23,No era lo que esperaba
U01904,14351,5.4,2025-04-28,Me gusto bastante
U01904,9353,6.3,2025-06-23,Buena para recomendar
U01904,41830,7.2,2025-09-07,Buen ritmo
U01904,1378,6.9,2025-02-22,Visualmente increible
U01904,21355,7.0,2024-10-17,No era lo que esperaba
U01904,102840,3.7,2025-04-01,La volveria a ver
U01904,9350,6.0,2024-10-31,Gran actuacion
U01904,672,6.4,2025-12-25,Buena para recomendar
U01904,6538,5.6,2025-04-07,Buena para recomendar
U01904,1824,7.3,2025-05-08,No era lo que esperaba
U01905,680,8.3,2025-07-17,Excelente recomendacion
U01905,88042,7.2,2025-06-14,Gran actuacion
U01905,256924,5.3,2025-11-26,Me gusto bastante
U01905,1900,7.0,2026-03-01,Final inesperado
U01905,47889,6.9,2025-07-25,Final inesperado
U01905,1961,4.8,2026-03-22,Excelente recomendacion
U01905,5125,5.5,2025-06-19,Excelente recomendacion
U01906,11835,7.4,2023-08-20,Historia entretenida
U01906,9555,7.8,2023-06-17,Gran actuacion
U01906,14462,5.9,2024-04-09,Buen ritmo
U01906,254,6.5,2024-06-04,No era lo que esperaba
U01906,11442,4.4,2025-06-21,Buena para recomendar
U01906,30943,6.0,2024-10-10,Buen ritmo
U01906,873,7.3,2025-03-25,Historia entretenida
U01906,10796,6.3,2024-07-17,La volveria a ver
U01906,15582,4.4,2024-04-27,Buena para recomendar
U01906,41436,6.7,2024-10-19,Excelente recomendacion
U01906,10196,5.9,2024-04-23,Visualmente increible
U01906,8198,6.1,2024-04-20,Historia entretenida
U01906,37165,7.5,2024-03-04,La volveria a ver
U01907,1268,6.7,2025-11-28,Buen ritmo
U01907,325789,7.2,2026-03-06,Buena para recomendar
U01907,1550,5.8,2025-12-12,La volveria a ver
U01907,9327,4.8,2026-01-17,Buen ritmo
U01907,76203,8.5,2026-03-03,Buen ritmo
U01907,6639,7.5,2025-11-20,La volveria a ver
U01907,7735,7.0,2025-12-14,Buen ritmo
U01907,9451,5.8,2025-11-30,La volveria a ver
U01907,9334,6.7,2026-02-26,Visualmente increible
U01907,65448,4.2,2026-03-23,No era lo que esperaba
U01907,100,7.7,2025-11-02,No era lo que esperaba
U01907,98566,5.2,2026-03-22,La volveria a ver
U01908,9760,2.4,2025-04-01,No era lo que esperaba
U01908,38153,5.0,2026-01-14,Final inesperado
U01908,30139,3.0,2025-04-10,Me gusto bastante
U01908,55721,6.2,2025-02-01,Me gusto bastante
U01908,59440,7.5,2025-05-22,Me gusto bastante
U01908,10053,3.9,2025-03-20,Excelente recomendacion
U01908,604,7.4,2025-09-24,La volveria a ver
U01908,10740,6.8,2025-04-18,Excelente recomendacion
U01909,340816,5.5,2026-04-07,Final inesperado
U01909,2105,6.5,2025-11-21,Final inesperado
U01909,9531,3.9,2025-11-20,Gran actuacion
U01909,3638,5.7,2025-07-18,Final inesperado
U01909,1360,6.8,2026-01-15,No era lo que esperaba
U01909,1969,6.8,2025-08-08,Me gusto bastante
U01909,45658,5.4,2026-03-13,No era lo que esperaba
U01909,58574,7.5,2025-08-27,Visualmente increible
U01909,1989,4.8,2025-10-31,Gran actuacion
U01909,12405,7.4,2025-12-02,La volveria a ver
U01909,30141,5.0,2025-11-29,Buena para recomendar
U01909,616,6.4,2026-03-06,No era lo que esperaba
U01909,159770,5.8,2026-03-26,Me gusto bastante
U01909,7305,6.7,2025-12-05,Excelente recomendacion
U01910,10468,6.4,2026-04-07,Historia entretenida
U01910,10774,6.7,2025-08-19,No era lo que esperaba
U01910,10550,4.1,2026-01-02,Historia entretenida
U01910,1635,5.7,2025-08-15,Excelente recomendacion
U01910,40805,4.8,2025-08-23,No era lo que esperaba
U01910,206647,6.8,2025-09-21,Visualmente increible
U01910,228205,8.3,2025-05-28,No era lo que esperaba
U01910,82507,6.0,2025-12-24,La volveria a ver
U01910,1792,6.3,2025-10-03,Me gusto bastante
U01910,1597,6.6,2025-07-26,Historia entretenida
U01910,9291,4.8,2025-10-07,Historia entretenida
U01911,9275,5.7,2023-12-23,Historia entretenida
U01911,1887,5.6,2025-05-20,La volveria a ver
U01911,9647,5.3,2025-08-14,Visualmente increible
U01911,9443,7.6,2024-08-14,Excelente recomendacion
U01911,4929,5.9,2025-11-19,La volveria a ver
U01911,308531,7.1,2025-02-17,Visualmente increible
U01911,1735,4.0,2024-06-11,No era lo que esperaba
U01911,2034,8.4,2025-08-27,Visualmente increible
U01911,9281,7.9,2024-05-10,Me gusto bastante
U01911,8675,6.4,2025-10-08,Buen ritmo
U01911,50135,4.8,2024-05-30,Me gusto bastante
U01911,1726,6.6,2024-02-18,No era lo que esperaba
U01911,10674,8.0,2026-02-24,La volveria a ver
U01911,86837,8.3,2023-11-11,Gran actuacion
U01912,16096,3.6,2025-07-23,Me gusto bastante
U01912,329440,4.7,2025-12-03,No era lo que esperaba
U01912,62177,6.4,2025-08-28,Gran actuacion
U01912,1904,6.5,2025-10-26,No era lo que esperaba
U01912,146,7.6,2025-07-25,Historia entretenida
U01912,228194,8.2,2025-12-24,Excelente recomendacion
U01912,47890,7.2,2025-11-10,Visualmente increible
U01912,38319,5.4,2026-03-11,Final inesperado
U01912,534,6.5,2024-11-22,Final inesperado
U01912,3089,6.7,2026-03-11,Final inesperado
U01913,11129,5.9,2024-06-23,Gran actuacion
U01913,222935,6.9,2022-07-19,Buena para recomendar
U01913,10065,4.9,2022-07-02,Excelente recomendacion
U01913,70,8.4,2025-08-17,Visualmente increible
U01913,109428,7.9,2022-11-03,Historia entretenida
U01913,13121,3.8,2024-03-08,Gran actuacion
U01913,20455,7.4,2022-10-17,No era lo que esperaba
U01913,39013,7.2,2022-12-05,Visualmente increible
U01913,1422,8.7,2022-08-12,Historia entretenida
U01913,752,9.0,2025-03-30,Historia entretenida
U01913,2832,5.9,2024-07-21,Final inesperado
U01914,11560,7.5,2025-01-18,Final inesperado
U01914,227348,3.8,2024-10-14,Me gusto bastante
U01914,17708,3.8,2026-03-19,Final inesperado
U01914,510,7.1,2025-11-12,Buena para recomendar
U01914,11353,5.2,2026-02-25,No era lo que esperaba
U01914,11363,4.5,2025-02-22,Buena para recomendar
U01915,13523,6.5,2025-10-16,Excelente recomendacion
U01915,10395,5.4,2026-02-05,Final inesperado
U01915,22881,7.9,2025-05-11,Final inesperado
U01915,2539,5.8,2026-03-14,La volveria a ver
U01915,49051,6.2,2025-03-22,Historia entretenida
U01915,10808,4.8,2025-03-17,Visualmente increible
U01915,9459,8.4,2025-07-18,Buen ritmo
U01915,657,6.7,2026-01-18,Buen ritmo
U01915,13967,5.7,2025-08-13,Historia entretenida
U01915,207769,4.6,2025-06-01,Visualmente increible
U01916,14799,7.2,2025-09-05,La volveria a ver
U01916,44113,6.2,2025-10-05,No era lo que esperaba
U01916,91586,6.7,2026-03-30,Buen ritmo
U01916,9285,6.7,2025-02-18,Me gusto bastante
U01916,268238,5.1,2023-10-28,Visualmente increible
U01916,14113,4.2,2025-06-30,Buena para recomendar
U01916,1726,6.5,2024-11-19,Buena para recomendar
U01916,59967,6.2,2025-04-05,Me gusto bastante
U01916,32395,6.3,2026-04-09,Me gusto bastante
U01916,146227,5.8,2025-11-15,Buena para recomendar
U01916,400,6.7,2024-07-24,No era lo que esperaba
U01917,205220,7.7,2025-12-17,Buen ritmo
U01917,45610,6.0,2026-01-14,Gran actuacion
U01917,266396,5.9,2025-06-15,Final inesperado
U01917,335866,6.3,2025-07-15,No era lo que esperaba
U01917,12163,6.9,2025-07-02,Visualmente increible
U01917,10184,5.0,2026-03-24,Visualmente increible
U01917,45650,6.4,2025-05-07,Visualmente increible
U01917,267935,6.4,2026-04-10,Excelente recomendacion
U01917,5126,6.8,2026-03-29,Buen ritmo
U01917,345911,6.2,2025-11-15,La volveria a ver
U01917,109443,6.1,2025-08-30,No era lo que esperaba
U01917,754,7.0,2026-02-10,Visualmente increible
U01918,294512,6.8,2025-09-16,Gran actuacion
U01918,23168,5.5,2026-03-23,No era lo que esperaba
U01918,8328,6.4,2025-08-15,Final inesperado
U01918,192102,4.8,2026-03-18,La volveria a ver
U01919,2493,6.2,2025-05-06,Me gusto bastante
U01919,1885,7.6,2025-08-07,Me gusto bastante
U01919,327,6.8,2025-06-14,Gran actuacion
U01919,34697,4.5,2025-06-25,Historia entretenida
U01919,36696,5.7,2025-12-29,Excelente recomendacion
U01919,577,7.5,2025-09-04,Buena para recomendar
U01919,32456,6.3,2025-08-28,Visualmente increible
U01919,157849,7.5,2025-04-19,Visualmente increible
U01920,18823,4.8,2025-02-18,No era lo que esperaba
U01920,62215,5.5,2024-12-06,Final inesperado
U01920,49365,5.2,2025-05-27,Visualmente increible
U01920,157293,5.0,2026-03-21,Gran actuacion
U01920,264999,7.4,2024-06-15,Historia entretenida
U01920,9074,6.0,2025-06-28,Gran actuacion
U01920,106646,9.2,2024-02-27,Excelente recomendacion
U01920,12088,6.4,2024-07-01,Excelente recomendacion
U01920,84659,4.3,2025-02-28,Excelente recomendacion
U01920,4257,4.3,2024-04-04,No era lo que esperaba
U01920,4107,6.4,2024-07-21,Visualmente increible
U01921,277,6.7,2025-03-28,Buen ritmo
U01921,18615,4.3,2025-11-12,Gran actuacion
U01921,228550,2.7,2024-06-02,La volveria a ver
U01921,14299,6.6,2024-02-02,La volveria a ver
U01921,11968,6.0,2026-02-08,Historia entretenida
U01921,12429,8.5,2026-03-15,La volveria a ver
U01921,873,9.0,2025-09-23,Buena para recomendar
U01921,94348,3.8,2025-07-28,Buen ritmo
U01921,710,6.2,2023-11-10,Me gusto bastante
U01921,72431,6.0,2024-12-20,Historia entretenida
U01921,27205,9.3,2024-06-20,Buena para recomendar
U01922,11543,8.0,2026-04-10,Buen ritmo
U01922,16351,5.7,2026-04-03,Final inesperado
U01923,10934,7.1,2023-03-16,Excelente recomendacion
U01923,10783,5.1,2024-10-17,La volveria a ver
U01923,157350,6.1,2024-09-20,Historia entretenida
U01923,10673,6.9,2023-04-17,Final inesperado
U01923,68724,6.4,2023-07-30,Gran actuacion
U01923,392,7.4,2025-11-30,Excelente recomendacion
U01923,31640,5.7,2025-11-28,La volveria a ver
U01923,11426,7.2,2024-02-14,Historia entretenida
U01923,67660,6.0,2026-01-05,Excelente recomendacion
U01923,62211,7.7,2023-09-22,Historia entretenida
U01923,199,8.1,2023-02-05,Visualmente increible
U01923,134,6.6,2024-07-17,Final inesperado
U01923,43595,4.3,2024-08-15,Final inesperado
U01923,2013,6.1,2025-01-24,Historia entretenida
U01924,63020,6.8,2024-07-18,Gran actuacion
U01924,277685,5.3,2025-08-03,Historia entretenida
U01924,72913,5.1,2024-12-03,Gran actuacion
U01924,44944,7.1,2024-08-22,Gran actuacion
U01924,68202,4.0,2024-08-08,Me gusto bastante
U01924,10066,4.3,2026-03-20,Visualmente increible
U01925,3116,7.5,2024-09-10,Excelente recomendacion
U01925,17995,7.2,2025-10-09,Me gusto bastante
U01925,11615,8.7,2024-08-23,Excelente recomendacion
U01925,10858,7.2,2024-07-18,Buena para recomendar
U01925,539,9.3,2025-01-06,Historia entretenida
U01925,1808,6.2,2025-10-17,Buen ritmo
U01925,33644,5.6,2025-05-29,Final inesperado
U01925,351043,3.2,2025-04-08,Buen ritmo
U01925,7350,6.0,2025-11-04,No era lo que esperaba
U01925,8676,4.1,2025-11-04,Historia entretenida
U01925,19898,7.3,2025-01-23,Gran actuacion
U01926,11072,7.9,2026-01-16,Visualmente increible
U01926,35696,5.3,2024-12-14,Excelente recomendacion
U01926,41233,6.8,2024-08-11,Gran actuacion
U01926,208763,5.4,2024-04-21,Gran actuacion
U01926,13007,7.3,2023-12-23,Visualmente increible
U01926,676,5.3,2025-04-12,Historia entretenida
U01926,14160,8.8,2024-08-02,Me gusto bastante
U01926,67238,6.8,2025-01-07,No era lo que esperaba
U01926,1901,6.9,2025-12-31,Gran actuacion
U01926,8835,5.9,2023-03-28,Excelente recomendacion
U01926,12509,6.9,2024-02-16,Final inesperado
U01926,747,6.6,2024-01-24,Excelente recomendacion
U01927,76338,8.3,2024-01-28,Me gusto bastante
U01927,385736,6.0,2023-12-09,La volveria a ver
U01927,744,7.7,2025-08-16,Gran actuacion
U01927,9541,6.7,2023-02-06,Gran actuacion
U01927,134597,7.3,2025-11-25,Visualmente increible
U01927,51540,6.0,2022-09-02,No era lo que esperaba
U01927,57165,5.7,2023-12-17,Gran actuacion
U01927,10521,5.1,2024-02-22,Buen ritmo
U01927,70981,5.6,2025-02-16,Me gusto bastante
U01927,9903,7.0,2023-07-29,Excelente recomendacion
U01927,8698,6.8,2022-06-01,Excelente recomendacion
U01927,242512,4.6,2026-03-17,Historia entretenida
U01928,2575,4.9,2024-10-16,Visualmente increible
U01928,347126,5.6,2025-09-06,Gran actuacion
U01928,71859,7.9,2024-10-20,La volveria a ver
U01928,7350,6.8,2025-01-12,Gran actuacion
U01928,44912,3.8,2025-03-30,Historia entretenida
U01928,23963,6.6,2024-10-26,La volveria a ver
U01928,11935,7.5,2025-04-29,Final inesperado
U01929,1555,7.3,2023-07-21,Buena para recomendar
U01929,2008,5.8,2024-12-10,Gran actuacion
U01929,50646,7.5,2023-10-23,Buen ritmo
U01929,265208,4.6,2025-09-13,Final inesperado
U01929,38757,8.5,2023-01-10,La volveria a ver
U01929,4147,6.5,2025-11-27,No era lo que esperaba
U01930,19495,4.8,2025-10-02,Buena para recomendar
U01930,2649,7.8,2025-12-30,Visualmente increible
U01930,862,9.2,2026-04-09,Excelente recomendacion
U01930,150540,8.4,2026-01-24,La volveria a ver
U01930,20352,8.5,2025-06-11,Final inesperado
U01930,313922,7.1,2025-12-16,Visualmente increible
U01930,13523,6.8,2025-08-31,La volveria a ver
U01930,540,5.0,2026-02-08,Gran actuacion
U01930,9912,6.9,2025-08-30,Historia entretenida
U01930,1125,6.8,2025-04-05,Me gusto bastante
U01931,853,8.1,2026-01-03,Excelente recomendacion
U01931,5994,5.3,2024-03-05,Me gusto bastante
U01931,370980,8.7,2023-08-24,Visualmente increible
U01931,107846,7.2,2022-10-11,Me gusto bastante
U01931,4911,6.8,2023-07-10,Buen ritmo
U01931,80468,7.1,2023-01-21,Me gusto bastante
U01931,640,6.7,2023-02-16,Me gusto bastante
U01931,1550,5.3,2023-04-21,Excelente recomendacion
U01931,605,5.0,2024-04-24,La volveria a ver
U01932,46503,5.0,2024-04-17,La volveria a ver
U01932,41317,7.2,2024-04-23,No era lo que esperaba
U01932,41446,5.5,2023-01-22,No era lo que esperaba
U01932,203833,6.7,2023-11-06,Me gusto bastante
U01933,11336,8.4,2025-10-08,Historia entretenida
U01933,9678,4.9,2025-10-10,Me gusto bastante
U01933,8584,6.0,2024-12-11,Excelente recomendacion
U01933,49852,6.5,2024-01-02,Historia entretenida
U01933,19898,7.3,2024-12-11,Excelente recomendacion
U01933,10215,6.4,2025-11-27,Visualmente increible
U01933,11831,5.6,2024-04-05,Excelente recomendacion
U01933,10681,8.4,2023-11-29,Gran actuacion
U01933,161795,9.2,2025-11-08,La volveria a ver
U01933,13788,3.6,2024-01-09,No era lo que esperaba
U01933,27374,6.9,2024-08-23,Buena para recomendar
U01933,11565,4.5,2024-07-20,Visualmente increible
U01933,850,8.3,2023-11-28,Me gusto bastante
U01934,23827,5.5,2025-02-07,Final inesperado
U01934,9007,7.6,2022-11-13,Visualmente increible
U01934,252680,5.7,2025-03-17,La volveria a ver
U01934,22301,6.3,2026-01-22,Buen ritmo
U01934,16433,4.6,2024-07-05,Historia entretenida
U01934,205220,6.0,2023-09-22,No era lo que esperaba
U01934,78373,9.9,2023-02-17,Historia entretenida
U01934,9566,6.0,2023-04-22,La volveria a ver
U01934,21301,7.0,2023-07-05,Excelente recomendacion
U01934,14012,4.8,2024-11-29,Final inesperado
U01934,8461,5.3,2024-04-07,Excelente recomendacion
U01934,157058,2.6,2024-10-20,No era lo que esperaba
U01934,15092,4.8,2023-07-12,Gran actuacion
U01934,43074,4.8,2025-11-12,Visualmente increible
U01935,613,6.8,2026-04-03,Buena para recomendar
U01935,184098,7.6,2026-03-30,Historia entretenida
U01935,134371,4.7,2026-03-31,Gran actuacion
U01935,183894,8.8,2026-03-25,No era lo que esperaba
U01935,265208,5.8,2026-03-20,Final inesperado
U01935,11354,5.2,2026-03-17,Historia entretenida
U01936,838,8.0,2026-01-10,Buen ritmo
U01936,42684,4.8,2025-12-09,La volveria a ver
U01936,691,7.0,2026-02-25,Me gusto bastante
U01937,49018,7.6,2026-01-16,Visualmente increible
U01937,11219,6.7,2025-10-06,Final inesperado
U01937,11156,5.2,2025-03-15,Me gusto bastante
U01937,321,6.4,2025-02-08,Historia entretenida
U01937,13156,5.5,2025-09-17,Gran actuacion
U01937,10774,9.0,2026-02-17,Excelente recomendacion
U01937,2056,6.4,2025-09-02,La volveria a ver
U01937,8841,6.0,2025-10-09,No era lo que esperaba
U01937,46138,5.2,2026-03-22,No era lo que esperaba
U01937,190847,5.0,2025-04-16,Historia entretenida
U01937,333371,5.8,2024-12-25,Buen ritmo
U01937,19933,5.2,2025-09-11,Final inesperado
U01937,8055,7.7,2025-10-20,Visualmente increible
U01937,42888,5.4,2024-09-08,Historia entretenida
U01937,9312,6.8,2024-08-20,Historia entretenida
U01937,12486,2.8,2025-06-12,Final inesperado
U01938,45791,8.2,2025-01-06,La volveria a ver
U01938,1251,8.4,2024-01-10,No era lo que esperaba
U01938,35689,5.8,2025-03-25,Buena para recomendar
U01938,598,8.4,2024-11-11,Buena para recomendar
U01938,44990,5.3,2026-03-25,La volveria a ver
U01939,21494,7.2,2025-02-20,Buena para recomendar
U01939,24264,3.5,2025-11-12,Me gusto bastante
U01939,16471,4.9,2024-06-22,Gran actuacion
U01939,57431,4.8,2024-10-19,No era lo que esperaba
U01939,612,7.2,2025-02-04,La volveria a ver
U01939,39437,6.4,2025-01-24,La volveria a ver
U01939,160588,5.6,2025-10-31,Gran actuacion
U01939,11194,6.2,2025-09-17,Gran actuacion
U01940,290825,5.3,2025-02-18,Buen ritmo
U01940,370980,8.7,2023-10-24,La volveria a ver
U01940,9588,5.3,2025-08-02,Historia entretenida
U01940,244316,6.3,2024-06-30,Buen ritmo
U01940,5072,5.3,2024-04-18,Buena para recomendar
U01940,97630,6.9,2025-11-24,Gran actuacion
U01941,13824,6.5,2023-08-05,Excelente recomendacion
U01941,687,7.3,2024-07-16,Final inesperado
U01941,31306,5.9,2025-05-26,Final inesperado
U01941,325579,1.2,2026-01-21,Final inesperado
U01941,1997,6.6,2026-03-25,Gran actuacion
U01941,9782,4.1,2024-05-27,Buena para recomendar
U01941,44770,7.4,2024-10-17,Excelente recomendacion
U01941,9208,4.4,2026-03-09,Historia entretenida
U01941,11956,4.7,2025-10-10,Final inesperado
U01941,8831,6.2,2025-06-27,La volveria a ver
U01941,10994,7.5,2024-10-27,La volveria a ver
U01941,957,5.7,2025-03-30,Visualmente increible
U01941,9567,6.0,2025-09-22,Me gusto bastante
U01941,10537,6.2,2025-09-09,Visualmente increible
U01942,1621,6.8,2026-03-16,Final inesperado
U01942,58574,5.5,2025-06-20,No era lo que esperaba
U01942,250066,3.1,2025-11-20,Buena para recomendar
U01942,51828,7.8,2025-10-06,Excelente recomendacion
U01942,308531,5.3,2026-03-05,La volveria a ver
U01942,764,6.0,2025-12-22,Historia entretenida
U01942,10913,4.4,2025-04-24,La volveria a ver
U01942,53256,5.4,2025-11-08,Gran actuacion
U01942,10333,6.0,2025-06-18,Buena para recomendar
U01943,12182,5.8,2023-03-19,Final inesperado
U01943,329540,4.8,2025-04-26,Historia entretenida
U01943,1428,6.4,2024-02-20,Historia entretenida
U01943,68721,5.8,2024-04-15,Me gusto bastante
U01943,273481,7.9,2025-08-28,No era lo que esperaba
U01943,14202,7.9,2024-10-23,Gran actuacion
U01944,11887,4.8,2025-06-28,Buena para recomendar
U01944,22825,4.4,2023-01-26,Excelente recomendacion
U01944,274854,6.7,2023-12-19,Historia entretenida
U01944,68924,6.9,2026-04-05,Gran actuacion
U01944,8843,6.1,2024-04-29,Buen ritmo
U01944,39895,5.6,2025-06-21,Visualmente increible
U01945,10764,5.0,2023-07-30,Historia entretenida
U01945,8358,8.3,2024-08-25,Me gusto bastante
U01945,9035,6.1,2024-11-06,Final inesperado
U01945,137113,8.0,2023-11-21,Buen ritmo
U01945,12819,5.2,2024-03-02,Excelente recomendacion
U01945,37786,5.1,2024-03-29,Excelente recomendacion
U01945,22894,4.2,2025-02-14,Buena para recomendar
U01945,280,8.6,2024-08-07,Me gusto bastante
U01945,365052,7.8,2024-03-16,Final inesperado
U01945,8619,6.5,2025-04-12,Gran actuacion
U01945,431,7.4,2026-03-11,Gran actuacion
U01945,34697,5.5,2025-03-08,Historia entretenida
U01946,27360,6.4,2024-10-27,Buen ritmo
U01946,8831,4.6,2024-08-02,Buen ritmo
U01946,10223,7.3,2024-09-06,Final inesperado
U01946,9350,6.4,2025-11-18,Buena para recomendar
U01946,254,5.5,2024-12-10,No era lo que esperaba
U01946,168672,7.9,2025-11-23,Visualmente increible
U01946,25350,5.3,2025-04-01,Excelente recomendacion
U01946,316152,7.3,2024-03-29,Me gusto bastante
U01946,114635,5.4,2025-11-26,Historia entretenida
U01946,87943,7.6,2024-05-04,Gran actuacion
U01947,49051,5.6,2025-05-21,Excelente recomendacion
U01947,9067,6.0,2025-09-15,Visualmente increible
U01947,580,2.1,2023-03-01,No era lo que esperaba
U01947,29715,5.6,2023-09-21,Historia entretenida
U01947,10858,8.4,2024-09-10,Gran actuacion
U01947,426469,8.1,2024-10-03,Final inesperado
U01947,711,7.7,2023-11-15,Buen ritmo
U01947,241766,3.9,2025-01-29,Final inesperado
U01947,286565,6.5,2026-02-27,Final inesperado
U01947,149,7.5,2026-01-01,No era lo que esperaba
U01947,70981,7.3,2024-08-09,Historia entretenida
U01947,11062,5.8,2025-05-21,No era lo que esperaba
U01947,175574,6.0,2023-09-30,Buen ritmo
U01947,11260,4.0,2024-07-21,No era lo que esperaba
U01947,19994,4.4,2023-06-19,La volveria a ver
U01947,7737,7.5,2023-10-24,Buen ritmo
U01947,18892,5.2,2024-08-08,Excelente recomendacion
U01947,329,9.0,2025-10-14,Gran actuacion
U01947,16620,5.5,2023-08-03,Me gusto bastante
U01948,245703,7.6,2024-02-29,La volveria a ver
U01948,2295,6.4,2025-04-15,Gran actuacion
U01948,24913,4.7,2024-11-01,Buen ritmo
U01948,26390,7.4,2025-06-11,Buena para recomendar
U01948,1090,5.8,2025-06-30,Visualmente increible
U01948,1852,5.8,2024-08-24,Historia entretenida
U01948,12405,9.0,2025-12-14,Me gusto bastante
U01948,350,6.6,2026-03-11,Gran actuacion
U01948,8416,7.3,2025-06-21,Visualmente increible
U01949,19,8.0,2025-06-22,La volveria a ver
U01949,107985,7.4,2024-05-21,Buena para recomendar
U01949,1123,5.9,2025-07-01,Me gusto bastante
U01949,8095,6.3,2026-03-06,Historia entretenida
U01949,315664,7.8,2025-04-09,No era lo que esperaba
U01949,14435,5.3,2025-02-23,No era lo que esperaba
U01949,15992,4.7,2025-02-07,Excelente recomendacion
U01949,9034,4.9,2025-02-16,Buena para recomendar
U01949,65086,6.0,2025-05-28,Buen ritmo
U01949,948,7.4,2025-07-06,Historia entretenida
U01949,334527,4.7,2025-01-28,Me gusto bastante
U01949,160588,6.7,2024-07-20,Final inesperado
U01950,3089,5.9,2026-02-11,Excelente recomendacion
U01950,188927,6.6,2026-02-18,Gran actuacion
U01950,159037,8.6,2026-02-21,La volveria a ver
U01950,7509,7.7,2026-01-28,La volveria a ver
U01950,746,7.1,2026-02-07,La volveria a ver
U01950,8373,5.2,2026-01-24,Excelente recomendacion
U01950,9361,7.2,2026-03-20,Excelente recomendacion
U01950,605,7.0,2026-03-29,Excelente recomendacion
U01950,10193,9.1,2026-02-14,Me gusto bastante
U01950,108346,7.2,2026-03-24,Excelente recomendacion
U01951,11901,7.3,2025-04-10,Buena para recomendar
U01951,1555,7.6,2025-05-21,La volveria a ver
U01951,68684,6.4,2025-09-18,Historia entretenida
U01951,112949,6.9,2025-04-15,Buen ritmo
U01951,17187,6.0,2025-09-25,La volveria a ver
U01951,178862,7.5,2025-06-20,Buen ritmo
U01951,77951,3.9,2025-01-22,Visualmente increible
U01951,50647,6.3,2025-08-31,Final inesperado
U01951,674,7.8,2025-03-05,Final inesperado
U01951,4935,7.1,2024-10-19,Buen ritmo
U01951,30128,7.1,2025-07-05,Buena para recomendar
U01951,864,5.4,2026-01-02,Gran actuacion
U01952,1734,6.3,2026-02-28,Buena para recomendar
U01952,9067,7.0,2026-02-04,Buena para recomendar
U01952,7445,7.5,2026-03-18,Visualmente increible
U01952,9907,5.0,2026-02-24,Buen ritmo
U01952,29912,7.5,2026-03-10,Me gusto bastante
U01952,39538,5.0,2026-03-20,Buen ritmo
U01952,11908,5.9,2026-04-07,Me gusto bastante
U01952,19644,7.3,2026-03-16,Excelente recomendacion
U01952,68684,6.4,2026-02-05,Buen ritmo
U01952,76,8.3,2026-03-13,Buen ritmo
U01952,82702,8.5,2026-02-12,Gran actuacion
U01952,122906,8.8,2026-03-25,Final inesperado
U01952,1696,7.4,2026-02-25,Gran actuacion
U01952,9778,6.2,2026-02-11,Historia entretenida
U01952,9793,5.0,2026-03-03,La volveria a ver
U01953,13374,4.7,2025-07-18,No era lo que esperaba
U01953,232672,6.1,2025-10-14,Gran actuacion
U01953,18480,4.3,2025-05-08,Excelente recomendacion
U01953,49520,7.3,2025-03-14,Historia entretenida
U01953,607,8.0,2025-05-26,Buena para recomendar
U01953,10065,6.1,2024-08-27,La volveria a ver
U01953,10436,8.1,2025-04-12,Buen ritmo
U01953,11517,6.1,2025-10-05,Buena para recomendar
U01953,9659,6.1,2025-05-18,Gran actuacion
U01953,497,7.1,2024-10-10,Gran actuacion
U01953,39254,6.1,2026-01-27,Visualmente increible
U01954,346,8.5,2025-01-21,Me gusto bastante
U01954,24438,4.5,2026-04-08,Buena para recomendar
U01954,239,6.8,2025-12-13,Buen ritmo
U01954,10096,5.3,2025-07-09,Excelente recomendacion
U01954,13937,6.9,2025-01-13,No era lo que esperaba
U01954,9645,6.4,2026-02-12,Visualmente increible
U01954,4816,5.7,2025-03-05,Final inesperado
U01954,256687,4.0,2025-12-14,Buen ritmo
U01954,11690,7.1,2026-02-22,Gran actuacion
U01954,49530,6.9,2025-12-27,Buen ritmo
U01954,46738,7.6,2025-07-10,Visualmente increible
U01954,86838,6.3,2025-03-09,No era lo que esperaba
U01955,20763,6.5,2025-04-06,No era lo que esperaba
U01955,9718,5.5,2025-01-07,Gran actuacion
U01955,1724,6.5,2023-08-19,Me gusto bastante
U01955,204082,6.2,2025-07-12,No era lo que esperaba
U01955,1949,7.9,2025-09-05,Visualmente increible
U01955,17708,3.1,2024-10-15,Me gusto bastante
U01955,11359,5.1,2024-12-09,Final inesperado
U01955,51497,7.6,2025-01-20,Buena para recomendar
U01955,5759,5.2,2024-07-28,Final inesperado
U01955,1950,6.2,2025-05-31,Final inesperado
U01956,65055,3.7,2025-05-24,Final inesperado
U01956,137955,4.5,2025-03-21,Me gusto bastante
U01956,10994,6.6,2025-07-28,Excelente recomendacion
U01956,8810,6.2,2024-10-07,No era lo que esperaba
U01956,22327,4.5,2025-12-07,Buen ritmo
U01956,172533,6.1,2025-05-03,Gran actuacion
U01956,7191,7.8,2025-06-08,No era lo que esperaba
U01956,13056,6.1,2025-04-26,No era lo que esperaba
U01957,619,4.6,2026-03-26,Final inesperado
U01957,37206,6.5,2023-10-02,Historia entretenida
U01957,165864,4.0,2023-03-01,Me gusto bastante
U01957,28005,6.4,2024-10-03,La volveria a ver
U01957,755,6.2,2023-01-01,Excelente recomendacion
U01957,157,7.0,2024-06-02,Buen ritmo
U01957,92591,7.2,2025-06-04,Me gusto bastante
U01957,872,6.4,2025-08-19,Buen ritmo
U01957,68722,6.8,2024-06-16,Excelente recomendacion
U01957,91070,4.6,2026-04-05,Gran actuacion
U01957,5172,6.8,2024-03-27,Buena para recomendar
U01957,185465,4.8,2024-07-19,Buena para recomendar
U01957,10066,5.1,2023-04-04,No era lo que esperaba
U01958,9672,7.0,2024-11-19,Buen ritmo
U01958,105864,7.6,2025-10-26,Gran actuacion
U01958,12163,6.8,2023-05-05,Final inesperado
U01958,788,5.7,2024-01-13,Me gusto bastante
U01958,874,6.4,2026-02-22,La volveria a ver
U01958,45132,8.0,2024-01-03,La volveria a ver
U01958,29078,6.0,2023-06-03,Gran actuacion
U01958,9794,4.2,2026-02-19,Me gusto bastante
U01958,31203,6.5,2024-04-21,Visualmente increible
U01958,21334,7.2,2025-06-14,Buena para recomendar
U01958,1989,7.3,2024-06-14,Final inesperado
U01958,2453,6.4,2024-04-05,No era lo que esperaba
U01959,11798,8.2,2025-12-03,Gran actuacion
U01959,861,7.2,2026-01-14,Gran actuacion
U01959,109445,8.5,2025-10-31,Visualmente increible
U01959,82700,5.8,2023-12-13,Final inesperado
U01959,102840,4.9,2024-03-14,Final inesperado
U01959,44562,6.1,2024-03-10,Final inesperado
U01960,82684,6.1,2025-11-26,Excelente recomendacion
U01960,764,8.5,2023-08-23,Visualmente increible
U01960,287948,6.6,2024-09-08,Buena para recomendar
U01960,9962,6.4,2022-10-04,Historia entretenida
U01960,46738,8.6,2025-08-22,Visualmente increible
U01960,76341,7.8,2022-10-09,Gran actuacion
U01960,1090,8.3,2022-10-04,Final inesperado
U01960,468,6.0,2024-09-16,Buen ritmo
U01960,39210,5.1,2023-02-24,Excelente recomendacion
U01960,87101,4.5,2024-08-26,Buen ritmo
U01960,31064,6.9,2025-02-21,Visualmente increible
U01960,10885,4.0,2022-10-09,Visualmente increible
U01960,256961,5.5,2023-02-15,Final inesperado
U01960,10317,5.8,2024-04-09,Buen ritmo
U01960,13508,7.7,2024-07-18,No era lo que esperaba
U01960,6116,4.4,2025-02-21,Visualmente increible
U01961,26379,7.6,2025-07-12,La volveria a ver
U01961,9007,6.6,2026-03-11,Buena para recomendar
U01961,1808,8.3,2025-12-04,Visualmente increible
U01961,15647,5.5,2026-01-28,Me gusto bastante
U01961,1430,8.7,2025-09-22,Historia entretenida
U01961,12657,3.6,2025-05-23,Visualmente increible
U01961,78394,6.9,2025-10-12,No era lo que esperaba
U01961,11561,7.4,2026-03-05,Historia entretenida
U01962,20662,5.9,2026-01-26,Buena para recomendar
U01962,122,8.9,2026-01-18,Buen ritmo
U01963,15660,6.2,2025-10-25,Final inesperado
U01963,26899,6.6,2026-01-03,Buena para recomendar
U01963,587,7.4,2025-12-31,Historia entretenida
U01963,10048,6.4,2026-01-12,La volveria a ver
U01963,576,6.4,2025-11-30,Me gusto bastante
U01963,1813,7.6,2026-03-24,No era lo que esperaba
U01963,227159,7.5,2024-07-21,Final inesperado
U01963,124459,5.4,2025-08-04,Buena para recomendar
U01963,328387,5.8,2024-07-08,Buen ritmo
U01963,7873,7.8,2024-04-11,La volveria a ver
U01963,17113,5.8,2026-03-14,Historia entretenida
U01963,558,6.2,2025-12-01,No era lo que esperaba
U01963,17130,3.6,2025-01-21,Buen ritmo
U01964,274854,5.8,2024-09-29,Buen ritmo
U01964,254473,6.8,2024-02-03,La volveria a ver
U01964,77877,6.0,2026-01-14,No era lo que esperaba
U01964,13579,5.6,2025-05-31,Historia entretenida
U01964,41233,6.2,2023-04-09,Buena para recomendar
U01964,55720,8.5,2024-08-06,No era lo que esperaba
U01964,11371,6.3,2023-04-13,Excelente recomendacion
U01965,87,8.4,2026-03-24,Buena para recomendar
U01965,11400,5.4,2026-02-02,Buen ritmo
U01965,8810,7.3,2026-01-22,Me gusto bastante
U01965,78307,5.1,2026-01-21,Gran actuacion
U01965,26843,8.2,2026-03-08,Historia entretenida
U01965,57157,6.9,2026-04-02,Buena para recomendar
U01965,291270,7.3,2026-01-23,Visualmente increible
U01966,56930,6.7,2025-05-13,Historia entretenida
U01966,45269,8.5,2026-03-24,Final inesperado
U01966,6217,6.0,2025-03-13,Gran actuacion
U01966,10375,6.4,2024-07-25,Buena para recomendar
U01966,12612,8.3,2025-06-07,No era lo que esperaba
U01966,33511,5.9,2025-04-11,Me gusto bastante
U01966,590,7.4,2024-01-26,La volveria a ver
U01966,578,8.2,2025-12-31,Me gusto bastante
U01966,68721,6.5,2026-03-07,Final inesperado
U01966,11536,6.5,2025-12-04,La volveria a ver
U01967,838,7.9,2025-04-04,Me gusto bastante
U01967,68179,6.8,2023-08-28,Historia entretenida
U01967,13090,7.2,2025-10-16,Buen ritmo
U01967,205584,5.2,2025-09-10,Buen ritmo
U01967,8874,6.5,2025-06-10,Me gusto bastante
U01967,291805,6.7,2025-03-20,Excelente recomendacion
U01967,127585,8.2,2024-05-10,Gran actuacion
U01967,13967,5.2,2025-08-06,Buen ritmo
U01968,246655,5.8,2026-01-24,Final inesperado
U01968,41210,4.5,2025-06-17,Gran actuacion
U01968,1651,7.0,2025-11-11,Excelente recomendacion
U01968,77930,7.5,2025-10-22,Final inesperado
U01968,10375,6.4,2025-03-17,Visualmente increible
U01969,10647,8.1,2024-03-30,No era lo que esperaba
U01969,7347,8.0,2025-04-24,Excelente recomendacion
U01969,65086,4.8,2025-04-02,Visualmente increible
U01969,10999,6.5,2025-01-24,La volveria a ver
U01969,9489,5.6,2025-01-18,Final inesperado
U01970,70,7.5,2024-05-16,No era lo que esperaba
U01970,681,4.9,2025-04-17,Buen ritmo
U01970,47452,6.4,2024-07-09,La volveria a ver
U01970,87818,4.1,2023-10-31,Buen ritmo
U01970,13827,5.3,2023-11-30,Historia entretenida
U01970,13160,5.0,2025-06-15,Gran actuacion
U01970,2288,8.2,2025-09-01,Buena para recomendar
U01970,2989,5.1,2023-03-31,No era lo que esperaba
U01970,25376,7.6,2025-08-20,La volveria a ver
U01970,10191,8.8,2024-03-08,Final inesperado
U01970,1988,6.5,2025-10-12,Buen ritmo
U01971,81188,7.8,2026-03-05,Gran actuacion
U01971,6520,6.7,2024-11-13,Gran actuacion
U01971,13576,6.0,2025-05-01,Buena para recomendar
U01971,325579,2.3,2025-09-22,Excelente recomendacion
U01971,11426,8.2,2026-03-03,Buen ritmo
U01971,77948,4.3,2025-08-21,Excelente recomendacion
U01971,12779,5.9,2026-01-13,Historia entretenida
U01971,10999,5.0,2025-04-26,Excelente recomendacion
U01971,10647,6.0,2024-12-16,La volveria a ver
U01971,63492,6.0,2024-10-04,Excelente recomendacion
U01972,4982,8.6,2024-03-11,Gran actuacion
U01972,10070,5.5,2026-02-17,Historia entretenida
U01972,9770,4.5,2024-10-10,Historia entretenida
U01972,157185,2.2,2024-04-09,Excelente recomendacion
U01972,15907,7.9,2025-04-14,Gran actuacion
U01972,281730,5.4,2024-08-24,Excelente recomendacion
U01972,138103,5.1,2026-04-10,Buena para recomendar
U01973,164558,9.2,2024-09-17,Final inesperado
U01973,861,6.1,2025-07-11,No era lo que esperaba
U01973,76285,5.8,2024-10-22,La volveria a ver
U01973,115,7.9,2024-09-19,No era lo que esperaba
U01973,16614,6.5,2025-08-17,Final inesperado
U01973,5491,2.9,2024-10-21,Final inesperado
U01973,10431,4.8,2024-11-14,Excelente recomendacion
U01973,59962,6.4,2025-07-23,Gran actuacion
U01974,874,8.2,2024-12-31,Me gusto bastante
U01974,159037,8.5,2025-02-03,Gran actuacion
U01974,1581,6.6,2024-04-22,No era lo que esperaba
U01974,37903,6.1,2024-03-24,Buena para recomendar
U01974,578,6.7,2024-08-09,No era lo que esperaba
U01974,114150,6.7,2024-06-18,Buena para recomendar
U01974,228967,7.4,2023-07-02,La volveria a ver
U01974,1954,8.4,2024-04-05,Buen ritmo
U01974,13515,5.3,2024-03-02,Visualmente increible
U01974,9879,5.6,2023-09-13,La volveria a ver
U01974,2789,5.0,2025-01-27,Final inesperado
U01975,81188,6.7,2025-12-09,Buen ritmo
U01975,281730,6.0,2025-10-14,Me gusto bastante
U01975,1597,6.5,2025-11-14,Buen ritmo
U01975,24420,6.6,2025-11-02,La volveria a ver
U01975,43867,8.5,2025-10-30,No era lo que esperaba
U01976,811,7.6,2026-03-16,La volveria a ver
U01976,19052,6.6,2022-08-06,Buena para recomendar
U01976,58048,4.2,2023-12-21,Visualmente increible
U01976,6537,6.2,2024-09-12,Final inesperado
U01976,129670,8.7,2022-09-23,Buen ritmo
U01976,38780,6.7,2023-04-20,Buen ritmo
U01976,49022,4.6,2025-01-21,Me gusto bastante
U01976,11517,5.6,2025-01-20,Buen ritmo
U01976,10537,6.7,2024-05-11,Historia entretenida
U01976,146,7.4,2022-08-10,Me gusto bastante
U01976,116741,6.4,2023-06-14,Me gusto bastante
U01977,290391,5.0,2025-08-16,Buen ritmo
U01977,44214,8.4,2026-02-04,No era lo que esperaba
U01977,9022,4.6,2024-12-10,No era lo que esperaba
U01977,40807,7.0,2024-06-06,No era lo que esperaba
U01978,17287,4.5,2025-05-01,Historia entretenida
U01978,22805,3.5,2026-01-06,Final inesperado
U01978,25196,6.1,2025-05-15,No era lo que esperaba
U01978,392,6.1,2026-01-27,Visualmente increible
U01978,76996,7.1,2026-02-09,Gran actuacion
U01978,10712,5.5,2025-05-28,Gran actuacion
U01978,30128,6.0,2025-01-27,Buena para recomendar
U01978,9989,4.4,2025-06-04,Historia entretenida
U01979,671,6.6,2026-01-30,Visualmente increible
U01979,8355,7.3,2023-09-20,Buen ritmo
U01979,9003,7.9,2025-10-05,La volveria a ver
U01979,10156,5.7,2025-04-10,Me gusto bastante
U01979,11889,5.5,2023-11-27,Visualmente increible
U01979,9279,5.1,2024-10-19,Final inesperado
U01979,123678,7.0,2026-02-09,Buen ritmo
U01979,2043,6.2,2025-01-17,Me gusto bastante
U01979,146198,6.7,2023-12-21,Gran actuacion
U01980,34653,8.5,2023-11-27,Gran actuacion
U01980,23172,6.9,2023-10-17,Final inesperado
U01980,8879,7.9,2023-12-15,Gran actuacion
U01980,12113,6.5,2026-03-04,Me gusto bastante
U01980,650,6.6,2024-01-24,Final inesperado
U01980,40920,6.7,2024-07-13,Historia entretenida
U01980,8355,5.8,2025-10-20,Excelente recomendacion
U01980,158852,5.9,2025-09-14,Buena para recomendar
U01980,9552,7.8,2025-01-30,Buen ritmo
U01980,10068,5.2,2025-11-05,Final inesperado
U01980,8374,7.2,2023-09-18,Buen ritmo
U01980,24100,4.8,2023-03-04,Visualmente increible
U01980,27579,6.7,2025-08-06,Me gusto bastante
U01981,251321,4.9,2024-07-05,Buena para recomendar
U01981,9388,6.6,2023-03-31,La volveria a ver
U01981,136795,7.7,2024-09-24,Buen ritmo
U01981,622,5.7,2026-01-15,Gran actuacion
U01981,9804,4.9,2023-06-14,Final inesperado
U01981,101299,8.5,2025-05-25,Buena para recomendar
U01981,11478,7.0,2025-07-20,Buen ritmo
U01982,320,5.8,2025-06-21,No era lo que esperaba
U01982,12142,2.3,2024-03-23,Excelente recomendacion
U01983,201132,8.5,2024-11-08,No era lo que esperaba
U01983,9641,5.4,2025-01-21,Final inesperado
U01983,10364,7.2,2025-09-24,Final inesperado
U01983,11058,5.9,2025-06-25,Visualmente increible
U01983,131631,6.0,2024-11-12,Me gusto bastante
U01983,788,6.9,2024-12-19,Me gusto bastante
U01983,4965,7.0,2024-12-06,Historia entretenida
U01983,53502,4.2,2026-02-05,Me gusto bastante
U01983,8265,6.6,2025-11-26,Buen ritmo
U01983,17577,4.1,2026-01-20,Excelente recomendacion
U01983,137347,5.6,2025-12-24,Historia entretenida
U01983,1576,7.6,2024-11-13,Buena para recomendar
U01984,75638,7.4,2025-12-16,Final inesperado
U01984,11543,7.5,2026-02-05,Final inesperado
U01984,250066,3.4,2026-01-24,Me gusto bastante
U01984,1443,8.1,2025-09-12,Me gusto bastante
U01984,15173,7.6,2025-10-05,La volveria a ver
U01985,34813,7.5,2025-07-21,Me gusto bastante
U01985,7548,6.1,2025-07-27,Historia entretenida
U01985,12228,7.0,2024-09-06,Me gusto bastante
U01985,8944,4.9,2024-12-01,La volveria a ver
U01985,11042,6.5,2024-08-08,La volveria a ver
U01985,45153,7.3,2024-08-10,Historia entretenida
U01985,88042,4.8,2025-06-01,Excelente recomendacion
U01985,2013,5.9,2025-12-27,Me gusto bastante
U01985,6479,8.1,2022-12-22,Me gusto bastante
U01985,401,7.1,2026-03-21,Gran actuacion
U01985,12257,4.2,2023-08-22,Historia entretenida
U01986,14577,7.4,2024-12-02,Visualmente increible
U01986,16072,6.5,2025-10-21,Me gusto bastante
U01986,66767,5.7,2024-12-21,Buena para recomendar
U01986,9713,4.0,2025-09-17,Excelente recomendacion
U01986,9517,6.0,2024-09-30,Buen ritmo
U01986,10674,8.2,2025-06-04,Buena para recomendar
U01987,34086,4.9,2025-06-14,Buen ritmo
U01987,10317,5.7,2025-08-29,La volveria a ver
U01987,13173,5.1,2024-05-28,Historia entretenida
U01987,4688,7.2,2025-12-28,Buena para recomendar
U01987,28665,4.2,2025-11-16,Buen ritmo
U01987,8265,6.4,2025-09-01,No era lo que esperaba
U01987,129,8.9,2024-02-12,Historia entretenida
U01987,78307,4.9,2024-06-01,Gran actuacion
U01987,29697,6.3,2024-10-23,Buena para recomendar
U01988,1123,5.1,2023-12-15,Historia entretenida
U01988,6435,5.6,2026-03-30,Me gusto bastante
U01988,206647,7.0,2024-02-16,La volveria a ver
U01989,3116,8.9,2025-12-27,Visualmente increible
U01989,12153,5.7,2023-09-24,Final inesperado
U01989,232679,5.2,2025-09-16,Excelente recomendacion
U01989,44944,8.4,2024-07-11,Final inesperado
U01989,9355,5.5,2024-06-14,Gran actuacion
U01989,9424,6.6,2023-09-30,Buena para recomendar
U01989,87827,6.9,2023-05-15,Visualmente increible
U01989,14635,6.5,2025-09-03,Gran actuacion
U01989,24869,7.5,2023-08-06,Visualmente increible
U01989,4967,5.6,2025-07-23,No era lo que esperaba
U01989,42807,7.3,2025-04-23,La volveria a ver
U01989,14758,7.2,2024-09-07,Gran actuacion
U01990,34653,7.4,2024-08-18,Buen ritmo
U01990,17187,8.0,2024-02-15,No era lo que esperaba
U01990,8960,5.0,2022-07-11,Buen ritmo
U01990,16205,4.9,2023-06-03,Buena para recomendar
U01990,38780,5.0,2025-12-18,Buena para recomendar
U01990,82505,6.0,2025-03-16,Historia entretenida
U01990,47692,5.8,2025-07-08,Me gusto bastante
U01990,10803,6.1,2022-09-02,Buen ritmo
U01990,299552,5.4,2025-01-21,Me gusto bastante
U01991,24985,9.0,2026-01-31,Gran actuacion
U01991,20943,5.1,2025-02-03,Excelente recomendacion
U01991,10448,6.1,2025-05-08,Final inesperado
U01991,15581,5.0,2022-12-15,Buen ritmo
U01991,1640,8.2,2022-07-20,Historia entretenida
U01991,10288,7.6,2023-09-09,La volveria a ver
U01991,109445,6.2,2025-02-24,Excelente recomendacion
U01991,66607,6.9,2024-03-30,Me gusto bastante
U01991,204922,5.9,2022-10-09,Final inesperado
U01991,50837,5.7,2024-08-29,Excelente recomendacion
U01991,77950,5.7,2025-12-20,Visualmente increible
U01991,14034,4.3,2022-12-13,Buena para recomendar
U01992,319910,4.1,2025-11-14,Historia entretenida
U01992,50456,7.5,2025-06-23,Gran actuacion
U01992,103,7.0,2025-04-17,Excelente recomendacion
U01992,26518,7.1,2025-06-13,Excelente recomendacion
U01992,52015,5.8,2025-09-19,Historia entretenida
U01992,41216,5.8,2026-03-23,Gran actuacion
U01992,12877,6.9,2026-03-20,Excelente recomendacion
U01992,7288,5.6,2025-11-10,Excelente recomendacion
U01992,10069,5.4,2024-10-08,Visualmente increible
U01992,271718,6.2,2024-08-26,Buena para recomendar
U01993,8944,3.9,2023-11-05,No era lo que esperaba
U01993,3040,5.0,2023-09-23,Excelente recomendacion
U01993,10895,8.1,2025-10-04,Buena para recomendar
U01993,16781,6.7,2024-10-03,Historia entretenida
U01993,2196,8.3,2025-09-16,La volveria a ver
U01993,239563,6.6,2025-03-04,Final inesperado
U01993,20065,6.5,2026-03-31,La volveria a ver
U01993,102899,7.6,2024-02-05,Historia entretenida
U01994,10656,6.6,2026-01-31,No era lo que esperaba
U01994,11870,7.0,2026-03-23,Historia entretenida
U01994,10217,7.8,2026-03-04,Buen ritmo
U01994,309809,6.6,2025-12-27,Buena para recomendar
U01994,905,8.6,2026-02-16,La volveria a ver
U01994,11889,6.5,2026-02-07,Me gusto bastante
U01995,25983,5.8,2026-01-14,Visualmente increible
U01995,10982,6.4,2025-11-25,Historia entretenida
U01995,226,8.6,2026-04-04,Historia entretenida
U01995,9285,4.4,2025-12-20,Buen ritmo
U01995,1366,6.8,2025-09-22,No era lo que esperaba
U01995,691,6.8,2025-10-26,Buen ritmo
U01995,362765,1.0,2025-11-24,Gran actuacion
U01995,283445,6.6,2025-09-01,La volveria a ver
U01995,34723,7.6,2025-12-18,Historia entretenida
U01995,327833,7.0,2025-09-19,La volveria a ver
U01995,227159,7.6,2025-12-02,Visualmente increible
U01995,9656,4.3,2025-10-12,Gran actuacion
U01995,1701,6.5,2026-01-31,Final inesperado
U01995,205775,7.4,2026-04-09,Visualmente increible
U01995,69668,5.7,2026-03-13,Gran actuacion
U01996,40914,2.2,2024-07-31,Buen ritmo
U01996,76338,7.5,2025-04-10,Buena para recomendar
U01996,1648,6.7,2025-09-03,Visualmente increible
U01996,9655,7.6,2025-11-16,Buen ritmo
U01996,10758,8.1,2026-03-09,Buena para recomendar
U01997,13150,5.6,2023-12-19,Gran actuacion
U01997,2898,8.0,2024-04-07,La volveria a ver
U01997,13006,4.8,2024-04-12,Historia entretenida
U01997,37724,5.8,2024-09-10,Me gusto bastante
U01997,10715,4.2,2024-11-08,No era lo que esperaba
U01997,1586,7.1,2024-08-14,Buena para recomendar
U01997,1544,7.7,2025-11-15,La volveria a ver
U01997,21355,5.6,2024-10-21,Me gusto bastante
U01998,1904,8.5,2026-02-01,Me gusto bastante
U01998,3536,7.5,2025-11-01,Excelente recomendacion
U01998,9327,6.2,2025-11-01,No era lo que esperaba
U01998,11322,5.8,2025-12-20,Visualmente increible
U01998,2142,5.9,2026-02-08,No era lo que esperaba
U01998,27995,7.4,2025-08-25,No era lo que esperaba
U01998,180,7.3,2026-03-07,Excelente recomendacion
U01998,1683,5.4,2025-12-01,Visualmente increible
U01998,96721,7.4,2026-03-11,Final inesperado
U01999,110415,5.8,2024-03-03,Gran actuacion
U01999,1282,7.1,2025-04-29,Buen ritmo
U01999,12612,6.1,2024-06-21,Me gusto bastante
U01999,22805,5.1,2025-11-18,Excelente recomendacion
U01999,8007,6.8,2025-04-14,No era lo que esperaba
U01999,1494,6.0,2024-07-09,Visualmente increible
U01999,9825,6.0,2026-03-12,Final inesperado
U01999,15765,7.9,2025-09-02,No era lo que esperaba
U01999,328307,8.7,2024-11-19,Final inesperado
U01999,74643,5.8,2025-01-09,Final inesperado
U02000,10866,5.5,2026-01-13,Buen ritmo
U02000,294512,7.8,2026-03-15,Gran actuacion
U02000,6552,6.3,2025-09-26,No era lo que esperaba
U02000,146233,7.2,2025-11-04,Buena para recomendar
U02000,585,7.4,2025-10-25,Gran actuacion
U02000,12838,5.8,2026-03-26,La volveria a ver
U02000,227159,4.7,2025-10-10,Visualmente increible
U02000,280,7.7,2025-09-14,Historia entretenida
U02000,26171,5.9,2026-02-26,No era lo que esperaba
U02001,9870,5.6,2025-09-12,Me gusto bastante
U02001,680,7.1,2024-05-28,Final inesperado
U02001,9454,6.2,2025-08-12,La volveria a ver
U02001,15301,6.4,2023-08-09,Gran actuacion
U02001,19933,5.9,2025-02-14,Final inesperado
U02001,9978,4.1,2023-01-21,Final inesperado
U02001,20455,7.2,2025-03-24,Final inesperado
U02001,8053,7.6,2023-06-23,Excelente recomendacion
U02001,36811,7.5,2025-12-30,Buen ritmo
U02001,2253,7.5,2024-12-30,Historia entretenida
U02001,925,7.7,2024-04-18,La volveria a ver
U02001,296098,8.4,2026-02-15,No era lo que esperaba
U02002,51384,6.3,2026-01-27,La volveria a ver
U02002,13700,4.7,2026-02-16,Historia entretenida
U02002,71157,8.4,2025-12-29,Visualmente increible
U02002,16288,4.8,2026-01-01,Excelente recomendacion
U02003,14295,5.5,2022-10-02,Final inesperado
U02003,50348,6.7,2022-11-11,Excelente recomendacion
U02003,421,7.2,2024-11-16,Historia entretenida
U02003,190859,6.0,2022-10-24,No era lo que esperaba
U02003,5902,7.4,2024-06-13,Excelente recomendacion
U02004,14778,7.4,2025-09-22,No era lo que esperaba
U02004,13198,5.6,2024-10-16,Buena para recomendar
U02004,18480,5.1,2024-12-12,Buen ritmo
U02004,70868,6.3,2025-08-30,Me gusto bastante
U02004,8656,5.0,2022-09-10,Final inesperado
U02004,73981,5.2,2024-09-07,Visualmente increible
U02004,158752,3.4,2025-07-23,Final inesperado
U02004,35219,6.4,2024-08-12,Visualmente increible
U02004,15121,6.3,2024-04-04,La volveria a ver
U02004,80585,6.4,2023-12-09,Buen ritmo
U02004,57431,5.0,2023-07-12,Buena para recomendar
U02004,35690,6.5,2023-11-15,Visualmente increible
U02004,694,9.0,2022-12-05,Gran actuacion
U02004,103370,6.1,2022-08-18,La volveria a ver
U02005,122917,8.3,2025-10-16,Gran actuacion
U02005,138697,6.0,2025-09-08,Me gusto bastante
U02005,44594,5.1,2025-10-13,Final inesperado
U02005,9766,5.8,2023-09-13,Visualmente increible
U02005,15927,7.3,2023-09-13,Gran actuacion
U02005,8413,6.7,2023-04-07,Visualmente increible
U02005,80271,5.7,2024-06-30,Me gusto bastante
U02005,11683,6.9,2024-06-20,Visualmente increible
U02005,6440,5.8,2024-06-18,Me gusto bastante
U02005,11495,6.8,2024-12-18,Me gusto bastante
U02006,107811,5.8,2023-10-26,Me gusto bastante
U02006,36825,5.0,2024-04-12,Buen ritmo
U02006,404,7.5,2025-02-07,Historia entretenida
U02006,1691,7.1,2024-01-13,Historia entretenida
U02006,77948,3.5,2024-09-05,Buen ritmo
U02006,30979,6.9,2024-01-31,No era lo que esperaba
U02006,4011,8.4,2025-12-21,No era lo que esperaba
U02006,13849,5.4,2026-01-07,La volveria a ver
U02006,11967,5.2,2023-10-09,Me gusto bastante
U02006,1792,6.1,2023-10-21,Excelente recomendacion
U02006,332567,4.9,2025-02-18,No era lo que esperaba
U02006,19898,5.3,2024-08-02,Visualmente increible
U02007,18206,4.9,2026-02-22,Gran actuacion
U02007,38031,6.9,2025-10-29,Final inesperado
U02007,71864,6.2,2025-11-16,Historia entretenida
U02007,13576,7.5,2026-02-26,Buen ritmo
U02007,13685,7.9,2026-01-01,No era lo que esperaba
U02007,102840,3.6,2026-02-17,Historia entretenida
U02007,11382,7.1,2026-02-02,Historia entretenida
U02007,227348,5.3,2026-01-10,Me gusto bastante
U02007,36970,5.8,2025-12-09,Gran actuacion
U02007,668,6.9,2026-03-19,No era lo que esperaba
U02008,116711,6.8,2026-03-08,Me gusto bastante
U02008,314365,9.0,2025-12-16,Historia entretenida
U02008,308531,5.3,2025-01-31,Buena para recomendar
U02008,64328,6.3,2025-03-23,La volveria a ver
U02008,1865,5.5,2025-04-15,Excelente recomendacion
U02008,310,6.3,2025-11-09,Final inesperado
U02008,1956,6.9,2025-07-18,Visualmente increible
U02008,79316,4.6,2025-02-09,Buen ritmo
U02008,11551,6.3,2025-07-08,Final inesperado
U02008,58574,8.5,2025-05-16,No era lo que esperaba
U02008,13092,5.3,2025-09-03,Gran actuacion
U02008,8968,3.8,2025-08-16,Visualmente increible
U02008,955,5.4,2025-03-01,Buena para recomendar
U02008,10027,7.1,2025-01-15,Excelente recomendacion
U02009,13778,4.2,2025-02-07,Buen ritmo
U02009,38843,4.7,2025-01-06,Excelente recomendacion
U02009,14623,4.7,2024-09-19,Me gusto bastante
U02009,14836,7.1,2026-02-18,Buena para recomendar
U02009,25983,4.9,2024-11-14,Gran actuacion
U02009,19366,6.7,2024-08-10,Excelente recomendacion
U02009,11529,6.4,2025-10-26,Buen ritmo
U02009,34549,4.0,2024-10-05,Final inesperado
U02009,5516,5.5,2024-09-02,Buena para recomendar
U02009,9794,6.0,2025-04-16,Visualmente increible
U02009,38317,6.0,2025-08-28,No era lo que esperaba
U02009,132363,8.1,2024-11-15,No era lo que esperaba
U02009,1930,7.4,2026-02-03,Historia entretenida
U02009,62764,4.9,2025-09-13,Buena para recomendar
U02009,241239,7.8,2024-09-19,Buena para recomendar
U02009,250349,6.8,2024-07-12,La volveria a ver
U02009,15983,5.1,2025-01-27,Historia entretenida
U02009,762,8.2,2024-09-03,Me gusto bastante
U02010,841,6.5,2025-03-01,Buen ritmo
U02010,17379,5.2,2025-10-15,Visualmente increible
U02010,361475,8.9,2025-04-16,Visualmente increible
U02010,215211,5.7,2025-04-30,Buena para recomendar
U02010,10586,7.8,2025-08-08,Me gusto bastante
U02010,3083,9.1,2025-12-06,Buena para recomendar
U02010,71688,5.9,2024-07-22,Excelente recomendacion
U02010,31007,7.4,2026-01-07,Me gusto bastante
U02010,65448,3.7,2024-09-09,Historia entretenida
U02010,168672,7.1,2025-02-16,Historia entretenida
U02011,579,5.8,2024-01-06,Visualmente increible
U02011,4174,7.3,2023-08-23,La volveria a ver
U02011,10028,7.1,2025-02-22,Me gusto bastante
U02011,3175,8.9,2025-10-29,Gran actuacion
U02011,46829,6.4,2026-04-10,Buen ritmo
U02011,21724,5.5,2025-09-14,Historia entretenida
U02011,10199,6.7,2025-01-24,Visualmente increible
U02011,4011,7.0,2023-12-17,Buena para recomendar
U02011,9928,7.2,2026-03-12,Buena para recomendar
U02011,9361,6.9,2025-05-03,Buena para recomendar
U02012,863,6.4,2025-05-12,No era lo que esperaba
U02012,11247,5.7,2025-06-13,Buena para recomendar
U02012,15365,4.0,2025-03-14,Visualmente increible
U02012,14560,6.5,2024-07-19,Visualmente increible
U02012,8619,8.4,2024-10-13,Me gusto bastante
U02012,9334,5.3,2026-03-30,Gran actuacion
U02012,10567,4.7,2024-07-13,La volveria a ver
U02012,188166,7.3,2024-08-30,Final inesperado
U02013,924,6.3,2022-10-13,Final inesperado
U02013,2621,5.6,2023-11-15,Excelente recomendacion
U02013,46829,7.7,2023-09-02,Buena para recomendar
U02013,268920,6.4,2024-08-24,Visualmente increible
U02013,250124,5.6,2024-09-28,Final inesperado
U02013,853,8.5,2025-08-15,La volveria a ver
U02013,225574,6.8,2025-03-31,Gran actuacion
U02013,6552,4.8,2022-08-16,Me gusto bastante
U02013,3131,6.4,2025-05-29,Buen ritmo
U02013,11,9.5,2025-11-17,Historia entretenida
U02013,11956,7.5,2025-04-20,Buena para recomendar
U02013,15092,4.9,2023-09-02,Visualmente increible
U02014,340816,6.2,2025-07-15,Visualmente increible
U02014,49538,6.3,2024-06-06,La volveria a ver
U02014,8265,6.6,2024-03-28,Gran actuacion
U02014,744,5.8,2023-09-14,Historia entretenida
U02014,22805,3.8,2025-02-25,Buena para recomendar
U02014,352978,4.4,2025-09-10,Buena para recomendar
U02014,11324,9.3,2024-06-11,Historia entretenida
U02014,3049,5.3,2023-05-29,Excelente recomendacion
U02014,73567,5.2,2026-01-15,Gran actuacion
U02014,89325,6.7,2026-01-30,Historia entretenida
U02014,10045,6.5,2023-11-24,Visualmente increible
U02015,164558,8.7,2025-11-20,Excelente recomendacion
U02015,59967,6.2,2025-12-29,Buena para recomendar
U02015,82684,7.8,2025-12-09,Buen ritmo
U02015,22,7.5,2025-07-03,La volveria a ver
U02015,8656,4.9,2025-10-31,Buena para recomendar
U02016,9487,6.1,2025-09-22,Buena para recomendar
U02016,9689,4.9,2025-07-18,Visualmente increible
U02016,253235,5.9,2024-08-16,Gran actuacion
U02016,342,6.0,2025-03-21,Visualmente increible
U02016,51130,8.5,2024-10-08,Buen ritmo
U02016,14444,5.2,2024-10-12,Me gusto bastante
U02017,42618,7.3,2025-01-22,Historia entretenida
U02017,13092,7.1,2024-04-18,Visualmente increible
U02017,2666,6.3,2024-01-08,Historia entretenida
U02017,464,8.0,2025-12-17,La volveria a ver
U02017,38303,6.4,2024-11-27,Me gusto bastante
U02017,243,7.7,2024-05-05,Buena para recomendar
U02017,9427,8.1,2024-03-23,Historia entretenida
U02018,91314,7.0,2024-04-14,Final inesperado
U02018,4477,7.4,2024-04-13,No era lo que esperaba
U02018,711,8.0,2025-11-23,No era lo que esperaba
U02018,235,8.0,2024-08-09,Visualmente increible
U02018,192141,5.9,2023-08-15,Me gusto bastante
U02018,644,6.7,2024-04-30,No era lo que esperaba
U02018,24100,5.0,2025-07-25,Buen ritmo
U02018,319069,5.9,2023-07-12,Buen ritmo
U02018,254904,7.3,2025-03-08,Final inesperado
U02018,9988,4.7,2023-07-13,Final inesperado
U02018,2294,7.6,2024-09-03,Final inesperado
U02019,16052,7.7,2026-04-01,Excelente recomendacion
U02019,21494,7.8,2026-03-11,Buena para recomendar
U02019,137106,8.2,2026-04-08,La volveria a ver
U02019,68818,7.5,2026-03-08,No era lo que esperaba
U02019,33430,7.4,2026-03-17,Me gusto bastante
U02020,122906,7.0,2025-10-24,Gran actuacion
U02020,10545,7.0,2025-09-02,Buena para recomendar
U02020,166424,4.2,2025-11-08,Historia entretenida
U02020,80,7.7,2025-07-02,Me gusto bastante
U02020,8835,6.2,2026-01-09,Buena para recomendar
U02020,11370,6.2,2025-10-22,Final inesperado
U02021,31867,5.1,2026-04-10,Buena para recomendar
U02021,49022,6.9,2026-04-10,La volveria a ver
U02021,1904,6.4,2026-04-10,Buen ritmo
U02021,14662,5.8,2026-04-10,Excelente recomendacion
U02021,9772,7.5,2026-04-10,Visualmente increible
U02021,47452,7.3,2026-04-10,No era lo que esperaba
U02021,16320,6.7,2026-04-10,Buena para recomendar
U02021,50348,6.6,2026-04-10,Historia entretenida
U02021,10416,6.3,2026-04-10,Gran actuacion
U02022,103328,6.9,2025-09-10,Historia entretenida
U02022,7220,4.9,2025-12-30,Me gusto bastante
U02022,9916,5.5,2024-10-09,La volveria a ver
U02022,328307,7.6,2025-05-18,Buen ritmo
U02022,9089,5.1,2026-01-08,Me gusto bastante
U02022,40807,7.9,2024-10-21,Me gusto bastante
U02022,152601,9.1,2025-04-03,No era lo que esperaba
U02022,9495,8.1,2025-07-10,Visualmente increible
U02023,2675,6.7,2025-10-31,Final inesperado
U02023,6552,7.4,2024-12-03,Buen ritmo
U02023,44638,5.9,2023-10-25,La volveria a ver
U02023,343409,2.6,2025-10-07,Excelente recomendacion
U02023,157841,7.3,2024-09-25,Final inesperado
U02023,73191,4.6,2024-07-18,Buen ritmo
U02023,146198,7.1,2025-05-05,Historia entretenida
U02024,8055,6.2,2024-02-22,Final inesperado
U02024,8879,7.8,2025-11-28,Gran actuacion
U02024,58428,4.8,2025-02-23,La volveria a ver
U02024,9923,6.3,2025-01-14,Gran actuacion
U02024,46256,6.2,2024-12-06,Gran actuacion
U02025,50359,6.6,2024-01-12,Excelente recomendacion
U02025,17979,6.3,2023-03-07,Excelente recomendacion
U02025,9502,6.6,2024-06-06,Excelente recomendacion
U02025,49022,5.8,2022-10-15,Excelente recomendacion
U02025,266856,6.7,2025-07-24,No era lo que esperaba
U02025,49047,8.3,2023-02-05,Buen ritmo
U02025,388,6.5,2026-01-05,Excelente recomendacion
U02025,2112,7.7,2023-06-12,No era lo que esperaba
U02025,2253,6.0,2023-09-15,Me gusto bastante
U02025,296096,8.5,2023-06-06,No era lo que esperaba
U02025,10413,5.5,2025-09-07,Final inesperado
U02025,23730,3.8,2024-07-02,La volveria a ver
U02025,8198,7.1,2025-04-30,Excelente recomendacion
U02026,72766,7.2,2026-01-27,Buen ritmo
U02026,1412,7.4,2024-03-30,Me gusto bastante
U02026,12763,6.9,2026-04-05,Visualmente increible
U02026,273481,6.8,2024-06-04,No era lo que esperaba
U02026,14112,6.1,2024-06-25,Buen ritmo
U02026,36351,6.7,2025-08-22,Me gusto bastante
U02026,1901,5.8,2024-10-31,Visualmente increible
U02026,13518,5.9,2026-03-10,Buen ritmo
U02026,176077,5.2,2025-06-20,Final inesperado
U02026,8321,6.6,2024-08-21,Buen ritmo
U02026,786,7.6,2025-04-25,La volveria a ver
U02027,13150,6.8,2026-03-12,Me gusto bastante
U02027,1581,5.3,2026-04-03,Final inesperado
U02027,11452,7.2,2026-03-11,Buen ritmo
U02027,36647,7.9,2026-03-15,Final inesperado
U02027,26618,6.9,2026-03-15,Buena para recomendar
U02028,9819,5.1,2025-04-12,La volveria a ver
U02028,89492,4.6,2025-05-11,Gran actuacion
U02028,7510,5.2,2025-12-07,Buen ritmo
U02028,9414,7.9,2023-06-09,Visualmente increible
U02028,10758,6.5,2026-02-11,Me gusto bastante
U02028,82675,7.0,2024-07-02,La volveria a ver
U02029,256591,7.6,2025-12-21,Visualmente increible
U02029,588,7.4,2025-11-29,Gran actuacion
U02029,14811,6.3,2026-03-07,Excelente recomendacion
U02029,547,7.4,2025-12-24,La volveria a ver
U02029,1581,5.4,2025-02-17,Excelente recomendacion
U02029,13389,7.0,2025-07-25,Buena para recomendar
U02029,489,8.4,2025-05-28,Final inesperado
U02029,75033,4.7,2025-02-09,La volveria a ver
U02029,10436,5.9,2026-03-21,Final inesperado
U02029,22617,5.9,2025-06-11,Visualmente increible
U02029,14425,7.3,2025-05-19,La volveria a ver
U02030,55465,7.2,2026-02-24,La volveria a ver
U02030,11780,7.0,2025-10-15,Historia entretenida
U02030,14160,6.8,2026-01-20,Excelente recomendacion
U02030,1359,7.9,2026-03-01,Historia entretenida
U02030,11090,5.8,2026-01-19,Final inesperado
U02030,9341,5.9,2026-04-07,Buena para recomendar
U02030,192577,6.8,2025-09-28,Buena para recomendar
U02030,45138,6.8,2025-07-16,Historia entretenida
U02030,72207,6.9,2025-10-07,Buena para recomendar
U02031,25195,6.4,2022-09-01,Buena para recomendar
U02031,41216,6.5,2025-01-23,Visualmente increible
U02031,55616,6.9,2024-05-22,La volveria a ver
U02031,813,8.2,2023-05-05,Historia entretenida
U02031,10950,7.3,2023-06-03,Buen ritmo
U02031,287424,5.8,2023-04-04,Final inesperado
U02031,322745,8.4,2023-07-31,Visualmente increible
U02031,231617,6.8,2025-03-27,Excelente recomendacion
U02031,4523,5.3,2024-12-28,Me gusto bastante
U02031,46420,5.2,2024-04-27,No era lo que esperaba
U02032,77875,6.0,2023-09-26,No era lo que esperaba
U02032,168530,4.7,2024-08-04,Final inesperado
U02032,14444,6.9,2024-01-30,Visualmente increible
U02033,28665,5.6,2026-02-02,Historia entretenida
U02033,115,7.7,2026-01-29,Visualmente increible
U02033,55,6.5,2025-12-19,Buena para recomendar
U02033,18,6.2,2025-12-28,Me gusto bastante
U02033,29193,6.6,2026-03-20,Historia entretenida
U02033,3604,6.2,2026-03-09,Final inesperado
U02033,9678,5.2,2025-12-29,La volveria a ver
U02033,13836,4.1,2026-01-29,Excelente recomendacion
U02033,3059,8.3,2025-12-11,Final inesperado
U02034,59968,5.7,2026-03-17,Visualmente increible
U02034,2142,6.3,2024-06-26,Gran actuacion
U02034,10762,4.8,2025-06-15,Buena para recomendar
U02034,604,6.6,2024-08-27,No era lo que esperaba
U02034,11545,7.0,2024-12-16,Me gusto bastante
U02035,42057,3.3,2025-05-28,No era lo que esperaba
U02035,1933,7.5,2024-07-06,La volveria a ver
U02035,13173,6.1,2023-09-08,Gran actuacion
U02035,352978,6.0,2024-04-30,Gran actuacion
U02035,119450,6.5,2023-05-16,Excelente recomendacion
U02036,20763,7.7,2022-09-06,No era lo que esperaba
U02036,157354,7.3,2025-02-03,Excelente recomendacion
U02036,9502,7.2,2025-06-11,Visualmente increible
U02036,9715,5.9,2024-08-25,Final inesperado
U02036,11544,6.2,2024-11-24,La volveria a ver
U02036,1259,7.3,2025-06-03,Buen ritmo
U02036,44594,6.4,2023-12-02,Gran actuacion
U02036,12877,7.5,2025-05-28,Buen ritmo
U02036,2295,8.2,2024-01-01,Historia entretenida
U02036,8914,6.9,2023-05-05,Gran actuacion
U02037,770,8.1,2023-08-05,Historia entretenida
U02037,44857,6.8,2024-05-19,Gran actuacion
U02037,1164,7.2,2025-07-03,Buen ritmo
U02037,46529,5.3,2025-08-23,Excelente recomendacion
U02037,81390,5.4,2024-12-21,No era lo que esperaba
U02038,168027,4.0,2025-05-14,Visualmente increible
U02038,76489,5.8,2024-07-19,Visualmente increible
U02038,1259,6.3,2026-01-15,Buen ritmo
U02038,27029,6.6,2025-04-25,No era lo que esperaba
U02038,77934,5.7,2025-06-23,La volveria a ver
U02038,224141,6.0,2024-08-04,Buen ritmo
U02038,433,7.6,2024-12-29,Gran actuacion
U02039,6537,5.9,2024-12-16,Final inesperado
U02039,56715,4.9,2025-10-25,Gran actuacion
U02039,76341,6.9,2025-04-22,Me gusto bastante
U02039,36819,6.4,2025-08-26,Visualmente increible
U02039,77459,5.3,2025-03-31,No era lo que esperaba
U02039,21334,6.8,2025-04-10,La volveria a ver
U02039,34152,7.1,2025-02-18,La volveria a ver
U02039,2055,5.6,2026-01-23,Me gusto bastante
U02039,9618,6.3,2025-01-30,Visualmente increible
U02039,18632,6.3,2025-11-20,La volveria a ver
U02039,11132,6.3,2025-01-20,No era lo que esperaba
U02039,4967,5.9,2025-07-07,Visualmente increible
U02039,9292,5.4,2024-09-10,Gran actuacion
U02039,32657,6.4,2025-12-03,Gran actuacion
U02039,194662,8.6,2025-09-09,Visualmente increible
U02040,2289,8.0,2025-04-02,Historia entretenida
U02040,86829,6.8,2025-03-07,Buen ritmo
U02040,76163,4.7,2025-06-23,La volveria a ver
U02040,393,6.7,2025-07-25,No era lo que esperaba
U02040,46435,5.5,2026-03-21,Me gusto bastante
U02040,11545,6.7,2025-06-22,Excelente recomendacion
U02040,8078,6.0,2025-08-17,Me gusto bastante
U02040,210577,8.0,2025-08-19,Final inesperado
U02040,78,8.5,2025-06-06,Historia entretenida
U02040,5925,7.4,2025-06-28,La volveria a ver
U02040,88042,6.1,2025-07-22,Excelente recomendacion
U02040,2185,5.2,2025-05-29,Buena para recomendar
U02041,18615,4.5,2026-03-23,Buena para recomendar
U02041,72914,8.0,2026-03-12,Buen ritmo
U02041,1883,6.0,2026-03-04,No era lo que esperaba
U02041,43942,7.6,2026-03-18,Gran actuacion
U02041,11901,7.7,2026-03-12,No era lo que esperaba
U02041,9099,4.5,2026-03-12,Historia entretenida
U02041,15927,6.4,2026-03-20,Historia entretenida
U02041,21355,5.7,2026-03-06,Historia entretenida
U02041,18840,5.8,2026-03-02,Me gusto bastante
U02041,26388,5.3,2026-04-01,Buena para recomendar
U02041,10890,7.2,2026-04-01,Excelente recomendacion
U02041,1542,8.0,2026-03-07,Final inesperado
U02042,29917,7.7,2025-06-18,Me gusto bastante
U02042,293644,5.3,2024-09-16,Gran actuacion
U02042,605,6.0,2023-10-09,No era lo que esperaba
U02042,13282,6.7,2024-10-26,Buena para recomendar
U02042,8913,6.9,2024-09-29,Final inesperado
U02042,38363,6.8,2025-04-14,Buen ritmo
U02042,1969,4.8,2025-07-11,Visualmente increible
U02042,9701,5.4,2025-10-06,Me gusto bastante
U02042,22825,4.2,2023-10-28,Historia entretenida
U02042,39780,5.2,2024-01-14,Final inesperado
U02042,17707,7.1,2025-06-19,Historia entretenida
U02042,227719,7.4,2025-10-28,Me gusto bastante
U02042,522,7.7,2023-05-03,Me gusto bastante
U02043,8960,6.4,2026-01-25,Visualmente increible
U02043,10655,7.7,2023-07-18,Historia entretenida
U02043,4379,5.6,2025-10-14,Buen ritmo
U02043,20766,5.5,2024-10-12,Visualmente increible
U02044,259943,7.0,2026-02-24,Buena para recomendar
U02044,184,6.3,2026-01-03,Visualmente increible
U02044,29122,7.3,2025-08-17,Visualmente increible
U02044,77953,4.7,2025-12-03,Me gusto bastante
U02044,210860,6.3,2025-11-03,Buena para recomendar
U02044,8326,7.8,2026-02-04,Buen ritmo
U02044,7461,7.6,2025-12-24,Historia entretenida
U02044,557,6.2,2025-08-06,Gran actuacion
U02044,6114,8.4,2025-08-18,La volveria a ver
U02044,10501,6.0,2026-04-06,Visualmente increible
U02044,14577,7.4,2026-01-22,Historia entretenida
U02044,7305,7.3,2026-02-22,Visualmente increible
U02045,48289,5.3,2024-03-09,Final inesperado
U02045,2155,4.1,2026-01-20,Visualmente increible
U02045,17379,6.3,2025-09-18,Final inesperado
U02045,57800,6.8,2024-10-29,Visualmente increible
U02045,1248,6.8,2024-10-04,Visualmente increible
U02045,12155,7.8,2025-10-10,Historia entretenida
U02045,12184,5.5,2023-11-17,Me gusto bastante
U02045,869,6.4,2023-12-12,Final inesperado
U02045,46195,5.5,2024-10-30,Final inesperado
U02045,96534,6.8,2025-06-10,Excelente recomendacion
U02045,37737,5.6,2025-06-14,No era lo que esperaba
U02045,11509,6.8,2026-01-21,Gran actuacion
U02045,12150,7.0,2025-01-03,Gran actuacion
U02045,7873,7.7,2024-12-29,Visualmente increible
U02045,4566,5.1,2025-12-11,Historia entretenida
U02045,854,7.3,2025-09-18,Final inesperado
U02045,13183,7.3,2025-10-26,Final inesperado
U02046,245703,7.5,2025-11-27,Visualmente increible
U02046,7980,5.4,2026-03-30,Final inesperado
U02046,33468,4.1,2025-09-23,Final inesperado
U02046,16205,5.0,2025-10-03,Gran actuacion
U02046,8293,8.2,2025-12-22,Me gusto bastante
U02046,10622,6.3,2026-02-25,Historia entretenida
U02046,49444,5.3,2025-08-08,Gran actuacion
U02046,497,6.7,2025-12-03,Excelente recomendacion
U02046,381902,5.8,2025-10-09,No era lo que esperaba
U02047,1883,7.9,2026-03-03,La volveria a ver
U02047,35,5.4,2026-03-21,Historia entretenida
U02047,7980,7.0,2026-03-16,Excelente recomendacion
U02047,13193,7.1,2026-03-15,Historia entretenida
U02047,9276,5.8,2026-03-01,Final inesperado
U02047,184374,6.9,2026-04-09,La volveria a ver
U02047,4233,5.5,2026-03-18,Historia entretenida
U02047,606,6.4,2026-03-16,Historia entretenida
U02047,12410,6.6,2026-02-28,Buen ritmo
U02047,8060,5.8,2026-03-26,Buen ritmo
U02048,1577,6.7,2024-09-02,Me gusto bastante
U02048,9557,5.5,2025-02-21,Buena para recomendar
U02048,10229,7.4,2025-09-04,Buena para recomendar
U02048,134,7.0,2024-05-08,No era lo que esperaba
U02048,702,9.0,2024-10-19,Final inesperado
U02048,10727,5.1,2024-08-24,Excelente recomendacion
U02048,9923,4.7,2024-03-31,Buen ritmo
U02048,433,6.9,2025-08-07,Final inesperado
U02049,11313,6.9,2023-09-25,Gran actuacion
U02049,13788,4.3,2024-06-30,La volveria a ver
U02049,27455,6.1,2025-10-20,Excelente recomendacion
U02049,6961,6.5,2026-04-04,Buena para recomendar
U02049,61752,6.3,2024-03-22,Visualmente increible
U02049,109417,7.2,2023-07-29,La volveria a ver
U02049,8095,7.7,2026-03-25,No era lo que esperaba
U02049,22013,5.8,2025-08-11,Gran actuacion
U02049,670,6.9,2023-08-03,Me gusto bastante
U02049,62215,7.8,2024-11-07,La volveria a ver
U02049,37694,5.4,2024-03-13,Visualmente increible
U02049,22051,6.3,2023-10-06,Me gusto bastante
U02049,79316,5.4,2025-07-06,Final inesperado
U02050,334074,4.7,2025-12-28,Visualmente increible
U02050,248,7.9,2026-01-15,Me gusto bastante
U02050,286565,6.8,2025-12-30,La volveria a ver
U02050,198062,8.2,2025-12-20,No era lo que esperaba
U02051,9645,6.1,2023-06-05,La volveria a ver
U02051,142061,8.3,2025-08-03,Me gusto bastante
U02051,290864,6.7,2025-03-24,La volveria a ver
U02052,8009,5.8,2022-10-22,Final inesperado
U02052,12113,7.0,2024-11-26,Visualmente increible
U02052,1590,4.8,2023-04-27,Buen ritmo
U02052,43959,6.2,2023-10-30,Buena para recomendar
U02052,25461,8.2,2023-05-02,La volveria a ver
U02052,302156,7.0,2023-02-28,No era lo que esperaba
U02052,11699,6.1,2025-12-29,Buena para recomendar
U02052,14577,5.0,2023-02-15,Final inesperado
U02052,9902,4.6,2024-12-31,Excelente recomendacion
U02052,11973,5.6,2025-06-29,Buena para recomendar
U02053,11257,6.6,2025-08-18,No era lo que esperaba
U02053,26039,7.3,2025-04-14,La volveria a ver
U02053,11457,7.5,2026-03-11,La volveria a ver
U02053,1961,7.3,2025-11-04,La volveria a ver
U02053,236751,6.9,2025-05-23,No era lo que esperaba
U02053,10555,4.4,2025-11-23,Me gusto bastante
U02053,2163,5.8,2025-07-04,Historia entretenida
U02053,15708,5.5,2025-06-26,No era lo que esperaba
U02053,323967,6.6,2025-10-07,Final inesperado
U02053,142,8.8,2025-12-12,Buena para recomendar
U02054,666,7.1,2025-02-22,La volveria a ver
U02054,6282,6.9,2024-12-04,Buen ritmo
U02054,47088,6.3,2025-12-15,Historia entretenida
U02054,944,7.2,2025-10-03,Me gusto bastante
U02054,146198,7.0,2026-03-02,Historia entretenida
U02054,2056,8.8,2025-05-25,Me gusto bastante
U02054,312221,7.2,2026-03-13,Buen ritmo
U02054,44718,5.0,2025-02-10,Me gusto bastante
U02054,166424,4.1,2025-06-13,Visualmente increible
U02054,12658,7.1,2026-03-13,Historia entretenida
U02054,9087,5.3,2025-08-22,Buena para recomendar
U02055,9614,7.4,2025-02-12,No era lo que esperaba
U02055,10724,4.3,2024-12-29,Gran actuacion
U02055,23629,7.2,2025-08-20,Buena para recomendar
U02055,15158,7.6,2025-01-01,Buen ritmo
U02055,500,9.3,2025-04-15,Final inesperado
U02055,2011,7.5,2025-02-03,Gran actuacion
U02055,64688,6.0,2025-02-20,Final inesperado
U02056,132363,5.7,2024-06-18,Historia entretenida
U02056,8326,7.7,2023-08-17,Buena para recomendar
U02056,1947,6.6,2022-10-28,La volveria a ver
U02056,29463,5.9,2024-05-02,La volveria a ver
U02056,17186,6.1,2025-05-30,Historia entretenida
U02056,3089,6.1,2024-04-13,No era lo que esperaba
U02057,42297,8.1,2025-09-29,Final inesperado
U02057,46415,2.7,2025-04-28,No era lo que esperaba
U02057,6519,5.4,2026-01-25,La volveria a ver
U02057,20862,7.6,2025-05-04,Gran actuacion
U02057,4922,8.3,2024-10-07,Historia entretenida
U02057,568,6.4,2026-03-24,La volveria a ver
U02057,509,8.0,2026-03-25,La volveria a ver
U02057,242083,3.5,2025-12-22,Gran actuacion
U02057,2779,5.9,2026-03-31,Buena para recomendar
U02057,73511,4.3,2025-07-19,Final inesperado
U02057,89861,8.9,2026-01-08,Gran actuacion
U02057,11679,5.8,2025-08-10,Excelente recomendacion
U02057,274479,6.5,2025-01-12,Final inesperado
U02057,617,7.1,2025-06-10,Me gusto bastante
U02057,12410,7.4,2025-08-05,Gran actuacion
U02058,9457,6.5,2024-08-25,Buena para recomendar
U02058,84204,4.7,2024-11-23,Final inesperado
U02058,75986,5.7,2025-12-01,Excelente recomendacion
U02058,257344,6.5,2024-10-21,La volveria a ver
U02058,36647,6.0,2025-11-30,Buen ritmo
U02058,10471,7.4,2024-11-01,Historia entretenida
U02058,33217,5.5,2024-10-28,No era lo que esperaba
U02058,194662,6.7,2026-02-26,Gran actuacion
U02058,72431,6.3,2025-05-18,Gran actuacion
U02059,87567,5.6,2026-01-02,Buena para recomendar
U02059,887,6.4,2024-04-01,Visualmente increible
U02059,752,8.7,2025-03-03,Gran actuacion
U02059,96,6.5,2023-10-26,La volveria a ver
U02059,873,8.5,2023-07-28,Buen ritmo
U02059,9614,5.2,2024-08-01,Excelente recomendacion
U02060,512,6.1,2025-04-15,Buen ritmo
U02060,10878,4.2,2024-10-03,Final inesperado
U02060,83542,7.9,2025-06-05,La volveria a ver
U02060,6488,5.0,2025-04-02,Final inesperado
U02060,24363,6.7,2025-10-06,Visualmente increible
U02061,23963,5.3,2025-04-14,Me gusto bastante
U02061,2135,4.8,2025-10-12,Gran actuacion
U02061,47686,6.7,2024-04-20,Me gusto bastante
U02061,1934,6.2,2026-04-08,Historia entretenida
U02061,11232,5.7,2025-06-26,Visualmente increible
U02061,278316,4.0,2026-03-11,Buena para recomendar
U02061,25643,6.5,2025-10-18,Buena para recomendar
U02061,8077,6.8,2026-01-21,Buen ritmo
U02061,657,8.3,2024-05-16,Excelente recomendacion
U02061,105,6.7,2025-04-07,Buen ritmo
U02062,13922,6.6,2026-03-20,Buena para recomendar
U02062,11516,7.3,2026-03-15,Buena para recomendar
U02062,37718,3.9,2026-03-16,Excelente recomendacion
U02062,19344,5.5,2026-03-15,Excelente recomendacion
U02062,8698,4.3,2026-03-19,Historia entretenida
U02062,17708,3.5,2026-03-16,Me gusto bastante
U02062,45650,6.0,2026-03-20,Buen ritmo
U02062,162903,5.6,2026-03-19,Visualmente increible
U02062,752,7.4,2026-03-25,Buena para recomendar
U02062,9955,4.7,2026-03-15,La volveria a ver
U02063,4258,4.4,2025-11-20,Buena para recomendar
U02063,56930,7.2,2026-01-04,No era lo que esperaba
U02063,72213,6.7,2025-09-21,Gran actuacion
U02063,185008,8.2,2026-04-07,Excelente recomendacion
U02063,14914,7.1,2025-08-08,Me gusto bastante
U02063,9566,4.8,2025-08-16,Visualmente increible
U02063,82675,5.7,2025-08-19,Me gusto bastante
U02064,199373,5.7,2024-06-19,No era lo que esperaba
U02064,14283,7.5,2023-07-21,Excelente recomendacion
U02064,1164,7.5,2023-02-12,La volveria a ver
U02064,84204,7.3,2024-04-03,No era lo que esperaba
U02064,25793,8.2,2022-08-11,Buen ritmo
U02064,13551,5.8,2023-01-25,Excelente recomendacion
U02064,2009,8.6,2024-11-06,Buen ritmo
U02064,134,5.9,2024-12-19,Visualmente increible
U02065,17880,5.1,2026-01-23,Gran actuacion
U02065,11631,6.3,2026-02-11,Final inesperado
U02065,58574,7.3,2026-02-04,Buena para recomendar
U02065,866,6.7,2026-02-27,Excelente recomendacion
U02065,30596,7.6,2026-03-02,Historia entretenida
U02065,299245,4.8,2026-02-17,Buen ritmo
U02065,18079,6.8,2026-01-26,No era lo que esperaba
U02065,179144,6.3,2026-03-07,No era lo que esperaba
U02065,24,6.5,2026-01-18,La volveria a ver
U02065,8007,6.7,2026-01-29,Me gusto bastante
U02065,12149,6.9,2026-01-11,Historia entretenida
U02066,860,5.9,2026-03-24,La volveria a ver
U02067,1073,5.7,2025-03-17,Me gusto bastante
U02067,10781,4.8,2024-07-13,Gran actuacion
U02067,2789,7.7,2025-08-22,Historia entretenida
U02067,13536,5.9,2024-06-17,Historia entretenida
U02067,12090,5.4,2024-08-23,Historia entretenida
U02067,3933,7.7,2024-12-03,Visualmente increible
U02067,11688,6.2,2025-08-05,Buen ritmo
U02067,190955,5.4,2024-08-06,Historia entretenida
U02067,10388,7.7,2024-05-12,Me gusto bastante
U02067,22051,5.5,2026-03-20,Buena para recomendar
U02068,18828,5.6,2026-02-17,Final inesperado
U02068,2069,6.1,2025-11-11,Buen ritmo
U02068,55306,7.6,2024-11-17,Gran actuacion
U02068,3082,8.9,2025-12-06,Buen ritmo
U02068,329833,5.1,2025-01-13,La volveria a ver
U02068,1591,8.0,2025-04-02,No era lo que esperaba
U02069,228550,2.0,2023-11-19,Excelente recomendacion
U02069,667,6.6,2025-05-01,Buen ritmo
U02069,2056,8.2,2025-07-11,Buen ritmo
U02069,270303,8.0,2025-11-19,Visualmente increible
U02069,10331,6.8,2025-08-01,Excelente recomendacion
U02069,935,7.4,2024-08-25,Final inesperado
U02069,8982,7.9,2024-02-03,No era lo que esperaba
U02069,9087,6.8,2026-01-12,Visualmente increible
U02069,33157,7.5,2023-09-10,No era lo que esperaba
U02069,142,6.8,2023-11-22,Buen ritmo
U02069,68718,7.3,2023-12-05,Buen ritmo
U02069,347764,6.2,2025-03-26,Buen ritmo
U02069,227719,5.5,2023-11-24,Buena para recomendar
U02070,2649,8.5,2024-06-07,Final inesperado
U02070,29427,6.0,2025-12-13,Me gusto bastante
U02070,6961,5.1,2025-05-13,Visualmente increible
U02070,7874,6.5,2024-06-29,Final inesperado
U02070,16781,6.5,2022-07-07,Final inesperado
U02070,1696,5.9,2025-12-26,Me gusto bastante
U02070,288980,6.8,2025-01-07,La volveria a ver
U02070,75612,7.8,2023-11-21,No era lo que esperaba
U02070,10191,6.1,2022-06-16,La volveria a ver
U02070,1262,8.4,2023-09-02,La volveria a ver
U02071,42618,6.9,2025-03-22,Final inesperado
U02071,3989,7.0,2026-01-14,Historia entretenida
U02071,9036,7.0,2023-12-22,No era lo que esperaba
U02071,104,7.9,2024-10-22,Visualmente increible
U02071,14869,6.6,2026-01-19,Gran actuacion
U02072,211557,4.7,2025-08-07,Historia entretenida
U02072,59917,8.2,2025-08-01,Historia entretenida
U02072,6639,5.8,2025-09-11,Final inesperado
U02072,256962,8.2,2026-01-28,No era lo que esperaba
U02072,44147,6.9,2025-05-07,Historia entretenida
U02072,6479,7.5,2025-09-06,Gran actuacion
U02072,355629,1.0,2025-06-13,No era lo que esperaba
U02072,155,7.6,2025-12-01,Buena para recomendar
U02072,557,8.0,2026-01-05,No era lo que esperaba
U02072,109091,4.9,2026-04-09,Historia entretenida
U02073,9620,6.7,2026-03-03,Me gusto bastante
U02073,76493,6.9,2026-02-04,Historia entretenida
U02073,274167,7.3,2026-02-16,Historia entretenida
U02073,10138,6.6,2026-03-23,Buen ritmo
U02073,3766,6.9,2026-02-23,Buen ritmo
U02073,22051,5.4,2026-03-31,Buen ritmo
U02074,11306,5.7,2023-12-15,La volveria a ver
U02074,10307,5.5,2025-12-22,Buena para recomendar
U02074,15765,7.9,2026-03-26,Buen ritmo
U02074,1593,5.4,2026-03-30,Visualmente increible
U02074,11978,7.2,2022-12-19,Historia entretenida
U02074,32579,7.4,2024-11-22,Historia entretenida
U02074,18923,5.6,2025-11-19,Visualmente increible
U02074,686,6.7,2025-11-06,Buena para recomendar
U02075,8292,6.4,2025-07-05,Buen ritmo
U02075,2059,6.9,2026-03-08,Gran actuacion
U02075,3600,5.6,2025-10-11,Final inesperado
U02075,12201,5.9,2025-05-17,Buena para recomendar
U02075,11770,7.6,2025-08-02,Final inesperado
U02076,159037,8.4,2024-11-27,Buena para recomendar
U02076,4464,8.1,2024-10-19,Gran actuacion
U02076,49519,8.1,2026-02-02,La volveria a ver
U02076,43306,5.7,2026-03-31,Historia entretenida
U02076,20862,5.7,2025-06-10,Buen ritmo
U02076,25312,4.9,2026-03-09,Excelente recomendacion
U02076,9095,5.5,2025-05-13,Buena para recomendar
U02076,672,6.9,2025-02-10,Final inesperado
U02076,333355,6.6,2025-06-26,Buen ritmo
U02076,157386,7.6,2025-11-21,Excelente recomendacion
U02076,34314,4.9,2024-10-30,Visualmente increible
U02076,18900,7.8,2025-04-14,Gran actuacion
U02076,9573,5.1,2025-03-04,Buena para recomendar
U02076,39254,7.0,2025-06-02,Buena para recomendar
U02077,533,7.1,2026-03-22,Buen ritmo
U02077,30309,6.4,2026-03-20,Buen ritmo
U02077,280,8.3,2025-01-12,Visualmente increible
U02077,598,6.9,2024-05-17,No era lo que esperaba
U02077,573,7.4,2025-05-17,Buena para recomendar
U02078,1777,5.4,2025-10-25,Buen ritmo
U02078,1245,6.3,2026-03-09,Buena para recomendar
U02078,100042,4.9,2026-01-08,Historia entretenida
U02078,270946,5.5,2026-03-23,Buena para recomendar
U02078,1970,6.9,2025-03-04,Final inesperado
U02078,102362,6.4,2025-12-28,Excelente recomendacion
U02078,947,9.1,2026-01-04,Buena para recomendar
U02078,9799,6.9,2025-10-23,Historia entretenida
U02078,41439,4.5,2025-04-23,Visualmente increible
U02078,9303,7.3,2026-02-28,Visualmente increible
U02078,792,7.9,2025-05-29,La volveria a ver
U02078,558,6.6,2025-06-17,Me gusto bastante
U02078,287524,5.3,2025-07-06,Buen ritmo
U02078,64690,6.7,2025-07-01,Final inesperado
U02078,11086,5.9,2026-03-21,Gran actuacion
U02079,18238,4.6,2023-04-14,No era lo que esperaba
U02079,8968,3.6,2024-01-09,Final inesperado
U02079,10622,7.7,2024-10-14,La volveria a ver
U02079,268,8.3,2022-10-26,Buena para recomendar
U02079,161795,6.7,2022-12-17,Gran actuacion
U02079,9889,4.3,2025-11-14,No era lo que esperaba
U02079,139948,7.8,2023-09-16,Historia entretenida
U02079,139998,6.3,2025-05-16,Visualmente increible
U02079,7913,8.4,2024-01-15,Excelente recomendacion
U02079,268171,7.4,2025-02-28,La volveria a ver
U02079,10188,5.6,2025-03-13,No era lo que esperaba
U02079,242512,4.7,2025-08-23,Historia entretenida
U02080,325373,6.8,2025-10-08,Historia entretenida
U02080,287524,3.6,2026-03-22,La volveria a ver
U02080,20406,6.7,2026-02-24,Buen ritmo
U02080,29015,6.4,2025-12-15,Final inesperado
U02080,52010,6.3,2026-01-19,Visualmente increible
U02081,11096,7.2,2024-12-17,Gran actuacion
U02081,24438,5.1,2025-06-24,La volveria a ver
U02081,77875,5.7,2025-09-25,Historia entretenida
U02081,65749,7.8,2025-04-24,Buena para recomendar
U02081,11156,7.5,2026-01-06,Gran actuacion
U02082,4347,8.7,2024-12-23,Historia entretenida
U02082,127918,5.3,2025-12-01,La volveria a ver
U02082,394047,4.1,2025-08-19,Gran actuacion
U02082,389425,3.3,2025-04-12,No era lo que esperaba
U02082,14047,7.4,2025-05-31,Excelente recomendacion
U02082,540,4.9,2024-09-09,Buen ritmo
U02082,9481,7.3,2024-12-11,Visualmente increible
U02083,8688,5.4,2025-10-28,No era lo que esperaba
U02083,1273,6.9,2025-12-20,Me gusto bastante
U02083,10765,6.6,2025-11-02,Historia entretenida
U02083,5353,6.3,2025-12-18,Excelente recomendacion
U02083,395,6.7,2025-10-16,Historia entretenida
U02083,11,6.8,2025-10-18,No era lo que esperaba
U02083,116613,4.7,2025-11-04,Gran actuacion
U02084,11802,5.7,2025-12-24,Gran actuacion
U02084,4995,7.7,2026-01-29,Historia entretenida
U02084,2652,7.6,2026-02-17,Me gusto bastante
U02084,72570,7.0,2025-08-11,Visualmente increible
U02084,291362,8.0,2025-11-09,Me gusto bastante
U02084,1817,7.5,2025-09-12,Excelente recomendacion
U02084,10673,6.2,2025-10-03,Visualmente increible
U02084,681,7.2,2025-09-03,Final inesperado
U02084,24,7.3,2026-01-06,La volveria a ver
U02084,37842,5.6,2026-03-10,Gran actuacion
U02084,11551,5.7,2025-10-18,Visualmente increible
U02084,204922,5.8,2026-03-18,Buena para recomendar
U02084,94072,3.1,2026-01-16,Gran actuacion
U02085,2771,8.1,2025-04-01,La volveria a ver
U02085,744,6.7,2025-09-28,Buen ritmo
U02085,43947,7.7,2025-04-30,Me gusto bastante
U02085,10490,7.2,2025-03-15,Buena para recomendar
U02085,376010,1.2,2025-08-27,Buena para recomendar
U02085,19844,4.4,2025-10-22,Excelente recomendacion
U02085,17047,4.8,2025-04-30,Me gusto bastante
U02085,274479,5.3,2025-03-09,Buen ritmo
U02085,10027,6.5,2026-01-18,Me gusto bastante
U02086,6217,5.5,2026-02-04,La volveria a ver
U02086,38579,4.6,2025-11-09,La volveria a ver
U02086,10991,5.4,2025-11-04,Final inesperado
U02086,268920,5.5,2026-03-01,Historia entretenida
U02086,11324,8.5,2026-02-14,Gran actuacion
U02086,241259,7.7,2025-12-16,Excelente recomendacion
U02087,364,5.2,2026-01-02,Gran actuacion
U02087,161,6.0,2024-02-07,Gran actuacion
U02087,60599,5.4,2025-11-07,No era lo que esperaba
U02087,539,6.9,2024-06-04,Final inesperado
U02087,354110,6.7,2023-12-29,Gran actuacion
U02087,66125,6.6,2022-05-17,Excelente recomendacion
U02087,5559,4.6,2025-07-29,Excelente recomendacion
U02087,39180,5.8,2026-04-01,No era lo que esperaba
U02087,16388,5.0,2023-10-31,Buen ritmo
U02087,62,8.0,2023-07-06,Excelente recomendacion
U02087,492,7.7,2023-12-09,Visualmente increible
U02088,68735,7.0,2023-08-21,Gran actuacion
U02088,35032,7.9,2024-02-14,Historia entretenida
U02088,14517,6.9,2023-02-23,Final inesperado
U02088,18937,7.2,2025-11-17,Historia entretenida
U02088,11153,7.5,2024-01-17,Buen ritmo
U02088,178862,6.1,2024-10-03,Buena para recomendar
U02088,25461,7.7,2024-08-26,Historia entretenida
U02088,13579,5.8,2024-03-20,Excelente recomendacion
U02089,12589,6.5,2025-03-16,Buena para recomendar
U02089,11247,6.7,2025-01-18,Visualmente increible
U02089,764,6.9,2024-07-07,Gran actuacion
U02089,62215,6.5,2024-11-25,Final inesperado
U02089,171759,5.4,2026-02-22,Final inesperado
U02089,10521,6.8,2025-01-22,Me gusto bastante
U02089,1581,5.7,2025-03-22,Excelente recomendacion
U02089,18276,5.7,2026-03-02,Buena para recomendar
U02089,10696,3.3,2024-08-29,Gran actuacion
U02089,10800,7.7,2024-05-13,Final inesperado
U02089,11397,6.7,2025-10-18,No era lo que esperaba
U02089,326,5.9,2024-09-28,Buen ritmo
U02089,40794,6.9,2025-08-13,Buena para recomendar
U02089,328307,8.4,2025-10-05,Buena para recomendar
U02090,192141,5.4,2026-03-18,La volveria a ver
U02090,10733,7.1,2024-12-23,Excelente recomendacion
U02090,1947,6.6,2024-09-24,Me gusto bastante
U02090,671,8.5,2024-02-11,Visualmente increible
U02091,13909,6.8,2024-02-01,Historia entretenida
U02091,11212,4.6,2023-12-26,Me gusto bastante
U02091,10866,6.2,2025-03-07,Buena para recomendar
U02091,10330,4.5,2024-02-16,La volveria a ver
U02091,13362,7.8,2024-01-10,Excelente recomendacion
U02091,15512,6.2,2026-04-04,Buen ritmo
U02091,866,7.8,2026-02-19,Me gusto bastante
U02091,53113,7.2,2025-12-03,No era lo que esperaba
U02091,10647,6.2,2025-07-15,Excelente recomendacion
U02091,13067,7.3,2023-10-08,Buen ritmo
U02091,12837,5.9,2025-03-04,No era lo que esperaba
U02092,38322,5.7,2025-12-11,Buena para recomendar
U02092,956,6.9,2026-01-19,Gran actuacion
U02092,19495,4.1,2025-10-10,Buena para recomendar
U02092,49020,6.2,2026-01-28,Visualmente increible
U02092,250124,6.6,2025-04-07,Final inesperado
U02092,12085,6.9,2025-11-05,No era lo que esperaba
U02093,6278,6.2,2025-10-08,La volveria a ver
U02093,33511,8.1,2024-01-31,Historia entretenida
U02093,370980,6.0,2023-01-13,Gran actuacion
U02093,10733,5.8,2023-04-15,Visualmente increible
U02093,32579,8.0,2025-12-10,Final inesperado
U02093,231617,5.9,2024-01-29,Buena para recomendar
U02093,710,6.5,2023-04-06,Buen ritmo
U02093,136795,6.9,2023-05-03,La volveria a ver
U02093,34563,6.4,2025-07-15,Final inesperado
U02093,16614,7.2,2023-12-30,Me gusto bastante
U02093,16899,6.2,2023-09-27,La volveria a ver
U02093,254472,4.3,2025-01-27,Excelente recomendacion
U02094,13576,7.4,2026-03-06,Excelente recomendacion
U02094,8975,6.0,2026-01-07,Visualmente increible
U02094,13150,6.3,2025-07-12,Buen ritmo
U02094,41283,7.3,2025-05-06,Me gusto bastante
U02094,77950,6.9,2026-01-13,Buen ritmo
U02094,2133,4.8,2025-12-09,Excelente recomendacion
U02094,326,5.7,2025-09-10,Visualmente increible
U02094,8909,6.0,2025-05-28,Historia entretenida
U02094,74643,6.6,2025-04-26,La volveria a ver
U02094,7512,6.0,2025-10-30,Buena para recomendar
U02095,78814,3.5,2024-11-17,Gran actuacion
U02095,792,6.3,2025-10-05,Me gusto bastante
U02095,100,6.8,2024-05-17,Visualmente increible
U02095,309809,6.5,2026-01-14,La volveria a ver
U02095,671,7.5,2024-09-09,Excelente recomendacion
U02096,675,6.8,2025-02-09,No era lo que esperaba
U02096,357834,1.0,2025-06-11,Excelente recomendacion
U02096,161,7.5,2026-04-10,Historia entretenida
U02096,210860,4.7,2025-07-12,Final inesperado
U02096,19644,6.2,2025-09-15,La volveria a ver
U02096,71679,6.3,2025-10-20,Buen ritmo
U02096,4858,6.9,2025-07-26,Historia entretenida
U02096,12100,5.8,2025-05-20,Buen ritmo
U02096,11013,7.4,2024-12-10,Gran actuacion
U02096,100,7.3,2025-01-23,La volveria a ver
U02097,888,4.0,2025-05-27,Me gusto bastante
U02097,15660,6.2,2022-12-22,Excelente recomendacion
U02097,46529,5.3,2025-09-05,Buena para recomendar
U02098,658,7.1,2025-04-21,Buena para recomendar
U02098,95,5.4,2024-12-01,No era lo que esperaba
U02098,223702,6.3,2026-03-23,Historia entretenida
U02098,13184,4.8,2025-12-24,La volveria a ver
U02098,13025,5.7,2025-02-23,Buen ritmo
U02098,3062,5.1,2026-03-27,Buena para recomendar
U02098,14358,6.9,2025-12-07,Historia entretenida
U02099,78149,2.6,2024-06-13,Historia entretenida
U02099,38358,5.3,2024-08-11,Gran actuacion
U02099,31306,6.9,2025-04-25,Me gusto bastante
U02099,46415,1.8,2025-12-28,Buen ritmo
U02099,14811,8.0,2024-05-04,No era lo que esperaba
U02099,41830,6.7,2025-01-13,Excelente recomendacion
U02099,22805,5.8,2025-11-05,Gran actuacion
U02099,89750,6.2,2026-01-08,La volveria a ver
U02099,39833,4.2,2024-08-01,No era lo que esperaba
U02099,5255,5.6,2025-08-16,Excelente recomendacion
U02099,266102,5.8,2025-09-06,Visualmente increible
U02099,187017,6.9,2025-10-25,Historia entretenida
U02099,60243,6.8,2025-03-30,No era lo que esperaba
U02099,62,6.5,2025-09-24,Final inesperado
U02099,8843,6.2,2024-12-22,Gran actuacion
U02099,409,7.8,2025-01-14,Excelente recomendacion
U02100,10530,6.0,2025-05-04,Excelente recomendacion
U02100,55420,6.5,2026-03-26,La volveria a ver
U02100,41894,7.2,2025-01-27,Me gusto bastante
U02100,137113,7.8,2025-09-09,Visualmente increible
U02100,12506,5.5,2026-02-16,Historia entretenida
U02101,3683,6.0,2026-03-24,Final inesperado
U02101,702,7.8,2025-02-19,Visualmente increible
U02101,1913,7.9,2025-01-10,Historia entretenida
U02101,72766,7.2,2025-05-02,Historia entretenida
U02101,889,4.5,2024-08-18,Visualmente increible
U02101,60309,6.3,2025-07-25,Final inesperado
U02101,62213,6.7,2025-10-08,Excelente recomendacion
U02101,8942,6.5,2025-10-13,Me gusto bastante
U02101,9618,4.6,2025-11-15,Historia entretenida
U02101,10674,7.1,2024-11-28,Visualmente increible
U02101,14325,7.7,2024-08-05,Me gusto bastante
U02101,22617,6.2,2025-09-14,Buen ritmo
U02102,16558,6.8,2025-02-28,No era lo que esperaba
U02102,11622,6.9,2025-02-19,Historia entretenida
U02102,85,6.9,2025-07-12,Buena para recomendar
U02102,9641,5.9,2025-10-15,Me gusto bastante
U02102,1878,8.6,2025-09-13,Final inesperado
U02102,26379,6.0,2025-10-12,Historia entretenida
U02102,12106,5.0,2024-04-27,No era lo que esperaba
U02102,8456,7.3,2025-04-30,Buena para recomendar
U02103,9621,5.5,2024-04-10,Me gusto bastante
U02103,109091,5.0,2025-01-21,La volveria a ver
U02103,10743,4.9,2024-06-02,Buena para recomendar
U02103,3989,7.0,2024-09-07,Excelente recomendacion
U02103,121986,6.2,2025-11-24,Visualmente increible
U02103,80,8.7,2025-03-19,Final inesperado
U02103,11456,5.7,2025-06-29,Me gusto bastante
U02103,169917,6.9,2025-12-09,Visualmente increible
U02103,147441,5.1,2023-09-02,La volveria a ver
U02103,21461,7.0,2023-09-21,Historia entretenida
U02103,57157,5.6,2025-02-09,Historia entretenida
U02103,5769,4.7,2024-01-01,Gran actuacion
U02104,12620,4.9,2025-10-25,Me gusto bastante
U02104,13411,5.3,2025-04-14,Historia entretenida
U02104,103663,7.2,2025-05-28,Me gusto bastante
U02104,745,6.7,2025-05-04,Excelente recomendacion
U02104,26618,7.7,2026-03-15,Excelente recomendacion
U02105,8988,6.3,2025-11-03,Historia entretenida
U02105,6016,5.9,2025-09-21,No era lo que esperaba
U02105,12,6.4,2025-06-22,No era lo que esperaba
U02105,315664,5.4,2025-02-17,Me gusto bastante
U02105,497,7.6,2025-02-14,Historia entretenida
U02105,15045,2.8,2024-09-10,La volveria a ver
U02105,242083,4.6,2025-01-11,Historia entretenida
U02105,4584,8.3,2025-03-12,Buen ritmo
U02105,12437,6.6,2025-09-02,Buen ritmo
U02105,35944,5.8,2025-01-25,Gran actuacion
U02105,72086,7.9,2025-04-20,Excelente recomendacion
U02105,11863,3.7,2025-09-11,La volveria a ver
U02105,182873,5.1,2025-05-16,Buena para recomendar
U02105,11001,5.4,2025-10-01,Buen ritmo
U02105,34314,6.6,2025-03-13,Buen ritmo
U02105,167073,8.4,2025-01-29,Gran actuacion
U02105,59861,6.3,2025-05-21,No era lo que esperaba
U02106,9823,2.4,2026-04-09,Final inesperado
U02106,38322,5.7,2026-01-28,Buen ritmo
U02106,257211,8.2,2026-03-13,No era lo que esperaba
U02106,1970,6.2,2026-03-14,Visualmente increible
U02106,180296,3.9,2025-12-11,No era lo que esperaba
U02106,27581,6.1,2025-11-26,Excelente recomendacion
U02106,46889,6.0,2025-11-01,Me gusto bastante
U02106,9593,7.0,2025-12-12,La volveria a ver
U02107,756,6.6,2026-03-02,Buen ritmo
U02107,210577,6.5,2026-01-22,Me gusto bastante
U02107,14139,6.4,2026-02-25,Excelente recomendacion
U02107,1576,7.6,2025-09-29,Visualmente increible
U02107,9923,5.8,2022-10-14,Excelente recomendacion
U02107,244786,8.8,2026-03-06,Buen ritmo
U02107,28355,5.9,2024-09-29,Excelente recomendacion
U02108,8840,5.7,2025-06-29,Buena para recomendar
U02108,19,7.1,2023-04-02,Buen ritmo
U02108,6488,4.7,2025-09-25,Buena para recomendar
U02108,579,5.1,2025-07-11,Buena para recomendar
U02108,41730,4.4,2024-05-06,Buen ritmo
U02108,48034,6.8,2024-04-29,Visualmente increible
U02108,13682,5.1,2025-05-05,Final inesperado
U02108,709,7.3,2023-06-28,La volveria a ver
U02108,103370,5.3,2023-11-07,Gran actuacion
U02108,385383,3.5,2023-06-06,Gran actuacion
U02108,9357,5.7,2025-08-22,Gran actuacion
U02109,944,6.3,2026-01-09,Buen ritmo
U02109,317930,3.8,2026-03-11,Final inesperado
U02109,47546,4.9,2025-10-01,Gran actuacion
U02109,102382,7.4,2024-06-16,No era lo que esperaba
U02109,24428,7.0,2025-08-14,La volveria a ver
U02109,291270,5.5,2024-09-17,Visualmente increible
U02109,10153,6.0,2024-07-27,Final inesperado
U02109,13827,4.8,2024-11-19,Gran actuacion
U02109,293660,6.4,2025-11-30,Excelente recomendacion
U02109,39541,5.0,2024-10-27,Gran actuacion
U02109,2118,7.9,2026-03-13,Gran actuacion
U02109,239566,7.7,2025-02-02,No era lo que esperaba
U02110,28260,7.0,2025-02-16,Final inesperado
U02110,11543,5.4,2023-12-30,Final inesperado
U02110,1887,5.9,2024-12-14,Visualmente increible
U02110,68718,6.9,2023-10-19,Visualmente increible
U02110,16428,4.9,2025-01-06,Buena para recomendar
U02111,11091,7.6,2026-01-12,La volveria a ver
U02111,294254,5.4,2024-07-18,Buen ritmo
U02111,116,7.8,2024-10-14,Excelente recomendacion
U02111,820,8.8,2024-12-19,Gran actuacion
U02111,42057,3.6,2025-08-08,Buen ritmo
U02111,222899,6.4,2025-01-01,Final inesperado
U02111,20770,7.9,2024-11-05,Excelente recomendacion
U02111,709,6.7,2025-01-16,Buen ritmo
U02112,9821,7.6,2025-02-28,Gran actuacion
U02112,21461,8.3,2025-06-07,Historia entretenida
U02112,142132,4.3,2025-03-20,Buen ritmo
U02112,86838,6.5,2025-05-30,Buen ritmo
U02112,15699,6.2,2024-10-30,La volveria a ver
U02113,11544,7.5,2023-10-02,Buen ritmo
U02113,50014,6.9,2025-11-20,Final inesperado
U02113,190955,5.9,2023-07-21,Buena para recomendar
U02113,9476,7.3,2023-06-01,Visualmente increible
U02113,137106,7.1,2025-10-02,Gran actuacion
U02113,13518,7.5,2025-02-01,Me gusto bastante
U02113,15268,3.3,2024-08-03,Historia entretenida
U02114,11398,6.7,2024-07-18,No era lo que esperaba
U02114,232679,5.0,2023-12-31,Gran actuacion
U02114,837,7.9,2025-01-22,Final inesperado
U02114,9448,6.1,2024-06-28,Excelente recomendacion
U02114,11165,6.3,2024-11-13,Historia entretenida
U02114,76170,7.0,2025-11-20,Me gusto bastante
U02114,22798,6.0,2025-02-20,No era lo que esperaba
U02114,26673,2.3,2025-06-21,La volveria a ver
U02114,48988,4.9,2026-02-20,No era lo que esperaba
U02115,21283,6.1,2022-11-12,Visualmente increible
U02115,28932,7.7,2023-01-20,Buena para recomendar
U02115,8967,6.9,2025-05-14,Visualmente increible
U02115,14043,6.5,2023-01-07,Buen ritmo
U02115,38780,4.9,2024-12-13,Excelente recomendacion
U02115,13193,5.2,2022-12-18,Visualmente increible
U02115,9816,7.4,2024-04-21,Me gusto bastante
U02115,242,7.1,2023-11-17,Final inesperado
U02115,2655,5.6,2024-01-22,Me gusto bastante
U02115,46529,4.5,2022-12-31,Gran actuacion
U02115,228326,8.5,2025-02-18,No era lo que esperaba
U02115,18900,7.5,2023-12-27,Buena para recomendar
U02116,1934,6.6,2026-02-23,Visualmente increible
U02116,13074,4.8,2025-05-29,Buen ritmo
U02116,49963,7.5,2025-08-30,Excelente recomendacion
U02116,80035,6.8,2026-01-11,Buen ritmo
U02116,11917,6.9,2026-03-30,Buen ritmo
U02116,11812,5.1,2026-02-27,Final inesperado
U02116,198663,8.3,2026-02-26,Final inesperado
U02116,70981,7.8,2026-01-07,Buen ritmo
U02117,16110,3.3,2023-10-08,Historia entretenida
U02117,9555,7.4,2024-01-29,Gran actuacion
U02117,27578,7.4,2022-09-04,Buena para recomendar
U02117,11887,5.0,2022-09-28,Excelente recomendacion
U02117,15568,5.9,2025-05-25,La volveria a ver
U02117,3059,6.2,2023-05-02,Historia entretenida
U02117,152,7.3,2023-01-06,La volveria a ver
U02117,40652,6.0,2025-12-07,La volveria a ver
U02117,19419,5.1,2024-03-07,Me gusto bastante
U02117,13973,5.3,2025-07-25,Me gusto bastante
U02118,14799,6.7,2026-04-03,Historia entretenida
U02118,15268,4.8,2026-03-12,La volveria a ver
U02118,4476,7.3,2025-11-17,Gran actuacion
U02118,44040,6.5,2026-01-14,Final inesperado
U02118,109410,5.7,2026-03-19,Buen ritmo
U02118,375290,8.1,2026-01-11,No era lo que esperaba
U02118,1677,7.7,2025-12-11,Buena para recomendar
U02118,87101,7.1,2026-02-12,Me gusto bastante
U02118,54138,7.6,2026-04-05,Buen ritmo
U02118,24977,7.7,2026-03-07,Me gusto bastante
U02118,154,6.8,2026-01-30,Excelente recomendacion
U02118,90414,7.3,2026-01-03,Visualmente increible
U02118,147767,6.0,2026-04-03,Historia entretenida
U02118,168259,8.5,2026-01-21,Excelente recomendacion
U02119,12163,8.5,2023-03-09,La volveria a ver
U02119,18442,3.4,2025-08-12,Buen ritmo
U02119,71,6.0,2025-01-26,No era lo que esperaba
U02119,9045,7.1,2023-11-22,Buena para recomendar
U02119,597,8.2,2023-11-27,Buen ritmo
U02119,10393,6.2,2025-03-29,Gran actuacion
U02119,74725,5.1,2025-09-28,Excelente recomendacion
U02119,11,8.9,2023-11-09,Final inesperado
U02119,38167,7.2,2025-11-19,Buena para recomendar
U02119,304357,6.6,2023-03-20,Historia entretenida
U02119,44413,7.0,2023-12-01,Me gusto bastante
U02120,36657,8.2,2024-05-31,Historia entretenida
U02120,12182,7.1,2026-01-16,Buen ritmo
U02120,10215,6.0,2026-01-22,La volveria a ver
U02120,11128,6.8,2025-04-25,Excelente recomendacion
U02120,8489,5.4,2024-07-29,Gran actuacion
U02120,49519,5.6,2025-11-20,No era lo que esperaba
U02120,309503,4.8,2024-06-12,Visualmente increible
U02120,14181,6.7,2023-03-20,Buen ritmo
U02121,666,8.2,2025-11-25,Gran actuacion
U02121,18357,3.2,2025-09-08,Buena para recomendar
U02121,62204,6.2,2024-09-07,Me gusto bastante
U02121,25786,4.2,2025-08-21,Historia entretenida
U02121,12163,7.6,2026-02-26,Visualmente increible
U02121,672,8.0,2026-01-12,La volveria a ver
U02121,11442,4.4,2026-03-05,Historia entretenida
U02121,9631,6.2,2025-02-27,Visualmente increible
U02122,10223,6.0,2025-11-16,Buen ritmo
U02122,11439,5.6,2026-03-19,No era lo que esperaba
U02122,47452,6.1,2026-03-10,Historia entretenida
U02122,39437,4.9,2026-03-04,La volveria a ver
U02123,226458,3.8,2026-04-06,No era lo que esperaba
U02123,11058,3.3,2025-11-20,Buen ritmo
U02123,49051,8.4,2025-09-12,Buen ritmo
U02123,9280,7.1,2025-10-01,Buen ritmo
U02123,38541,5.3,2026-01-08,Excelente recomendacion
U02123,32657,7.4,2026-01-24,No era lo que esperaba
U02123,373314,4.3,2025-10-02,Me gusto bastante
U02123,50546,4.8,2026-02-08,Visualmente increible
U02123,132344,8.2,2025-11-22,Excelente recomendacion
U02124,8461,6.2,2026-02-05,La volveria a ver
U02124,11583,7.9,2025-02-28,No era lo que esperaba
U02124,131631,6.9,2023-02-28,No era lo que esperaba
U02124,955,5.3,2023-08-10,No era lo que esperaba
U02124,11199,7.1,2024-06-08,Excelente recomendacion
U02124,674,7.8,2025-05-30,Buen ritmo
U02124,671,7.0,2023-05-07,Buen ritmo
U02125,253626,4.9,2025-04-11,Gran actuacion
U02125,14849,7.1,2025-01-20,Historia entretenida
U02125,9029,4.9,2024-10-17,La volveria a ver
U02125,862,8.3,2024-07-26,Gran actuacion
U02125,68724,6.9,2026-01-30,Excelente recomendacion
U02125,102382,5.2,2024-07-15,Gran actuacion
U02125,14181,5.5,2025-11-17,Buen ritmo
U02125,9981,5.7,2024-10-03,Buena para recomendar
U02125,74725,7.2,2025-12-16,La volveria a ver
U02125,10589,6.7,2026-03-22,Buen ritmo
U02125,266034,5.9,2025-05-01,Me gusto bastante
U02125,11887,5.6,2024-07-25,Final inesperado
U02125,13551,6.1,2026-02-19,Buena para recomendar
U02125,322194,3.1,2025-01-11,La volveria a ver
U02125,9374,4.9,2026-02-24,Final inesperado
U02125,28053,8.0,2024-08-15,Excelente recomendacion
U02126,9390,6.3,2025-04-24,Historia entretenida
U02126,13184,6.2,2024-12-30,La volveria a ver
U02126,48572,7.1,2025-04-18,Me gusto bastante
U02126,238,8.6,2025-03-27,Buen ritmo
U02126,238636,5.5,2025-03-17,Gran actuacion
U02126,127867,4.7,2025-01-05,Excelente recomendacion
U02126,4547,6.7,2025-05-20,Buena para recomendar
U02126,1824,5.3,2025-05-04,Me gusto bastante
U02126,957,6.8,2025-10-02,Gran actuacion
U02126,2287,7.1,2026-01-21,Me gusto bastante
U02127,2575,6.0,2023-03-14,Excelente recomendacion
U02127,15655,5.9,2023-02-26,Buena para recomendar
U02127,77883,7.1,2024-12-02,Final inesperado
U02127,549,5.8,2022-04-27,No era lo que esperaba
U02127,11457,7.6,2025-07-03,Excelente recomendacion
U02127,119450,8.3,2025-03-27,Final inesperado
U02127,16858,7.0,2022-07-16,Historia entretenida
U02127,297621,6.8,2026-03-01,La volveria a ver
U02127,11648,6.3,2022-07-29,La volveria a ver
U02128,9837,5.4,2025-02-23,No era lo que esperaba
U02128,10472,3.9,2025-08-15,Visualmente increible
U02128,38,7.6,2026-03-10,La volveria a ver
U02128,889,5.7,2025-11-26,Gran actuacion
U02128,10764,5.3,2023-11-02,Me gusto bastante
U02128,136400,7.1,2023-04-24,Historia entretenida
U02128,12247,6.5,2023-04-14,Buena para recomendar
U02128,9645,4.6,2023-10-22,Excelente recomendacion
U02128,9487,6.4,2024-04-15,No era lo que esperaba
U02128,5769,5.2,2026-01-14,No era lo que esperaba
U02128,146203,5.8,2026-03-28,Visualmente increible
U02129,9813,6.7,2023-07-17,Gran actuacion
U02129,10611,6.2,2025-03-15,Excelente recomendacion
U02129,80304,6.9,2023-08-18,La volveria a ver
U02129,185008,6.8,2026-02-08,Historia entretenida
U02129,874,6.2,2025-05-03,Me gusto bastante
U02129,14435,4.4,2025-12-17,La volveria a ver
U02129,14873,5.5,2023-09-13,Historia entretenida
U02129,7873,6.2,2024-12-02,Visualmente increible
U02129,25208,7.2,2025-06-18,No era lo que esperaba
U02129,24746,6.6,2024-02-10,Final inesperado
U02129,41144,7.4,2026-01-25,Buen ritmo
U02129,11973,5.7,2026-03-17,Final inesperado
U02130,208869,6.9,2025-08-11,No era lo que esperaba
U02130,10071,4.7,2024-12-02,Excelente recomendacion
U02130,294600,6.4,2024-11-05,Visualmente increible
U02130,24438,5.0,2025-05-22,Final inesperado
U02130,590,5.7,2025-08-12,La volveria a ver
U02130,16337,6.5,2025-02-15,No era lo que esperaba
U02130,83666,6.8,2025-12-14,Buena para recomendar
U02130,756,5.7,2025-01-08,Me gusto bastante
U02130,1933,7.2,2025-09-08,Me gusto bastante
U02130,8452,6.7,2025-03-17,No era lo que esperaba
U02130,104755,4.5,2024-12-26,Visualmente increible
U02130,39141,5.6,2024-05-18,Historia entretenida
U02130,4512,6.8,2026-01-02,Gran actuacion
U02130,1642,6.1,2025-10-04,Gran actuacion
U02130,9656,4.1,2025-08-25,Final inesperado
U02130,668,7.4,2025-02-03,Buen ritmo
U02130,7737,5.2,2024-07-16,La volveria a ver
U02130,12149,8.0,2025-11-01,Historia entretenida
U02131,11619,5.1,2026-04-03,Buen ritmo
U02131,9502,6.5,2026-01-25,Final inesperado
U02131,272,6.1,2026-03-06,No era lo que esperaba
U02131,21612,6.3,2025-12-29,Final inesperado
U02131,24684,6.0,2026-01-18,Historia entretenida
U02131,9982,6.8,2026-04-03,Me gusto bastante
U02132,8681,6.4,2026-04-05,Me gusto bastante
U02132,261023,5.8,2026-01-01,Final inesperado
U02132,43867,9.1,2026-03-18,Excelente recomendacion
U02132,38541,5.8,2025-12-12,Gran actuacion
U02132,59440,8.3,2026-03-22,Me gusto bastante
U02132,9459,8.1,2025-11-23,Buena para recomendar
U02132,9030,4.2,2025-12-06,Final inesperado
U02133,13649,6.0,2026-04-02,Buen ritmo
U02133,19344,5.4,2026-04-03,Gran actuacion
U02133,14396,4.2,2026-04-05,Buena para recomendar
U02133,489,7.6,2026-04-02,Visualmente increible
U02133,948,6.6,2026-04-04,Gran actuacion
U02133,14295,5.6,2026-03-29,La volveria a ver
U02134,3683,6.9,2025-10-21,Historia entretenida
U02134,253,5.3,2025-05-24,Historia entretenida
U02134,25388,6.8,2025-09-18,Visualmente increible
U02134,258489,4.8,2025-11-29,Me gusto bastante
U02134,41515,4.0,2025-06-04,Final inesperado
U02134,10314,5.4,2026-01-11,Final inesperado
U02134,12088,4.9,2025-09-06,No era lo que esperaba
U02134,9472,5.0,2025-06-06,Buen ritmo
U02134,7350,7.4,2025-08-22,Historia entretenida
U02134,868,6.0,2025-10-28,Historia entretenida
U02134,25189,5.2,2025-12-15,Excelente recomendacion
U02134,46729,6.0,2026-03-22,Historia entretenida
U02135,9104,5.0,2025-08-07,No era lo que esperaba
U02135,30497,8.5,2026-01-20,Buena para recomendar
U02135,11186,4.8,2025-12-13,Final inesperado
U02135,336004,5.5,2025-09-16,Excelente recomendacion
U02135,232672,6.5,2026-01-20,Final inesperado
U02135,9781,7.4,2025-08-28,Visualmente increible
U02135,10999,7.1,2025-10-27,Buena para recomendar
U02135,25189,7.3,2026-02-07,Buen ritmo
U02135,330770,5.3,2025-10-18,La volveria a ver
U02136,2211,5.3,2023-07-02,No era lo que esperaba
U02136,38153,3.6,2024-06-15,Me gusto bastante
U02136,44594,7.4,2024-10-01,Gran actuacion
U02136,14849,5.7,2023-12-06,Visualmente increible
U02136,10426,7.0,2025-05-16,No era lo que esperaba
U02136,1883,7.9,2025-04-09,Visualmente increible
U02136,57943,3.3,2024-10-21,Buena para recomendar
U02136,595,9.4,2026-01-25,Me gusto bastante
U02136,16288,5.8,2024-09-18,Historia entretenida
U02136,30979,4.9,2024-06-26,La volveria a ver
U02136,576,8.6,2023-12-05,Excelente recomendacion
U02136,1729,7.2,2024-08-17,No era lo que esperaba
U02136,64559,5.4,2023-05-16,Me gusto bastante
U02136,26843,7.6,2025-12-25,La volveria a ver
U02137,49018,8.2,2025-08-22,No era lo que esperaba
U02137,1165,8.0,2024-06-11,Visualmente increible
U02137,15256,7.1,2025-12-19,No era lo que esperaba
U02137,549,5.9,2025-04-22,Buen ritmo
U02137,46889,5.3,2025-03-28,Buen ritmo
U02137,254472,3.8,2025-07-04,Me gusto bastante
U02137,69270,5.8,2024-07-10,Gran actuacion
U02137,20406,6.8,2024-09-25,No era lo que esperaba
U02137,10358,5.4,2025-03-10,Final inesperado
U02137,8273,5.5,2025-09-18,Excelente recomendacion
U02137,44147,6.5,2026-02-13,Buena para recomendar
U02137,14757,5.0,2026-01-05,Me gusto bastante
U02137,50546,4.8,2025-02-20,La volveria a ver
U02137,39563,7.4,2024-12-18,Buen ritmo
U02137,319888,7.2,2025-12-30,Final inesperado
U02137,389,8.0,2025-05-20,Historia entretenida
U02138,39514,5.9,2026-03-21,La volveria a ver
U02138,13374,4.5,2026-01-11,Buena para recomendar
U02138,818,4.6,2026-01-11,Excelente recomendacion
U02138,90,5.4,2026-03-02,Historia entretenida
U02138,13596,5.2,2026-02-07,Historia entretenida
U02138,526,8.2,2025-12-02,Me gusto bastante
U02139,215,7.0,2025-10-18,Visualmente increible
U02139,180296,6.3,2025-07-24,Historia entretenida
U02139,19898,5.8,2025-07-17,Me gusto bastante
U02140,44865,5.5,2026-01-01,Historia entretenida
U02140,1250,3.9,2026-01-20,Gran actuacion
U02140,109431,6.9,2025-11-25,Gran actuacion
U02140,11015,4.5,2026-04-07,Buen ritmo
U02140,9289,7.1,2026-03-15,La volveria a ver
U02140,40428,6.5,2026-02-09,La volveria a ver
U02140,13996,7.4,2026-03-11,Visualmente increible
U02140,25189,7.5,2026-02-16,Me gusto bastante
U02140,48171,5.2,2026-02-09,Gran actuacion
U02140,4379,6.0,2025-12-05,Gran actuacion
U02140,36955,5.8,2026-01-15,Excelente recomendacion
U02141,12133,6.3,2023-06-14,Me gusto bastante
U02141,64720,8.1,2024-04-20,Historia entretenida
U02141,100042,4.3,2025-07-19,Visualmente increible
U02141,367961,7.6,2025-03-28,Excelente recomendacion
U02141,12,8.5,2023-09-09,Final inesperado
U02141,38448,7.3,2022-10-13,No era lo que esperaba
U02141,84175,8.3,2024-11-08,Final inesperado
U02141,77948,4.9,2023-10-16,Buena para recomendar
U02141,8835,6.3,2025-10-27,Me gusto bastante
U02142,16857,6.3,2025-08-23,La volveria a ver
U02142,1246,6.1,2024-05-30,No era lo que esperaba
U02142,928,4.7,2026-03-22,La volveria a ver
U02142,8367,6.3,2025-01-19,Me gusto bastante
U02142,158011,7.6,2025-12-25,Final inesperado
U02142,30943,6.4,2025-01-25,Historia entretenida
U02142,411,6.8,2026-03-22,Buena para recomendar
U02142,37165,6.6,2025-11-14,Excelente recomendacion
U02143,666,6.3,2025-11-13,La volveria a ver
U02143,2026,5.6,2025-09-17,Excelente recomendacion
U02143,29122,4.6,2025-07-26,Buen ritmo
U02143,5038,5.5,2025-10-09,Excelente recomendacion
U02143,15673,6.5,2025-10-26,Buena para recomendar
U02143,335,8.7,2026-03-16,Me gusto bastante
U02143,1832,5.9,2025-02-03,Me gusto bastante
U02143,10030,7.0,2026-01-08,Excelente recomendacion
U02143,264660,7.2,2026-03-16,Buen ritmo
U02143,15670,7.0,2026-01-20,Excelente recomendacion
U02144,306,6.7,2025-06-18,Excelente recomendacion
U02144,315011,7.2,2025-11-08,No era lo que esperaba
U02144,8291,7.4,2025-09-19,La volveria a ver
U02144,766,8.4,2025-04-22,Gran actuacion
U02144,23069,7.4,2025-08-23,Me gusto bastante
U02144,388,5.9,2025-07-06,Final inesperado
U02144,525,8.1,2025-07-02,Excelente recomendacion
U02144,4011,7.4,2024-10-12,No era lo que esperaba
U02144,10208,7.2,2025-08-03,La volveria a ver
U02144,71859,6.1,2025-03-07,No era lo que esperaba
U02144,297621,4.3,2025-08-03,Buena para recomendar
U02144,6538,5.1,2026-02-28,Gran actuacion
U02144,674,7.0,2026-01-12,Me gusto bastante
U02144,10050,4.9,2025-08-23,Visualmente increible
U02144,332285,5.5,2026-03-18,Historia entretenida
U02144,2749,5.3,2024-11-06,Buena para recomendar
U02144,68818,5.2,2025-12-09,Historia entretenida
U02144,321697,6.9,2025-11-15,Me gusto bastante
U02145,19052,7.0,2024-08-01,Historia entretenida
U02145,9783,5.3,2024-02-06,Visualmente increible
U02145,36334,6.9,2024-03-08,Gran actuacion
U02145,78381,5.1,2025-11-07,Me gusto bastante
U02145,138832,5.8,2024-07-30,La volveria a ver
U02145,33,6.2,2024-07-08,No era lo que esperaba
U02145,348,8.1,2024-10-29,Gran actuacion
U02145,4148,7.3,2024-11-18,La volveria a ver
U02145,9912,7.0,2025-05-10,No era lo que esperaba
U02145,14271,7.5,2025-02-01,Visualmente increible
U02146,10428,6.0,2025-11-27,Buena para recomendar
U02146,7870,4.8,2024-04-22,Excelente recomendacion
U02146,38985,6.7,2023-12-14,Me gusto bastante
U02146,13503,6.9,2024-10-19,Gran actuacion
U02146,9822,5.5,2023-12-14,Historia entretenida
U02146,30139,3.7,2024-04-27,Buena para recomendar
U02146,31166,4.8,2023-01-18,Final inesperado
U02146,102362,7.0,2023-05-24,La volveria a ver
U02147,9034,6.1,2025-08-13,La volveria a ver
U02147,38322,5.3,2024-12-31,Gran actuacion
U02147,10065,5.9,2026-04-04,Final inesperado
U02147,5822,6.0,2025-03-23,Visualmente increible
U02147,55616,5.9,2025-01-31,Final inesperado
U02147,175541,6.8,2025-12-11,Buen ritmo
U02147,65057,7.2,2025-03-10,Gran actuacion
U02147,9728,4.7,2025-07-24,Visualmente increible
U02147,44413,5.8,2025-04-29,Excelente recomendacion
U02147,25166,5.9,2025-09-08,Final inesperado
U02148,455,7.1,2025-06-27,Gran actuacion
U02148,300327,1.0,2025-11-19,Buen ritmo
U02148,318846,6.8,2024-01-09,Historia entretenida
U02148,14299,7.6,2025-03-18,Visualmente increible
U02148,848,8.0,2025-01-19,No era lo que esperaba
U02148,24021,6.8,2024-12-28,No era lo que esperaba
U02148,9549,7.2,2024-11-15,Buena para recomendar
U02148,16186,7.3,2024-11-19,Buena para recomendar
U02148,76758,8.1,2025-12-09,La volveria a ver
U02148,425,6.0,2024-04-20,Final inesperado
U02149,13282,5.0,2026-01-25,La volveria a ver
U02149,2085,6.5,2025-07-23,Final inesperado
U02149,956,5.5,2025-08-24,Me gusto bastante
U02149,325133,6.5,2025-11-23,Excelente recomendacion
U02149,1852,5.6,2025-04-13,Gran actuacion
U02149,9414,6.5,2025-09-24,Historia entretenida
U02149,754,7.4,2025-05-16,Gran actuacion
U02150,48138,7.7,2025-11-13,Buen ritmo
U02150,365222,7.8,2025-11-18,Excelente recomendacion
U02150,243940,5.9,2026-01-08,Gran actuacion
U02150,9567,5.2,2026-02-25,No era lo que esperaba
U02150,4257,4.7,2026-03-06,Buen ritmo
U02151,14034,5.7,2024-08-09,Final inesperado
U02151,331745,6.1,2025-02-16,Final inesperado
U02151,205596,7.4,2024-08-06,No era lo que esperaba
U02151,184315,4.9,2025-01-08,Gran actuacion
U02151,23963,5.5,2026-03-23,Me gusto bastante
U02151,20156,7.2,2026-02-21,Buen ritmo
U02151,378200,4.3,2024-06-06,No era lo que esperaba
U02151,2976,7.7,2025-02-22,Buena para recomendar
U02152,15198,5.2,2026-03-11,Historia entretenida
U02152,317930,4.8,2026-03-20,No era lo que esperaba
U02152,9991,4.9,2026-04-06,Gran actuacion
U02152,44490,4.9,2026-03-17,No era lo que esperaba
U02152,266856,7.8,2026-03-14,Me gusto bastante
U02152,14411,7.4,2026-02-28,No era lo que esperaba
U02152,251,7.5,2026-03-28,Excelente recomendacion
U02152,37737,4.7,2026-02-26,Gran actuacion
U02152,26618,4.9,2026-02-25,Visualmente increible
U02152,1250,4.0,2026-03-06,Buena para recomendar
U02152,10386,6.9,2026-04-03,Visualmente increible
U02153,10218,8.2,2025-02-25,Me gusto bastante
U02153,3170,5.6,2024-06-09,Excelente recomendacion
U02153,367961,7.8,2025-02-19,Excelente recomendacion
U02153,46435,7.5,2024-10-16,Me gusto bastante
U02153,62676,6.3,2025-08-02,Final inesperado
U02154,13776,5.6,2026-02-19,Excelente recomendacion
U02154,39053,6.7,2026-03-22,No era lo que esperaba
U02154,1951,5.7,2025-12-30,Me gusto bastante
U02154,19,8.2,2026-02-23,No era lo que esperaba
U02154,25983,6.8,2026-03-18,Historia entretenida
U02154,9837,6.4,2026-01-23,Gran actuacion
U02154,11535,4.0,2026-03-05,Buena para recomendar
U02154,11823,4.9,2026-02-22,Visualmente increible
U02154,109491,6.4,2026-03-19,Buen ritmo
U02155,184,8.2,2024-11-17,Buena para recomendar
U02155,238,7.8,2024-10-26,Me gusto bastante
U02155,29015,6.1,2025-05-08,No era lo que esperaba
U02155,388,6.6,2024-10-11,Visualmente increible
U02155,94348,5.4,2025-01-09,Historia entretenida
U02155,11308,5.0,2024-07-18,Final inesperado
U02155,68812,7.0,2025-12-11,Me gusto bastante
U02155,146304,7.3,2025-05-19,Gran actuacion
U02155,10674,6.7,2026-01-31,Me gusto bastante
U02155,1949,6.6,2024-09-04,Buena para recomendar
U02155,464,6.6,2025-06-13,Final inesperado
U02156,4421,5.1,2024-09-24,Excelente recomendacion
U02156,13922,7.2,2025-10-05,Buena para recomendar
U02156,9331,7.1,2025-08-21,Visualmente increible
U02156,112430,5.8,2026-02-19,Me gusto bastante
U02156,9725,6.4,2025-07-17,Gran actuacion
U02156,27723,5.5,2025-03-07,Final inesperado
U02156,22881,8.4,2025-05-20,Final inesperado
U02156,3933,8.5,2025-01-01,Me gusto bastante
U02156,907,6.2,2026-02-02,No era lo que esperaba
U02156,1427,6.1,2025-10-31,Final inesperado
U02156,39180,5.5,2025-11-26,Buen ritmo
U02156,9357,7.5,2025-01-10,La volveria a ver
U02157,91314,6.9,2025-04-16,Visualmente increible
U02157,15745,6.3,2025-05-07,No era lo que esperaba
U02157,140300,7.3,2025-12-10,La volveria a ver
U02157,11600,5.4,2025-09-09,Buen ritmo
U02157,826,7.6,2025-04-13,Buen ritmo
U02157,145220,5.8,2025-06-30,Buena para recomendar
U02157,62676,5.9,2025-08-14,La volveria a ver
U02157,391,7.4,2026-02-12,La volveria a ver
U02157,686,6.0,2025-06-26,Historia entretenida
U02157,116741,6.4,2025-06-27,Excelente recomendacion
U02157,1091,7.9,2025-11-02,No era lo que esperaba
U02158,15198,6.7,2025-09-22,La volveria a ver
U02158,55347,5.7,2025-11-11,Excelente recomendacion
U02158,1895,7.2,2025-09-11,Me gusto bastante
U02158,7347,9.2,2024-09-07,Visualmente increible
U02158,817,6.9,2023-08-03,Visualmente increible
U02158,9729,4.9,2024-09-05,Historia entretenida
U02158,142061,7.7,2025-02-27,No era lo que esperaba
U02158,293670,6.0,2025-11-03,Visualmente increible
U02158,291270,7.8,2024-06-06,No era lo que esperaba
U02158,39806,4.2,2026-02-23,Gran actuacion
U02158,31668,7.3,2025-08-25,Me gusto bastante
U02158,54580,6.2,2024-01-07,Final inesperado
U02158,137106,8.9,2025-10-29,Excelente recomendacion
U02158,10712,6.6,2024-12-08,No era lo que esperaba
U02159,13807,7.5,2025-05-03,Gran actuacion
U02159,43213,4.7,2025-10-10,Final inesperado
U02159,168672,7.0,2024-03-05,Gran actuacion
U02159,226,8.3,2024-06-21,No era lo que esperaba
U02160,1887,7.9,2026-01-23,No era lo que esperaba
U02160,1548,5.7,2025-09-18,Historia entretenida
U02160,20178,7.3,2025-05-10,Visualmente increible
U02160,667,7.5,2025-08-12,Me gusto bastante
U02160,117942,4.9,2024-07-02,Excelente recomendacion
U02160,578,8.0,2026-01-08,Buen ritmo
U02160,40264,2.7,2025-12-03,Historia entretenida
U02160,82703,6.8,2024-11-25,La volveria a ver
U02160,576,8.1,2025-12-02,No era lo que esperaba
U02160,11812,4.0,2024-06-08,Me gusto bastante
U02160,1259,8.1,2026-03-24,No era lo que esperaba
U02160,1402,8.8,2024-10-10,Excelente recomendacion
U02160,300671,7.9,2025-11-03,Buen ritmo
U02161,693,7.0,2026-03-19,La volveria a ver
U02161,10285,3.9,2025-10-07,Historia entretenida
U02161,332411,3.9,2025-10-05,Me gusto bastante
U02161,294254,7.6,2025-12-17,Buena para recomendar
U02161,81796,5.8,2025-08-15,No era lo que esperaba
U02161,13536,5.8,2025-12-12,Me gusto bastante
U02161,90,7.1,2026-02-19,Excelente recomendacion
U02161,122081,5.8,2025-08-28,Historia entretenida
U02161,182873,6.7,2025-09-12,Excelente recomendacion
U02161,15389,8.4,2025-06-15,Buen ritmo
U02161,7913,6.5,2025-07-04,Buena para recomendar
U02162,9036,7.7,2023-07-04,No era lo que esperaba
U02162,38050,6.9,2025-08-25,Excelente recomendacion
U02162,13056,6.2,2025-10-25,Buena para recomendar
U02162,36334,6.9,2025-11-14,Buena para recomendar
U02162,12620,6.8,2023-04-28,Historia entretenida
U02162,50839,7.2,2023-08-05,Me gusto bastante
U02162,330,5.8,2023-07-29,Historia entretenida
U02162,11260,6.1,2024-08-01,Gran actuacion
U02162,41283,4.7,2025-03-21,Excelente recomendacion
U02162,46528,7.3,2025-04-05,Visualmente increible
U02162,18079,6.0,2024-09-07,Buena para recomendar
U02162,33106,8.8,2024-03-20,Buen ritmo
U02163,27322,8.7,2024-09-24,Buen ritmo
U02163,1913,7.3,2024-12-09,No era lo que esperaba
U02163,43931,4.6,2025-06-13,No era lo que esperaba
U02163,408,7.5,2024-08-09,Historia entretenida
U02163,37028,6.4,2026-02-05,La volveria a ver
U02163,1970,5.9,2024-04-21,Buen ritmo
U02163,15927,6.3,2024-04-12,Historia entretenida
U02163,222936,5.7,2024-09-16,Excelente recomendacion
U02163,1858,7.7,2025-01-02,Buena para recomendar
U02163,312791,6.6,2024-08-02,Historia entretenida
U02163,158752,4.4,2024-11-27,Buena para recomendar
U02163,241239,7.6,2025-05-24,Buena para recomendar
U02163,26710,3.4,2026-02-09,No era lo que esperaba
U02164,14608,7.7,2023-01-11,Historia entretenida
U02164,675,6.4,2023-02-10,Final inesperado
U02164,244786,8.8,2023-04-28,No era lo que esperaba
U02164,50875,4.6,2025-10-30,Final inesperado
U02164,13673,4.7,2023-12-26,Final inesperado
U02164,54138,8.7,2023-04-10,No era lo que esperaba
U02165,9801,4.7,2024-10-19,Gran actuacion
U02165,11066,5.9,2025-06-07,Visualmente increible
U02165,435,5.7,2023-11-06,La volveria a ver
U02165,14054,5.1,2024-11-28,Buena para recomendar
U02165,293644,3.8,2024-05-16,Gran actuacion
U02165,8998,5.6,2024-01-01,Buen ritmo
U02165,1265,7.1,2024-12-07,Gran actuacion
U02165,376659,6.3,2025-02-26,Excelente recomendacion
U02165,11282,7.0,2024-07-11,Excelente recomendacion
U02165,1587,7.9,2023-12-02,No era lo que esperaba
U02165,8834,7.7,2025-11-25,Excelente recomendacion
U02165,10782,5.3,2026-03-31,Historia entretenida
U02165,9682,5.6,2024-08-09,Excelente recomendacion
U02165,9362,6.4,2024-09-25,Final inesperado
U02165,86838,7.6,2023-10-25,Final inesperado
U02166,316002,4.2,2026-04-06,Me gusto bastante
U02166,186,8.5,2026-03-11,No era lo que esperaba
U02166,10947,5.2,2026-03-05,Gran actuacion
U02166,135397,7.3,2025-10-18,Buen ritmo
U02166,210577,7.4,2026-01-16,Visualmente increible
U02166,576,8.8,2025-11-30,Final inesperado
U02166,123678,6.1,2025-12-14,Historia entretenida
U02166,14902,6.0,2026-03-30,Gran actuacion
U02166,1909,7.2,2026-01-09,No era lo que esperaba
U02166,132232,4.5,2025-10-23,Me gusto bastante
U02167,317930,6.3,2025-12-10,Historia entretenida
U02167,110415,7.6,2026-02-16,Me gusto bastante
U02167,11531,3.5,2025-07-27,La volveria a ver
U02167,38050,6.7,2025-10-14,Buen ritmo
U02167,9991,6.9,2026-02-08,Gran actuacion
U02167,80468,5.8,2025-04-14,Me gusto bastante
U02167,8355,6.7,2025-11-26,No era lo que esperaba
U02167,21208,7.7,2026-01-11,La volveria a ver
U02167,1499,4.5,2025-07-01,Visualmente increible
U02167,18925,5.8,2025-05-23,La volveria a ver
U02167,294272,5.8,2025-03-22,Buen ritmo
U02167,238615,5.0,2025-08-08,La volveria a ver
U02167,227707,3.8,2025-12-04,Final inesperado
U02167,321697,5.6,2026-04-05,Historia entretenida
U02168,2755,7.9,2025-04-27,Excelente recomendacion
U02168,44413,5.8,2024-06-11,Excelente recomendacion
U02168,155,9.0,2024-11-22,Visualmente increible
U02168,78394,4.9,2024-01-14,No era lo que esperaba
U02168,109414,6.0,2024-09-08,Me gusto bastante
U02168,11826,8.4,2024-11-05,Final inesperado
U02169,176074,6.2,2025-09-30,No era lo que esperaba
U02169,331,7.0,2025-05-07,Buen ritmo
U02169,12281,6.1,2025-08-05,Me gusto bastante
U02169,38810,6.6,2025-03-10,No era lo que esperaba
U02170,228150,6.1,2023-06-12,Historia entretenida
U02170,23479,6.2,2024-08-01,Gran actuacion
U02170,13191,4.2,2023-10-04,Excelente recomendacion
U02170,136400,7.3,2024-06-05,Historia entretenida
U02170,11324,6.4,2025-09-04,Buena para recomendar
U02170,228203,8.0,2024-06-01,No era lo que esperaba
U02170,97020,5.2,2022-12-31,Me gusto bastante
U02170,2009,6.4,2024-06-05,La volveria a ver
U02170,37985,6.8,2023-09-20,Buen ritmo
U02170,153518,6.2,2023-02-09,La volveria a ver
U02170,18937,6.9,2024-04-03,Excelente recomendacion
U02170,12771,4.0,2024-10-02,Buena para recomendar
U02171,50544,5.9,2026-04-10,Buen ritmo
U02171,107811,4.8,2026-04-05,Excelente recomendacion
U02171,11219,6.4,2026-04-05,Buena para recomendar
U02171,313922,5.4,2026-04-08,Buena para recomendar
U02171,11283,5.5,2026-04-08,Visualmente increible
U02171,16205,6.0,2026-04-03,Visualmente increible
U02171,10637,7.4,2026-04-02,No era lo que esperaba
U02172,1955,8.3,2024-05-06,Excelente recomendacion
U02172,51384,7.6,2024-11-04,Me gusto bastante
U02172,134371,6.7,2025-03-28,Buen ritmo
U02172,153518,6.7,2024-09-22,Buena para recomendar
U02172,10715,6.2,2026-02-28,Me gusto bastante
U02172,16690,7.3,2025-08-18,Final inesperado
U02173,62838,7.2,2026-01-13,Gran actuacion
U02173,74725,7.5,2025-12-12,Historia entretenida
U02173,39691,5.1,2026-02-24,Buena para recomendar
U02173,9767,4.3,2024-11-03,Gran actuacion
U02173,80304,5.2,2025-06-25,Gran actuacion
U02173,97367,5.7,2025-05-03,Buen ritmo
U02173,22597,7.2,2025-03-04,Buena para recomendar
U02174,36657,7.0,2024-10-19,Excelente recomendacion
U02174,5925,7.8,2024-11-04,Me gusto bastante
U02174,72571,7.1,2026-03-30,Me gusto bastante
U02174,109410,6.8,2024-12-08,La volveria a ver
U02174,522,8.3,2025-10-28,La volveria a ver
U02174,9877,6.4,2025-04-21,Final inesperado
U02174,11162,6.4,2025-01-14,Me gusto bastante
U02174,251979,4.6,2024-11-02,Visualmente increible
U02174,146304,7.7,2024-10-28,Visualmente increible
U02174,9981,6.8,2025-05-11,Me gusto bastante
U02174,231,6.3,2025-03-16,Gran actuacion
U02175,48289,5.0,2026-04-06,La volveria a ver
U02175,2771,8.1,2026-04-09,La volveria a ver
U02175,5516,6.3,2026-04-05,Gran actuacion
U02175,42618,6.3,2026-04-06,Buen ritmo
U02175,7548,4.6,2026-04-07,No era lo que esperaba
U02175,3060,6.7,2026-04-09,No era lo que esperaba
U02176,82702,8.6,2023-07-10,Visualmente increible
U02176,255343,7.5,2022-08-25,Buen ritmo
U02176,49963,7.0,2025-11-29,Gran actuacion
U02176,628,8.7,2026-03-27,Excelente recomendacion
U02176,12211,5.4,2024-11-26,No era lo que esperaba
U02176,9509,8.1,2023-06-04,Gran actuacion
U02176,11778,9.1,2025-01-05,Visualmente increible
U02176,573,6.4,2022-08-25,Buen ritmo
U02177,9986,5.3,2025-12-04,Me gusto bastante
U02177,13173,6.2,2026-04-04,No era lo que esperaba
U02177,10187,7.2,2026-02-14,Buena para recomendar
U02177,146233,8.5,2025-12-22,Gran actuacion
U02177,49529,6.3,2026-03-20,No era lo que esperaba
U02178,10923,4.7,2024-10-19,Final inesperado
U02178,10054,6.7,2024-06-23,Final inesperado
U02178,12703,6.8,2024-07-18,No era lo que esperaba
U02178,874,7.1,2024-06-07,No era lo que esperaba
U02178,8355,6.6,2026-03-23,No era lo que esperaba
U02178,45132,7.6,2025-04-01,La volveria a ver
U02178,11588,6.8,2023-10-23,La volveria a ver
U02178,9781,7.6,2025-01-01,Gran actuacion
U02178,8843,6.7,2023-08-21,Gran actuacion
U02178,146227,4.1,2026-04-02,Excelente recomendacion
U02179,10140,6.4,2025-02-07,Visualmente increible
U02179,26390,4.8,2025-05-15,Visualmente increible
U02179,2280,7.6,2025-10-10,Buen ritmo
U02179,193613,6.9,2025-06-25,No era lo que esperaba
U02179,755,6.0,2024-09-05,La volveria a ver
U02179,116745,7.6,2026-02-13,La volveria a ver
U02179,40160,5.9,2024-12-14,Excelente recomendacion
U02179,10557,7.3,2025-01-04,No era lo que esperaba
U02179,59859,5.1,2025-03-27,Gran actuacion
U02179,18828,6.2,2025-05-16,La volveria a ver
U02179,868,7.7,2025-05-29,Historia entretenida
U02179,9895,6.0,2024-12-13,Buen ritmo
U02179,123553,6.3,2025-12-10,Me gusto bastante
U02179,431,6.9,2026-02-21,Buen ritmo
U02179,125537,7.9,2026-01-06,Buena para recomendar
U02180,8291,8.0,2025-07-04,Historia entretenida
U02180,9390,6.8,2025-05-29,Me gusto bastante
U02180,121986,7.8,2025-10-25,Excelente recomendacion
U02181,164372,4.7,2025-04-09,Excelente recomendacion
U02181,455,6.7,2023-09-12,Excelente recomendacion
U02181,82505,4.7,2025-10-18,La volveria a ver
U02181,10223,7.4,2024-04-19,No era lo que esperaba
U02181,7870,5.1,2025-11-29,Final inesperado
U02181,15013,6.3,2025-09-28,La volveria a ver
U02181,84174,4.6,2024-03-12,Gran actuacion
U02181,39013,6.2,2024-11-21,Buena para recomendar
U02181,8619,5.5,2023-12-19,Visualmente increible
U02181,158011,7.6,2024-10-12,Visualmente increible
U02181,255266,6.0,2025-01-15,Buen ritmo
U02182,2142,6.9,2025-03-09,Me gusto bastante
U02183,18712,6.5,2024-09-13,La volveria a ver
U02183,50546,6.7,2025-08-14,Visualmente increible
U02183,109445,8.1,2024-08-07,Buena para recomendar
U02183,75861,5.6,2026-01-23,Me gusto bastante
U02183,251471,6.3,2025-06-23,Me gusto bastante
U02183,1887,6.5,2025-01-13,Final inesperado
U02183,1970,6.1,2024-09-02,Historia entretenida
U02183,93456,5.5,2025-04-15,Excelente recomendacion
U02183,10061,4.9,2024-07-08,La volveria a ver
U02183,342,7.2,2024-05-23,No era lo que esperaba
U02184,13538,6.0,2025-06-29,La volveria a ver
U02184,63006,5.4,2025-06-05,Gran actuacion
U02184,46195,5.1,2026-02-20,Final inesperado
U02184,8944,5.6,2025-11-07,Gran actuacion
U02184,9839,6.9,2025-09-13,Gran actuacion
U02184,116613,7.1,2026-04-04,Me gusto bastante
U02184,8338,5.8,2026-01-31,Gran actuacion
U02184,8834,5.9,2025-11-13,Visualmente increible
U02184,20542,4.2,2025-02-20,Buen ritmo
U02184,5353,7.7,2025-05-07,Historia entretenida
U02185,24137,7.7,2025-12-31,Visualmente increible
U02185,5503,8.3,2026-03-07,No era lo que esperaba
U02185,9954,6.4,2026-04-10,Buen ritmo
U02185,15059,4.5,2025-12-10,Visualmente increible
U02185,14161,4.8,2026-04-06,Visualmente increible
U02185,11678,7.4,2026-01-13,Buen ritmo
U02185,1381,5.6,2025-12-02,Gran actuacion
U02185,24973,7.0,2025-12-20,Excelente recomendacion
U02185,11697,5.9,2026-03-23,Buena para recomendar
U02185,26022,7.6,2026-03-22,Gran actuacion
U02185,89708,9.1,2026-02-26,Me gusto bastante
U02185,16633,6.4,2025-12-30,Excelente recomendacion
U02186,367961,6.8,2024-06-17,Me gusto bastante
U02186,16232,4.1,2025-05-24,Visualmente increible
U02186,862,7.3,2024-06-08,Final inesperado
U02186,408429,4.6,2025-04-27,Visualmente increible
U02186,9969,5.9,2024-11-09,Historia entretenida
U02186,44113,5.2,2025-07-06,Buena para recomendar
U02186,177677,7.2,2025-03-31,Me gusto bastante
U02186,58882,6.0,2025-11-27,Excelente recomendacion
U02186,18530,4.4,2026-01-11,Gran actuacion
U02186,5559,5.7,2023-11-24,No era lo que esperaba
U02186,11678,5.5,2024-01-22,Final inesperado
U02186,11282,5.9,2026-02-07,Final inesperado
U02186,59981,6.6,2023-10-13,Buena para recomendar
U02186,11370,5.2,2025-05-26,Buen ritmo
U02187,37964,7.4,2025-11-16,No era lo que esperaba
U02187,54580,5.6,2024-08-20,Final inesperado
U02188,10559,8.1,2023-10-02,Me gusto bastante
U02188,7443,5.0,2025-03-21,Visualmente increible
U02188,10013,7.4,2023-06-23,No era lo que esperaba
U02188,46138,7.5,2025-06-29,Final inesperado
U02188,44857,5.7,2025-06-29,Visualmente increible
U02188,13682,5.8,2025-01-23,Me gusto bastante
U02188,38448,5.5,2023-08-22,La volveria a ver
U02188,64499,6.0,2023-04-18,Historia entretenida
U02188,10537,6.5,2025-10-22,No era lo que esperaba
U02189,16858,7.4,2025-11-02,Excelente recomendacion
U02189,228165,6.2,2026-03-17,Visualmente increible
U02189,302699,5.2,2026-03-01,Historia entretenida
U02189,32235,6.3,2026-03-26,Gran actuacion
U02189,356216,3.4,2025-08-22,Historia entretenida
U02189,4922,7.6,2025-09-29,Historia entretenida
U02189,26486,7.2,2026-03-14,Excelente recomendacion
U02189,138976,4.9,2025-07-15,La volveria a ver
U02189,15708,6.4,2025-10-07,Visualmente increible
U02189,868,5.6,2025-08-23,Buen ritmo
U02189,52790,7.7,2025-08-07,No era lo que esperaba
U02189,50348,7.4,2026-01-27,Gran actuacion
U02190,4584,8.6,2025-12-21,Buen ritmo
U02190,10885,5.7,2026-01-04,Buena para recomendar
U02190,200505,5.7,2024-08-02,Visualmente increible
U02190,7451,6.0,2025-04-05,Visualmente increible
U02190,101179,5.4,2025-08-22,Final inesperado
U02191,120,9.2,2024-08-05,Historia entretenida
U02191,10534,6.0,2025-04-27,No era lo que esperaba
U02191,14411,5.9,2022-08-28,Gran actuacion
U02191,1995,4.8,2023-06-06,Buen ritmo
U02191,65754,5.7,2025-03-12,Gran actuacion
U02191,13132,6.6,2023-01-13,Buen ritmo
U02191,1578,7.6,2025-08-04,La volveria a ver
U02192,49519,7.9,2026-01-24,Excelente recomendacion
U02192,22013,8.0,2024-09-29,Buen ritmo
U02192,1817,7.3,2025-03-17,La volveria a ver
U02192,174311,6.3,2025-05-26,Final inesperado
U02192,78381,4.0,2024-11-07,Historia entretenida
U02192,10925,8.5,2025-07-11,Final inesperado
U02192,228161,8.0,2025-04-18,Buena para recomendar
U02192,9276,7.2,2025-07-10,Me gusto bastante
U02192,15121,8.4,2025-05-16,La volveria a ver
U02192,48035,7.1,2025-09-06,Visualmente increible
U02192,69,6.1,2025-11-25,No era lo que esperaba
U02192,13490,6.3,2024-10-03,Historia entretenida
U02193,157336,9.0,2026-02-02,Buen ritmo
U02193,271110,7.1,2026-02-17,Me gusto bastante
U02193,13812,6.8,2026-02-01,Buena para recomendar
U02193,1266,6.0,2026-01-30,Historia entretenida
U02193,21338,5.4,2026-02-27,Buena para recomendar
U02193,193893,6.4,2026-01-17,Buena para recomendar
U02193,37495,7.2,2025-11-19,Buen ritmo
U02193,1956,5.1,2026-03-31,Historia entretenida
U02193,10073,3.6,2025-11-23,Me gusto bastante
U02193,2116,4.9,2025-09-28,Visualmente increible
U02194,22820,7.5,2024-09-28,Visualmente increible
U02194,102840,4.5,2024-03-21,La volveria a ver
U02194,13498,5.7,2023-06-18,Excelente recomendacion
U02194,227156,5.2,2025-04-18,Me gusto bastante
U02194,1701,6.3,2025-04-07,Excelente recomendacion
U02194,9870,6.9,2025-10-19,La volveria a ver
U02194,14034,5.4,2025-03-13,Me gusto bastante
U02194,11863,4.8,2026-02-02,La volveria a ver
U02194,53182,4.7,2023-08-14,Buena para recomendar
U02194,251979,3.3,2024-10-20,Historia entretenida
U02195,10615,5.6,2023-07-06,Final inesperado
U02195,27936,7.4,2024-07-17,Historia entretenida
U02195,8291,7.6,2023-11-01,Final inesperado
U02195,1874,8.3,2023-05-16,Final inesperado
U02195,77948,6.3,2023-04-29,Historia entretenida
U02195,1957,5.3,2024-05-01,Me gusto bastante
U02195,50620,5.9,2025-04-07,Final inesperado
U02195,75656,6.8,2024-07-26,La volveria a ver
U02195,24432,1.9,2024-03-13,Gran actuacion
U02195,4960,8.6,2023-10-29,Buena para recomendar
U02195,11596,7.5,2025-01-12,Excelente recomendacion
U02195,11648,6.4,2025-01-16,Excelente recomendacion
U02195,252512,6.2,2026-03-04,Historia entretenida
U02196,16769,8.4,2025-09-21,Visualmente increible
U02196,1246,7.4,2025-09-16,Buena para recomendar
U02196,613,8.8,2026-03-19,No era lo que esperaba
U02196,576,8.1,2025-11-23,Me gusto bastante
U02196,398,7.0,2025-12-22,Visualmente increible
U02196,5528,7.6,2026-03-14,Me gusto bastante
U02197,8699,6.1,2023-03-03,Final inesperado
U02197,10642,5.1,2024-03-30,La volveria a ver
U02197,42188,6.6,2025-07-26,Historia entretenida
U02197,205587,6.9,2024-11-11,Buena para recomendar
U02197,1443,7.6,2024-11-08,Excelente recomendacion
U02197,7944,5.9,2024-10-08,No era lo que esperaba
U02197,180383,7.5,2024-05-26,No era lo que esperaba
U02197,70478,4.5,2024-12-24,No era lo que esperaba
U02197,40807,6.7,2023-08-06,Historia entretenida
U02197,278348,5.4,2022-10-18,Excelente recomendacion
U02197,17734,6.0,2024-05-28,No era lo que esperaba
U02197,9023,7.4,2023-08-05,La volveria a ver
U02197,8408,6.1,2025-08-06,Gran actuacion
U02198,51384,7.0,2025-03-23,Buena para recomendar
U02198,39541,5.8,2026-02-11,Excelente recomendacion
U02198,176,7.5,2024-11-15,Me gusto bastante
U02198,10315,6.6,2025-08-02,La volveria a ver
U02198,44835,5.9,2024-04-01,Excelente recomendacion
U02198,28005,5.3,2024-04-21,Excelente recomendacion
U02199,319,8.1,2024-07-23,Excelente recomendacion
U02199,11308,4.4,2025-03-27,La volveria a ver
U02199,187017,5.8,2025-08-18,Visualmente increible
U02199,13025,4.9,2024-10-01,Buena para recomendar
U02199,73567,7.5,2024-01-25,No era lo que esperaba
U02200,41513,4.5,2024-03-06,Me gusto bastante
U02200,20178,6.8,2025-12-13,Historia entretenida
U02200,43923,7.9,2024-02-21,No era lo que esperaba
U02200,37495,6.0,2025-07-30,Buena para recomendar
U02200,122081,4.2,2024-06-10,Me gusto bastante
