user_id,genre,weight,last_updated,source
U00001,Fantasy,0.0547,2025-12-14,onboarding
U00001,Family,0.1927,2022-07-01,behavior
U00001,War,0.4053,2025-06-28,onboarding
U00001,Animation,0.3474,2025-06-28,behavior
U00002,Family,0.8191,2025-01-24,hybrid
U00002,War,0.1809,2024-11-16,onboarding
U00003,Action,0.531,2025-09-14,hybrid
U00003,Documentary,0.0501,2025-11-12,hybrid
U00003,Romance,0.4189,2026-03-20,behavior
U00004,Music,0.2822,2025-10-22,behavior
U00004,Fantasy,0.2942,2024-06-29,behavior
U00004,Adventure,0.4237,2023-08-01,behavior
U00005,Drama,0.2792,2025-06-08,behavior
U00005,Animation,0.2388,2024-05-16,behavior
U00005,Adventure,0.0817,2025-05-16,onboarding
U00005,Horror,0.4004,2025-08-20,onboarding
U00006,Music,0.012,2025-02-20,hybrid
U00006,Documentary,0.4808,2025-03-23,onboarding
U00006,Western,0.2245,2025-06-09,hybrid
U00006,War,0.2827,2026-01-23,behavior
U00007,Mystery,0.1954,2023-12-31,hybrid
U00007,Fantasy,0.6234,2025-01-31,hybrid
U00007,Family,0.1811,2024-10-27,behavior
U00008,Horror,0.4305,2025-02-12,hybrid
U00008,Drama,0.5695,2024-04-04,onboarding
U00009,Fantasy,0.1244,2025-09-23,behavior
U00009,Romance,0.3253,2025-07-05,onboarding
U00009,Mystery,0.2226,2026-02-07,onboarding
U00009,Documentary,0.3277,2025-10-24,behavior
U00010,Documentary,0.5701,2024-05-26,behavior
U00010,Romance,0.4299,2023-04-01,hybrid
U00011,Comedy,0.2182,2026-02-06,behavior
U00011,Fantasy,0.2123,2026-03-06,hybrid
U00011,Horror,0.2661,2026-02-10,onboarding
U00011,Adventure,0.3034,2026-03-10,onboarding
U00012,History,0.6368,2025-11-26,hybrid
U00012,War,0.3632,2025-06-06,behavior
U00013,Comedy,0.4759,2026-02-10,hybrid
U00013,Music,0.5241,2025-08-11,onboarding
U00014,Crime,0.5877,2024-05-13,hybrid
U00014,Western,0.0186,2024-10-10,onboarding
U00014,Thriller,0.3494,2024-06-14,onboarding
U00014,Fantasy,0.0443,2025-12-18,onboarding
U00015,History,0.7312,2026-03-22,onboarding
U00015,Mystery,0.2688,2026-03-15,hybrid
U00016,Western,0.7639,2025-05-28,onboarding
U00016,Family,0.2361,2025-04-03,behavior
U00017,War,0.1469,2025-04-30,hybrid
U00017,Family,0.8531,2025-08-18,hybrid
U00018,Comedy,0.52,2025-05-25,behavior
U00018,Western,0.48,2024-08-14,hybrid
U00019,Horror,0.5088,2025-08-30,onboarding
U00019,Comedy,0.2302,2024-12-11,behavior
U00019,Family,0.261,2023-09-26,onboarding
U00020,Family,0.381,2024-12-05,behavior
U00020,Animation,0.376,2026-02-07,onboarding
U00020,Science Fiction,0.243,2025-02-06,onboarding
U00021,Thriller,0.7704,2024-07-10,hybrid
U00021,Western,0.2255,2026-04-10,onboarding
U00021,Drama,0.0041,2025-03-26,onboarding
U00022,Western,0.3866,2024-07-14,behavior
U00022,Thriller,0.2922,2025-02-14,hybrid
U00022,Crime,0.3212,2025-10-16,onboarding
U00023,Thriller,0.5498,2025-12-04,onboarding
U00023,War,0.4502,2026-03-16,onboarding
U00024,Mystery,0.7375,2026-03-19,behavior
U00024,Comedy,0.2625,2026-01-30,hybrid
U00025,Horror,0.3725,2026-01-21,behavior
U00025,Fantasy,0.3473,2025-12-07,hybrid
U00025,Drama,0.0034,2025-07-27,onboarding
U00025,Western,0.2768,2026-03-01,behavior
U00026,Science Fiction,0.297,2024-02-09,hybrid
U00026,Comedy,0.703,2022-11-21,hybrid
U00027,Music,0.3118,2025-07-17,onboarding
U00027,History,0.6882,2026-03-09,behavior
U00028,Comedy,0.3339,2024-10-30,hybrid
U00028,Crime,0.1456,2024-01-26,hybrid
U00028,Fantasy,0.3538,2025-09-03,hybrid
U00028,Adventure,0.1667,2025-08-25,behavior
U00029,Fantasy,0.1589,2025-10-13,behavior
U00029,War,0.2431,2024-10-16,behavior
U00029,Thriller,0.4436,2024-06-04,onboarding
U00029,Crime,0.1544,2024-02-22,behavior
U00030,Fantasy,0.3054,2024-12-11,onboarding
U00030,Documentary,0.6946,2025-01-11,behavior
U00031,Western,0.1901,2026-03-14,onboarding
U00031,Adventure,0.8099,2026-03-24,behavior
U00032,Family,0.4991,2025-05-07,behavior
U00032,Comedy,0.5009,2025-06-21,hybrid
U00033,Action,0.341,2025-07-24,hybrid
U00033,Documentary,0.4163,2026-01-16,hybrid
U00033,Horror,0.2427,2023-05-15,hybrid
U00034,Drama,0.2795,2024-12-24,onboarding
U00034,Science Fiction,0.7205,2026-01-14,hybrid
U00035,Fantasy,0.5262,2025-12-11,behavior
U00035,Animation,0.207,2025-04-26,hybrid
U00035,Western,0.2667,2025-08-13,onboarding
U00036,Fantasy,0.2967,2024-12-12,onboarding
U00036,Adventure,0.161,2025-03-19,onboarding
U00036,Comedy,0.3129,2025-04-17,hybrid
U00036,History,0.2294,2025-11-15,behavior
U00037,Adventure,0.1914,2023-07-07,hybrid
U00037,Romance,0.1478,2023-07-24,onboarding
U00037,Action,0.6608,2025-10-18,hybrid
U00038,History,0.304,2025-12-30,hybrid
U00038,Romance,0.3296,2025-02-12,behavior
U00038,Horror,0.112,2026-02-11,onboarding
U00038,Drama,0.2544,2025-11-27,behavior
U00039,History,0.3715,2025-12-04,onboarding
U00039,Mystery,0.096,2025-10-20,hybrid
U00039,Action,0.3643,2025-10-16,hybrid
U00039,Crime,0.1682,2026-02-05,hybrid
U00040,Drama,0.3178,2025-08-03,onboarding
U00040,War,0.3995,2025-09-11,hybrid
U00040,Thriller,0.2739,2025-01-27,hybrid
U00040,Mystery,0.0087,2026-01-06,hybrid
U00041,Family,0.3547,2026-02-14,behavior
U00041,Drama,0.2934,2026-04-04,behavior
U00041,Crime,0.3518,2026-01-29,behavior
U00042,Drama,0.1699,2026-01-18,behavior
U00042,Mystery,0.3816,2026-01-16,behavior
U00042,Thriller,0.1568,2025-11-28,hybrid
U00042,Western,0.2917,2026-03-14,behavior
U00043,War,0.3556,2025-01-10,behavior
U00043,Science Fiction,0.6444,2023-07-31,hybrid
U00044,Western,0.187,2026-03-17,onboarding
U00044,Horror,0.226,2026-02-01,onboarding
U00044,Science Fiction,0.4266,2026-03-21,behavior
U00044,History,0.1604,2026-03-12,behavior
U00045,Fantasy,0.121,2025-05-06,onboarding
U00045,War,0.0731,2024-11-01,hybrid
U00045,Thriller,0.1192,2024-08-26,behavior
U00045,Horror,0.6867,2024-04-19,behavior
U00046,Western,0.2751,2025-10-20,onboarding
U00046,Animation,0.208,2024-12-06,behavior
U00046,Crime,0.5169,2024-10-01,hybrid
U00047,Western,0.4467,2025-06-16,onboarding
U00047,Science Fiction,0.4479,2025-12-27,onboarding
U00047,Romance,0.1054,2025-12-02,hybrid
U00048,Action,0.3808,2025-10-28,onboarding
U00048,Music,0.3846,2026-01-26,onboarding
U00048,History,0.2346,2024-09-17,onboarding
U00049,Thriller,0.3649,2023-11-06,hybrid
U00049,Action,0.1166,2023-11-23,onboarding
U00049,Mystery,0.5185,2024-10-12,hybrid
U00050,Action,0.394,2025-08-07,hybrid
U00050,Animation,0.0587,2024-09-27,behavior
U00050,Romance,0.5473,2023-12-12,behavior
U00051,Horror,0.4498,2024-04-05,behavior
U00051,Western,0.2009,2026-03-09,behavior
U00051,Mystery,0.3493,2024-08-23,behavior
U00052,Family,0.1725,2023-09-12,onboarding
U00052,Animation,0.4997,2025-01-20,hybrid
U00052,Adventure,0.3279,2023-02-22,onboarding
U00053,Comedy,0.2693,2025-10-22,hybrid
U00053,Drama,0.007,2025-05-21,behavior
U00053,Science Fiction,0.4242,2025-08-10,onboarding
U00053,Music,0.2994,2026-02-11,onboarding
U00054,Action,0.1009,2025-02-18,behavior
U00054,History,0.8991,2024-05-11,behavior
U00055,Comedy,0.1923,2026-03-09,onboarding
U00055,Adventure,0.453,2026-03-04,behavior
U00055,Music,0.0058,2026-03-23,behavior
U00055,Fantasy,0.3489,2026-04-06,behavior
U00056,Romance,0.148,2025-05-28,onboarding
U00056,Music,0.852,2025-08-29,behavior
U00057,Romance,0.4636,2025-08-10,behavior
U00057,Fantasy,0.3461,2025-09-24,hybrid
U00057,Horror,0.1904,2025-01-04,onboarding
U00058,Mystery,0.411,2026-03-24,hybrid
U00058,Horror,0.1058,2025-12-18,onboarding
U00058,Action,0.25,2026-03-10,behavior
U00058,Family,0.2332,2026-04-04,hybrid
U00059,Fantasy,0.2717,2026-04-08,hybrid
U00059,Action,0.0837,2026-03-06,behavior
U00059,Drama,0.2855,2025-11-01,onboarding
U00059,Adventure,0.3591,2025-09-22,behavior
U00060,Thriller,0.2559,2025-11-27,onboarding
U00060,Science Fiction,0.3174,2026-01-09,onboarding
U00060,Action,0.055,2025-12-08,hybrid
U00060,Adventure,0.3717,2026-03-16,behavior
U00061,Western,0.5369,2024-12-13,behavior
U00061,War,0.2253,2025-11-19,behavior
U00061,Music,0.2379,2025-01-16,behavior
U00062,Drama,0.5489,2025-07-16,hybrid
U00062,Horror,0.4511,2025-04-19,onboarding
U00063,History,0.3045,2025-12-09,behavior
U00063,Comedy,0.106,2025-12-25,onboarding
U00063,Drama,0.2954,2026-03-22,hybrid
U00063,Crime,0.2941,2025-05-31,onboarding
U00064,Adventure,0.3871,2024-05-23,behavior
U00064,Western,0.3858,2024-05-19,hybrid
U00064,History,0.2271,2023-02-19,onboarding
U00065,Documentary,0.3831,2025-03-08,hybrid
U00065,Adventure,0.2259,2026-03-28,behavior
U00065,Fantasy,0.391,2026-01-01,onboarding
U00066,Adventure,0.165,2026-03-18,behavior
U00066,Crime,0.2426,2026-02-15,hybrid
U00066,War,0.3174,2025-10-30,behavior
U00066,Mystery,0.2749,2025-11-16,onboarding
U00067,War,0.2354,2025-12-24,hybrid
U00067,Mystery,0.7646,2025-12-24,hybrid
U00068,Comedy,0.3575,2026-02-08,behavior
U00068,Drama,0.2382,2023-08-07,behavior
U00068,War,0.1018,2025-01-03,hybrid
U00068,Crime,0.3025,2024-12-10,onboarding
U00069,Thriller,0.4139,2025-04-13,hybrid
U00069,History,0.0313,2025-11-23,behavior
U00069,Adventure,0.5548,2025-07-13,onboarding
U00070,Drama,0.2873,2025-12-08,behavior
U00070,Romance,0.2719,2024-07-30,behavior
U00070,Comedy,0.1382,2026-03-24,hybrid
U00070,Fantasy,0.3026,2025-04-10,hybrid
U00071,History,0.3508,2024-12-11,hybrid
U00071,Science Fiction,0.2706,2024-12-27,hybrid
U00071,Comedy,0.2527,2025-02-23,behavior
U00071,Family,0.1259,2024-01-29,onboarding
U00072,Romance,0.3703,2025-09-18,hybrid
U00072,Horror,0.6297,2026-02-15,hybrid
U00073,Documentary,0.5262,2025-07-14,behavior
U00073,Thriller,0.4738,2025-07-27,onboarding
U00074,Horror,0.3153,2026-03-24,onboarding
U00074,Western,0.3624,2024-03-30,hybrid
U00074,Comedy,0.3223,2026-03-02,hybrid
U00075,Science Fiction,0.2174,2025-11-18,hybrid
U00075,Animation,0.7826,2025-12-12,behavior
U00076,Adventure,0.5097,2026-02-13,hybrid
U00076,Drama,0.2825,2025-06-02,hybrid
U00076,Music,0.2079,2026-03-07,hybrid
U00077,Thriller,0.6192,2024-09-22,hybrid
U00077,Comedy,0.3801,2026-02-19,onboarding
U00077,Action,0.0007,2024-06-25,behavior
U00078,Comedy,0.1583,2025-07-22,onboarding
U00078,Science Fiction,0.8417,2025-07-03,onboarding
U00079,Science Fiction,0.7371,2025-11-15,hybrid
U00079,Crime,0.2629,2026-02-08,hybrid
U00080,Fantasy,0.0424,2025-09-11,behavior
U00080,Action,0.3795,2025-05-26,onboarding
U00080,History,0.1936,2024-09-17,behavior
U00080,Music,0.3846,2025-11-08,hybrid
U00081,Mystery,0.3442,2026-02-08,hybrid
U00081,Science Fiction,0.1091,2026-02-24,onboarding
U00081,Horror,0.0628,2026-02-22,onboarding
U00081,Romance,0.4839,2025-10-31,onboarding
U00082,Thriller,0.6638,2024-12-24,onboarding
U00082,Mystery,0.2911,2024-02-22,behavior
U00082,War,0.0452,2023-09-05,hybrid
U00083,War,0.5469,2025-10-05,onboarding
U00083,Science Fiction,0.4531,2024-10-31,onboarding
U00084,Mystery,0.2886,2024-10-22,hybrid
U00084,Animation,0.3179,2025-12-02,behavior
U00084,Horror,0.2597,2025-02-07,onboarding
U00084,Romance,0.1338,2024-11-01,behavior
U00085,History,0.3127,2026-03-18,hybrid
U00085,Family,0.0879,2024-11-02,onboarding
U00085,Animation,0.3878,2024-07-11,hybrid
U00085,Drama,0.2116,2025-01-02,onboarding
U00086,Adventure,0.35,2025-12-08,hybrid
U00086,History,0.2725,2026-03-23,hybrid
U00086,Music,0.3775,2024-10-14,behavior
U00087,Animation,0.368,2025-01-25,behavior
U00087,Mystery,0.632,2024-09-11,hybrid
U00088,Action,0.2794,2025-11-06,onboarding
U00088,Science Fiction,0.343,2025-09-11,hybrid
U00088,History,0.3777,2025-02-08,onboarding
U00089,Science Fiction,0.2072,2026-03-13,behavior
U00089,History,0.3507,2026-03-18,hybrid
U00089,Drama,0.4421,2026-03-07,hybrid
U00090,Action,0.2558,2026-03-24,onboarding
U00090,Mystery,0.0747,2026-04-10,behavior
U00090,Fantasy,0.6695,2026-04-07,behavior
U00091,Family,0.1991,2025-09-18,hybrid
U00091,Drama,0.2477,2025-11-05,behavior
U00091,Fantasy,0.5532,2026-02-13,behavior
U00092,Music,0.1386,2024-07-11,hybrid
U00092,Crime,0.1625,2024-02-27,onboarding
U00092,Animation,0.2154,2025-01-26,hybrid
U00092,Science Fiction,0.4835,2022-10-04,onboarding
U00093,War,0.2598,2025-12-05,onboarding
U00093,Fantasy,0.0019,2025-11-19,onboarding
U00093,Documentary,0.3869,2026-02-27,behavior
U00093,Crime,0.3513,2024-06-18,onboarding
U00094,Mystery,0.0229,2025-08-10,hybrid
U00094,Music,0.3714,2025-09-25,behavior
U00094,Animation,0.3071,2024-08-02,onboarding
U00094,Western,0.2986,2024-03-14,behavior
U00095,Music,0.4084,2026-02-19,onboarding
U00095,Comedy,0.2171,2025-11-29,onboarding
U00095,Family,0.3745,2025-10-31,hybrid
U00096,History,0.1412,2025-11-29,behavior
U00096,Romance,0.727,2026-01-27,behavior
U00096,Comedy,0.1318,2025-11-19,behavior
U00097,Crime,0.0564,2024-03-13,onboarding
U00097,Mystery,0.1131,2024-08-05,behavior
U00097,Science Fiction,0.3069,2025-11-29,hybrid
U00097,Documentary,0.5236,2025-09-27,onboarding
U00098,Romance,0.2967,2025-08-31,onboarding
U00098,Fantasy,0.2047,2025-07-02,behavior
U00098,Adventure,0.3808,2025-04-10,behavior
U00098,Music,0.1178,2025-07-03,behavior
U00099,Music,0.1896,2025-11-07,onboarding
U00099,Adventure,0.3453,2026-02-09,hybrid
U00099,Mystery,0.2648,2025-09-29,hybrid
U00099,Crime,0.2002,2025-09-21,hybrid
U00100,Horror,0.9207,2024-02-09,hybrid
U00100,Family,0.0793,2023-07-19,onboarding
U00101,Crime,0.3709,2026-03-21,hybrid
U00101,Action,0.2778,2025-02-18,behavior
U00101,Fantasy,0.3513,2025-08-02,hybrid
U00102,Music,0.1738,2025-08-01,hybrid
U00102,Family,0.8262,2024-07-29,onboarding
U00103,Animation,0.1381,2026-02-23,behavior
U00103,Thriller,0.8619,2025-12-19,hybrid
U00104,War,0.7057,2025-10-17,onboarding
U00104,History,0.2943,2026-03-28,behavior
U00105,Science Fiction,0.2987,2026-02-15,hybrid
U00105,Animation,0.2973,2025-07-08,hybrid
U00105,War,0.1841,2026-03-28,behavior
U00105,Documentary,0.22,2025-12-09,behavior
U00106,Science Fiction,0.2798,2025-04-21,behavior
U00106,War,0.0314,2026-04-08,behavior
U00106,Romance,0.6888,2025-09-20,hybrid
U00107,Horror,0.4067,2025-04-08,behavior
U00107,Science Fiction,0.1116,2024-02-04,behavior
U00107,Mystery,0.4816,2026-03-11,onboarding
U00108,Animation,0.2239,2026-04-09,behavior
U00108,Western,0.3657,2026-03-21,behavior
U00108,War,0.4104,2026-03-15,behavior
U00109,Western,0.4254,2026-02-17,behavior
U00109,Horror,0.0342,2025-10-29,onboarding
U00109,Comedy,0.4255,2026-01-06,behavior
U00109,Drama,0.1149,2025-12-08,hybrid
U00110,War,0.5338,2024-08-25,behavior
U00110,Drama,0.4662,2025-04-04,behavior
U00111,Fantasy,0.0564,2024-05-06,onboarding
U00111,Family,0.9436,2026-03-03,behavior
U00112,Horror,0.251,2026-03-28,onboarding
U00112,Music,0.6777,2026-04-09,onboarding
U00112,Action,0.0713,2026-04-07,onboarding
U00113,War,0.0477,2025-09-02,hybrid
U00113,Drama,0.3363,2025-03-01,hybrid
U00113,Mystery,0.5042,2025-06-15,behavior
U00113,Western,0.1117,2024-08-22,behavior
U00114,Adventure,0.4509,2025-08-18,hybrid
U00114,Crime,0.5491,2025-11-05,behavior
U00115,Science Fiction,0.3086,2025-08-24,behavior
U00115,Romance,0.3005,2026-03-19,behavior
U00115,Fantasy,0.3536,2026-03-06,onboarding
U00115,Comedy,0.0372,2026-02-23,onboarding
U00116,Mystery,0.0216,2024-05-25,onboarding
U00116,Adventure,0.9784,2025-05-16,behavior
U00117,Comedy,0.3703,2025-11-23,behavior
U00117,Action,0.0778,2025-03-24,onboarding
U00117,Thriller,0.5518,2025-11-29,onboarding
U00118,Animation,0.1031,2026-02-19,onboarding
U00118,Mystery,0.603,2026-02-07,behavior
U00118,Adventure,0.2939,2026-01-08,behavior
U00119,Romance,0.5216,2026-04-03,hybrid
U00119,History,0.2425,2026-04-04,behavior
U00119,Comedy,0.1061,2026-04-09,onboarding
U00119,Drama,0.1298,2026-04-09,behavior
U00120,Comedy,0.2828,2025-04-22,hybrid
U00120,Family,0.3728,2024-03-26,onboarding
U00120,Romance,0.3444,2022-12-13,onboarding
U00121,War,0.6937,2023-04-20,hybrid
U00121,Comedy,0.3063,2025-07-26,onboarding
U00122,Documentary,0.0723,2025-12-19,behavior
U00122,Crime,0.9277,2025-11-16,onboarding
U00123,Horror,0.1715,2025-11-29,onboarding
U00123,Western,0.2456,2026-02-22,hybrid
U00123,Crime,0.5068,2026-01-08,hybrid
U00123,Family,0.0761,2026-02-05,behavior
U00124,Animation,0.1912,2025-05-28,onboarding
U00124,History,0.6026,2024-11-12,hybrid
U00124,Science Fiction,0.0304,2025-01-30,onboarding
U00124,Family,0.1758,2025-08-12,hybrid
U00125,War,0.0522,2025-10-25,behavior
U00125,Mystery,0.1664,2025-12-02,behavior
U00125,Science Fiction,0.1561,2026-02-18,hybrid
U00125,History,0.6253,2026-04-05,onboarding
U00126,Adventure,0.3823,2025-07-25,onboarding
U00126,Science Fiction,0.6177,2026-04-08,hybrid
U00127,Science Fiction,0.3881,2026-04-02,hybrid
U00127,War,0.4301,2026-04-10,hybrid
U00127,Documentary,0.1818,2026-04-10,behavior
U00128,Horror,0.0258,2023-12-08,onboarding
U00128,Animation,0.1983,2024-10-07,behavior
U00128,Western,0.6228,2025-11-30,onboarding
U00128,Adventure,0.1531,2025-11-17,hybrid
U00129,Crime,0.2246,2025-11-10,onboarding
U00129,Music,0.2472,2025-11-20,hybrid
U00129,History,0.2937,2026-03-03,hybrid
U00129,Horror,0.2345,2026-02-16,behavior
U00130,Crime,0.3646,2026-02-02,behavior
U00130,War,0.1818,2026-03-30,hybrid
U00130,Animation,0.4536,2025-12-25,behavior
U00131,Drama,0.3261,2025-07-15,behavior
U00131,Family,0.2602,2026-03-20,onboarding
U00131,Crime,0.4137,2024-10-16,hybrid
U00132,Mystery,0.7545,2026-02-27,hybrid
U00132,Crime,0.2455,2026-03-09,behavior
U00133,Music,0.4104,2022-11-21,onboarding
U00133,Family,0.1926,2025-09-03,hybrid
U00133,Science Fiction,0.397,2023-06-13,behavior
U00134,Science Fiction,0.4989,2024-09-29,behavior
U00134,Western,0.2403,2024-01-07,behavior
U00134,History,0.2608,2023-06-19,onboarding
U00135,Thriller,0.2359,2023-05-16,hybrid
U00135,Music,0.079,2023-03-23,onboarding
U00135,Comedy,0.4114,2025-04-25,hybrid
U00135,War,0.2736,2026-01-23,hybrid
U00136,Animation,0.2343,2024-01-15,behavior
U00136,Family,0.2288,2023-04-17,onboarding
U00136,Science Fiction,0.5369,2025-01-18,behavior
U00137,Family,0.3927,2023-09-13,behavior
U00137,Action,0.4431,2023-11-04,behavior
U00137,Horror,0.1642,2024-02-21,behavior
U00138,Thriller,0.1399,2026-03-28,hybrid
U00138,Science Fiction,0.8601,2026-04-08,onboarding
U00139,Comedy,0.1235,2025-06-06,behavior
U00139,History,0.4613,2025-11-04,hybrid
U00139,Family,0.4152,2025-06-17,onboarding
U00140,Western,0.0599,2025-03-16,onboarding
U00140,Action,0.4517,2025-06-21,hybrid
U00140,Family,0.2951,2025-07-05,behavior
U00140,Music,0.1933,2025-02-14,onboarding
U00141,Animation,0.5283,2025-09-19,onboarding
U00141,War,0.4717,2025-07-04,onboarding
U00142,Mystery,0.3926,2022-10-30,hybrid
U00142,Music,0.2555,2025-04-26,onboarding
U00142,Fantasy,0.3016,2025-06-13,hybrid
U00142,War,0.0504,2023-10-10,hybrid
U00143,Horror,0.1627,2026-03-23,hybrid
U00143,Crime,0.3897,2025-07-28,behavior
U00143,Adventure,0.3049,2025-10-22,onboarding
U00143,Documentary,0.1426,2025-09-30,onboarding
U00144,Science Fiction,0.3731,2025-04-27,onboarding
U00144,Adventure,0.6269,2024-02-22,behavior
U00145,Western,0.3308,2025-06-04,hybrid
U00145,Thriller,0.5785,2026-02-24,onboarding
U00145,Fantasy,0.0907,2025-12-30,behavior
U00146,Music,0.3045,2026-03-12,onboarding
U00146,Romance,0.6955,2024-12-13,hybrid
U00147,Fantasy,0.2828,2026-03-04,behavior
U00147,Animation,0.3243,2024-12-04,hybrid
U00147,Romance,0.3157,2024-12-10,behavior
U00147,Adventure,0.0773,2025-02-25,behavior
U00148,History,0.1235,2026-02-12,onboarding
U00148,Science Fiction,0.3906,2026-04-01,onboarding
U00148,Romance,0.4859,2026-04-03,hybrid
U00149,Fantasy,0.2503,2026-04-09,onboarding
U00149,Adventure,0.6254,2025-10-29,behavior
U00149,Animation,0.1244,2026-01-19,onboarding
U00150,Adventure,0.7566,2026-04-01,hybrid
U00150,Crime,0.1336,2026-02-13,onboarding
U00150,Animation,0.1098,2026-03-12,onboarding
U00151,Music,0.4082,2026-04-05,behavior
U00151,Western,0.3878,2026-03-28,hybrid
U00151,Science Fiction,0.2041,2026-04-06,hybrid
U00152,Action,0.9716,2024-07-01,hybrid
U00152,Documentary,0.0284,2024-02-22,onboarding
U00153,History,0.1362,2024-08-02,behavior
U00153,Thriller,0.5366,2023-11-18,behavior
U00153,Drama,0.1704,2026-01-10,hybrid
U00153,Adventure,0.1567,2023-11-20,onboarding
U00154,Animation,0.7085,2026-03-27,behavior
U00154,History,0.2733,2026-01-28,hybrid
U00154,War,0.0182,2026-01-09,behavior
U00155,Thriller,0.4592,2025-09-17,onboarding
U00155,Action,0.5408,2024-10-04,onboarding
U00156,Thriller,0.0935,2025-11-20,hybrid
U00156,War,0.156,2024-09-21,behavior
U00156,Romance,0.5616,2024-07-12,onboarding
U00156,Mystery,0.1888,2025-11-13,hybrid
U00157,Western,0.7281,2025-09-15,behavior
U00157,Documentary,0.2719,2025-03-10,onboarding
U00158,Documentary,0.2977,2025-02-07,behavior
U00158,Horror,0.7023,2024-02-21,onboarding
U00159,History,0.5213,2024-01-16,hybrid
U00159,Animation,0.4787,2024-02-25,hybrid
U00160,Animation,0.4855,2022-07-24,hybrid
U00160,Adventure,0.5145,2025-01-09,onboarding
U00161,History,0.3784,2024-09-17,onboarding
U00161,Thriller,0.3597,2025-06-18,hybrid
U00161,Family,0.1412,2024-06-24,hybrid
U00161,Mystery,0.1207,2025-04-01,behavior
U00162,Drama,0.2042,2026-03-10,onboarding
U00162,Horror,0.3072,2025-10-28,behavior
U00162,Crime,0.4887,2026-03-15,hybrid
U00163,Comedy,0.0833,2025-10-13,onboarding
U00163,Horror,0.0467,2025-10-18,onboarding
U00163,Family,0.4204,2025-06-28,hybrid
U00163,Thriller,0.4497,2025-11-01,hybrid
U00164,Romance,0.2134,2024-01-23,behavior
U00164,Family,0.4764,2025-07-22,behavior
U00164,Documentary,0.3102,2025-10-04,hybrid
U00165,Animation,0.4114,2025-04-23,hybrid
U00165,Mystery,0.5886,2025-07-28,hybrid
U00166,Thriller,0.0833,2025-09-08,behavior
U00166,History,0.4314,2025-06-01,behavior
U00166,Action,0.38,2025-03-17,onboarding
U00166,Romance,0.1053,2025-01-20,hybrid
U00167,Mystery,0.2951,2026-02-26,onboarding
U00167,Adventure,0.7049,2025-10-27,behavior
U00168,Comedy,0.329,2025-09-20,behavior
U00168,Crime,0.4868,2026-02-06,behavior
U00168,Western,0.1841,2026-02-17,hybrid
U00169,War,0.0755,2023-08-10,behavior
U00169,Mystery,0.6629,2026-01-25,behavior
U00169,Adventure,0.108,2025-10-29,onboarding
U00169,Action,0.1535,2023-07-27,hybrid
U00170,War,0.024,2023-04-25,hybrid
U00170,Crime,0.5273,2023-07-31,onboarding
U00170,Horror,0.0498,2023-05-17,hybrid
U00170,Science Fiction,0.399,2023-09-15,behavior
U00171,History,0.3283,2025-10-30,behavior
U00171,Thriller,0.1836,2025-07-04,onboarding
U00171,Action,0.4881,2025-11-25,behavior
U00172,Fantasy,0.3359,2025-11-23,hybrid
U00172,Family,0.1936,2025-10-24,hybrid
U00172,Adventure,0.4705,2025-12-16,onboarding
U00173,Comedy,0.0779,2023-12-03,behavior
U00173,Drama,0.4974,2025-07-21,hybrid
U00173,Action,0.2614,2025-09-21,onboarding
U00173,Family,0.1634,2025-01-20,hybrid
U00174,Adventure,0.0087,2025-08-20,hybrid
U00174,Crime,0.2093,2024-12-28,hybrid
U00174,Drama,0.2173,2026-01-07,behavior
U00174,Fantasy,0.5648,2025-03-09,onboarding
U00175,Music,0.1286,2025-04-20,behavior
U00175,Fantasy,0.1565,2025-06-23,onboarding
U00175,Thriller,0.357,2026-03-24,onboarding
U00175,Comedy,0.3578,2025-11-04,hybrid
U00176,Thriller,0.153,2026-04-02,behavior
U00176,Horror,0.847,2026-04-07,onboarding
U00177,Mystery,0.1867,2026-02-05,hybrid
U00177,Western,0.2137,2026-02-03,hybrid
U00177,Music,0.1305,2026-02-14,behavior
U00177,War,0.4691,2026-04-03,hybrid
U00178,Thriller,0.1585,2025-12-18,onboarding
U00178,Drama,0.3175,2025-12-15,onboarding
U00178,War,0.5241,2026-04-03,behavior
U00179,Adventure,0.7258,2025-07-06,onboarding
U00179,War,0.2742,2024-10-15,onboarding
U00180,Crime,0.3947,2024-12-21,onboarding
U00180,Action,0.3868,2026-02-06,hybrid
U00180,Documentary,0.1133,2024-12-14,onboarding
U00180,Drama,0.1051,2024-07-20,hybrid
U00181,Family,0.5022,2024-03-29,onboarding
U00181,Adventure,0.1371,2024-11-29,behavior
U00181,Documentary,0.3407,2023-07-04,behavior
U00181,Drama,0.02,2023-09-18,behavior
U00182,History,0.4595,2024-07-23,behavior
U00182,Comedy,0.5405,2025-05-07,hybrid
U00183,Fantasy,0.188,2025-02-12,onboarding
U00183,Drama,0.313,2025-05-05,behavior
U00183,Comedy,0.499,2025-05-03,behavior
U00184,Drama,0.2532,2024-03-18,hybrid
U00184,Documentary,0.2876,2025-03-19,onboarding
U00184,Mystery,0.1286,2025-08-13,behavior
U00184,Romance,0.3307,2025-04-15,behavior
U00185,Action,0.474,2025-03-22,behavior
U00185,Fantasy,0.526,2024-09-25,behavior
U00186,Music,0.1756,2024-10-18,onboarding
U00186,Family,0.6984,2025-11-19,behavior
U00186,Adventure,0.126,2025-03-16,behavior
U00187,Music,0.4558,2026-03-07,onboarding
U00187,Family,0.0597,2026-03-15,hybrid
U00187,War,0.4845,2026-03-17,onboarding
U00188,Drama,0.0786,2025-05-14,behavior
U00188,Family,0.3805,2026-01-29,behavior
U00188,Animation,0.1321,2025-10-06,hybrid
U00188,Fantasy,0.4088,2025-10-01,onboarding
U00189,Western,0.4268,2025-12-13,hybrid
U00189,Crime,0.5732,2025-05-08,behavior
U00190,Animation,0.482,2025-08-27,hybrid
U00190,War,0.4734,2025-10-12,onboarding
U00190,Science Fiction,0.0446,2025-10-22,onboarding
U00191,Science Fiction,0.3036,2026-02-05,hybrid
U00191,History,0.3257,2024-07-21,hybrid
U00191,Action,0.3173,2025-02-22,onboarding
U00191,Drama,0.0535,2026-03-08,behavior
U00192,Animation,0.6626,2025-12-20,behavior
U00192,Adventure,0.1265,2024-12-16,onboarding
U00192,Western,0.1116,2026-02-12,behavior
U00192,Science Fiction,0.0992,2024-11-12,hybrid
U00193,Science Fiction,0.3162,2024-12-24,onboarding
U00193,Mystery,0.4996,2025-11-17,onboarding
U00193,War,0.1842,2025-03-07,behavior
U00194,Crime,0.3595,2026-03-09,behavior
U00194,Family,0.1557,2026-03-31,hybrid
U00194,Action,0.4415,2025-02-05,onboarding
U00194,Mystery,0.0433,2025-02-06,onboarding
U00195,Science Fiction,0.1385,2024-04-16,onboarding
U00195,Music,0.8615,2025-07-14,behavior
U00196,Family,0.4047,2025-12-06,onboarding
U00196,Drama,0.5953,2025-11-17,hybrid
U00197,Adventure,0.1858,2025-11-14,hybrid
U00197,Mystery,0.6713,2025-04-25,hybrid
U00197,Science Fiction,0.0015,2024-02-04,onboarding
U00197,Comedy,0.1415,2025-03-26,hybrid
U00198,Horror,0.3136,2025-09-30,hybrid
U00198,Family,0.2893,2026-03-10,onboarding
U00198,History,0.0425,2025-12-16,hybrid
U00198,Science Fiction,0.3546,2024-11-23,onboarding
U00199,Documentary,0.6821,2026-02-18,onboarding
U00199,Romance,0.0713,2025-08-15,hybrid
U00199,Thriller,0.0127,2025-09-12,onboarding
U00199,Action,0.2339,2025-09-22,onboarding
U00200,Documentary,0.1297,2025-09-09,behavior
U00200,Thriller,0.6812,2025-09-25,behavior
U00200,Family,0.1891,2024-05-30,hybrid
U00201,Romance,0.5947,2025-11-11,hybrid
U00201,War,0.2357,2025-12-08,onboarding
U00201,Crime,0.1696,2025-12-20,onboarding
U00202,Western,0.547,2024-06-17,hybrid
U00202,Drama,0.453,2025-06-20,behavior
U00203,Western,0.0172,2024-12-17,onboarding
U00203,Drama,0.0889,2023-11-13,behavior
U00203,Thriller,0.4193,2025-01-02,onboarding
U00203,Comedy,0.4746,2024-04-16,behavior
U00204,Drama,0.0728,2023-10-03,hybrid
U00204,Mystery,0.4102,2023-10-25,behavior
U00204,Family,0.1298,2025-07-12,behavior
U00204,Fantasy,0.3873,2025-02-16,onboarding
U00205,Thriller,0.3423,2024-08-28,behavior
U00205,Science Fiction,0.0217,2025-08-14,onboarding
U00205,Comedy,0.362,2026-03-18,onboarding
U00205,Mystery,0.274,2024-06-21,behavior
U00206,Crime,0.6131,2026-03-27,onboarding
U00206,Action,0.3869,2025-07-14,hybrid
U00207,Thriller,0.7973,2025-08-08,behavior
U00207,Horror,0.2027,2026-02-07,hybrid
U00208,Western,0.9272,2024-04-08,behavior
U00208,Thriller,0.0728,2023-06-29,hybrid
U00209,Crime,0.3056,2024-09-29,hybrid
U00209,Family,0.3839,2023-02-07,onboarding
U00209,Animation,0.3105,2026-03-06,onboarding
U00210,Thriller,0.3869,2025-11-27,behavior
U00210,Western,0.1412,2025-11-24,onboarding
U00210,Action,0.3498,2025-12-05,behavior
U00210,War,0.122,2026-03-12,behavior
U00211,Romance,0.1296,2026-03-19,hybrid
U00211,Documentary,0.3012,2026-03-30,behavior
U00211,Comedy,0.3022,2026-04-05,hybrid
U00211,Science Fiction,0.2671,2026-03-14,hybrid
U00212,Animation,0.4011,2025-12-18,onboarding
U00212,Music,0.3561,2024-12-11,behavior
U00212,Mystery,0.2429,2026-01-03,hybrid
U00213,Mystery,0.2843,2024-02-22,hybrid
U00213,Western,0.3037,2024-07-31,behavior
U00213,Thriller,0.4121,2024-04-24,onboarding
U00214,Comedy,0.6699,2026-03-17,behavior
U00214,War,0.3121,2026-03-10,hybrid
U00214,Adventure,0.018,2026-01-10,onboarding
U00215,Fantasy,0.0688,2023-06-24,onboarding
U00215,Adventure,0.4856,2023-03-12,hybrid
U00215,Documentary,0.1441,2023-09-03,behavior
U00215,Science Fiction,0.3015,2025-03-13,behavior
U00216,Family,0.4125,2025-09-20,onboarding
U00216,Mystery,0.5875,2025-10-14,behavior
U00217,Animation,0.0365,2025-01-20,behavior
U00217,Horror,0.9635,2024-10-06,behavior
U00218,Mystery,0.0701,2025-07-21,onboarding
U00218,Romance,0.3851,2025-05-06,behavior
U00218,Documentary,0.2667,2024-07-25,hybrid
U00218,Horror,0.2781,2026-01-31,onboarding
U00219,Crime,0.3669,2026-03-26,onboarding
U00219,Mystery,0.5143,2024-11-04,onboarding
U00219,Horror,0.1188,2024-04-29,onboarding
U00220,Animation,0.211,2025-06-12,behavior
U00220,Documentary,0.789,2026-02-22,behavior
U00221,Western,0.3568,2025-02-15,onboarding
U00221,Animation,0.3763,2026-04-08,behavior
U00221,Horror,0.2669,2025-04-22,onboarding
U00222,War,0.4749,2023-09-23,hybrid
U00222,Documentary,0.0311,2024-08-13,onboarding
U00222,Mystery,0.0563,2025-07-24,hybrid
U00222,Animation,0.4376,2024-01-22,onboarding
U00223,Fantasy,0.1205,2023-08-24,behavior
U00223,Romance,0.3193,2024-11-04,onboarding
U00223,History,0.5601,2024-01-11,onboarding
U00224,Comedy,0.3957,2025-10-28,onboarding
U00224,Crime,0.1463,2024-11-16,behavior
U00224,History,0.4579,2025-03-20,onboarding
U00225,Romance,0.3344,2025-12-15,hybrid
U00225,Crime,0.3013,2026-03-02,behavior
U00225,History,0.3643,2024-12-01,behavior
U00226,Thriller,0.49,2026-03-15,hybrid
U00226,Family,0.1148,2026-03-27,hybrid
U00226,Horror,0.3607,2026-03-19,hybrid
U00226,Drama,0.0345,2026-04-08,behavior
U00227,Western,0.2636,2025-08-16,hybrid
U00227,Action,0.0713,2025-05-20,onboarding
U00227,Science Fiction,0.3934,2023-09-20,onboarding
U00227,Music,0.2716,2023-11-21,behavior
U00228,History,0.2241,2024-11-27,hybrid
U00228,Family,0.2335,2024-11-10,onboarding
U00228,Fantasy,0.4178,2025-11-24,hybrid
U00228,Horror,0.1246,2024-02-06,onboarding
U00229,Western,0.3772,2026-03-26,behavior
U00229,War,0.2281,2025-08-01,behavior
U00229,Romance,0.3947,2025-07-27,behavior
U00230,Music,0.2684,2026-03-31,onboarding
U00230,Documentary,0.3497,2026-04-02,onboarding
U00230,Adventure,0.1732,2026-03-07,hybrid
U00230,History,0.2087,2026-01-06,onboarding
U00231,War,0.3087,2024-12-23,behavior
U00231,Family,0.2932,2025-03-30,onboarding
U00231,Science Fiction,0.1722,2025-03-29,behavior
U00231,Documentary,0.2259,2024-03-06,hybrid
U00232,History,0.0641,2026-04-03,hybrid
U00232,Romance,0.9359,2025-08-13,onboarding
U00233,War,0.8481,2025-12-30,behavior
U00233,Thriller,0.1519,2026-04-02,behavior
U00234,Comedy,0.1449,2023-01-10,behavior
U00234,Action,0.0078,2026-04-07,behavior
U00234,Horror,0.7739,2025-09-30,behavior
U00234,Thriller,0.0734,2023-12-03,onboarding
U00235,Romance,0.5049,2026-02-14,onboarding
U00235,Science Fiction,0.3893,2025-02-13,onboarding
U00235,Family,0.0974,2025-12-21,onboarding
U00235,Mystery,0.0084,2024-03-15,hybrid
U00236,Romance,0.1877,2023-09-18,behavior
U00236,Mystery,0.1635,2026-01-12,hybrid
U00236,Action,0.6488,2024-05-03,behavior
U00237,Horror,0.1102,2023-08-18,behavior
U00237,Drama,0.2306,2026-01-24,behavior
U00237,Science Fiction,0.6592,2025-01-14,onboarding
U00238,Comedy,0.3389,2025-09-25,hybrid
U00238,Music,0.1955,2025-09-26,behavior
U00238,War,0.4656,2025-11-12,onboarding
U00239,Family,0.9381,2024-04-30,hybrid
U00239,History,0.0619,2024-03-01,onboarding
U00240,Mystery,0.1117,2024-08-10,behavior
U00240,Romance,0.3534,2025-02-26,onboarding
U00240,Documentary,0.1562,2023-06-24,behavior
U00240,Family,0.3787,2023-07-25,behavior
U00241,Adventure,0.0366,2026-02-07,behavior
U00241,Music,0.3678,2025-04-13,onboarding
U00241,Action,0.2899,2026-01-12,onboarding
U00241,Family,0.3057,2024-11-09,onboarding
U00242,Science Fiction,0.2827,2026-03-04,onboarding
U00242,Thriller,0.2734,2025-01-11,behavior
U00242,Documentary,0.1497,2024-12-01,hybrid
U00242,Adventure,0.2942,2025-09-03,behavior
U00243,Science Fiction,0.7187,2024-01-25,onboarding
U00243,Thriller,0.2813,2026-03-26,behavior
U00244,Drama,0.1582,2025-10-02,onboarding
U00244,Romance,0.2879,2025-03-25,onboarding
U00244,Comedy,0.3395,2025-02-16,onboarding
U00244,Music,0.2144,2025-08-08,behavior
U00245,Family,0.4549,2024-11-29,behavior
U00245,Drama,0.5451,2026-02-17,behavior
U00246,Adventure,0.3698,2025-03-06,onboarding
U00246,Music,0.6302,2026-03-18,hybrid
U00247,Comedy,0.2569,2024-09-07,onboarding
U00247,Crime,0.2374,2024-03-06,hybrid
U00247,Romance,0.3798,2025-08-14,onboarding
U00247,Science Fiction,0.1259,2024-12-20,behavior
U00248,Family,0.606,2026-04-09,onboarding
U00248,Mystery,0.2831,2026-04-08,hybrid
U00248,Thriller,0.1109,2026-04-06,behavior
U00249,Mystery,0.5096,2025-11-08,behavior
U00249,War,0.4904,2025-11-12,onboarding
U00250,Science Fiction,0.1443,2024-06-26,onboarding
U00250,Music,0.3291,2022-11-23,onboarding
U00250,Animation,0.333,2024-01-29,onboarding
U00250,Mystery,0.1936,2024-12-15,behavior
U00251,Crime,0.0941,2025-07-17,hybrid
U00251,Thriller,0.5197,2025-10-04,behavior
U00251,Horror,0.3648,2024-10-29,onboarding
U00251,Science Fiction,0.0214,2024-10-18,onboarding
U00252,Action,0.2279,2024-10-03,hybrid
U00252,Romance,0.1777,2025-07-14,behavior
U00252,Drama,0.5944,2025-10-13,hybrid
U00253,Music,0.4755,2024-12-01,hybrid
U00253,Documentary,0.5245,2025-09-03,onboarding
U00254,Action,0.8585,2026-04-06,behavior
U00254,Drama,0.1415,2026-04-10,behavior
U00255,Comedy,0.5279,2026-04-09,onboarding
U00255,Romance,0.2998,2026-04-09,behavior
U00255,Crime,0.1723,2026-03-22,onboarding
U00256,Crime,0.3616,2024-05-15,onboarding
U00256,Mystery,0.1588,2025-03-14,behavior
U00256,Western,0.4796,2024-12-10,onboarding
U00257,Crime,0.1489,2024-07-02,behavior
U00257,Romance,0.5124,2025-11-15,behavior
U00257,Science Fiction,0.0653,2025-03-16,hybrid
U00257,War,0.2734,2024-01-27,hybrid
U00258,Horror,0.1904,2024-04-14,hybrid
U00258,Crime,0.4485,2024-04-04,behavior
U00258,Family,0.3612,2024-07-21,hybrid
U00259,Drama,0.5644,2026-03-29,behavior
U00259,War,0.3193,2026-01-16,behavior
U00259,Western,0.1162,2026-03-07,behavior
U00260,Animation,0.0457,2025-03-27,hybrid
U00260,War,0.138,2024-02-20,onboarding
U00260,Action,0.8163,2024-02-26,hybrid
U00261,Thriller,0.0918,2026-04-07,onboarding
U00261,Animation,0.9082,2026-03-05,onboarding
U00262,History,0.2838,2026-04-07,hybrid
U00262,War,0.0586,2025-04-27,hybrid
U00262,Romance,0.3081,2025-10-18,behavior
U00262,Drama,0.3495,2025-08-06,onboarding
U00263,War,0.8428,2024-05-11,behavior
U00263,Drama,0.1572,2026-02-06,onboarding
U00264,Family,0.4405,2024-12-28,onboarding
U00264,Animation,0.5595,2023-09-17,hybrid
U00265,Crime,0.6925,2025-06-24,behavior
U00265,Action,0.3075,2023-01-09,onboarding
U00266,Fantasy,0.3916,2023-07-13,hybrid
U00266,Comedy,0.1742,2023-10-07,hybrid
U00266,Action,0.2754,2023-11-06,onboarding
U00266,Documentary,0.1588,2025-08-03,onboarding
U00267,Adventure,0.4527,2025-04-03,behavior
U00267,Thriller,0.2757,2025-06-19,behavior
U00267,Documentary,0.2717,2025-10-30,hybrid
U00268,Action,0.819,2022-06-08,behavior
U00268,Family,0.181,2024-06-20,behavior
U00269,Romance,0.2894,2025-09-22,hybrid
U00269,Family,0.2119,2025-06-12,behavior
U00269,Horror,0.3098,2026-01-18,onboarding
U00269,Comedy,0.1889,2025-11-20,hybrid
U00270,Documentary,0.3186,2026-01-30,behavior
U00270,Family,0.6814,2026-02-21,hybrid
U00271,Action,0.3541,2025-05-29,onboarding
U00271,Music,0.4217,2025-09-25,behavior
U00271,Drama,0.2241,2025-10-04,onboarding
U00272,Western,0.0132,2025-01-30,hybrid
U00272,Family,0.9868,2026-03-11,behavior
U00273,Action,0.2559,2026-01-07,behavior
U00273,Horror,0.0219,2026-01-22,behavior
U00273,Western,0.3066,2026-02-03,behavior
U00273,Mystery,0.4155,2026-03-07,onboarding
U00274,Thriller,0.3296,2023-09-12,behavior
U00274,Adventure,0.1958,2024-06-03,onboarding
U00274,Crime,0.4746,2025-08-12,behavior
U00275,Animation,0.2977,2025-09-07,behavior
U00275,Comedy,0.2933,2025-10-21,behavior
U00275,Crime,0.333,2026-02-27,behavior
U00275,Horror,0.076,2026-01-26,onboarding
U00276,Fantasy,0.3854,2025-09-30,onboarding
U00276,Horror,0.3784,2025-01-30,hybrid
U00276,Mystery,0.2362,2025-01-30,onboarding
U00277,Crime,0.8581,2026-01-12,behavior
U00277,Comedy,0.1419,2025-09-19,behavior
U00278,Science Fiction,0.6868,2024-05-28,behavior
U00278,History,0.3132,2025-02-08,hybrid
U00279,Adventure,0.1613,2026-03-30,behavior
U00279,Drama,0.3351,2026-03-25,behavior
U00279,Horror,0.3234,2026-03-30,onboarding
U00279,Animation,0.1802,2026-04-09,onboarding
U00280,Action,0.3128,2026-02-05,hybrid
U00280,Mystery,0.6872,2026-03-06,onboarding
U00281,Crime,0.1568,2026-04-05,onboarding
U00281,Drama,0.8432,2024-07-23,hybrid
U00282,Drama,0.4605,2023-07-01,behavior
U00282,Science Fiction,0.5395,2022-10-27,hybrid
U00283,Romance,0.11,2024-06-02,behavior
U00283,Mystery,0.3733,2026-02-02,hybrid
U00283,Thriller,0.0872,2023-08-28,onboarding
U00283,Action,0.4295,2025-02-15,behavior
U00284,Adventure,0.1147,2025-09-10,onboarding
U00284,Family,0.8853,2025-08-06,behavior
U00285,Romance,0.5436,2025-05-16,hybrid
U00285,Drama,0.4564,2026-02-28,hybrid
U00286,War,0.239,2025-10-28,onboarding
U00286,Horror,0.5337,2025-01-11,behavior
U00286,Mystery,0.2273,2025-11-08,behavior
U00287,War,0.2064,2022-12-11,behavior
U00287,Music,0.3324,2023-05-19,behavior
U00287,Family,0.4612,2026-01-04,behavior
U00288,Mystery,0.1908,2024-07-04,onboarding
U00288,Music,0.0948,2026-01-14,behavior
U00288,Documentary,0.4173,2023-07-05,onboarding
U00288,Animation,0.297,2024-10-18,hybrid
U00289,Crime,0.1568,2026-02-01,onboarding
U00289,Drama,0.3515,2026-01-08,behavior
U00289,Thriller,0.2142,2025-11-22,onboarding
U00289,Fantasy,0.2775,2025-10-05,hybrid
U00290,War,0.2196,2024-10-19,onboarding
U00290,Thriller,0.7804,2025-03-29,hybrid
U00291,Action,0.3711,2024-03-30,hybrid
U00291,Crime,0.6289,2025-09-11,hybrid
U00292,Horror,0.9311,2025-10-13,onboarding
U00292,History,0.0689,2026-04-07,behavior
U00293,Western,0.0553,2025-10-23,behavior
U00293,Music,0.3506,2023-10-28,behavior
U00293,Family,0.3986,2025-02-18,onboarding
U00293,Horror,0.1955,2025-09-28,behavior
U00294,Mystery,0.1063,2026-04-03,hybrid
U00294,Adventure,0.6094,2026-04-01,onboarding
U00294,Documentary,0.1904,2026-04-03,behavior
U00294,History,0.0939,2026-04-09,onboarding
U00295,Music,0.4605,2024-06-20,onboarding
U00295,Horror,0.5395,2022-09-26,hybrid
U00296,Animation,0.7623,2024-03-08,onboarding
U00296,Music,0.2377,2026-02-17,onboarding
U00297,Thriller,0.5805,2023-03-20,onboarding
U00297,Mystery,0.3395,2024-05-29,onboarding
U00297,Music,0.08,2024-11-25,onboarding
U00298,Action,0.4824,2024-05-09,hybrid
U00298,Horror,0.0445,2024-02-25,onboarding
U00298,Fantasy,0.4731,2023-09-20,onboarding
U00299,Horror,0.2867,2026-01-01,hybrid
U00299,Thriller,0.7133,2025-09-03,onboarding
U00300,Drama,0.4165,2025-01-08,onboarding
U00300,Western,0.5452,2023-10-19,hybrid
U00300,Romance,0.0383,2024-08-29,hybrid
U00301,Thriller,0.1732,2026-03-13,behavior
U00301,Crime,0.396,2025-08-09,hybrid
U00301,Adventure,0.2717,2025-11-05,onboarding
U00301,Documentary,0.1591,2026-01-01,behavior
U00302,Documentary,0.7228,2024-04-13,onboarding
U00302,History,0.2772,2026-02-23,behavior
U00303,Animation,0.0673,2026-02-07,behavior
U00303,Mystery,0.4401,2026-02-27,behavior
U00303,Documentary,0.4926,2026-03-07,hybrid
U00304,Family,0.4475,2025-08-15,behavior
U00304,Fantasy,0.4859,2024-12-04,onboarding
U00304,Adventure,0.0666,2026-01-07,hybrid
U00305,Adventure,0.3616,2026-04-01,hybrid
U00305,Mystery,0.0793,2024-01-28,hybrid
U00305,Romance,0.1345,2025-04-27,hybrid
U00305,Fantasy,0.4246,2025-06-01,hybrid
U00306,War,0.1354,2025-09-15,behavior
U00306,Crime,0.5178,2025-12-11,behavior
U00306,Comedy,0.0841,2025-04-13,onboarding
U00306,Mystery,0.2627,2026-02-27,onboarding
U00307,Romance,0.0886,2023-05-15,behavior
U00307,Drama,0.2082,2024-12-27,onboarding
U00307,Crime,0.4639,2024-03-05,onboarding
U00307,Western,0.2392,2023-01-19,behavior
U00308,Fantasy,0.4472,2026-01-09,onboarding
U00308,War,0.167,2025-05-26,behavior
U00308,Science Fiction,0.3857,2026-02-11,behavior
U00309,Comedy,0.1114,2026-01-08,onboarding
U00309,Western,0.3259,2025-10-18,hybrid
U00309,War,0.1568,2026-02-12,behavior
U00309,Mystery,0.4059,2026-04-08,onboarding
U00310,Documentary,0.4823,2026-03-17,behavior
U00310,Fantasy,0.5177,2025-04-30,onboarding
U00311,Adventure,0.1816,2026-03-16,onboarding
U00311,Thriller,0.8184,2026-04-03,onboarding
U00312,Comedy,0.0737,2026-03-13,hybrid
U00312,Family,0.5655,2026-03-10,onboarding
U00312,Crime,0.2699,2026-03-31,hybrid
U00312,Thriller,0.0909,2026-03-24,hybrid
U00313,Thriller,0.1434,2025-07-02,behavior
U00313,War,0.4208,2025-10-21,hybrid
U00313,Music,0.4357,2023-08-05,behavior
U00314,Documentary,0.4586,2025-06-26,onboarding
U00314,Drama,0.5414,2025-07-10,hybrid
U00315,Fantasy,0.137,2026-03-25,onboarding
U00315,Music,0.863,2026-03-28,behavior
U00316,Documentary,0.1004,2025-09-18,behavior
U00316,Thriller,0.6907,2025-11-07,behavior
U00316,Music,0.2089,2025-12-27,behavior
U00317,Drama,0.1942,2023-02-09,behavior
U00317,Family,0.8058,2022-08-22,hybrid
U00318,Documentary,0.6073,2026-01-09,behavior
U00318,Action,0.3927,2025-08-30,behavior
U00319,Fantasy,0.3305,2025-05-21,behavior
U00319,Drama,0.3874,2026-03-29,hybrid
U00319,Science Fiction,0.2821,2024-12-07,behavior
U00320,History,0.0313,2026-01-22,behavior
U00320,Comedy,0.5568,2026-01-18,behavior
U00320,Thriller,0.4119,2026-01-24,onboarding
U00321,War,0.8033,2024-08-02,onboarding
U00321,Family,0.1967,2025-12-07,onboarding
U00322,History,0.2555,2026-01-18,hybrid
U00322,Fantasy,0.4646,2026-03-04,hybrid
U00322,Romance,0.2799,2026-04-02,behavior
U00323,Thriller,0.1619,2026-04-10,onboarding
U00323,Music,0.2008,2026-03-27,behavior
U00323,History,0.3346,2026-02-26,behavior
U00323,Romance,0.3026,2026-02-18,behavior
U00324,Horror,0.3595,2025-11-27,hybrid
U00324,Animation,0.6405,2025-09-17,onboarding
U00325,History,0.5327,2025-11-01,hybrid
U00325,Science Fiction,0.28,2025-10-16,onboarding
U00325,Comedy,0.1872,2024-10-24,onboarding
U00326,Mystery,0.7634,2026-03-27,behavior
U00326,War,0.2366,2025-08-08,behavior
U00327,Crime,0.0783,2025-06-27,onboarding
U00327,Horror,0.2739,2025-09-08,hybrid
U00327,Documentary,0.6478,2026-03-25,onboarding
U00328,Fantasy,0.3391,2025-11-24,onboarding
U00328,Drama,0.1955,2026-01-04,hybrid
U00328,Documentary,0.4654,2026-01-22,hybrid
U00329,Thriller,0.2086,2026-02-06,onboarding
U00329,Mystery,0.773,2025-04-07,hybrid
U00329,Action,0.0183,2025-10-12,behavior
U00330,Action,0.7257,2025-08-20,onboarding
U00330,Western,0.2743,2025-06-21,hybrid
U00331,History,0.1875,2025-05-17,behavior
U00331,Documentary,0.213,2025-05-29,hybrid
U00331,Animation,0.2184,2026-02-06,behavior
U00331,Romance,0.3811,2025-09-18,onboarding
U00332,Music,0.1525,2026-02-03,onboarding
U00332,Drama,0.3898,2026-03-05,hybrid
U00332,Documentary,0.4577,2025-11-10,onboarding
U00333,Documentary,0.3463,2025-10-09,behavior
U00333,Comedy,0.3347,2025-12-12,onboarding
U00333,Music,0.1729,2026-02-22,hybrid
U00333,Thriller,0.1461,2025-08-28,onboarding
U00334,Action,0.4082,2026-03-01,onboarding
U00334,Adventure,0.5918,2026-02-14,hybrid
U00335,Action,0.2687,2024-11-30,onboarding
U00335,History,0.171,2024-11-20,hybrid
U00335,Romance,0.3604,2025-08-02,behavior
U00335,Horror,0.2,2025-03-31,hybrid
U00336,Comedy,0.1666,2025-05-16,hybrid
U00336,History,0.3568,2026-02-23,behavior
U00336,Western,0.2027,2025-05-19,onboarding
U00336,Mystery,0.2739,2025-04-12,onboarding
U00337,Music,0.9026,2025-08-05,onboarding
U00337,Romance,0.0974,2026-01-12,behavior
U00338,Action,0.5916,2025-02-28,hybrid
U00338,Western,0.4084,2024-12-01,hybrid
U00339,Comedy,0.2264,2023-06-10,behavior
U00339,Fantasy,0.388,2025-12-16,behavior
U00339,Family,0.1906,2025-05-02,hybrid
U00339,Thriller,0.1949,2025-05-05,behavior
U00340,Horror,0.1674,2025-04-02,behavior
U00340,Romance,0.5265,2025-07-01,behavior
U00340,Comedy,0.306,2024-11-07,hybrid
U00341,Fantasy,0.2189,2025-11-27,behavior
U00341,Animation,0.3954,2025-09-19,behavior
U00341,Music,0.1533,2024-12-27,behavior
U00341,Romance,0.2324,2025-02-18,hybrid
U00342,Romance,0.2183,2026-03-26,behavior
U00342,Documentary,0.3216,2026-03-20,behavior
U00342,Comedy,0.4601,2026-03-27,hybrid
U00343,Science Fiction,0.3287,2025-10-13,behavior
U00343,Documentary,0.1766,2026-03-16,hybrid
U00343,Mystery,0.371,2026-03-17,onboarding
U00343,Thriller,0.1237,2026-01-05,behavior
U00344,Science Fiction,0.2445,2023-01-26,onboarding
U00344,Adventure,0.3332,2024-06-01,behavior
U00344,Animation,0.4223,2023-09-23,onboarding
U00345,Comedy,0.1463,2025-08-08,onboarding
U00345,Romance,0.3082,2025-10-03,behavior
U00345,Family,0.2058,2025-04-21,onboarding
U00345,Thriller,0.3396,2025-07-25,behavior
U00346,Thriller,0.017,2025-06-07,behavior
U00346,Documentary,0.4512,2026-01-14,behavior
U00346,Animation,0.5318,2026-04-05,behavior
U00347,Mystery,0.0095,2025-06-02,onboarding
U00347,Western,0.3318,2025-10-30,hybrid
U00347,Family,0.1111,2025-07-02,hybrid
U00347,Adventure,0.5476,2026-02-23,onboarding
U00348,Comedy,0.2282,2026-01-27,onboarding
U00348,Thriller,0.3948,2025-01-10,onboarding
U00348,Action,0.377,2025-01-29,onboarding
U00349,History,0.2086,2025-12-25,behavior
U00349,War,0.1247,2025-09-03,behavior
U00349,Drama,0.4669,2025-11-09,hybrid
U00349,Horror,0.1999,2025-09-19,onboarding
U00350,Thriller,0.3483,2026-01-23,hybrid
U00350,Music,0.0175,2025-10-01,hybrid
U00350,Science Fiction,0.3122,2025-11-15,onboarding
U00350,Adventure,0.3219,2025-10-23,hybrid
U00351,Music,0.3314,2025-11-05,onboarding
U00351,Comedy,0.255,2025-07-31,hybrid
U00351,Adventure,0.2573,2025-07-24,hybrid
U00351,Science Fiction,0.1563,2025-12-16,behavior
U00352,Comedy,0.8963,2024-02-22,behavior
U00352,Mystery,0.1037,2024-05-28,onboarding
U00353,Comedy,0.2344,2025-09-16,onboarding
U00353,Science Fiction,0.3962,2024-09-09,behavior
U00353,War,0.0587,2025-07-23,hybrid
U00353,Horror,0.3107,2023-10-06,behavior
U00354,Documentary,0.1052,2025-05-11,behavior
U00354,Western,0.2704,2025-12-17,behavior
U00354,Crime,0.0031,2025-05-04,behavior
U00354,Adventure,0.6213,2026-03-08,onboarding
U00355,Science Fiction,0.5056,2025-07-08,behavior
U00355,Crime,0.3723,2024-11-20,onboarding
U00355,War,0.1221,2024-06-20,onboarding
U00356,Drama,0.4048,2025-12-12,behavior
U00356,Western,0.5952,2025-12-24,behavior
U00357,Horror,0.005,2026-04-02,onboarding
U00357,Comedy,0.103,2026-04-03,hybrid
U00357,Music,0.4372,2026-04-03,onboarding
U00357,Fantasy,0.4547,2026-03-30,onboarding
U00358,Comedy,0.311,2022-09-23,behavior
U00358,Action,0.2399,2022-11-10,hybrid
U00358,Mystery,0.1954,2025-10-12,onboarding
U00358,Animation,0.2537,2023-03-07,hybrid
U00359,History,0.3696,2023-05-25,hybrid
U00359,Drama,0.6304,2024-02-08,hybrid
U00360,War,0.3565,2025-03-21,onboarding
U00360,History,0.6435,2025-02-22,behavior
U00361,Science Fiction,0.0744,2025-03-16,onboarding
U00361,Family,0.4062,2025-07-19,onboarding
U00361,Music,0.0732,2024-05-11,onboarding
U00361,Mystery,0.4462,2023-11-18,onboarding
U00362,War,0.1101,2025-03-16,hybrid
U00362,Comedy,0.8899,2025-08-22,onboarding
U00363,Action,0.2032,2025-10-19,onboarding
U00363,Horror,0.4374,2026-01-04,onboarding
U00363,Science Fiction,0.3594,2026-01-23,behavior
U00364,Thriller,0.5557,2026-03-26,hybrid
U00364,Music,0.4232,2026-03-03,onboarding
U00364,Animation,0.0211,2026-03-20,onboarding
U00365,Western,0.2339,2023-09-12,behavior
U00365,Mystery,0.4147,2025-08-29,onboarding
U00365,Animation,0.3514,2023-12-19,behavior
U00366,War,0.5204,2025-04-12,hybrid
U00366,Thriller,0.1052,2024-06-09,hybrid
U00366,Action,0.294,2024-11-25,behavior
U00366,Adventure,0.0805,2026-04-10,behavior
U00367,Mystery,0.5731,2025-09-12,hybrid
U00367,Fantasy,0.4269,2026-03-06,behavior
U00368,Drama,0.4284,2024-07-07,behavior
U00368,Horror,0.0394,2025-08-12,behavior
U00368,Animation,0.1959,2025-03-07,behavior
U00368,Adventure,0.3363,2025-09-14,behavior
U00369,Comedy,0.3172,2026-03-25,behavior
U00369,Drama,0.4963,2026-03-16,onboarding
U00369,Romance,0.1866,2026-03-19,onboarding
U00370,Animation,0.3406,2024-06-18,hybrid
U00370,Adventure,0.6594,2024-12-24,hybrid
U00371,Science Fiction,0.0279,2024-12-01,onboarding
U00371,Mystery,0.7069,2025-09-05,onboarding
U00371,Romance,0.2652,2025-12-24,hybrid
U00372,Adventure,0.2597,2025-11-04,onboarding
U00372,Animation,0.1578,2025-12-08,hybrid
U00372,Music,0.2662,2024-08-25,behavior
U00372,Science Fiction,0.3163,2025-02-27,behavior
U00373,Action,0.3169,2025-12-07,hybrid
U00373,Thriller,0.2873,2025-07-29,behavior
U00373,Documentary,0.3959,2025-01-24,behavior
U00374,Music,0.1189,2024-02-01,hybrid
U00374,Action,0.4036,2026-03-04,behavior
U00374,Crime,0.3611,2024-05-05,hybrid
U00374,Adventure,0.1164,2026-01-03,behavior
U00375,Drama,0.2749,2024-09-23,behavior
U00375,Music,0.3438,2023-08-12,behavior
U00375,Western,0.3813,2024-05-18,onboarding
U00376,Adventure,0.4183,2023-04-25,onboarding
U00376,Science Fiction,0.0514,2024-02-09,behavior
U00376,Animation,0.4026,2023-05-23,hybrid
U00376,Crime,0.1277,2025-05-14,behavior
U00377,Family,0.35,2024-02-14,behavior
U00377,Comedy,0.2082,2023-03-22,behavior
U00377,History,0.3196,2023-03-09,onboarding
U00377,Thriller,0.1222,2024-09-02,hybrid
U00378,Crime,0.2349,2026-03-26,onboarding
U00378,Music,0.5562,2026-02-12,behavior
U00378,Horror,0.2089,2026-01-17,hybrid
U00379,Crime,0.2109,2025-11-21,onboarding
U00379,Horror,0.3668,2026-02-28,hybrid
U00379,Thriller,0.4223,2023-12-23,onboarding
U00380,Crime,0.3261,2022-11-11,hybrid
U00380,Drama,0.332,2024-06-06,onboarding
U00380,Fantasy,0.3419,2023-08-30,onboarding
U00381,Drama,0.0349,2025-11-13,onboarding
U00381,Adventure,0.1783,2026-03-08,onboarding
U00381,Fantasy,0.7868,2026-01-03,onboarding
U00382,Science Fiction,0.9516,2026-02-27,onboarding
U00382,War,0.0484,2026-03-10,behavior
U00383,War,0.4766,2026-02-13,onboarding
U00383,Crime,0.5234,2026-04-03,behavior
U00384,Family,0.363,2025-08-22,behavior
U00384,Thriller,0.637,2025-04-18,hybrid
U00385,Mystery,0.4521,2025-10-20,behavior
U00385,Thriller,0.1926,2026-01-27,behavior
U00385,Science Fiction,0.3553,2025-04-13,behavior
U00386,Fantasy,0.3611,2025-12-22,onboarding
U00386,Documentary,0.3134,2026-01-06,behavior
U00386,Mystery,0.3255,2025-11-08,onboarding
U00387,Music,0.3769,2025-07-04,hybrid
U00387,Western,0.2782,2026-02-10,onboarding
U00387,Thriller,0.3448,2026-03-13,onboarding
U00388,Fantasy,0.5205,2025-12-11,onboarding
U00388,Drama,0.2668,2025-05-21,onboarding
U00388,Crime,0.1281,2025-06-11,behavior
U00388,Animation,0.0846,2025-11-26,onboarding
U00389,Thriller,0.1852,2026-02-20,onboarding
U00389,Western,0.2542,2026-02-06,behavior
U00389,Drama,0.5607,2026-02-16,onboarding
U00390,Crime,0.6744,2025-09-29,behavior
U00390,War,0.3256,2025-10-28,hybrid
U00391,Action,0.373,2025-11-02,behavior
U00391,History,0.2986,2026-03-19,hybrid
U00391,Animation,0.3284,2025-08-27,onboarding
U00392,Crime,0.4478,2025-03-19,behavior
U00392,Documentary,0.0236,2025-01-08,onboarding
U00392,Fantasy,0.1469,2025-12-16,hybrid
U00392,Animation,0.3817,2024-10-01,behavior
U00393,Action,0.0808,2024-03-01,behavior
U00393,Drama,0.9192,2025-09-04,behavior
U00394,Western,0.2805,2025-12-05,hybrid
U00394,War,0.7195,2025-10-15,onboarding
U00395,Music,0.3392,2025-11-25,behavior
U00395,Adventure,0.3843,2025-09-27,hybrid
U00395,Romance,0.2765,2025-11-19,hybrid
U00396,Family,0.4718,2024-10-05,hybrid
U00396,Animation,0.4243,2023-10-20,behavior
U00396,History,0.1038,2026-01-06,onboarding
U00397,Drama,0.3765,2025-05-28,hybrid
U00397,Horror,0.358,2026-03-10,hybrid
U00397,Romance,0.0409,2024-06-19,behavior
U00397,Documentary,0.2246,2025-10-02,onboarding
U00398,Music,0.0741,2026-03-12,hybrid
U00398,Fantasy,0.4398,2025-11-15,behavior
U00398,Mystery,0.3769,2025-07-20,behavior
U00398,Thriller,0.1091,2025-12-22,onboarding
U00399,Thriller,0.0506,2025-06-05,hybrid
U00399,Fantasy,0.0986,2026-01-18,behavior
U00399,History,0.0901,2026-03-02,onboarding
U00399,Western,0.7607,2025-09-16,behavior
U00400,War,0.4718,2023-03-31,onboarding
U00400,Mystery,0.5282,2023-09-29,hybrid
U00401,Romance,0.3338,2025-03-08,hybrid
U00401,Animation,0.1058,2025-06-06,hybrid
U00401,War,0.2325,2026-02-10,hybrid
U00401,Crime,0.3279,2025-07-24,onboarding
U00402,War,0.0424,2025-10-19,hybrid
U00402,History,0.3734,2026-04-07,onboarding
U00402,Adventure,0.3265,2024-10-23,onboarding
U00402,Mystery,0.2578,2025-02-11,onboarding
U00403,Adventure,0.6327,2024-02-25,hybrid
U00403,War,0.3673,2024-04-13,hybrid
U00404,Fantasy,0.4435,2023-03-01,onboarding
U00404,Mystery,0.5565,2025-05-24,onboarding
U00405,History,0.0636,2023-06-07,hybrid
U00405,Music,0.2508,2023-03-18,hybrid
U00405,War,0.0936,2024-01-10,hybrid
U00405,Romance,0.592,2024-12-01,hybrid
U00406,Romance,0.4189,2025-04-26,hybrid
U00406,War,0.5811,2026-03-18,hybrid
U00407,Fantasy,0.2638,2026-02-13,behavior
U00407,Science Fiction,0.296,2025-10-08,onboarding
U00407,Mystery,0.2198,2024-11-28,behavior
U00407,History,0.2203,2023-12-20,onboarding
U00408,Comedy,0.2251,2024-05-30,onboarding
U00408,Fantasy,0.4254,2024-11-05,behavior
U00408,Animation,0.3495,2023-08-13,hybrid
U00409,Action,0.0595,2026-02-08,hybrid
U00409,Fantasy,0.3803,2025-11-07,hybrid
U00409,Family,0.2171,2025-06-07,onboarding
U00409,Crime,0.3431,2026-01-23,hybrid
U00410,Music,0.1104,2025-06-08,hybrid
U00410,Drama,0.4585,2025-08-24,behavior
U00410,Fantasy,0.4311,2025-09-29,hybrid
U00411,Family,0.9337,2025-12-16,onboarding
U00411,Drama,0.0663,2026-03-17,hybrid
U00412,Thriller,0.1465,2026-03-28,hybrid
U00412,Action,0.1505,2026-03-07,hybrid
U00412,Adventure,0.2894,2026-03-25,hybrid
U00412,Romance,0.4137,2026-03-26,onboarding
U00413,Mystery,0.4029,2026-02-24,onboarding
U00413,Family,0.1828,2025-11-24,hybrid
U00413,Crime,0.4143,2025-11-16,hybrid
U00414,Documentary,0.0064,2025-06-13,onboarding
U00414,Science Fiction,0.3349,2025-02-18,onboarding
U00414,Comedy,0.3373,2026-02-14,onboarding
U00414,Music,0.3214,2025-04-03,onboarding
U00415,Music,0.3378,2023-10-08,onboarding
U00415,Fantasy,0.2965,2023-11-26,onboarding
U00415,Documentary,0.3657,2025-03-15,onboarding
U00416,Drama,0.3858,2025-10-10,onboarding
U00416,Romance,0.2802,2025-01-29,onboarding
U00416,Music,0.334,2026-01-10,hybrid
U00417,Fantasy,0.476,2024-09-15,behavior
U00417,Family,0.2353,2024-06-20,hybrid
U00417,Romance,0.2369,2026-01-22,hybrid
U00417,Thriller,0.0517,2024-12-10,behavior
U00418,Thriller,0.2518,2024-02-12,hybrid
U00418,Crime,0.5292,2024-01-04,hybrid
U00418,Horror,0.219,2026-01-10,onboarding
U00419,Adventure,0.8089,2026-03-18,hybrid
U00419,Drama,0.1911,2026-03-28,behavior
U00420,Music,0.0832,2025-10-25,onboarding
U00420,Fantasy,0.2122,2024-05-15,behavior
U00420,Western,0.7046,2024-03-13,onboarding
U00421,Western,0.0878,2026-03-12,onboarding
U00421,Documentary,0.4217,2026-02-18,behavior
U00421,History,0.342,2026-02-14,onboarding
U00421,War,0.1484,2025-12-16,behavior
U00422,Crime,0.4264,2024-08-27,hybrid
U00422,Documentary,0.1198,2024-12-06,behavior
U00422,Horror,0.4537,2024-06-29,onboarding
U00423,History,0.6175,2026-03-23,hybrid
U00423,Fantasy,0.2468,2025-06-07,onboarding
U00423,Mystery,0.1357,2025-07-29,behavior
U00424,Crime,0.8152,2024-12-15,onboarding
U00424,Family,0.1848,2024-06-29,hybrid
U00425,Animation,0.2168,2024-12-04,behavior
U00425,Thriller,0.7832,2024-09-27,hybrid
U00426,Mystery,0.2351,2023-05-03,onboarding
U00426,History,0.7649,2025-09-03,hybrid
U00427,Documentary,0.1601,2023-10-13,behavior
U00427,Action,0.0827,2026-02-16,onboarding
U00427,Adventure,0.1552,2023-04-06,hybrid
U00427,Horror,0.6021,2024-11-03,behavior
U00428,Western,0.2269,2023-06-28,hybrid
U00428,Documentary,0.2239,2025-09-14,onboarding
U00428,Science Fiction,0.2352,2023-09-13,onboarding
U00428,Horror,0.314,2023-07-14,onboarding
U00429,Family,0.1967,2025-01-27,behavior
U00429,Animation,0.3082,2025-01-24,behavior
U00429,Science Fiction,0.2792,2025-11-29,onboarding
U00429,Crime,0.216,2025-12-10,onboarding
U00430,History,0.3261,2025-10-20,behavior
U00430,Thriller,0.1193,2025-09-07,onboarding
U00430,Action,0.5546,2025-05-09,behavior
U00431,Action,0.5354,2025-10-14,hybrid
U00431,Music,0.4646,2025-12-19,behavior
U00432,Mystery,0.4944,2026-01-28,behavior
U00432,Family,0.1791,2026-03-29,hybrid
U00432,Fantasy,0.3265,2025-11-23,hybrid
U00433,Drama,0.344,2024-08-09,behavior
U00433,Animation,0.3347,2024-01-26,hybrid
U00433,Documentary,0.3212,2026-01-11,onboarding
U00434,Horror,0.654,2025-06-19,onboarding
U00434,Action,0.346,2025-09-29,behavior
U00435,Science Fiction,0.9016,2025-01-28,behavior
U00435,Action,0.0984,2024-05-24,onboarding
U00436,Thriller,0.1505,2024-11-19,hybrid
U00436,Music,0.3448,2025-02-13,hybrid
U00436,Science Fiction,0.5048,2025-02-20,hybrid
U00437,Thriller,0.4068,2023-06-18,behavior
U00437,Documentary,0.2053,2024-05-05,onboarding
U00437,Drama,0.056,2022-10-25,hybrid
U00437,Science Fiction,0.3319,2025-03-01,behavior
U00438,Adventure,0.247,2024-11-19,onboarding
U00438,Drama,0.2366,2025-03-12,hybrid
U00438,Science Fiction,0.267,2023-12-04,onboarding
U00438,Music,0.2495,2024-07-19,behavior
U00439,Adventure,0.1752,2024-07-19,hybrid
U00439,War,0.2285,2024-11-11,onboarding
U00439,Comedy,0.201,2026-03-02,onboarding
U00439,Crime,0.3953,2023-11-22,behavior
U00440,Horror,0.06,2026-04-02,onboarding
U00440,Action,0.5938,2025-12-17,behavior
U00440,Documentary,0.3461,2026-04-02,onboarding
U00441,Crime,0.3614,2026-03-12,hybrid
U00441,Music,0.4696,2026-03-06,onboarding
U00441,Animation,0.0886,2026-03-31,onboarding
U00441,Comedy,0.0804,2026-03-06,hybrid
U00442,Crime,0.3487,2024-03-22,behavior
U00442,Comedy,0.2528,2025-02-19,hybrid
U00442,Western,0.3985,2023-12-05,behavior
U00443,Mystery,0.0798,2025-05-06,behavior
U00443,Music,0.4016,2023-12-21,behavior
U00443,Crime,0.3879,2023-09-09,behavior
U00443,Thriller,0.1308,2023-10-08,onboarding
U00444,Documentary,0.3129,2024-10-28,behavior
U00444,Music,0.23,2025-06-15,onboarding
U00444,Horror,0.1575,2025-11-10,onboarding
U00444,War,0.2996,2025-02-07,onboarding
U00445,History,0.3758,2025-01-25,hybrid
U00445,Fantasy,0.5404,2023-10-02,hybrid
U00445,Music,0.0839,2023-11-13,onboarding
U00446,Music,0.3467,2022-10-29,hybrid
U00446,Family,0.3516,2022-12-20,behavior
U00446,Horror,0.0545,2022-09-17,onboarding
U00446,Western,0.2473,2024-06-04,onboarding
U00447,History,0.5053,2025-05-16,behavior
U00447,Horror,0.1739,2023-06-07,behavior
U00447,Romance,0.0008,2024-07-31,behavior
U00447,War,0.32,2023-03-04,hybrid
U00448,Drama,0.31,2026-03-12,hybrid
U00448,Comedy,0.69,2024-07-04,hybrid
U00449,Fantasy,0.1829,2025-07-31,onboarding
U00449,Adventure,0.2833,2026-01-01,hybrid
U00449,Music,0.3076,2025-03-23,onboarding
U00449,Comedy,0.2262,2025-09-19,onboarding
U00450,Romance,0.3445,2025-09-17,hybrid
U00450,Music,0.0079,2025-11-11,behavior
U00450,Adventure,0.3814,2025-03-18,behavior
U00450,Western,0.2662,2024-11-18,hybrid
U00451,Comedy,0.0114,2025-06-10,onboarding
U00451,Family,0.9886,2025-08-21,onboarding
U00452,Comedy,0.2808,2025-04-12,hybrid
U00452,Music,0.3135,2025-04-14,hybrid
U00452,Science Fiction,0.2011,2024-12-04,hybrid
U00452,War,0.2046,2024-11-19,hybrid
U00453,Western,0.6847,2026-01-29,behavior
U00453,Science Fiction,0.3153,2026-01-08,onboarding
U00454,Family,0.2175,2026-01-08,hybrid
U00454,Drama,0.2889,2024-12-09,behavior
U00454,Mystery,0.0148,2025-04-18,onboarding
U00454,Thriller,0.4788,2025-10-15,onboarding
U00455,Action,0.0614,2025-06-20,onboarding
U00455,War,0.4091,2024-06-03,onboarding
U00455,Crime,0.1731,2023-12-26,behavior
U00455,Science Fiction,0.3564,2025-01-28,hybrid
U00456,Western,0.4782,2026-01-04,behavior
U00456,Crime,0.425,2025-07-14,hybrid
U00456,Comedy,0.054,2025-12-06,hybrid
U00456,Action,0.0428,2026-01-26,behavior
U00457,Fantasy,0.5634,2024-10-08,onboarding
U00457,History,0.4366,2024-12-08,behavior
U00458,Thriller,0.3657,2025-07-27,hybrid
U00458,Comedy,0.6343,2026-04-02,onboarding
U00459,Romance,0.4002,2025-08-05,behavior
U00459,Western,0.2194,2026-04-10,behavior
U00459,Comedy,0.3804,2024-11-26,behavior
U00460,Western,0.0799,2025-12-28,behavior
U00460,Crime,0.7923,2024-08-19,hybrid
U00460,Horror,0.1278,2025-12-02,onboarding
U00461,Animation,0.5073,2025-12-02,hybrid
U00461,Family,0.0315,2026-02-07,behavior
U00461,Romance,0.3489,2026-02-17,hybrid
U00461,Crime,0.1123,2026-02-01,hybrid
U00462,Fantasy,0.2155,2025-07-13,behavior
U00462,Animation,0.3876,2025-06-19,hybrid
U00462,Mystery,0.3969,2025-11-02,behavior
U00463,Drama,0.4892,2025-03-01,hybrid
U00463,War,0.4268,2025-10-15,onboarding
U00463,Family,0.084,2025-08-15,hybrid
U00464,Romance,0.3719,2023-11-22,onboarding
U00464,Western,0.6281,2025-10-29,behavior
U00465,Science Fiction,0.169,2025-11-20,behavior
U00465,Crime,0.3847,2024-03-08,hybrid
U00465,Western,0.4463,2026-02-09,onboarding
U00466,Adventure,0.0539,2025-11-18,hybrid
U00466,Family,0.5396,2024-01-23,onboarding
U00466,Crime,0.1712,2023-03-30,hybrid
U00466,Romance,0.2353,2026-02-15,hybrid
U00467,Drama,0.3226,2024-02-02,onboarding
U00467,Western,0.3567,2025-12-08,onboarding
U00467,War,0.3207,2022-09-30,onboarding
U00468,Adventure,0.2565,2026-03-28,hybrid
U00468,Fantasy,0.1253,2026-01-04,hybrid
U00468,Documentary,0.273,2026-03-14,behavior
U00468,Action,0.3452,2026-03-28,onboarding
U00469,Animation,0.1494,2026-01-04,onboarding
U00469,Mystery,0.8506,2026-01-23,behavior
U00470,War,0.0686,2024-06-26,hybrid
U00470,Comedy,0.6589,2025-09-06,onboarding
U00470,Horror,0.2725,2024-08-28,behavior
U00471,War,0.5348,2023-05-15,behavior
U00471,History,0.4652,2025-05-20,onboarding
U00472,History,0.4254,2025-05-04,behavior
U00472,Family,0.061,2025-07-06,onboarding
U00472,Fantasy,0.4023,2024-07-09,behavior
U00472,Mystery,0.1114,2024-09-22,behavior
U00473,Crime,0.2893,2025-02-04,onboarding
U00473,Animation,0.1289,2025-03-29,hybrid
U00473,Mystery,0.5818,2025-04-22,behavior
U00474,Western,0.2064,2026-02-20,onboarding
U00474,Crime,0.3039,2024-02-15,onboarding
U00474,Drama,0.4897,2025-04-15,hybrid
U00475,Crime,0.2535,2023-03-29,behavior
U00475,Documentary,0.2668,2023-06-04,onboarding
U00475,Horror,0.4797,2024-03-11,hybrid
U00476,Romance,0.3918,2024-03-30,hybrid
U00476,History,0.0008,2025-05-09,onboarding
U00476,Science Fiction,0.6074,2025-09-23,behavior
U00477,Family,0.1032,2025-11-17,onboarding
U00477,Western,0.2462,2026-02-08,hybrid
U00477,War,0.6507,2026-03-27,hybrid
U00478,Music,0.02,2025-04-08,behavior
U00478,Documentary,0.3443,2026-04-04,hybrid
U00478,Mystery,0.3352,2025-07-04,onboarding
U00478,Family,0.3005,2025-06-23,behavior
U00479,Family,0.144,2026-03-10,hybrid
U00479,Drama,0.5516,2023-11-09,onboarding
U00479,War,0.3044,2024-08-02,onboarding
U00480,Romance,0.5898,2025-11-29,hybrid
U00480,Mystery,0.4102,2025-03-19,behavior
U00481,War,0.4305,2026-02-18,onboarding
U00481,Adventure,0.209,2026-02-24,onboarding
U00481,Comedy,0.2541,2026-03-10,onboarding
U00481,Family,0.1064,2026-02-02,hybrid
U00482,War,0.0365,2025-11-19,hybrid
U00482,Adventure,0.4238,2026-03-19,hybrid
U00482,Drama,0.5398,2025-06-28,hybrid
U00483,Adventure,0.182,2026-01-06,onboarding
U00483,War,0.3457,2025-05-21,behavior
U00483,Crime,0.1052,2024-05-20,onboarding
U00483,Family,0.3671,2025-05-23,behavior
U00484,Crime,0.3204,2026-03-08,hybrid
U00484,Mystery,0.2705,2026-04-04,hybrid
U00484,Romance,0.3574,2026-03-28,hybrid
U00484,Documentary,0.0516,2026-03-30,onboarding
U00485,Horror,0.2199,2025-12-17,onboarding
U00485,Documentary,0.5716,2023-08-19,behavior
U00485,Comedy,0.2085,2025-02-18,onboarding
U00486,War,0.086,2026-04-01,hybrid
U00486,Documentary,0.0371,2026-04-06,hybrid
U00486,Mystery,0.8769,2026-04-04,behavior
U00487,Adventure,0.1971,2025-10-23,onboarding
U00487,Romance,0.3868,2024-05-20,onboarding
U00487,History,0.2258,2024-01-03,onboarding
U00487,Crime,0.1902,2025-07-25,onboarding
U00488,Action,0.4468,2026-01-09,onboarding
U00488,Science Fiction,0.3423,2025-12-11,onboarding
U00488,Thriller,0.2109,2026-01-02,behavior
U00489,Science Fiction,0.2628,2024-11-21,hybrid
U00489,Animation,0.4055,2026-03-31,behavior
U00489,Action,0.3317,2025-11-09,behavior
U00490,Music,0.2699,2024-02-27,hybrid
U00490,Adventure,0.7301,2025-10-27,hybrid
U00491,Romance,0.4035,2024-11-09,hybrid
U00491,Documentary,0.5965,2022-12-18,hybrid
U00492,Animation,0.166,2024-08-09,behavior
U00492,History,0.834,2024-07-23,onboarding
U00493,Fantasy,0.7521,2025-11-20,hybrid
U00493,Horror,0.2479,2024-01-07,behavior
U00494,Animation,0.2228,2025-11-22,onboarding
U00494,Thriller,0.2051,2026-03-19,hybrid
U00494,History,0.2881,2025-11-20,hybrid
U00494,Drama,0.2839,2025-12-25,hybrid
U00495,Thriller,0.3687,2026-02-11,onboarding
U00495,War,0.1318,2025-11-15,hybrid
U00495,Western,0.317,2025-10-03,onboarding
U00495,Family,0.1825,2025-10-29,onboarding
U00496,Comedy,0.314,2024-02-12,behavior
U00496,Drama,0.2014,2024-12-09,onboarding
U00496,Romance,0.4847,2023-11-20,hybrid
U00497,Fantasy,0.2735,2026-03-15,behavior
U00497,Animation,0.3672,2026-03-10,hybrid
U00497,History,0.3593,2026-03-19,onboarding
U00498,Action,0.3391,2026-01-02,onboarding
U00498,Documentary,0.1544,2025-08-29,onboarding
U00498,Drama,0.1474,2026-03-29,onboarding
U00498,War,0.3591,2026-02-01,onboarding
U00499,Science Fiction,0.2117,2025-07-17,hybrid
U00499,Romance,0.731,2025-11-10,onboarding
U00499,Adventure,0.0574,2025-05-24,hybrid
U00500,Music,0.618,2026-03-28,hybrid
U00500,Animation,0.283,2026-03-14,hybrid
U00500,Crime,0.099,2026-03-17,hybrid
U00501,Comedy,0.0188,2025-01-18,hybrid
U00501,History,0.9812,2026-01-21,onboarding
U00502,History,0.389,2025-11-07,behavior
U00502,Drama,0.334,2024-10-03,behavior
U00502,Western,0.277,2024-08-10,onboarding
U00503,Action,0.2644,2025-09-04,onboarding
U00503,Thriller,0.1383,2024-10-30,hybrid
U00503,Crime,0.3216,2024-10-12,hybrid
U00503,Comedy,0.2758,2025-04-27,hybrid
U00504,Crime,0.2101,2026-01-16,behavior
U00504,Drama,0.2234,2025-03-15,onboarding
U00504,Adventure,0.2206,2025-09-22,hybrid
U00504,Family,0.346,2026-03-11,behavior
U00505,War,0.1595,2025-02-05,onboarding
U00505,History,0.8405,2022-11-07,behavior
U00506,Western,0.1069,2025-05-20,hybrid
U00506,Horror,0.5564,2025-12-02,onboarding
U00506,Science Fiction,0.3367,2023-12-30,onboarding
U00507,Comedy,0.4008,2025-07-17,onboarding
U00507,Drama,0.3509,2026-01-25,hybrid
U00507,Music,0.0277,2025-08-27,hybrid
U00507,Fantasy,0.2206,2025-08-30,hybrid
U00508,Horror,0.054,2024-05-22,onboarding
U00508,Science Fiction,0.5153,2024-03-10,behavior
U00508,Adventure,0.0156,2025-02-24,onboarding
U00508,Animation,0.4152,2024-12-24,hybrid
U00509,Mystery,0.3534,2024-11-17,onboarding
U00509,Documentary,0.3996,2025-12-20,hybrid
U00509,Science Fiction,0.247,2023-07-11,hybrid
U00510,Animation,0.8134,2026-03-02,onboarding
U00510,Science Fiction,0.1866,2025-12-03,behavior
U00511,Fantasy,0.1518,2025-06-16,onboarding
U00511,Music,0.214,2023-06-29,hybrid
U00511,Mystery,0.3458,2025-01-27,behavior
U00511,Animation,0.2884,2023-10-16,hybrid
U00512,Thriller,0.0827,2026-02-01,behavior
U00512,Science Fiction,0.6379,2023-03-06,hybrid
U00512,Documentary,0.2793,2025-01-25,behavior
U00513,Animation,0.2952,2024-03-26,behavior
U00513,History,0.2601,2024-07-09,onboarding
U00513,Science Fiction,0.2224,2026-02-15,behavior
U00513,Drama,0.2223,2025-08-19,hybrid
U00514,Drama,0.1584,2025-09-02,hybrid
U00514,Romance,0.2815,2025-05-16,hybrid
U00514,War,0.5601,2023-10-09,onboarding
U00515,Science Fiction,0.232,2025-12-31,onboarding
U00515,Horror,0.768,2026-02-01,onboarding
U00516,Mystery,0.2672,2024-11-11,hybrid
U00516,Horror,0.1171,2024-12-16,hybrid
U00516,Thriller,0.2723,2023-09-17,behavior
U00516,War,0.3434,2025-06-05,behavior
U00517,Science Fiction,0.4452,2026-03-18,behavior
U00517,History,0.5548,2026-03-13,behavior
U00518,Music,0.4712,2024-12-09,hybrid
U00518,Animation,0.2317,2026-03-18,hybrid
U00518,Action,0.2005,2025-04-04,behavior
U00518,History,0.0966,2026-03-05,onboarding
U00519,Western,0.3324,2023-10-28,hybrid
U00519,Music,0.6676,2023-01-08,hybrid
U00520,Horror,0.1753,2025-07-01,onboarding
U00520,Mystery,0.3738,2025-12-28,behavior
U00520,War,0.1152,2024-11-22,hybrid
U00520,Drama,0.3357,2025-05-14,hybrid
U00521,Romance,0.2785,2024-08-02,hybrid
U00521,Crime,0.4436,2025-08-20,hybrid
U00521,History,0.2779,2024-06-07,hybrid
U00522,Crime,0.1201,2026-01-09,onboarding
U00522,Animation,0.4298,2026-04-02,hybrid
U00522,Western,0.4502,2026-04-06,hybrid
U00523,Romance,0.1337,2026-03-27,onboarding
U00523,Science Fiction,0.3574,2025-07-31,behavior
U00523,Mystery,0.1493,2025-12-13,onboarding
U00523,Documentary,0.3596,2024-11-01,behavior
U00524,War,0.0452,2023-12-09,behavior
U00524,Fantasy,0.4692,2025-02-02,hybrid
U00524,Romance,0.4744,2025-11-28,onboarding
U00524,Science Fiction,0.0112,2024-03-06,onboarding
U00525,Animation,0.091,2026-03-27,behavior
U00525,Crime,0.3988,2025-04-08,onboarding
U00525,Fantasy,0.3021,2025-03-30,behavior
U00525,Family,0.2081,2025-07-23,onboarding
U00526,Western,0.339,2026-02-15,behavior
U00526,History,0.0885,2026-02-13,behavior
U00526,Adventure,0.5448,2026-03-29,behavior
U00526,Science Fiction,0.0277,2026-04-02,hybrid
U00527,History,0.2462,2026-01-05,hybrid
U00527,Western,0.3516,2025-07-31,onboarding
U00527,Documentary,0.4022,2025-07-30,behavior
U00528,Adventure,0.3456,2025-08-30,onboarding
U00528,History,0.6544,2026-04-10,hybrid
U00529,Fantasy,0.5983,2024-03-23,behavior
U00529,Western,0.4017,2026-03-21,hybrid
U00530,Science Fiction,0.2562,2023-05-27,behavior
U00530,Music,0.0184,2023-06-03,behavior
U00530,Documentary,0.3874,2025-11-18,onboarding
U00530,Crime,0.338,2023-03-30,hybrid
U00531,Thriller,0.8316,2026-03-11,behavior
U00531,Romance,0.1684,2026-03-31,hybrid
U00532,Fantasy,0.1182,2023-02-13,behavior
U00532,Comedy,0.1682,2025-03-08,behavior
U00532,Adventure,0.3641,2024-04-23,hybrid
U00532,Animation,0.3495,2025-06-24,hybrid
U00533,Crime,0.1672,2024-12-28,hybrid
U00533,War,0.4381,2026-01-07,behavior
U00533,Romance,0.3946,2025-06-03,hybrid
U00534,Music,0.4296,2025-05-21,onboarding
U00534,Romance,0.2729,2024-03-09,hybrid
U00534,Fantasy,0.0164,2023-03-10,behavior
U00534,Documentary,0.2811,2024-04-15,behavior
U00535,Drama,0.0699,2026-02-15,onboarding
U00535,War,0.5384,2026-02-05,behavior
U00535,Horror,0.2138,2026-02-12,hybrid
U00535,Thriller,0.1779,2026-01-17,onboarding
U00536,Comedy,0.2556,2022-11-26,onboarding
U00536,Science Fiction,0.2465,2024-01-22,hybrid
U00536,Music,0.3193,2023-05-23,behavior
U00536,Western,0.1786,2024-09-04,onboarding
U00537,Comedy,0.4583,2026-01-07,behavior
U00537,Western,0.5417,2026-01-13,onboarding
U00538,Fantasy,0.5143,2026-03-23,hybrid
U00538,History,0.4857,2026-03-06,onboarding
U00539,Animation,0.4754,2024-05-06,onboarding
U00539,Fantasy,0.5246,2024-10-02,behavior
U00540,Animation,0.637,2023-09-18,behavior
U00540,Thriller,0.2219,2024-02-06,hybrid
U00540,Drama,0.141,2025-11-22,hybrid
U00541,Comedy,0.2408,2025-01-13,onboarding
U00541,Science Fiction,0.3016,2024-12-08,hybrid
U00541,Fantasy,0.3185,2026-02-19,hybrid
U00541,Adventure,0.1392,2024-04-03,hybrid
U00542,Crime,0.1352,2025-08-03,onboarding
U00542,Action,0.7585,2025-03-18,onboarding
U00542,Adventure,0.1063,2023-12-13,behavior
U00543,Thriller,0.339,2026-01-21,hybrid
U00543,Western,0.3766,2025-08-06,behavior
U00543,Romance,0.2725,2025-05-20,onboarding
U00543,Drama,0.012,2025-08-23,onboarding
U00544,Horror,0.446,2026-02-06,onboarding
U00544,History,0.3806,2025-08-30,onboarding
U00544,Mystery,0.1734,2025-06-02,onboarding
U00545,Drama,0.1115,2025-09-22,hybrid
U00545,Documentary,0.3472,2025-12-18,onboarding
U00545,Adventure,0.2809,2025-07-12,hybrid
U00545,Western,0.2605,2026-03-06,hybrid
U00546,Drama,0.8188,2025-11-22,behavior
U00546,Crime,0.1759,2026-02-13,onboarding
U00546,Adventure,0.0053,2025-12-08,hybrid
U00547,History,0.2446,2025-11-28,hybrid
U00547,Thriller,0.112,2023-08-08,hybrid
U00547,Science Fiction,0.4021,2023-09-03,onboarding
U00547,Action,0.2413,2023-03-19,onboarding
U00548,War,0.3713,2024-11-28,hybrid
U00548,Science Fiction,0.3803,2024-09-23,hybrid
U00548,Crime,0.1242,2024-12-27,hybrid
U00548,Music,0.1243,2025-04-23,behavior
U00549,Adventure,0.4004,2025-10-06,hybrid
U00549,Family,0.0995,2026-02-28,hybrid
U00549,Crime,0.3717,2025-08-15,hybrid
U00549,Action,0.1284,2026-01-14,hybrid
U00550,Comedy,0.3747,2025-12-04,behavior
U00550,Western,0.6253,2025-09-19,behavior
U00551,Western,0.5098,2026-03-28,onboarding
U00551,Crime,0.4902,2024-04-25,behavior
U00552,Crime,0.2637,2025-07-10,onboarding
U00552,Romance,0.4091,2025-02-16,onboarding
U00552,Documentary,0.3272,2024-05-01,behavior
U00553,Mystery,0.0952,2025-11-14,behavior
U00553,Documentary,0.4716,2026-03-19,hybrid
U00553,Action,0.2262,2025-12-16,hybrid
U00553,Science Fiction,0.207,2026-03-10,behavior
U00554,Thriller,0.2821,2025-01-30,hybrid
U00554,Crime,0.3912,2025-03-04,behavior
U00554,Drama,0.3266,2024-03-21,onboarding
U00555,Adventure,0.4637,2026-01-22,behavior
U00555,Documentary,0.0684,2026-03-09,onboarding
U00555,Thriller,0.2755,2025-09-18,hybrid
U00555,History,0.1924,2026-03-20,onboarding
U00556,War,0.4946,2023-10-25,onboarding
U00556,Comedy,0.5054,2025-11-05,hybrid
U00557,Drama,0.2419,2025-05-27,onboarding
U00557,Comedy,0.7581,2025-07-03,hybrid
U00558,Music,0.3804,2025-06-14,behavior
U00558,History,0.2024,2024-01-21,behavior
U00558,Drama,0.2846,2024-03-29,behavior
U00558,Thriller,0.1326,2023-04-07,hybrid
U00559,Documentary,0.2411,2025-12-02,onboarding
U00559,Action,0.7589,2026-02-09,behavior
U00560,Family,0.6336,2026-03-02,hybrid
U00560,Comedy,0.3629,2026-03-14,behavior
U00560,Horror,0.0035,2026-03-20,onboarding
U00561,Thriller,0.4856,2025-05-19,behavior
U00561,Adventure,0.1074,2025-02-22,behavior
U00561,Romance,0.407,2024-04-25,behavior
U00562,Drama,0.4285,2023-07-13,hybrid
U00562,Music,0.2625,2024-01-29,behavior
U00562,Fantasy,0.309,2024-10-08,hybrid
U00563,Science Fiction,0.4365,2025-05-05,hybrid
U00563,Romance,0.2759,2024-05-09,behavior
U00563,Documentary,0.2876,2025-07-10,onboarding
U00564,Romance,0.3338,2023-12-06,behavior
U00564,War,0.6662,2025-04-30,hybrid
U00565,Horror,0.8115,2023-11-27,onboarding
U00565,Romance,0.1885,2023-12-07,behavior
U00566,War,0.0665,2025-09-20,hybrid
U00566,Adventure,0.2812,2026-01-31,onboarding
U00566,Romance,0.1759,2026-02-26,onboarding
U00566,Fantasy,0.4765,2025-03-04,onboarding
U00567,Action,0.2829,2022-11-25,behavior
U00567,Romance,0.2372,2022-09-28,hybrid
U00567,Drama,0.1521,2023-06-20,behavior
U00567,Animation,0.3279,2024-09-09,hybrid
U00568,Science Fiction,0.567,2023-08-12,behavior
U00568,Action,0.0001,2024-09-06,onboarding
U00568,Western,0.3364,2023-05-04,onboarding
U00568,Family,0.0964,2025-02-25,hybrid
U00569,Mystery,0.1972,2025-11-18,behavior
U00569,Horror,0.8028,2026-02-08,behavior
U00570,Adventure,0.3364,2025-11-07,onboarding
U00570,War,0.4258,2026-01-16,onboarding
U00570,Music,0.2378,2025-12-28,behavior
U00571,Documentary,0.5243,2025-07-20,behavior
U00571,Animation,0.0001,2026-02-18,onboarding
U00571,Drama,0.4756,2024-05-13,hybrid
U00572,Drama,0.1839,2025-08-31,onboarding
U00572,Family,0.2867,2025-12-19,onboarding
U00572,Horror,0.0091,2025-11-02,hybrid
U00572,Documentary,0.5203,2026-02-07,onboarding
U00573,War,0.0092,2025-04-13,hybrid
U00573,Comedy,0.346,2025-10-07,onboarding
U00573,Thriller,0.5336,2025-08-20,hybrid
U00573,Music,0.1112,2025-02-22,behavior
U00574,Mystery,0.7471,2025-09-09,behavior
U00574,Documentary,0.2529,2025-12-10,behavior
U00575,Drama,0.4861,2026-01-10,onboarding
U00575,War,0.5139,2025-05-15,behavior
U00576,Action,0.219,2026-01-25,behavior
U00576,History,0.1308,2025-07-12,behavior
U00576,Drama,0.6502,2025-04-20,behavior
U00577,Horror,0.228,2026-03-13,behavior
U00577,Thriller,0.2971,2024-04-02,behavior
U00577,Science Fiction,0.1511,2024-11-26,onboarding
U00577,Family,0.3238,2025-04-02,behavior
U00578,Adventure,0.2884,2024-08-12,onboarding
U00578,Crime,0.5093,2024-12-11,hybrid
U00578,Music,0.2023,2024-06-22,onboarding
U00579,Crime,0.1404,2026-04-05,hybrid
U00579,Documentary,0.3159,2026-04-05,onboarding
U00579,Family,0.2637,2026-03-31,hybrid
U00579,Adventure,0.28,2026-04-09,behavior
U00580,Western,0.0904,2023-07-11,hybrid
U00580,Adventure,0.9096,2025-11-17,hybrid
U00581,Mystery,0.3266,2023-01-28,hybrid
U00581,Thriller,0.6734,2023-07-10,hybrid
U00582,History,0.6004,2025-04-25,onboarding
U00582,Thriller,0.2448,2026-03-11,onboarding
U00582,Western,0.1548,2025-12-22,behavior
U00583,Crime,0.233,2025-04-06,hybrid
U00583,Comedy,0.767,2025-07-14,hybrid
U00584,Drama,0.4837,2025-03-03,behavior
U00584,War,0.5163,2024-05-22,behavior
U00585,Animation,0.1676,2026-02-11,hybrid
U00585,War,0.281,2026-03-02,onboarding
U00585,Mystery,0.2728,2026-03-15,behavior
U00585,Comedy,0.2786,2026-03-18,behavior
U00586,Romance,0.4701,2025-04-28,onboarding
U00586,Music,0.5299,2025-04-23,hybrid
U00587,Drama,0.7782,2026-01-05,onboarding
U00587,Science Fiction,0.2218,2025-10-23,behavior
U00588,Animation,0.3371,2023-07-17,behavior
U00588,Crime,0.2973,2025-12-27,behavior
U00588,Drama,0.0927,2023-07-22,behavior
U00588,War,0.2729,2023-07-16,hybrid
U00589,Romance,0.2077,2025-11-25,hybrid
U00589,Documentary,0.5539,2025-11-15,hybrid
U00589,Science Fiction,0.2384,2025-12-06,hybrid
U00590,Thriller,0.278,2026-02-09,behavior
U00590,Science Fiction,0.2574,2025-10-08,hybrid
U00590,Family,0.4647,2025-12-19,behavior
U00591,History,0.2507,2024-04-15,behavior
U00591,Romance,0.2446,2023-10-11,onboarding
U00591,Documentary,0.4361,2024-09-12,hybrid
U00591,Family,0.0686,2024-07-26,behavior
U00592,Romance,0.067,2026-01-17,behavior
U00592,Fantasy,0.3054,2025-09-22,hybrid
U00592,Thriller,0.6275,2026-01-30,hybrid
U00593,Adventure,0.0886,2024-05-10,behavior
U00593,Crime,0.2041,2023-09-22,onboarding
U00593,Horror,0.2432,2025-06-07,behavior
U00593,Family,0.4641,2023-09-10,onboarding
U00594,History,0.222,2023-08-17,hybrid
U00594,War,0.005,2024-02-26,behavior
U00594,Animation,0.7731,2025-12-16,hybrid
U00595,History,0.2505,2025-11-05,behavior
U00595,Fantasy,0.3997,2025-08-03,hybrid
U00595,Music,0.3419,2025-09-22,onboarding
U00595,Adventure,0.0079,2025-03-09,hybrid
U00596,Documentary,0.496,2024-11-22,behavior
U00596,Comedy,0.2835,2025-05-14,behavior
U00596,Drama,0.2205,2026-01-31,hybrid
U00597,Crime,0.817,2024-08-07,hybrid
U00597,Action,0.183,2024-04-21,behavior
U00598,Horror,0.049,2026-02-04,onboarding
U00598,Documentary,0.071,2025-11-16,hybrid
U00598,History,0.6912,2025-10-02,behavior
U00598,Action,0.1888,2025-10-26,onboarding
U00599,Animation,0.2804,2024-10-01,behavior
U00599,Romance,0.7196,2026-04-08,behavior
U00600,War,0.2858,2024-01-14,onboarding
U00600,Adventure,0.5884,2023-01-24,onboarding
U00600,Thriller,0.0778,2023-06-26,behavior
U00600,Western,0.0481,2024-05-22,onboarding
U00601,Drama,0.8432,2025-12-22,behavior
U00601,Documentary,0.1568,2025-09-12,onboarding
U00602,Family,0.3105,2025-08-16,hybrid
U00602,War,0.1692,2025-08-19,onboarding
U00602,Animation,0.2522,2025-05-10,onboarding
U00602,Adventure,0.2681,2025-05-03,behavior
U00603,Comedy,0.1193,2024-07-08,behavior
U00603,Drama,0.3162,2022-08-26,behavior
U00603,Thriller,0.2543,2024-10-31,onboarding
U00603,Documentary,0.3101,2022-06-09,onboarding
U00604,Family,0.2132,2023-10-14,hybrid
U00604,Romance,0.1584,2023-10-10,behavior
U00604,Comedy,0.2872,2025-09-25,behavior
U00604,Mystery,0.3412,2023-09-22,behavior
U00605,Western,0.3339,2026-04-04,behavior
U00605,Adventure,0.2539,2026-04-10,hybrid
U00605,Animation,0.4122,2026-03-27,hybrid
U00606,Family,0.351,2026-04-10,hybrid
U00606,Romance,0.3509,2026-03-11,behavior
U00606,History,0.298,2026-03-31,hybrid
U00607,Comedy,0.1679,2026-03-02,onboarding
U00607,Mystery,0.2902,2026-02-12,onboarding
U00607,Science Fiction,0.5419,2026-01-24,hybrid
U00608,Drama,0.0068,2025-05-15,behavior
U00608,Horror,0.5062,2025-08-09,hybrid
U00608,Western,0.487,2024-05-29,onboarding
U00609,Mystery,0.755,2026-02-07,behavior
U00609,Music,0.12,2026-03-17,onboarding
U00609,Thriller,0.1249,2026-01-01,behavior
U00610,Thriller,0.3193,2024-06-25,behavior
U00610,Family,0.4177,2024-12-09,behavior
U00610,Crime,0.263,2024-06-02,onboarding
U00611,Horror,0.0457,2024-08-17,behavior
U00611,Crime,0.5243,2025-07-23,onboarding
U00611,History,0.43,2023-06-23,behavior
U00612,Thriller,0.5188,2024-03-26,hybrid
U00612,Western,0.3386,2024-07-17,behavior
U00612,Fantasy,0.1426,2025-01-24,onboarding
U00613,Horror,0.3036,2024-11-09,behavior
U00613,Mystery,0.0889,2026-01-15,hybrid
U00613,Science Fiction,0.6075,2025-11-16,hybrid
U00614,Crime,0.4919,2025-10-22,behavior
U00614,History,0.0306,2025-04-04,hybrid
U00614,Mystery,0.4775,2025-12-04,behavior
U00615,Adventure,0.2346,2024-12-03,behavior
U00615,Mystery,0.4856,2024-07-29,hybrid
U00615,Fantasy,0.1824,2023-11-08,behavior
U00615,Family,0.0975,2024-05-27,hybrid
U00616,Crime,0.2091,2026-04-02,behavior
U00616,Music,0.7909,2025-10-27,onboarding
U00617,Romance,0.3892,2024-05-28,hybrid
U00617,Music,0.472,2024-06-17,behavior
U00617,Adventure,0.1388,2024-04-28,behavior
U00618,Horror,0.2468,2025-05-23,hybrid
U00618,Documentary,0.7532,2025-09-17,onboarding
U00619,Action,0.5858,2025-04-04,behavior
U00619,Thriller,0.0658,2025-07-21,hybrid
U00619,Western,0.3484,2024-12-08,onboarding
U00620,Drama,0.4566,2024-12-02,hybrid
U00620,Horror,0.2619,2024-01-17,hybrid
U00620,Thriller,0.1514,2024-03-05,hybrid
U00620,Fantasy,0.1301,2023-04-01,onboarding
U00621,Western,0.7733,2025-11-22,behavior
U00621,Drama,0.2267,2026-03-31,behavior
U00622,Animation,0.4151,2025-11-19,hybrid
U00622,Comedy,0.1254,2025-11-24,hybrid
U00622,Horror,0.0021,2026-03-06,behavior
U00622,Crime,0.4573,2026-01-04,onboarding
U00623,War,0.1171,2025-12-09,hybrid
U00623,History,0.7075,2026-01-02,behavior
U00623,Romance,0.1753,2026-02-10,behavior
U00624,War,0.3796,2024-01-30,onboarding
U00624,Documentary,0.6204,2026-02-23,hybrid
U00625,Adventure,0.2646,2026-04-09,onboarding
U00625,War,0.2298,2025-11-05,hybrid
U00625,Drama,0.5056,2025-11-25,behavior
U00626,Animation,0.2247,2025-03-26,hybrid
U00626,Drama,0.4355,2024-11-25,behavior
U00626,Romance,0.3398,2025-06-17,hybrid
U00627,Drama,0.5858,2023-07-21,onboarding
U00627,Action,0.4142,2024-04-10,onboarding
U00628,Fantasy,0.6449,2024-03-03,behavior
U00628,Crime,0.3551,2025-05-22,hybrid
U00629,Adventure,0.5935,2025-03-05,hybrid
U00629,Animation,0.4065,2025-04-28,hybrid
U00630,Crime,0.2543,2025-12-28,onboarding
U00630,Family,0.1097,2025-04-26,onboarding
U00630,Comedy,0.1822,2026-02-18,onboarding
U00630,History,0.4539,2024-09-09,onboarding
U00631,Comedy,0.4637,2025-01-23,hybrid
U00631,Horror,0.1286,2024-03-30,onboarding
U00631,War,0.0519,2023-09-30,behavior
U00631,Romance,0.3557,2026-02-27,behavior
U00632,Drama,0.6335,2025-04-30,onboarding
U00632,Fantasy,0.3665,2024-03-28,behavior
U00633,Horror,0.1355,2026-03-21,hybrid
U00633,Romance,0.8645,2026-03-23,onboarding
U00634,Adventure,0.5931,2025-08-02,behavior
U00634,Western,0.4069,2024-10-06,onboarding
U00635,Science Fiction,0.4308,2025-12-11,hybrid
U00635,Mystery,0.5692,2026-01-16,behavior
U00636,Documentary,0.5095,2025-07-07,onboarding
U00636,Science Fiction,0.4905,2026-01-02,behavior
U00637,Romance,0.2369,2026-03-19,behavior
U00637,Horror,0.2673,2025-12-30,behavior
U00637,Western,0.4958,2025-07-27,behavior
U00638,Western,0.2055,2025-10-19,behavior
U00638,Horror,0.0758,2025-09-22,hybrid
U00638,Science Fiction,0.359,2026-04-02,hybrid
U00638,Music,0.3597,2025-12-10,behavior
U00639,Drama,0.3398,2022-09-03,hybrid
U00639,History,0.2094,2024-02-18,hybrid
U00639,Horror,0.4508,2022-05-22,behavior
U00640,Horror,0.3135,2026-02-13,hybrid
U00640,Science Fiction,0.3173,2026-04-07,hybrid
U00640,Thriller,0.3692,2026-03-09,behavior
U00641,Romance,0.6757,2025-07-17,onboarding
U00641,Music,0.3243,2023-12-09,behavior
U00642,Family,0.2037,2025-09-02,hybrid
U00642,Animation,0.1034,2025-10-06,onboarding
U00642,Science Fiction,0.3523,2025-11-08,hybrid
U00642,Comedy,0.3406,2025-10-26,hybrid
U00643,Music,0.6029,2025-02-10,behavior
U00643,Documentary,0.3971,2024-07-16,hybrid
U00644,Drama,0.8061,2024-04-26,hybrid
U00644,Western,0.1939,2023-12-30,behavior
U00645,History,0.193,2026-02-03,behavior
U00645,Drama,0.807,2026-03-28,hybrid
U00646,Family,0.7472,2025-12-25,behavior
U00646,Music,0.2425,2025-12-02,onboarding
U00646,Science Fiction,0.0103,2025-11-28,hybrid
U00647,Mystery,0.5232,2026-04-04,hybrid
U00647,Romance,0.4768,2026-03-09,behavior
U00648,Adventure,0.5232,2025-07-16,hybrid
U00648,Action,0.0855,2026-03-28,hybrid
U00648,Fantasy,0.3913,2025-05-17,hybrid
U00649,Documentary,0.2721,2024-04-07,onboarding
U00649,Fantasy,0.2086,2022-07-09,behavior
U00649,Western,0.2787,2023-06-21,behavior
U00649,War,0.2406,2025-08-13,hybrid
U00650,Fantasy,0.5933,2026-03-30,hybrid
U00650,Comedy,0.4067,2025-01-12,behavior
U00651,Fantasy,0.105,2023-11-13,hybrid
U00651,War,0.3508,2024-07-28,behavior
U00651,Horror,0.5442,2025-01-13,behavior
U00652,Crime,0.3183,2024-05-09,behavior
U00652,Adventure,0.6817,2025-12-03,hybrid
U00653,Thriller,0.9773,2024-10-07,behavior
U00653,Adventure,0.0227,2024-09-25,onboarding
U00654,Music,0.2653,2025-09-16,hybrid
U00654,Animation,0.7347,2025-07-27,hybrid
U00655,Action,0.3029,2024-10-28,hybrid
U00655,War,0.2751,2026-03-03,onboarding
U00655,Documentary,0.2392,2024-04-11,hybrid
U00655,Drama,0.1828,2025-08-05,onboarding
U00656,Comedy,0.3232,2026-03-14,onboarding
U00656,Mystery,0.1961,2026-03-17,hybrid
U00656,Music,0.1957,2026-02-10,hybrid
U00656,History,0.285,2026-04-01,onboarding
U00657,Fantasy,0.4226,2026-01-02,behavior
U00657,Action,0.322,2025-07-01,behavior
U00657,Horror,0.0941,2025-07-09,hybrid
U00657,War,0.1614,2025-04-26,onboarding
U00658,Horror,0.3364,2026-01-26,behavior
U00658,Adventure,0.3302,2026-03-10,hybrid
U00658,Animation,0.3335,2026-01-25,behavior
U00659,Drama,0.9131,2023-02-22,onboarding
U00659,Documentary,0.0869,2023-10-29,hybrid
U00660,History,0.731,2025-12-19,hybrid
U00660,Crime,0.0092,2025-09-27,hybrid
U00660,Music,0.1711,2024-09-21,behavior
U00660,Horror,0.0887,2025-03-13,onboarding
U00661,Romance,0.374,2025-02-09,onboarding
U00661,Animation,0.1761,2025-10-23,behavior
U00661,Western,0.4499,2026-02-08,onboarding
U00662,Family,0.3653,2024-10-23,onboarding
U00662,Crime,0.523,2026-03-27,hybrid
U00662,Thriller,0.1117,2024-09-18,onboarding
U00663,History,0.3594,2024-09-17,behavior
U00663,Family,0.2034,2023-07-11,onboarding
U00663,Romance,0.393,2023-10-07,onboarding
U00663,Crime,0.0443,2026-03-26,onboarding
U00664,Science Fiction,0.478,2025-05-09,onboarding
U00664,Fantasy,0.522,2024-12-08,hybrid
U00665,Mystery,0.5905,2025-02-01,onboarding
U00665,Adventure,0.4095,2025-07-01,behavior
U00666,Fantasy,0.0747,2026-01-14,hybrid
U00666,Horror,0.4535,2026-02-14,behavior
U00666,Documentary,0.4718,2026-03-19,hybrid
U00667,Action,0.2329,2024-11-19,behavior
U00667,Western,0.333,2025-02-03,onboarding
U00667,Mystery,0.1286,2025-09-16,hybrid
U00667,Adventure,0.3055,2026-03-30,onboarding
U00668,Thriller,0.3624,2026-02-15,hybrid
U00668,History,0.1776,2026-02-16,onboarding
U00668,Music,0.3555,2026-01-12,onboarding
U00668,Western,0.1045,2026-02-22,hybrid
U00669,Drama,0.5176,2024-03-04,hybrid
U00669,Action,0.4824,2023-08-16,onboarding
U00670,History,0.3539,2023-08-17,hybrid
U00670,Science Fiction,0.6461,2024-09-29,onboarding
U00671,Thriller,0.2069,2026-03-22,behavior
U00671,Western,0.1281,2026-03-22,hybrid
U00671,Action,0.665,2026-04-08,behavior
U00672,Romance,0.1026,2023-04-27,behavior
U00672,Western,0.8974,2025-02-20,hybrid
U00673,Thriller,0.2667,2025-11-22,hybrid
U00673,Family,0.0407,2025-10-15,hybrid
U00673,Adventure,0.2964,2025-10-29,onboarding
U00673,Fantasy,0.3962,2026-03-12,behavior
U00674,Thriller,0.715,2025-06-26,behavior
U00674,Music,0.285,2025-06-25,onboarding
U00675,War,0.3641,2025-02-21,behavior
U00675,Family,0.6359,2025-01-27,hybrid
U00676,Romance,0.5072,2026-04-06,hybrid
U00676,Music,0.2211,2026-04-10,hybrid
U00676,Thriller,0.2717,2026-04-10,onboarding
U00677,Thriller,0.6115,2023-07-26,onboarding
U00677,Comedy,0.3885,2025-12-19,hybrid
U00678,Documentary,0.4929,2026-01-19,behavior
U00678,Western,0.0632,2026-01-05,onboarding
U00678,Adventure,0.4439,2024-01-25,onboarding
U00679,Fantasy,0.1613,2024-08-05,onboarding
U00679,Horror,0.3986,2024-01-31,onboarding
U00679,Music,0.4401,2024-08-10,hybrid
U00680,Comedy,0.0924,2025-01-03,behavior
U00680,Western,0.492,2024-11-27,hybrid
U00680,War,0.4156,2024-09-27,behavior
U00681,History,0.0446,2025-11-02,hybrid
U00681,Science Fiction,0.1437,2023-10-09,hybrid
U00681,Thriller,0.4398,2025-06-07,onboarding
U00681,Music,0.3719,2024-05-08,hybrid
U00682,Science Fiction,0.3464,2025-01-03,hybrid
U00682,Romance,0.6536,2024-03-27,behavior
U00683,Music,0.4078,2023-04-09,hybrid
U00683,Romance,0.2987,2026-01-27,onboarding
U00683,Western,0.2935,2026-01-08,onboarding
U00684,Science Fiction,0.6185,2024-10-30,hybrid
U00684,War,0.1959,2025-02-12,onboarding
U00684,Music,0.1856,2025-01-29,hybrid
U00685,Documentary,0.4345,2024-01-28,behavior
U00685,Romance,0.3901,2025-03-03,hybrid
U00685,Adventure,0.1755,2026-02-16,hybrid
U00686,Mystery,0.1562,2025-02-18,onboarding
U00686,History,0.705,2024-09-20,hybrid
U00686,Horror,0.1388,2025-08-28,behavior
U00687,Drama,0.0953,2025-01-23,onboarding
U00687,Science Fiction,0.4548,2024-11-28,hybrid
U00687,Music,0.0659,2025-05-08,hybrid
U00687,War,0.384,2026-02-04,hybrid
U00688,Crime,0.1622,2026-02-16,hybrid
U00688,War,0.3507,2025-02-27,onboarding
U00688,History,0.0829,2025-02-17,hybrid
U00688,Comedy,0.4042,2024-12-12,hybrid
U00689,Fantasy,0.2759,2025-12-04,behavior
U00689,Family,0.2109,2025-10-18,hybrid
U00689,History,0.2105,2025-06-30,hybrid
U00689,Music,0.3027,2025-05-16,hybrid
U00690,Adventure,0.3239,2024-04-28,hybrid
U00690,Comedy,0.6761,2026-01-22,behavior
U00691,Western,0.202,2025-08-14,behavior
U00691,Family,0.3153,2025-12-09,hybrid
U00691,Music,0.1414,2026-02-04,onboarding
U00691,Crime,0.3412,2026-01-03,hybrid
U00692,Drama,0.1394,2025-10-15,behavior
U00692,Music,0.343,2026-02-23,hybrid
U00692,Science Fiction,0.1753,2025-09-30,onboarding
U00692,Adventure,0.3423,2026-03-18,hybrid
U00693,Drama,0.0663,2023-02-15,hybrid
U00693,Science Fiction,0.4132,2024-10-25,onboarding
U00693,Animation,0.5205,2026-03-21,onboarding
U00694,Romance,0.1631,2026-01-18,hybrid
U00694,Science Fiction,0.4368,2026-04-10,hybrid
U00694,Thriller,0.4001,2025-12-02,onboarding
U00695,War,0.1225,2025-02-07,hybrid
U00695,Western,0.0129,2023-03-27,hybrid
U00695,Comedy,0.429,2024-02-01,onboarding
U00695,Music,0.4356,2024-01-13,hybrid
U00696,Romance,0.3582,2024-08-29,hybrid
U00696,Comedy,0.1258,2025-04-11,hybrid
U00696,War,0.1282,2023-01-21,behavior
U00696,Documentary,0.3878,2024-03-08,behavior
U00697,Thriller,0.3829,2026-03-02,hybrid
U00697,Action,0.2876,2024-02-11,behavior
U00697,Crime,0.3295,2025-12-19,behavior
U00698,Comedy,0.1025,2025-03-18,hybrid
U00698,Music,0.8975,2025-11-18,onboarding
U00699,Thriller,0.1791,2025-11-11,hybrid
U00699,Crime,0.4791,2025-01-28,onboarding
U00699,War,0.3417,2024-07-16,behavior
U00700,Romance,0.3115,2025-05-01,hybrid
U00700,Mystery,0.2277,2023-08-18,onboarding
U00700,Family,0.1151,2023-07-29,hybrid
U00700,Science Fiction,0.3456,2024-08-13,hybrid
U00701,Action,0.2622,2025-11-21,onboarding
U00701,History,0.1964,2024-03-16,hybrid
U00701,Comedy,0.4796,2026-02-04,onboarding
U00701,Horror,0.0617,2023-12-23,onboarding
U00702,War,0.1643,2024-12-22,hybrid
U00702,Action,0.5191,2025-07-05,behavior
U00702,Comedy,0.3166,2024-01-19,onboarding
U00703,Mystery,0.4661,2026-03-27,onboarding
U00703,Adventure,0.4872,2026-01-30,onboarding
U00703,Thriller,0.0467,2026-03-04,hybrid
U00704,Fantasy,0.1899,2025-09-24,onboarding
U00704,Animation,0.3594,2025-10-07,hybrid
U00704,Comedy,0.4507,2024-10-08,behavior
U00705,Romance,0.525,2023-07-26,behavior
U00705,Documentary,0.185,2025-12-23,behavior
U00705,Adventure,0.29,2024-06-05,behavior
U00706,Romance,0.5056,2024-12-20,behavior
U00706,Horror,0.4944,2025-11-17,onboarding
U00707,Thriller,0.4029,2025-10-02,behavior
U00707,War,0.5971,2026-01-01,onboarding
U00708,Action,0.0984,2024-06-09,behavior
U00708,Romance,0.4106,2022-12-21,hybrid
U00708,Family,0.491,2024-01-19,onboarding
U00709,History,0.4592,2026-01-02,behavior
U00709,Romance,0.5408,2026-02-03,onboarding
U00710,Documentary,0.2818,2025-09-07,onboarding
U00710,Family,0.3042,2025-10-03,onboarding
U00710,Romance,0.3952,2024-06-01,hybrid
U00710,Science Fiction,0.0189,2024-11-17,onboarding
U00711,Thriller,0.5957,2024-04-10,behavior
U00711,Fantasy,0.4043,2022-11-24,behavior
U00712,Documentary,0.9738,2025-09-17,onboarding
U00712,Animation,0.0262,2025-07-02,onboarding
U00713,Drama,0.6321,2026-03-25,onboarding
U00713,War,0.0247,2024-06-16,behavior
U00713,Horror,0.3432,2024-12-21,behavior
U00714,Science Fiction,0.8166,2025-12-16,behavior
U00714,Horror,0.1834,2024-06-24,onboarding
U00715,Romance,0.925,2026-01-22,behavior
U00715,Thriller,0.075,2026-02-27,onboarding
U00716,Music,0.106,2026-03-09,hybrid
U00716,Mystery,0.894,2026-03-11,behavior
U00717,Action,0.3988,2024-07-16,onboarding
U00717,Family,0.5581,2024-01-04,behavior
U00717,Western,0.0432,2024-12-09,hybrid
U00718,Music,0.081,2023-08-22,hybrid
U00718,Adventure,0.4158,2023-10-08,behavior
U00718,Fantasy,0.5032,2025-12-21,onboarding
U00719,Thriller,0.3094,2025-09-09,hybrid
U00719,Documentary,0.3079,2025-07-10,behavior
U00719,Drama,0.1038,2025-10-01,onboarding
U00719,Horror,0.2789,2026-02-23,onboarding
U00720,Fantasy,0.1519,2024-03-02,onboarding
U00720,Drama,0.335,2026-03-27,behavior
U00720,Action,0.2312,2024-08-19,behavior
U00720,Music,0.2819,2025-12-06,onboarding
U00721,Romance,0.0457,2024-04-26,hybrid
U00721,Fantasy,0.8158,2024-07-25,behavior
U00721,Comedy,0.1386,2026-02-06,behavior
U00722,Science Fiction,0.2958,2025-01-12,hybrid
U00722,Horror,0.2213,2026-02-03,onboarding
U00722,Action,0.3288,2026-02-03,onboarding
U00722,Drama,0.1541,2025-02-01,onboarding
U00723,Animation,0.4406,2026-03-05,behavior
U00723,Family,0.292,2026-02-25,onboarding
U00723,Drama,0.2674,2026-03-17,onboarding
U00724,Horror,0.5768,2025-02-16,onboarding
U00724,Fantasy,0.4232,2025-11-29,onboarding
U00725,Family,0.2697,2025-11-25,onboarding
U00725,Animation,0.3736,2025-08-20,behavior
U00725,Science Fiction,0.2291,2025-08-17,onboarding
U00725,Mystery,0.1276,2024-10-20,onboarding
U00726,Animation,0.5062,2025-04-27,hybrid
U00726,Crime,0.3741,2024-08-12,behavior
U00726,Adventure,0.1197,2025-06-21,hybrid
U00727,History,0.4716,2025-12-01,behavior
U00727,Mystery,0.5284,2025-12-02,onboarding
U00728,Comedy,0.2613,2025-10-25,hybrid
U00728,Horror,0.3591,2025-08-24,behavior
U00728,Action,0.3797,2026-01-17,onboarding
U00729,Drama,0.791,2026-04-10,onboarding
U00729,Crime,0.209,2026-04-10,hybrid
U00730,Adventure,0.6148,2025-10-16,hybrid
U00730,Crime,0.3852,2025-10-27,behavior
U00731,Thriller,0.9436,2025-11-29,hybrid
U00731,History,0.0564,2025-10-13,hybrid
U00732,Adventure,0.3273,2025-02-23,behavior
U00732,Romance,0.2188,2025-08-11,onboarding
U00732,Music,0.0939,2025-03-06,onboarding
U00732,Comedy,0.36,2025-08-02,hybrid
U00733,Science Fiction,0.2769,2026-03-13,hybrid
U00733,Horror,0.0534,2026-03-13,hybrid
U00733,War,0.3402,2026-03-17,onboarding
U00733,History,0.3295,2026-03-03,behavior
U00734,Action,0.2559,2025-04-10,behavior
U00734,Family,0.7441,2025-09-28,behavior
U00735,Mystery,0.6893,2025-03-12,hybrid
U00735,Documentary,0.3107,2025-03-12,behavior
U00736,History,0.6688,2024-06-22,behavior
U00736,Science Fiction,0.3312,2023-10-20,onboarding
U00737,Fantasy,0.5967,2025-11-30,behavior
U00737,Documentary,0.4033,2026-04-07,hybrid
U00738,Crime,0.7311,2023-02-11,behavior
U00738,Mystery,0.2689,2026-03-24,hybrid
U00739,War,0.7921,2025-12-24,onboarding
U00739,Romance,0.2079,2026-02-04,hybrid
U00740,Horror,0.2022,2026-03-05,hybrid
U00740,Romance,0.7229,2026-03-18,onboarding
U00740,Family,0.0749,2026-03-14,behavior
U00741,Fantasy,0.3064,2025-05-20,onboarding
U00741,Crime,0.3562,2023-07-26,hybrid
U00741,Thriller,0.2101,2024-04-25,hybrid
U00741,Comedy,0.1273,2023-06-05,onboarding
U00742,War,0.1315,2025-10-16,onboarding
U00742,Music,0.1665,2024-07-29,hybrid
U00742,Thriller,0.6557,2026-03-23,behavior
U00742,Fantasy,0.0462,2024-11-24,hybrid
U00743,Mystery,0.2761,2025-03-12,behavior
U00743,Adventure,0.7128,2025-07-27,behavior
U00743,Drama,0.0111,2024-12-18,behavior
U00744,Documentary,0.7843,2025-12-16,hybrid
U00744,Music,0.1776,2025-08-07,onboarding
U00744,Fantasy,0.0381,2025-07-22,onboarding
U00745,War,0.2236,2024-11-25,hybrid
U00745,Horror,0.4041,2024-06-04,behavior
U00745,Romance,0.3723,2022-08-18,hybrid
U00746,Documentary,0.7676,2025-02-19,behavior
U00746,Science Fiction,0.2324,2024-11-12,behavior
U00747,War,0.2068,2024-06-15,behavior
U00747,Animation,0.0224,2025-01-11,onboarding
U00747,Fantasy,0.5634,2024-01-07,behavior
U00747,Science Fiction,0.2074,2025-05-12,hybrid
U00748,Drama,0.3459,2024-01-20,onboarding
U00748,Horror,0.423,2024-10-17,hybrid
U00748,Fantasy,0.2311,2024-09-20,hybrid
U00749,History,0.425,2024-03-29,onboarding
U00749,Western,0.575,2024-09-09,hybrid
U00750,Family,0.4591,2023-05-27,hybrid
U00750,Western,0.021,2023-04-13,hybrid
U00750,Drama,0.5199,2024-07-21,hybrid
U00751,Horror,0.1266,2025-08-05,hybrid
U00751,Drama,0.8734,2024-04-14,onboarding
U00752,History,0.5303,2026-01-01,hybrid
U00752,Action,0.4697,2026-01-06,hybrid
U00753,History,0.4452,2026-04-07,behavior
U00753,Horror,0.2526,2026-03-17,behavior
U00753,Action,0.0794,2026-04-01,onboarding
U00753,Western,0.2228,2026-04-05,behavior
U00754,Western,0.2934,2026-01-28,hybrid
U00754,Mystery,0.7066,2025-04-12,behavior
U00755,Comedy,0.4316,2023-04-25,onboarding
U00755,Documentary,0.5684,2023-05-10,hybrid
U00756,Family,0.3998,2024-07-12,behavior
U00756,History,0.6002,2025-08-10,hybrid
U00757,Documentary,0.3656,2025-12-18,behavior
U00757,Comedy,0.3989,2025-05-25,behavior
U00757,Crime,0.2355,2025-05-31,onboarding
U00758,Thriller,0.325,2025-04-23,behavior
U00758,Documentary,0.5185,2025-11-06,behavior
U00758,History,0.1565,2025-03-11,behavior
U00759,Animation,0.0227,2025-12-30,behavior
U00759,Mystery,0.3386,2023-02-18,hybrid
U00759,Family,0.6386,2024-06-06,hybrid
U00760,Science Fiction,0.322,2024-03-23,hybrid
U00760,Music,0.153,2024-10-08,onboarding
U00760,History,0.2264,2025-04-07,hybrid
U00760,Drama,0.2987,2024-03-27,behavior
U00761,Comedy,0.8328,2026-04-05,behavior
U00761,Mystery,0.1672,2025-12-20,onboarding
U00762,Drama,0.3635,2026-03-30,hybrid
U00762,Thriller,0.0713,2026-04-07,hybrid
U00762,Romance,0.2669,2026-03-27,behavior
U00762,Mystery,0.2982,2026-04-08,hybrid
U00763,Drama,0.1731,2024-08-28,onboarding
U00763,War,0.1333,2024-09-30,behavior
U00763,Adventure,0.6937,2024-11-24,hybrid
U00764,Adventure,0.8113,2025-01-18,hybrid
U00764,Action,0.021,2024-06-18,hybrid
U00764,Fantasy,0.1677,2024-06-21,behavior
U00765,Family,0.107,2024-04-07,onboarding
U00765,Science Fiction,0.0798,2025-08-25,onboarding
U00765,Crime,0.3235,2026-02-27,behavior
U00765,Western,0.4897,2026-02-09,behavior
U00766,Mystery,0.3453,2023-08-12,onboarding
U00766,Documentary,0.2905,2024-01-15,onboarding
U00766,Animation,0.2226,2023-05-27,behavior
U00766,Horror,0.1416,2025-05-04,behavior
U00767,Western,0.0112,2024-08-13,onboarding
U00767,Drama,0.3693,2024-03-17,onboarding
U00767,Science Fiction,0.2781,2025-12-31,behavior
U00767,Music,0.3415,2024-05-24,behavior
U00768,Mystery,0.4673,2026-02-25,behavior
U00768,Drama,0.5327,2024-03-12,hybrid
U00769,Horror,0.2914,2025-04-10,behavior
U00769,Drama,0.7086,2025-10-27,hybrid
U00770,Horror,0.6988,2025-09-13,behavior
U00770,Western,0.3012,2025-07-02,hybrid
U00771,Music,0.3403,2024-01-17,hybrid
U00771,Horror,0.6597,2025-03-17,hybrid
U00772,Animation,0.7418,2025-05-18,onboarding
U00772,Fantasy,0.2582,2025-01-04,hybrid
U00773,Western,0.9175,2025-05-20,hybrid
U00773,Documentary,0.0825,2025-02-04,onboarding
U00774,Horror,0.3114,2026-01-03,behavior
U00774,Thriller,0.3626,2025-12-07,onboarding
U00774,Animation,0.1361,2026-01-10,onboarding
U00774,Documentary,0.1899,2026-02-08,behavior
U00775,Family,0.1916,2026-03-24,behavior
U00775,Action,0.8084,2026-04-05,behavior
U00776,Music,0.5601,2024-09-02,behavior
U00776,Thriller,0.4399,2025-01-07,behavior
U00777,Horror,0.0454,2025-02-03,behavior
U00777,Crime,0.0249,2025-02-17,hybrid
U00777,Fantasy,0.1521,2025-12-10,onboarding
U00777,Documentary,0.7776,2025-08-16,behavior
U00778,Drama,0.5571,2024-09-02,behavior
U00778,Adventure,0.4429,2024-06-03,hybrid
U00779,Action,0.1198,2025-07-22,onboarding
U00779,Animation,0.2472,2023-09-27,onboarding
U00779,Thriller,0.633,2023-05-14,behavior
U00780,Western,0.3014,2025-02-08,behavior
U00780,Drama,0.4099,2024-08-07,behavior
U00780,Family,0.1363,2025-10-28,onboarding
U00780,Fantasy,0.1524,2025-09-28,behavior
U00781,Documentary,0.3376,2024-08-21,onboarding
U00781,Family,0.6019,2025-04-08,hybrid
U00781,History,0.0604,2025-01-27,behavior
U00782,Documentary,0.3808,2026-02-26,onboarding
U00782,Thriller,0.2254,2025-02-10,onboarding
U00782,Science Fiction,0.3938,2025-02-19,behavior
U00783,History,0.7008,2025-03-22,behavior
U00783,Crime,0.2992,2025-07-04,onboarding
U00784,Thriller,0.2146,2026-01-17,behavior
U00784,Animation,0.3604,2026-01-10,onboarding
U00784,Horror,0.2256,2026-01-05,hybrid
U00784,War,0.1994,2025-08-06,behavior
U00785,Mystery,0.3758,2025-04-13,behavior
U00785,Romance,0.1406,2025-07-07,onboarding
U00785,Western,0.4836,2025-07-15,hybrid
U00786,Documentary,0.1543,2026-01-06,onboarding
U00786,Drama,0.3796,2024-02-17,hybrid
U00786,Romance,0.4661,2025-04-17,hybrid
U00787,Romance,0.5275,2026-02-12,hybrid
U00787,Family,0.2951,2026-01-04,behavior
U00787,War,0.1774,2026-01-20,onboarding
U00788,Crime,0.5464,2026-03-07,hybrid
U00788,Fantasy,0.0871,2025-01-19,behavior
U00788,Family,0.359,2025-10-30,onboarding
U00788,History,0.0075,2025-10-23,hybrid
U00789,Drama,0.0039,2022-10-19,behavior
U00789,Romance,0.4291,2022-10-18,behavior
U00789,Documentary,0.2851,2025-04-08,onboarding
U00789,War,0.2819,2025-11-04,hybrid
U00790,Animation,0.3819,2025-07-31,behavior
U00790,Comedy,0.2467,2025-05-03,behavior
U00790,Music,0.2448,2026-02-23,behavior
U00790,Romance,0.1267,2026-02-19,behavior
U00791,Thriller,0.1916,2025-08-31,behavior
U00791,Action,0.8084,2025-06-08,onboarding
U00792,Documentary,0.5714,2026-01-24,behavior
U00792,Music,0.4286,2025-11-08,hybrid
U00793,Drama,0.1546,2025-11-07,behavior
U00793,Documentary,0.0866,2026-03-28,hybrid
U00793,Western,0.3333,2026-02-09,onboarding
U00793,Action,0.4255,2025-01-31,hybrid
U00794,Documentary,0.402,2023-09-09,onboarding
U00794,Animation,0.1021,2023-03-25,onboarding
U00794,History,0.1979,2025-07-04,hybrid
U00794,Adventure,0.298,2023-06-29,behavior
U00795,Comedy,0.0489,2025-07-20,onboarding
U00795,Action,0.7805,2026-02-04,onboarding
U00795,Adventure,0.1706,2025-08-01,behavior
U00796,War,0.3349,2024-12-12,hybrid
U00796,Fantasy,0.5623,2025-03-03,behavior
U00796,Thriller,0.1029,2025-06-01,behavior
U00797,Music,0.9862,2024-06-02,hybrid
U00797,Mystery,0.0138,2026-02-25,onboarding
U00798,Comedy,0.0925,2024-05-06,hybrid
U00798,War,0.9075,2024-10-27,hybrid
U00799,Action,0.3076,2026-04-02,onboarding
U00799,Horror,0.6924,2026-03-29,hybrid
U00800,Animation,0.398,2025-07-02,hybrid
U00800,Music,0.3667,2025-03-26,hybrid
U00800,Romance,0.2353,2025-07-21,onboarding
U00801,War,0.0061,2025-10-29,behavior
U00801,Adventure,0.4188,2026-02-02,onboarding
U00801,Crime,0.011,2025-11-16,hybrid
U00801,Family,0.5641,2026-01-01,onboarding
U00802,Western,0.3688,2024-01-30,onboarding
U00802,Family,0.2292,2023-04-05,hybrid
U00802,War,0.402,2023-07-15,hybrid
U00803,Mystery,0.1805,2024-05-15,hybrid
U00803,Fantasy,0.4412,2023-03-29,behavior
U00803,Family,0.3783,2025-03-27,onboarding
U00804,Thriller,0.0337,2025-12-03,hybrid
U00804,Animation,0.0159,2026-01-21,onboarding
U00804,Horror,0.3767,2025-12-25,behavior
U00804,Romance,0.5737,2026-01-22,behavior
U00805,Western,0.2182,2026-01-03,hybrid
U00805,Romance,0.4507,2026-02-08,behavior
U00805,Family,0.0385,2026-01-09,onboarding
U00805,Comedy,0.2926,2026-02-18,onboarding
U00806,Comedy,0.1146,2026-02-16,behavior
U00806,Music,0.1807,2023-11-12,hybrid
U00806,Crime,0.4906,2025-07-23,hybrid
U00806,Romance,0.2141,2024-10-27,behavior
U00807,Mystery,0.1988,2026-01-25,hybrid
U00807,Romance,0.8012,2025-06-17,onboarding
U00808,Science Fiction,0.0393,2024-08-12,hybrid
U00808,Horror,0.4469,2023-03-31,hybrid
U00808,Crime,0.0529,2026-03-11,hybrid
U00808,Romance,0.461,2025-08-05,onboarding
U00809,Adventure,0.1063,2023-05-14,hybrid
U00809,Horror,0.2039,2024-08-20,onboarding
U00809,History,0.3954,2023-11-04,onboarding
U00809,Fantasy,0.2945,2024-12-18,onboarding
U00810,Adventure,0.1909,2026-03-26,behavior
U00810,Horror,0.498,2026-03-28,behavior
U00810,Crime,0.311,2026-03-27,behavior
U00811,Documentary,0.0579,2025-11-13,onboarding
U00811,Action,0.5697,2025-07-16,hybrid
U00811,Mystery,0.3724,2025-04-04,behavior
U00812,History,0.0566,2025-11-05,hybrid
U00812,Western,0.5367,2025-11-19,onboarding
U00812,Drama,0.3126,2025-06-19,behavior
U00812,Music,0.0941,2026-03-28,behavior
U00813,Documentary,0.0621,2025-07-18,behavior
U00813,Crime,0.0976,2024-11-10,behavior
U00813,Science Fiction,0.3707,2026-03-05,behavior
U00813,Music,0.4695,2025-09-25,hybrid
U00814,Comedy,0.2359,2024-12-24,hybrid
U00814,Crime,0.1238,2024-10-17,onboarding
U00814,Mystery,0.3052,2025-07-03,behavior
U00814,Drama,0.3351,2025-06-09,behavior
U00815,Horror,0.2332,2026-03-11,hybrid
U00815,Romance,0.2376,2025-10-05,onboarding
U00815,Crime,0.3328,2026-02-10,behavior
U00815,Western,0.1964,2025-04-17,behavior
U00816,Documentary,0.0184,2026-02-25,hybrid
U00816,Mystery,0.6951,2026-03-11,behavior
U00816,Animation,0.0464,2026-02-21,onboarding
U00816,War,0.2402,2026-02-18,behavior
U00817,Comedy,0.2018,2023-07-14,behavior
U00817,Thriller,0.7982,2023-01-04,hybrid
U00818,Mystery,0.636,2025-11-20,behavior
U00818,Thriller,0.364,2026-02-04,hybrid
U00819,Action,0.6742,2023-07-09,behavior
U00819,Mystery,0.2757,2023-08-28,behavior
U00819,Thriller,0.0501,2025-09-25,hybrid
U00820,Action,0.3171,2026-03-12,behavior
U00820,Science Fiction,0.6829,2026-03-31,hybrid
U00821,Fantasy,0.311,2025-05-05,onboarding
U00821,Adventure,0.3494,2023-12-15,hybrid
U00821,Animation,0.2479,2026-01-03,onboarding
U00821,War,0.0916,2025-05-29,behavior
U00822,History,0.4249,2025-08-09,onboarding
U00822,Science Fiction,0.0992,2022-10-25,behavior
U00822,Crime,0.2649,2023-07-16,hybrid
U00822,Western,0.211,2022-12-16,behavior
U00823,Family,0.5762,2026-03-20,onboarding
U00823,Adventure,0.4238,2025-12-29,onboarding
U00824,Music,0.2502,2023-09-13,behavior
U00824,Fantasy,0.2187,2025-12-06,hybrid
U00824,Crime,0.2326,2026-02-13,hybrid
U00824,Western,0.2985,2025-11-29,onboarding
U00825,Animation,0.3022,2024-11-04,onboarding
U00825,Fantasy,0.1652,2024-08-22,hybrid
U00825,Romance,0.5326,2026-03-11,onboarding
U00826,War,0.1707,2025-11-27,onboarding
U00826,Documentary,0.3083,2025-11-12,behavior
U00826,Romance,0.2067,2025-09-04,behavior
U00826,Thriller,0.3143,2025-08-01,behavior
U00827,Comedy,0.3626,2025-12-02,hybrid
U00827,Western,0.2642,2024-01-08,onboarding
U00827,Romance,0.3732,2024-03-28,hybrid
U00828,Family,0.5074,2025-05-11,hybrid
U00828,Fantasy,0.4926,2025-02-10,hybrid
U00829,History,0.4776,2026-02-16,hybrid
U00829,Thriller,0.0536,2025-04-06,onboarding
U00829,Comedy,0.4271,2024-04-21,onboarding
U00829,Fantasy,0.0418,2026-02-06,hybrid
U00830,Mystery,0.3342,2024-05-24,onboarding
U00830,Documentary,0.4783,2025-06-25,behavior
U00830,Music,0.1875,2024-09-15,onboarding
U00831,Crime,0.4892,2026-04-10,behavior
U00831,Western,0.5108,2026-04-10,hybrid
U00832,Science Fiction,0.1615,2024-09-16,onboarding
U00832,Documentary,0.3547,2025-07-26,behavior
U00832,Western,0.2503,2024-08-26,onboarding
U00832,War,0.2335,2025-07-25,onboarding
U00833,Horror,0.4719,2025-06-05,behavior
U00833,Animation,0.1004,2024-06-29,behavior
U00833,War,0.4277,2025-01-05,behavior
U00834,Action,0.6213,2026-02-26,behavior
U00834,Romance,0.1901,2025-10-16,behavior
U00834,Crime,0.1886,2025-10-25,onboarding
U00835,Action,0.4765,2026-02-01,behavior
U00835,Romance,0.5235,2026-04-03,onboarding
U00836,War,0.3543,2024-10-21,onboarding
U00836,Family,0.1857,2023-05-04,behavior
U00836,Documentary,0.1723,2024-03-13,onboarding
U00836,Adventure,0.2877,2025-06-06,hybrid
U00837,Comedy,0.7065,2023-12-18,behavior
U00837,Horror,0.1159,2023-05-03,hybrid
U00837,Family,0.1776,2026-01-30,behavior
U00838,Mystery,0.2513,2026-02-09,hybrid
U00838,Drama,0.2217,2026-02-02,onboarding
U00838,History,0.3103,2025-12-26,hybrid
U00838,Science Fiction,0.2167,2025-12-14,hybrid
U00839,History,0.5232,2025-12-12,hybrid
U00839,Music,0.1368,2025-06-25,onboarding
U00839,Comedy,0.34,2024-11-28,hybrid
U00840,Thriller,0.3734,2023-11-26,onboarding
U00840,Drama,0.2404,2025-07-10,hybrid
U00840,Animation,0.3862,2023-03-10,onboarding
U00841,Mystery,0.0577,2025-02-12,onboarding
U00841,Music,0.5588,2026-01-16,hybrid
U00841,History,0.3835,2024-04-02,behavior
U00842,Music,0.5028,2023-06-16,hybrid
U00842,Romance,0.4972,2025-03-22,behavior
U00843,Mystery,0.3209,2025-02-21,hybrid
U00843,Romance,0.6791,2023-01-14,behavior
U00844,Thriller,0.5572,2025-11-11,onboarding
U00844,Western,0.3922,2024-07-07,behavior
U00844,Crime,0.0505,2024-05-03,behavior
U00845,Crime,0.7629,2023-01-22,behavior
U00845,Music,0.2371,2023-01-29,behavior
U00846,Thriller,0.5733,2023-10-04,onboarding
U00846,History,0.1817,2023-06-11,hybrid
U00846,War,0.245,2025-04-09,hybrid
U00847,Fantasy,0.3169,2026-01-08,behavior
U00847,Comedy,0.6831,2024-10-26,behavior
U00848,War,0.4279,2026-03-28,hybrid
U00848,Documentary,0.0009,2026-03-28,behavior
U00848,Drama,0.2697,2026-04-09,onboarding
U00848,Romance,0.3015,2026-03-23,behavior
U00849,Action,0.5529,2023-05-03,onboarding
U00849,Drama,0.3543,2024-10-13,onboarding
U00849,Animation,0.0928,2025-01-29,behavior
U00850,Romance,0.3203,2024-08-18,onboarding
U00850,Thriller,0.5127,2024-02-22,onboarding
U00850,Adventure,0.167,2025-06-05,hybrid
U00851,Romance,0.3819,2025-03-06,behavior
U00851,Family,0.1853,2025-08-24,behavior
U00851,Horror,0.3871,2024-12-16,onboarding
U00851,Science Fiction,0.0457,2024-12-04,hybrid
U00852,Thriller,0.0894,2024-04-30,behavior
U00852,Fantasy,0.4075,2025-03-14,onboarding
U00852,Comedy,0.5031,2025-01-04,onboarding
U00853,Action,0.252,2026-02-08,hybrid
U00853,Crime,0.4226,2023-10-25,onboarding
U00853,Horror,0.2433,2026-04-06,behavior
U00853,Documentary,0.0821,2025-09-13,onboarding
U00854,Mystery,0.2682,2025-01-26,hybrid
U00854,Animation,0.2605,2024-04-25,behavior
U00854,Comedy,0.1688,2024-11-29,onboarding
U00854,War,0.3025,2025-09-15,behavior
U00855,Western,0.444,2023-07-13,hybrid
U00855,Horror,0.556,2024-12-13,behavior
U00856,Western,0.2132,2025-04-10,onboarding
U00856,Fantasy,0.1039,2025-01-18,onboarding
U00856,Music,0.6829,2025-12-01,hybrid
U00857,War,0.2159,2026-01-09,onboarding
U00857,Action,0.3573,2024-12-30,hybrid
U00857,Documentary,0.3517,2026-01-19,hybrid
U00857,History,0.0751,2025-09-27,onboarding
U00858,Western,0.0338,2026-01-04,onboarding
U00858,War,0.3319,2025-08-11,behavior
U00858,Animation,0.6343,2025-07-16,onboarding
U00859,Documentary,0.0219,2024-08-26,onboarding
U00859,Action,0.9781,2026-03-05,behavior
U00860,Family,0.4327,2025-03-29,onboarding
U00860,History,0.3218,2024-10-01,hybrid
U00860,Fantasy,0.2455,2024-04-29,onboarding
U00861,Fantasy,0.502,2025-12-01,behavior
U00861,Crime,0.498,2026-02-15,behavior
U00862,Music,0.1201,2025-12-17,onboarding
U00862,Horror,0.2835,2025-12-18,hybrid
U00862,Animation,0.5622,2025-12-14,onboarding
U00862,Western,0.0341,2026-01-16,hybrid
U00863,Music,0.6444,2026-01-19,hybrid
U00863,Family,0.3556,2026-01-20,hybrid
U00864,Western,0.466,2026-01-07,behavior
U00864,Drama,0.1521,2026-02-24,onboarding
U00864,Science Fiction,0.3819,2026-03-23,behavior
U00865,Romance,0.2256,2025-01-17,behavior
U00865,Music,0.1477,2024-02-24,behavior
U00865,Crime,0.2232,2024-12-12,onboarding
U00865,Science Fiction,0.4035,2024-10-31,behavior
U00866,Thriller,0.0368,2026-01-12,behavior
U00866,Documentary,0.3899,2025-11-16,hybrid
U00866,History,0.3479,2024-01-03,behavior
U00866,Action,0.2254,2025-09-29,behavior
U00867,Family,0.6932,2022-09-27,hybrid
U00867,Science Fiction,0.1476,2024-04-02,behavior
U00867,Mystery,0.1593,2026-01-31,onboarding
U00868,Action,0.5824,2025-07-13,behavior
U00868,Adventure,0.4176,2026-01-14,behavior
U00869,Comedy,0.7386,2026-02-16,behavior
U00869,Horror,0.2614,2025-09-03,onboarding
U00870,Thriller,0.5294,2024-03-19,hybrid
U00870,Crime,0.1861,2026-03-10,onboarding
U00870,Family,0.2845,2025-10-27,hybrid
U00871,History,0.0635,2023-04-04,behavior
U00871,Comedy,0.4501,2023-11-05,onboarding
U00871,Romance,0.3931,2025-06-30,hybrid
U00871,Animation,0.0933,2024-03-03,hybrid
U00872,History,0.4316,2024-12-29,hybrid
U00872,Family,0.0872,2025-08-13,behavior
U00872,Mystery,0.3345,2024-07-01,onboarding
U00872,Horror,0.1468,2024-06-08,behavior
U00873,Horror,0.2981,2023-01-10,behavior
U00873,Comedy,0.1439,2022-09-21,onboarding
U00873,Music,0.2841,2026-02-25,onboarding
U00873,Science Fiction,0.2739,2022-12-29,behavior
U00874,Documentary,0.0905,2024-08-10,hybrid
U00874,Romance,0.0393,2024-04-05,hybrid
U00874,Crime,0.4045,2025-07-26,hybrid
U00874,Science Fiction,0.4657,2024-08-24,behavior
U00875,Fantasy,0.1947,2026-02-12,hybrid
U00875,Animation,0.1643,2026-02-24,hybrid
U00875,Action,0.641,2026-02-03,onboarding
U00876,Romance,0.0199,2025-01-30,behavior
U00876,Fantasy,0.9801,2024-11-27,behavior
U00877,Thriller,0.1246,2024-08-16,behavior
U00877,Romance,0.4306,2024-06-15,onboarding
U00877,Western,0.4449,2025-04-09,onboarding
U00878,Western,0.2321,2025-12-17,hybrid
U00878,Thriller,0.4105,2025-11-29,onboarding
U00878,Family,0.3574,2026-04-02,hybrid
U00879,Action,0.1461,2026-01-16,behavior
U00879,Drama,0.2113,2024-08-04,hybrid
U00879,Western,0.6426,2023-12-05,onboarding
U00880,Crime,0.4822,2026-03-21,hybrid
U00880,Romance,0.4332,2024-09-04,onboarding
U00880,Family,0.0845,2026-02-11,hybrid
U00881,Action,0.3439,2025-04-17,hybrid
U00881,Romance,0.2986,2024-08-29,onboarding
U00881,Music,0.1596,2024-06-22,onboarding
U00881,Western,0.1978,2025-04-22,behavior
U00882,Animation,0.2002,2025-04-20,onboarding
U00882,Family,0.7998,2024-12-31,behavior
U00883,Crime,0.1896,2026-02-08,behavior
U00883,War,0.2997,2026-03-09,behavior
U00883,History,0.26,2025-06-07,onboarding
U00883,Family,0.2507,2025-11-29,behavior
U00884,Adventure,0.1537,2023-03-09,onboarding
U00884,Documentary,0.3689,2024-01-26,behavior
U00884,War,0.3883,2023-06-19,onboarding
U00884,Action,0.089,2025-09-25,behavior
U00885,Family,0.2472,2026-02-14,behavior
U00885,Romance,0.3238,2025-05-16,onboarding
U00885,Documentary,0.429,2026-03-22,onboarding
U00886,Mystery,0.7758,2023-08-19,behavior
U00886,Documentary,0.2242,2024-09-15,hybrid
U00887,Adventure,0.8335,2025-07-10,hybrid
U00887,Music,0.1665,2024-08-31,behavior
U00888,Family,0.4505,2025-10-28,hybrid
U00888,History,0.5495,2025-10-17,hybrid
U00889,Drama,0.213,2023-07-28,hybrid
U00889,Adventure,0.1113,2024-01-27,hybrid
U00889,Family,0.145,2023-08-18,onboarding
U00889,Crime,0.5307,2026-03-03,hybrid
U00890,Action,0.5782,2024-06-29,hybrid
U00890,Music,0.013,2025-01-22,onboarding
U00890,History,0.4088,2025-01-12,behavior
U00891,War,0.1975,2025-10-11,hybrid
U00891,Comedy,0.5724,2025-04-25,onboarding
U00891,Crime,0.2302,2025-12-16,behavior
U00892,Science Fiction,0.1379,2023-03-17,onboarding
U00892,Animation,0.3261,2024-04-14,behavior
U00892,War,0.2263,2025-04-23,hybrid
U00892,Music,0.3097,2023-09-22,behavior
U00893,War,0.0339,2025-09-20,onboarding
U00893,Horror,0.2362,2026-03-17,hybrid
U00893,Science Fiction,0.148,2025-10-29,onboarding
U00893,Mystery,0.5819,2025-10-03,behavior
U00894,Animation,0.4728,2025-09-06,behavior
U00894,Crime,0.5272,2025-07-03,hybrid
U00895,Documentary,0.3901,2026-01-20,behavior
U00895,History,0.5518,2024-10-28,behavior
U00895,Western,0.058,2025-08-25,hybrid
U00896,Science Fiction,0.3628,2023-05-24,onboarding
U00896,Fantasy,0.2117,2025-05-16,behavior
U00896,Thriller,0.0606,2024-02-26,hybrid
U00896,Crime,0.3648,2023-10-15,onboarding
U00897,Crime,0.2843,2024-07-31,hybrid
U00897,Science Fiction,0.6055,2025-03-16,onboarding
U00897,Music,0.1102,2025-02-18,behavior
U00898,Adventure,0.0943,2025-10-03,behavior
U00898,Family,0.161,2025-10-20,behavior
U00898,Action,0.3723,2025-11-01,behavior
U00898,Animation,0.3724,2025-10-12,onboarding
U00899,Science Fiction,0.0964,2023-12-12,behavior
U00899,Animation,0.4635,2024-01-08,onboarding
U00899,Music,0.4401,2025-04-01,hybrid
U00900,Romance,0.4274,2022-11-19,hybrid
U00900,Drama,0.0591,2023-01-11,onboarding
U00900,Mystery,0.5135,2025-09-16,onboarding
U00901,Science Fiction,0.2738,2023-05-22,behavior
U00901,Adventure,0.0863,2026-03-01,behavior
U00901,Crime,0.6399,2025-06-12,behavior
U00902,Romance,0.2981,2024-04-03,hybrid
U00902,Thriller,0.6553,2024-12-21,onboarding
U00902,Drama,0.0466,2023-11-14,onboarding
U00903,Animation,0.8905,2023-01-11,hybrid
U00903,Fantasy,0.1095,2022-10-26,hybrid
U00904,Documentary,0.0102,2026-02-08,behavior
U00904,Adventure,0.0363,2026-04-06,hybrid
U00904,Animation,0.9536,2026-02-28,onboarding
U00905,Western,0.579,2025-11-25,hybrid
U00905,Documentary,0.1155,2024-12-23,onboarding
U00905,Romance,0.3055,2025-04-26,onboarding
U00906,Horror,0.4904,2025-11-19,hybrid
U00906,Western,0.5096,2025-12-21,behavior
U00907,Romance,0.1095,2023-07-27,behavior
U00907,Fantasy,0.3821,2024-04-09,onboarding
U00907,Action,0.1361,2026-03-10,hybrid
U00907,Family,0.3722,2023-01-04,hybrid
U00908,Western,0.5265,2026-03-24,onboarding
U00908,Documentary,0.2056,2024-10-14,behavior
U00908,Mystery,0.2679,2024-12-11,behavior
U00909,History,0.1962,2023-02-04,hybrid
U00909,War,0.5523,2024-07-30,hybrid
U00909,Comedy,0.2514,2023-10-30,onboarding
U00910,Horror,0.3357,2025-03-27,behavior
U00910,Comedy,0.2696,2024-10-12,behavior
U00910,Documentary,0.2591,2025-07-11,hybrid
U00910,Family,0.1355,2025-07-20,hybrid
U00911,Romance,0.1693,2024-10-07,behavior
U00911,History,0.3702,2025-06-18,onboarding
U00911,Comedy,0.4605,2026-01-21,onboarding
U00912,Comedy,0.2254,2026-01-27,behavior
U00912,Science Fiction,0.3589,2025-10-17,hybrid
U00912,Adventure,0.3595,2026-03-04,onboarding
U00912,Horror,0.0562,2025-10-23,onboarding
U00913,Music,0.9262,2025-04-18,onboarding
U00913,Science Fiction,0.0738,2025-02-18,behavior
U00914,Family,0.1829,2025-08-07,hybrid
U00914,Action,0.7043,2025-10-24,hybrid
U00914,Romance,0.1128,2025-02-12,onboarding
U00915,Horror,0.0291,2025-10-15,hybrid
U00915,Documentary,0.4224,2025-12-24,hybrid
U00915,Romance,0.5486,2026-04-08,onboarding
U00916,Crime,0.0887,2026-01-03,onboarding
U00916,Mystery,0.1339,2025-07-11,onboarding
U00916,Documentary,0.7774,2026-03-21,onboarding
U00917,Mystery,0.507,2025-06-30,behavior
U00917,Fantasy,0.493,2026-03-12,hybrid
U00918,Crime,0.1784,2026-01-26,onboarding
U00918,Action,0.4707,2025-10-21,hybrid
U00918,Animation,0.1254,2026-01-08,hybrid
U00918,History,0.2255,2026-04-09,onboarding
U00919,Family,0.591,2025-07-25,onboarding
U00919,History,0.409,2024-07-14,onboarding
U00920,Crime,0.2815,2026-01-01,hybrid
U00920,Action,0.7185,2024-03-02,onboarding
U00921,Animation,0.5366,2024-12-19,onboarding
U00921,Western,0.4634,2024-02-03,onboarding
U00922,Thriller,0.4294,2025-01-23,behavior
U00922,Animation,0.5706,2025-08-15,behavior
U00923,Action,0.3696,2025-12-21,hybrid
U00923,Documentary,0.4068,2024-05-26,behavior
U00923,Adventure,0.2236,2023-04-28,hybrid
U00924,Drama,0.7139,2025-12-26,hybrid
U00924,Action,0.2861,2025-08-29,onboarding
U00925,Crime,0.2979,2025-05-09,behavior
U00925,Family,0.3932,2024-05-17,onboarding
U00925,Animation,0.3089,2025-07-23,behavior
U00926,Science Fiction,0.396,2026-02-28,hybrid
U00926,Thriller,0.1476,2026-03-03,onboarding
U00926,Romance,0.4564,2026-01-21,behavior
U00927,History,0.2934,2025-09-09,behavior
U00927,Documentary,0.0611,2025-12-16,onboarding
U00927,Drama,0.2983,2026-02-13,onboarding
U00927,Music,0.3472,2025-08-08,behavior
U00928,Mystery,0.716,2025-11-24,onboarding
U00928,Romance,0.284,2026-01-03,behavior
U00929,Romance,0.5567,2026-03-19,behavior
U00929,History,0.0126,2025-09-15,onboarding
U00929,Music,0.4307,2025-08-10,behavior
U00930,Animation,0.5505,2025-09-27,onboarding
U00930,Drama,0.4495,2025-04-13,behavior
U00931,Science Fiction,0.0896,2025-03-15,onboarding
U00931,Horror,0.9104,2024-08-08,onboarding
U00932,Fantasy,0.1731,2023-09-25,hybrid
U00932,Animation,0.2321,2025-07-23,hybrid
U00932,Romance,0.0599,2026-01-16,behavior
U00932,Horror,0.5348,2025-01-20,behavior
U00933,Fantasy,0.6476,2025-11-10,onboarding
U00933,Romance,0.3524,2026-01-30,onboarding
U00934,Action,0.3727,2023-09-24,behavior
U00934,History,0.2955,2025-09-30,onboarding
U00934,Western,0.0699,2024-12-23,hybrid
U00934,Horror,0.2619,2024-10-02,onboarding
U00935,Horror,0.5007,2026-03-10,onboarding
U00935,Action,0.4993,2025-11-23,onboarding
U00936,Animation,0.5047,2024-12-05,hybrid
U00936,Horror,0.31,2026-02-04,behavior
U00936,Thriller,0.1853,2024-12-11,onboarding
U00937,Comedy,0.3073,2025-05-23,onboarding
U00937,Action,0.2328,2026-01-21,onboarding
U00937,Family,0.1835,2025-06-30,hybrid
U00937,War,0.2764,2025-01-10,onboarding
U00938,Music,0.4821,2022-10-10,hybrid
U00938,Action,0.5179,2025-09-23,behavior
U00939,Mystery,0.1199,2025-04-06,onboarding
U00939,Fantasy,0.2753,2025-06-20,onboarding
U00939,Documentary,0.2015,2025-12-12,behavior
U00939,Science Fiction,0.4033,2025-03-14,behavior
U00940,Science Fiction,0.2105,2025-10-12,behavior
U00940,Comedy,0.4324,2025-11-12,onboarding
U00940,Family,0.3571,2026-03-05,behavior
U00941,Animation,0.2216,2025-06-11,behavior
U00941,Music,0.6849,2025-11-10,onboarding
U00941,Family,0.0935,2024-03-07,onboarding
U00942,Science Fiction,0.0148,2026-01-15,behavior
U00942,Mystery,0.9852,2026-02-21,hybrid
U00943,Horror,0.4946,2025-10-13,behavior
U00943,History,0.075,2026-01-12,behavior
U00943,Science Fiction,0.2191,2026-01-10,onboarding
U00943,Western,0.2114,2026-01-11,behavior
U00944,Drama,0.3062,2025-12-30,behavior
U00944,Mystery,0.3121,2025-10-31,onboarding
U00944,Western,0.0668,2025-11-19,hybrid
U00944,Adventure,0.3149,2025-10-11,onboarding
U00945,Comedy,0.1385,2024-08-21,onboarding
U00945,Family,0.3164,2024-07-27,behavior
U00945,Action,0.28,2025-12-29,hybrid
U00945,Science Fiction,0.2651,2025-12-28,onboarding
U00946,Animation,0.0998,2025-09-08,onboarding
U00946,Music,0.229,2023-05-07,onboarding
U00946,Romance,0.3479,2026-01-27,hybrid
U00946,Comedy,0.3233,2025-01-07,behavior
U00947,Comedy,0.6851,2024-04-26,behavior
U00947,Adventure,0.2079,2025-08-20,behavior
U00947,Mystery,0.107,2026-01-13,onboarding
U00948,Thriller,0.2259,2025-07-06,onboarding
U00948,War,0.0928,2026-01-28,onboarding
U00948,Romance,0.4774,2025-12-26,behavior
U00948,Adventure,0.2039,2025-05-28,onboarding
U00949,Family,0.345,2025-10-11,onboarding
U00949,Animation,0.0157,2026-01-08,onboarding
U00949,Comedy,0.6394,2025-10-22,onboarding
U00950,Fantasy,0.149,2023-11-05,behavior
U00950,Thriller,0.364,2025-10-17,onboarding
U00950,Drama,0.0776,2025-02-28,behavior
U00950,Animation,0.4094,2024-03-28,hybrid
U00951,War,0.9609,2024-01-05,onboarding
U00951,Thriller,0.0391,2024-07-20,onboarding
U00952,Horror,0.9257,2024-08-13,behavior
U00952,Science Fiction,0.0743,2023-10-23,behavior
U00953,Animation,0.5271,2025-11-30,onboarding
U00953,Documentary,0.0161,2025-04-27,hybrid
U00953,Action,0.4568,2024-04-11,behavior
U00954,History,0.2001,2025-12-10,behavior
U00954,Family,0.7999,2025-02-14,hybrid
U00955,Music,0.2786,2025-06-06,behavior
U00955,Fantasy,0.3872,2025-08-21,onboarding
U00955,Thriller,0.3341,2025-05-01,onboarding
U00956,Thriller,0.2935,2025-05-09,behavior
U00956,Comedy,0.1677,2025-09-19,onboarding
U00956,Fantasy,0.2474,2026-01-22,onboarding
U00956,Horror,0.2914,2025-11-12,behavior
U00957,Romance,0.0368,2025-02-04,hybrid
U00957,Music,0.549,2024-10-23,hybrid
U00957,Drama,0.3268,2023-11-18,onboarding
U00957,War,0.0874,2024-07-04,onboarding
U00958,Documentary,0.1266,2026-02-23,behavior
U00958,Fantasy,0.2077,2025-11-23,hybrid
U00958,Music,0.3423,2025-08-08,onboarding
U00958,Science Fiction,0.3234,2025-09-13,onboarding
U00959,Horror,0.2895,2026-02-28,hybrid
U00959,Comedy,0.0425,2026-01-18,behavior
U00959,Romance,0.178,2025-10-06,hybrid
U00959,Mystery,0.49,2025-08-06,onboarding
U00960,Crime,0.3852,2026-01-17,onboarding
U00960,War,0.3304,2025-05-18,hybrid
U00960,History,0.0433,2025-05-11,hybrid
U00960,Thriller,0.2412,2025-12-22,onboarding
U00961,History,0.6073,2022-10-22,onboarding
U00961,Comedy,0.3927,2023-09-29,behavior
U00962,Crime,0.4,2024-12-11,onboarding
U00962,Music,0.2994,2026-02-09,hybrid
U00962,History,0.3006,2024-05-07,hybrid
U00963,Family,0.0408,2023-09-23,hybrid
U00963,Adventure,0.2715,2025-08-24,hybrid
U00963,Thriller,0.6877,2025-05-25,hybrid
U00964,History,0.2035,2024-12-27,onboarding
U00964,Documentary,0.3093,2024-11-10,hybrid
U00964,Romance,0.4872,2024-07-05,behavior
U00965,History,0.492,2025-12-28,hybrid
U00965,Western,0.508,2026-03-15,hybrid
U00966,War,0.536,2025-11-29,behavior
U00966,Science Fiction,0.464,2024-10-20,onboarding
U00967,Romance,0.364,2025-10-29,onboarding
U00967,Science Fiction,0.2751,2024-12-04,onboarding
U00967,Action,0.3609,2025-08-05,behavior
U00968,Music,0.1117,2026-01-04,behavior
U00968,Crime,0.2708,2025-08-24,hybrid
U00968,History,0.3415,2025-10-17,onboarding
U00968,Action,0.276,2025-11-14,onboarding
U00969,Animation,0.5401,2026-02-24,onboarding
U00969,Adventure,0.4599,2025-06-24,behavior
U00970,Adventure,0.3352,2026-04-06,onboarding
U00970,Comedy,0.4329,2026-04-03,onboarding
U00970,Western,0.2319,2026-03-23,hybrid
U00971,History,0.1488,2024-01-09,behavior
U00971,Action,0.3315,2025-08-19,behavior
U00971,Thriller,0.084,2025-04-08,hybrid
U00971,Western,0.4356,2024-01-09,onboarding
U00972,Comedy,0.4298,2025-08-20,hybrid
U00972,Thriller,0.5702,2025-01-09,onboarding
U00973,Family,0.0348,2025-05-13,onboarding
U00973,Fantasy,0.9652,2025-12-31,hybrid
U00974,Family,0.4319,2024-07-26,hybrid
U00974,Documentary,0.5681,2025-04-01,hybrid
U00975,Fantasy,0.1341,2025-04-27,behavior
U00975,Mystery,0.3463,2025-12-27,hybrid
U00975,War,0.4117,2025-02-04,onboarding
U00975,Music,0.108,2025-03-20,onboarding
U00976,Mystery,0.7734,2025-04-07,behavior
U00976,Action,0.2266,2025-08-12,behavior
U00977,Science Fiction,0.4645,2023-09-03,hybrid
U00977,Fantasy,0.3249,2025-03-05,onboarding
U00977,Action,0.2106,2023-05-15,hybrid
U00978,Animation,0.4204,2025-04-28,hybrid
U00978,Documentary,0.3945,2026-03-20,onboarding
U00978,Crime,0.0267,2024-11-10,onboarding
U00978,War,0.1584,2025-01-29,hybrid
U00979,Thriller,0.1222,2023-01-05,behavior
U00979,Mystery,0.2613,2023-08-04,hybrid
U00979,Western,0.2791,2022-12-01,behavior
U00979,History,0.3374,2025-01-14,hybrid
U00980,Music,0.0488,2025-12-21,onboarding
U00980,Mystery,0.433,2025-11-04,hybrid
U00980,Animation,0.279,2025-10-30,behavior
U00980,Action,0.2392,2026-02-01,onboarding
U00981,Family,0.024,2025-02-25,hybrid
U00981,Comedy,0.976,2025-04-08,onboarding
U00982,Animation,0.3471,2023-10-01,hybrid
U00982,Science Fiction,0.6529,2025-08-15,onboarding
U00983,Western,0.1749,2026-02-20,hybrid
U00983,Drama,0.2959,2026-02-06,onboarding
U00983,War,0.3031,2026-01-14,onboarding
U00983,Crime,0.2261,2026-01-23,onboarding
U00984,Drama,0.2176,2025-10-16,onboarding
U00984,Animation,0.3523,2025-12-04,behavior
U00984,Action,0.1714,2025-10-09,hybrid
U00984,Horror,0.2586,2025-04-11,hybrid
U00985,Animation,0.0182,2026-03-29,onboarding
U00985,Horror,0.456,2025-09-13,hybrid
U00985,Documentary,0.283,2026-04-04,hybrid
U00985,War,0.2428,2025-11-14,onboarding
U00986,Animation,0.8746,2026-02-20,hybrid
U00986,Science Fiction,0.1254,2025-09-21,hybrid
U00987,Comedy,0.4984,2025-11-11,onboarding
U00987,Thriller,0.5016,2024-05-26,hybrid
U00988,Mystery,0.2028,2026-03-22,hybrid
U00988,Music,0.6949,2025-08-31,hybrid
U00988,Animation,0.1023,2024-07-09,behavior
U00989,History,0.3262,2025-12-30,behavior
U00989,Mystery,0.1066,2025-11-02,onboarding
U00989,Adventure,0.3757,2025-12-09,behavior
U00989,Fantasy,0.1916,2026-03-07,hybrid
U00990,Horror,0.746,2025-07-01,behavior
U00990,Adventure,0.254,2024-04-13,hybrid
U00991,Adventure,0.0942,2022-09-14,onboarding
U00991,Music,0.3231,2023-06-15,behavior
U00991,Animation,0.14,2024-03-09,onboarding
U00991,Drama,0.4427,2025-07-05,behavior
U00992,Family,0.0847,2026-02-18,behavior
U00992,Music,0.0685,2025-08-11,hybrid
U00992,Romance,0.0404,2025-10-09,behavior
U00992,Western,0.8064,2025-04-10,onboarding
U00993,Action,0.335,2025-05-27,hybrid
U00993,Thriller,0.0323,2024-09-08,behavior
U00993,Adventure,0.107,2025-08-05,behavior
U00993,Drama,0.5257,2024-12-19,onboarding
U00994,Music,0.1225,2025-09-21,behavior
U00994,Western,0.2165,2024-03-22,hybrid
U00994,Drama,0.2751,2023-04-29,behavior
U00994,Documentary,0.3859,2023-12-23,behavior
U00995,Adventure,0.2641,2025-08-16,behavior
U00995,Action,0.4976,2025-08-28,behavior
U00995,Family,0.1542,2025-08-15,behavior
U00995,Romance,0.0841,2025-05-24,hybrid
U00996,Music,0.517,2026-02-19,behavior
U00996,Family,0.2483,2023-06-02,hybrid
U00996,History,0.2347,2022-11-06,onboarding
U00997,Thriller,0.8545,2025-12-26,onboarding
U00997,Music,0.1455,2025-09-12,onboarding
U00998,Family,0.0574,2026-03-03,hybrid
U00998,War,0.4262,2024-11-26,hybrid
U00998,Fantasy,0.2202,2024-11-27,behavior
U00998,Documentary,0.2963,2025-06-15,behavior
U00999,War,0.7769,2025-04-22,onboarding
U00999,Family,0.2231,2023-08-04,behavior
U01000,Comedy,0.5523,2026-03-27,onboarding
U01000,Action,0.2373,2026-04-07,onboarding
U01000,Thriller,0.2104,2026-01-18,hybrid
U01001,Mystery,0.2642,2025-11-24,behavior
U01001,Thriller,0.5264,2023-10-30,hybrid
U01001,Action,0.2094,2024-05-11,behavior
U01002,Western,0.4241,2026-02-04,hybrid
U01002,Adventure,0.0924,2025-12-27,onboarding
U01002,History,0.4835,2026-02-08,behavior
U01003,Action,0.7693,2025-09-24,behavior
U01003,Horror,0.2307,2026-01-13,onboarding
U01004,Western,0.4055,2026-01-29,behavior
U01004,Science Fiction,0.1143,2026-04-05,hybrid
U01004,Romance,0.4802,2026-02-01,onboarding
U01005,Fantasy,0.1861,2024-12-03,onboarding
U01005,Animation,0.3888,2025-05-26,hybrid
U01005,Family,0.3797,2025-03-28,hybrid
U01005,Mystery,0.0454,2023-12-14,hybrid
U01006,Action,0.3273,2026-01-17,onboarding
U01006,Comedy,0.5263,2026-01-27,hybrid
U01006,History,0.1463,2026-03-15,behavior
U01007,Adventure,0.3746,2023-03-21,hybrid
U01007,Music,0.1981,2024-07-10,hybrid
U01007,Thriller,0.4273,2026-01-02,behavior
U01008,Animation,0.3305,2025-11-06,behavior
U01008,Science Fiction,0.2399,2025-09-06,hybrid
U01008,Documentary,0.4296,2025-08-16,behavior
U01009,Adventure,0.115,2026-03-04,behavior
U01009,Family,0.4304,2025-08-26,onboarding
U01009,Comedy,0.1292,2025-02-09,hybrid
U01009,Horror,0.3254,2025-02-14,onboarding
U01010,Family,0.4313,2023-09-17,hybrid
U01010,Adventure,0.4479,2022-12-25,onboarding
U01010,Fantasy,0.0181,2025-03-26,onboarding
U01010,Crime,0.1028,2023-01-28,hybrid
U01011,Science Fiction,0.3933,2024-08-19,hybrid
U01011,Comedy,0.1622,2024-09-15,behavior
U01011,Animation,0.1181,2025-04-29,behavior
U01011,War,0.3265,2025-04-18,behavior
U01012,Action,0.4112,2024-06-29,hybrid
U01012,Horror,0.5888,2025-06-01,hybrid
U01013,Music,0.218,2023-01-22,onboarding
U01013,Adventure,0.782,2023-09-05,behavior
U01014,War,0.3574,2025-05-14,hybrid
U01014,Music,0.1023,2025-04-29,onboarding
U01014,Drama,0.4098,2026-04-09,behavior
U01014,Thriller,0.1304,2025-12-04,behavior
U01015,Western,0.1682,2025-08-04,hybrid
U01015,Romance,0.3303,2025-10-16,behavior
U01015,Comedy,0.103,2025-12-31,hybrid
U01015,War,0.3985,2025-12-21,behavior
U01016,History,0.0964,2024-10-07,hybrid
U01016,Family,0.3032,2024-12-10,hybrid
U01016,Horror,0.3066,2026-02-23,behavior
U01016,Comedy,0.2938,2024-06-24,hybrid
U01017,Music,0.7565,2024-12-13,behavior
U01017,War,0.2435,2025-12-27,behavior
U01018,Crime,0.2306,2024-02-08,onboarding
U01018,Family,0.1881,2023-07-31,hybrid
U01018,Romance,0.5294,2026-02-11,hybrid
U01018,Horror,0.0519,2025-01-26,behavior
U01019,War,0.3453,2025-02-07,onboarding
U01019,Crime,0.2509,2025-01-24,behavior
U01019,Thriller,0.4039,2024-09-02,onboarding
U01020,Thriller,0.3218,2026-02-16,hybrid
U01020,Comedy,0.0178,2025-10-01,onboarding
U01020,Crime,0.6199,2025-08-14,onboarding
U01020,Romance,0.0405,2025-12-12,behavior
U01021,Romance,0.7067,2025-07-05,behavior
U01021,Music,0.284,2025-12-20,onboarding
U01021,Crime,0.0093,2025-10-14,hybrid
U01022,Comedy,0.18,2026-02-02,hybrid
U01022,Adventure,0.4094,2025-12-26,hybrid
U01022,Animation,0.1606,2025-10-30,onboarding
U01022,Music,0.25,2026-01-03,hybrid
U01023,Documentary,0.5766,2026-03-19,behavior
U01023,War,0.4234,2026-03-21,behavior
U01024,Science Fiction,0.4451,2024-07-10,onboarding
U01024,Documentary,0.466,2025-02-27,hybrid
U01024,Fantasy,0.0889,2025-01-25,hybrid
U01025,War,0.3824,2025-06-10,behavior
U01025,Romance,0.2967,2025-09-02,behavior
U01025,History,0.0735,2025-08-18,hybrid
U01025,Documentary,0.2475,2025-07-15,onboarding
U01026,Fantasy,0.2331,2025-03-10,onboarding
U01026,Horror,0.2508,2026-02-28,onboarding
U01026,Comedy,0.1767,2025-11-29,behavior
U01026,Documentary,0.3394,2025-09-14,hybrid
U01027,Fantasy,0.3964,2025-01-03,behavior
U01027,Comedy,0.1342,2025-01-27,behavior
U01027,Family,0.4694,2023-07-10,hybrid
U01028,Western,0.518,2026-02-22,hybrid
U01028,Drama,0.07,2025-04-11,hybrid
U01028,Action,0.2518,2025-07-21,onboarding
U01028,Family,0.1602,2023-09-10,onboarding
U01029,Science Fiction,0.8677,2026-03-04,behavior
U01029,History,0.1323,2025-07-27,behavior
U01030,Comedy,0.3834,2025-04-22,hybrid
U01030,Music,0.2503,2023-02-26,hybrid
U01030,Animation,0.3662,2025-05-13,hybrid
U01031,War,0.1328,2026-02-13,hybrid
U01031,Animation,0.2166,2025-10-28,behavior
U01031,Horror,0.2989,2026-03-17,behavior
U01031,Science Fiction,0.3518,2026-01-14,behavior
U01032,Adventure,0.2653,2025-12-25,behavior
U01032,Action,0.2338,2026-01-15,onboarding
U01032,Family,0.1079,2026-01-22,onboarding
U01032,Animation,0.393,2026-03-19,onboarding
U01033,Thriller,0.55,2025-03-13,hybrid
U01033,History,0.45,2025-01-07,hybrid
U01034,Western,0.2977,2024-10-17,hybrid
U01034,Drama,0.3055,2024-03-11,behavior
U01034,Documentary,0.3968,2024-07-26,behavior
U01035,Music,0.4418,2023-11-23,behavior
U01035,Thriller,0.0222,2026-02-10,behavior
U01035,Documentary,0.1155,2025-07-04,behavior
U01035,Science Fiction,0.4206,2025-05-04,onboarding
U01036,Western,0.248,2025-11-05,onboarding
U01036,Thriller,0.3905,2025-11-01,hybrid
U01036,History,0.3615,2025-10-31,hybrid
U01037,Romance,0.3201,2025-02-17,behavior
U01037,Comedy,0.1039,2026-02-05,onboarding
U01037,Documentary,0.2255,2024-11-29,behavior
U01037,Family,0.3505,2024-05-25,behavior
U01038,Romance,0.1893,2025-09-26,onboarding
U01038,Family,0.3743,2025-04-28,behavior
U01038,Action,0.3845,2026-04-02,hybrid
U01038,Crime,0.0519,2025-09-28,hybrid
U01039,Science Fiction,0.423,2025-03-19,behavior
U01039,Romance,0.3106,2025-07-30,onboarding
U01039,Mystery,0.2663,2025-05-16,behavior
U01040,Romance,0.216,2024-04-04,onboarding
U01040,Family,0.3761,2024-02-02,behavior
U01040,Documentary,0.4079,2024-06-19,behavior
U01041,Action,0.297,2025-12-23,hybrid
U01041,Mystery,0.703,2025-12-31,hybrid
U01042,Music,0.2687,2025-04-30,hybrid
U01042,Drama,0.7313,2025-10-31,onboarding
U01043,Romance,0.0934,2025-12-20,hybrid
U01043,Drama,0.3958,2024-11-16,hybrid
U01043,Family,0.5108,2026-03-06,behavior
U01044,Documentary,0.9396,2026-01-04,onboarding
U01044,History,0.0604,2025-11-09,hybrid
U01045,Mystery,0.4183,2024-07-24,onboarding
U01045,Crime,0.0648,2024-09-09,onboarding
U01045,Fantasy,0.1287,2025-10-14,onboarding
U01045,Romance,0.3882,2024-11-17,behavior
U01046,Crime,0.5008,2025-08-09,behavior
U01046,Comedy,0.1206,2025-12-23,behavior
U01046,Mystery,0.0114,2025-11-06,hybrid
U01046,War,0.3672,2026-02-28,hybrid
U01047,Comedy,0.9997,2025-03-27,onboarding
U01047,Fantasy,0.0003,2025-05-04,behavior
U01048,History,0.2473,2026-01-16,behavior
U01048,War,0.3764,2026-02-14,onboarding
U01048,Family,0.3763,2025-10-02,onboarding
U01049,Family,0.6084,2022-12-27,hybrid
U01049,Action,0.1491,2025-07-22,behavior
U01049,Mystery,0.2425,2026-02-11,onboarding
U01050,Animation,0.0148,2025-11-14,hybrid
U01050,Comedy,0.9852,2024-12-29,hybrid
U01051,War,0.0084,2025-11-13,onboarding
U01051,Family,0.603,2026-02-26,hybrid
U01051,Adventure,0.3886,2025-09-29,hybrid
U01052,Romance,0.1366,2026-03-17,hybrid
U01052,Action,0.2781,2026-04-01,onboarding
U01052,Fantasy,0.319,2026-03-29,onboarding
U01052,Music,0.2663,2026-03-25,behavior
U01053,Thriller,0.5303,2026-03-20,behavior
U01053,War,0.2446,2026-01-04,behavior
U01053,Animation,0.225,2025-03-19,behavior
U01054,Comedy,0.051,2026-02-24,onboarding
U01054,Documentary,0.2129,2023-08-07,behavior
U01054,Drama,0.2858,2025-04-14,behavior
U01054,Family,0.4502,2023-09-03,onboarding
U01055,Western,0.5126,2025-01-25,behavior
U01055,Romance,0.4874,2025-04-16,hybrid
U01056,Music,0.5346,2025-11-30,onboarding
U01056,Documentary,0.2316,2026-02-06,onboarding
U01056,Crime,0.2338,2025-12-03,behavior
U01057,Crime,0.1257,2025-11-30,onboarding
U01057,Documentary,0.4189,2023-08-23,hybrid
U01057,Thriller,0.4555,2025-04-25,onboarding
U01058,Drama,0.2991,2023-10-13,behavior
U01058,Western,0.3645,2023-07-18,behavior
U01058,Comedy,0.3364,2023-03-03,hybrid
U01059,Western,0.5623,2024-06-18,behavior
U01059,Family,0.2996,2025-12-01,hybrid
U01059,Music,0.1381,2023-05-19,onboarding
U01060,Western,0.0861,2025-02-01,behavior
U01060,Drama,0.3776,2025-09-11,onboarding
U01060,Animation,0.5363,2025-11-09,behavior
U01061,War,0.5272,2024-01-18,hybrid
U01061,Mystery,0.4728,2022-12-19,behavior
U01062,Drama,0.2607,2026-01-19,onboarding
U01062,Animation,0.7393,2024-09-06,hybrid
U01063,Science Fiction,0.2363,2025-05-15,behavior
U01063,Romance,0.3035,2025-11-07,onboarding
U01063,Thriller,0.3308,2025-01-26,hybrid
U01063,Documentary,0.1293,2025-04-27,onboarding
U01064,Music,0.4368,2026-04-05,hybrid
U01064,History,0.3907,2026-04-05,behavior
U01064,Horror,0.1725,2026-03-29,onboarding
U01065,Thriller,0.4661,2025-09-14,behavior
U01065,Fantasy,0.4239,2025-11-30,onboarding
U01065,Comedy,0.11,2025-11-04,onboarding
U01066,Romance,0.2102,2026-01-18,hybrid
U01066,Drama,0.0935,2026-01-12,hybrid
U01066,War,0.6963,2026-02-20,behavior
U01067,Action,0.4523,2025-05-21,onboarding
U01067,History,0.5477,2025-04-22,hybrid
U01068,Fantasy,0.2228,2025-03-06,onboarding
U01068,Thriller,0.3102,2024-05-07,hybrid
U01068,Mystery,0.0775,2023-09-17,hybrid
U01068,Action,0.3896,2024-12-14,onboarding
U01069,Science Fiction,0.157,2026-02-09,onboarding
U01069,Thriller,0.2472,2025-11-21,onboarding
U01069,Documentary,0.3412,2025-10-01,onboarding
U01069,Family,0.2546,2026-01-02,hybrid
U01070,Romance,0.4221,2025-12-31,onboarding
U01070,Comedy,0.5779,2025-02-19,hybrid
U01071,Action,0.3198,2025-05-20,behavior
U01071,Horror,0.6802,2024-08-01,onboarding
U01072,Adventure,0.2244,2025-02-01,onboarding
U01072,Animation,0.0754,2024-08-18,hybrid
U01072,Drama,0.5561,2024-09-18,onboarding
U01072,Romance,0.1442,2024-08-13,onboarding
U01073,War,0.5426,2026-03-12,behavior
U01073,Romance,0.4574,2026-03-21,onboarding
U01074,Animation,0.2296,2025-02-25,onboarding
U01074,Science Fiction,0.1855,2025-04-29,onboarding
U01074,Western,0.273,2026-04-08,onboarding
U01074,Adventure,0.3119,2025-10-07,onboarding
U01075,Documentary,0.476,2025-10-15,onboarding
U01075,Action,0.524,2026-04-09,onboarding
U01076,Adventure,0.0569,2026-01-11,onboarding
U01076,Mystery,0.4338,2023-01-11,hybrid
U01076,History,0.5092,2023-04-24,behavior
U01077,Drama,0.3955,2023-07-08,onboarding
U01077,Documentary,0.5189,2023-06-14,behavior
U01077,History,0.0855,2024-07-24,hybrid
U01078,War,0.3588,2025-09-08,behavior
U01078,Science Fiction,0.412,2025-05-19,onboarding
U01078,Documentary,0.1225,2024-12-24,hybrid
U01078,Action,0.1067,2025-12-08,hybrid
U01079,War,0.5179,2024-05-18,hybrid
U01079,Fantasy,0.2258,2023-11-12,behavior
U01079,Animation,0.2563,2026-01-26,hybrid
U01080,Documentary,0.2343,2026-01-12,behavior
U01080,Thriller,0.2901,2025-06-14,hybrid
U01080,Crime,0.2977,2025-12-08,hybrid
U01080,Family,0.1779,2025-03-16,hybrid
U01081,Action,0.3405,2025-12-13,behavior
U01081,Documentary,0.5591,2026-02-16,hybrid
U01081,Romance,0.1004,2026-03-03,hybrid
U01082,Science Fiction,0.3708,2026-02-23,onboarding
U01082,Documentary,0.6292,2025-07-26,hybrid
U01083,Fantasy,0.7095,2026-02-25,onboarding
U01083,Music,0.2905,2025-09-09,hybrid
U01084,Romance,0.0712,2025-03-02,onboarding
U01084,Western,0.9288,2025-03-17,behavior
U01085,War,0.2089,2025-12-13,onboarding
U01085,Drama,0.0138,2025-09-07,onboarding
U01085,Crime,0.1614,2025-12-11,hybrid
U01085,Animation,0.6158,2025-09-23,hybrid
U01086,Documentary,0.4166,2025-05-08,onboarding
U01086,Science Fiction,0.0737,2025-10-28,behavior
U01086,Action,0.5098,2026-03-08,hybrid
U01087,Animation,0.6061,2026-02-22,behavior
U01087,Family,0.0799,2024-01-28,hybrid
U01087,Crime,0.3141,2023-09-05,hybrid
U01088,Drama,0.4147,2026-03-20,behavior
U01088,Thriller,0.1627,2026-02-17,onboarding
U01088,Mystery,0.4225,2026-04-01,hybrid
U01089,History,0.5423,2026-03-28,behavior
U01089,Romance,0.06,2025-12-14,behavior
U01089,Mystery,0.3977,2025-09-07,behavior
U01090,Music,0.7402,2025-04-20,onboarding
U01090,Western,0.2598,2025-08-14,onboarding
U01091,Drama,0.5338,2025-12-19,hybrid
U01091,Adventure,0.0038,2024-01-19,onboarding
U01091,Western,0.4624,2024-03-18,behavior
U01092,Mystery,0.1949,2025-10-14,behavior
U01092,Thriller,0.7024,2024-08-01,hybrid
U01092,Adventure,0.1027,2024-09-25,onboarding
U01093,Comedy,0.0157,2024-08-01,hybrid
U01093,Mystery,0.2235,2025-02-01,behavior
U01093,Action,0.1944,2024-06-30,onboarding
U01093,Animation,0.5665,2025-12-07,onboarding
U01094,Mystery,0.1794,2025-12-16,hybrid
U01094,Romance,0.2811,2025-12-12,onboarding
U01094,Adventure,0.2584,2026-02-20,onboarding
U01094,Crime,0.2812,2026-03-11,hybrid
U01095,Horror,0.2937,2025-04-23,behavior
U01095,Music,0.0429,2026-03-17,onboarding
U01095,Comedy,0.3363,2025-06-13,behavior
U01095,Mystery,0.3271,2025-07-09,hybrid
U01096,Fantasy,0.44,2024-08-24,onboarding
U01096,Drama,0.3543,2024-08-27,hybrid
U01096,Science Fiction,0.1943,2024-05-31,onboarding
U01096,War,0.0114,2025-11-16,hybrid
U01097,Adventure,0.058,2025-05-05,behavior
U01097,Music,0.2985,2025-07-29,onboarding
U01097,Fantasy,0.6436,2025-05-27,behavior
U01098,Action,0.09,2026-03-18,behavior
U01098,Science Fiction,0.4279,2026-02-23,hybrid
U01098,Horror,0.4821,2025-04-12,hybrid
U01099,Animation,0.4078,2024-09-22,behavior
U01099,Comedy,0.5922,2024-04-27,onboarding
U01100,Family,0.242,2024-11-14,behavior
U01100,War,0.5954,2025-06-30,behavior
U01100,Science Fiction,0.1626,2024-12-11,behavior
U01101,Mystery,0.9677,2025-11-18,hybrid
U01101,War,0.0323,2026-01-16,onboarding
U01102,Fantasy,0.4127,2025-06-26,onboarding
U01102,Animation,0.3899,2023-08-25,onboarding
U01102,Romance,0.1714,2026-03-22,behavior
U01102,Adventure,0.0259,2025-07-25,behavior
U01103,Thriller,0.3963,2024-08-29,behavior
U01103,Drama,0.1701,2025-06-29,behavior
U01103,Romance,0.2719,2025-04-04,hybrid
U01103,Crime,0.1617,2025-07-28,onboarding
U01104,Fantasy,0.1747,2026-03-19,hybrid
U01104,Action,0.6918,2026-04-07,hybrid
U01104,Romance,0.1335,2026-03-11,hybrid
U01105,Horror,0.2065,2026-01-16,hybrid
U01105,Comedy,0.4049,2025-11-16,behavior
U01105,Family,0.357,2026-01-18,behavior
U01105,War,0.0317,2026-03-21,onboarding
U01106,Romance,0.3436,2026-02-18,hybrid
U01106,Horror,0.0164,2025-06-17,behavior
U01106,Mystery,0.0078,2025-08-18,behavior
U01106,Family,0.6323,2025-12-27,hybrid
U01107,Western,0.526,2026-01-02,onboarding
U01107,Documentary,0.474,2025-03-04,onboarding
U01108,Animation,0.4509,2026-02-01,behavior
U01108,Drama,0.3835,2026-01-16,behavior
U01108,Music,0.1656,2025-10-22,hybrid
U01109,Documentary,0.1388,2025-10-23,onboarding
U01109,Music,0.3527,2026-04-03,onboarding
U01109,Romance,0.0508,2026-04-10,hybrid
U01109,Drama,0.4577,2026-01-14,behavior
U01110,Comedy,0.1899,2025-02-18,onboarding
U01110,Western,0.6022,2024-10-20,hybrid
U01110,Mystery,0.2079,2025-07-13,onboarding
U01111,Romance,0.1692,2025-02-10,hybrid
U01111,Music,0.0013,2024-07-18,hybrid
U01111,Drama,0.4314,2024-12-18,behavior
U01111,Thriller,0.398,2025-05-11,onboarding
U01112,Family,0.3945,2026-01-15,hybrid
U01112,Mystery,0.4431,2025-07-08,hybrid
U01112,Thriller,0.1624,2025-11-22,behavior
U01113,Horror,0.3415,2022-08-20,hybrid
U01113,Science Fiction,0.0684,2023-02-14,onboarding
U01113,Documentary,0.332,2023-03-31,onboarding
U01113,Western,0.2581,2023-12-20,onboarding
U01114,Family,0.7532,2026-03-10,onboarding
U01114,Crime,0.2468,2025-12-16,hybrid
U01115,Thriller,0.3115,2025-01-13,onboarding
U01115,Animation,0.6885,2024-12-29,behavior
U01116,Family,0.6731,2024-11-23,onboarding
U01116,Documentary,0.0392,2025-02-10,hybrid
U01116,Thriller,0.2877,2025-05-25,onboarding
U01117,Family,0.4853,2024-12-29,onboarding
U01117,Science Fiction,0.1231,2026-03-12,hybrid
U01117,Western,0.3916,2025-12-15,onboarding
U01118,Animation,0.4395,2025-05-28,hybrid
U01118,Action,0.25,2025-11-25,onboarding
U01118,Adventure,0.3106,2023-09-05,onboarding
U01119,Western,0.2983,2025-11-12,behavior
U01119,Comedy,0.1393,2023-12-26,hybrid
U01119,Action,0.1585,2025-05-27,hybrid
U01119,Family,0.4038,2026-04-07,behavior
U01120,Science Fiction,0.0272,2026-01-14,behavior
U01120,Romance,0.332,2025-11-08,onboarding
U01120,Comedy,0.2752,2026-01-24,hybrid
U01120,Adventure,0.3656,2026-01-22,onboarding
U01121,Crime,0.41,2026-01-05,hybrid
U01121,Family,0.2889,2026-01-28,hybrid
U01121,Thriller,0.3011,2026-02-27,onboarding
U01122,Horror,0.3522,2024-01-01,onboarding
U01122,History,0.2456,2026-01-19,onboarding
U01122,Science Fiction,0.4022,2023-11-08,behavior
U01123,War,0.8458,2024-12-25,behavior
U01123,History,0.1542,2026-03-14,behavior
U01124,Documentary,0.3439,2024-05-24,behavior
U01124,History,0.0412,2024-06-28,behavior
U01124,Thriller,0.2343,2025-11-17,onboarding
U01124,Music,0.3806,2024-08-29,hybrid
U01125,Family,0.2016,2024-09-25,onboarding
U01125,Action,0.4361,2024-08-17,hybrid
U01125,Drama,0.3623,2025-04-19,behavior
U01126,Thriller,0.3696,2025-07-28,behavior
U01126,Documentary,0.1514,2025-04-04,hybrid
U01126,Music,0.479,2025-05-19,behavior
U01127,War,0.5284,2025-12-21,behavior
U01127,Thriller,0.4716,2026-02-17,hybrid
U01128,Family,0.4232,2024-02-16,onboarding
U01128,Crime,0.5768,2025-07-08,behavior
U01129,War,0.1461,2025-11-18,behavior
U01129,Family,0.8539,2025-12-19,hybrid
U01130,Western,0.4644,2025-11-16,onboarding
U01130,Animation,0.5336,2022-10-16,behavior
U01130,Adventure,0.002,2022-12-18,onboarding
U01131,Fantasy,0.6053,2023-08-20,hybrid
U01131,Western,0.3947,2025-01-18,onboarding
U01132,Family,0.3659,2025-01-23,behavior
U01132,Western,0.6341,2023-08-14,behavior
U01133,Comedy,0.6317,2025-12-20,hybrid
U01133,Science Fiction,0.2429,2023-12-09,hybrid
U01133,Animation,0.1254,2024-07-10,hybrid
U01134,Action,0.2473,2024-08-22,onboarding
U01134,Romance,0.3942,2024-10-02,onboarding
U01134,Comedy,0.0423,2025-04-18,onboarding
U01134,Music,0.3162,2025-08-27,hybrid
U01135,Fantasy,0.3,2026-02-05,onboarding
U01135,Thriller,0.2388,2025-07-08,behavior
U01135,Documentary,0.2399,2026-03-13,behavior
U01135,War,0.2213,2026-02-05,behavior
U01136,Fantasy,0.4769,2025-11-20,onboarding
U01136,War,0.2448,2025-04-15,hybrid
U01136,History,0.2783,2026-03-24,onboarding
U01137,Documentary,0.1988,2025-10-30,hybrid
U01137,Western,0.4122,2026-01-14,onboarding
U01137,Animation,0.389,2025-10-16,onboarding
U01138,History,0.6049,2024-03-13,behavior
U01138,War,0.3951,2025-02-05,onboarding
U01139,Crime,0.499,2026-01-24,hybrid
U01139,Horror,0.501,2025-10-09,hybrid
U01140,Thriller,0.2981,2026-01-31,onboarding
U01140,Romance,0.4179,2026-01-25,behavior
U01140,Fantasy,0.0379,2025-06-19,onboarding
U01140,Comedy,0.2461,2025-12-16,behavior
U01141,Horror,0.3675,2025-05-04,onboarding
U01141,Science Fiction,0.2685,2025-04-12,behavior
U01141,History,0.2683,2026-03-30,onboarding
U01141,Drama,0.0957,2024-11-23,onboarding
U01142,Science Fiction,0.6912,2025-12-18,hybrid
U01142,Fantasy,0.3088,2026-03-04,behavior
U01143,Romance,0.3988,2025-03-27,hybrid
U01143,Mystery,0.464,2023-10-02,hybrid
U01143,Horror,0.1373,2024-09-21,behavior
U01144,Family,0.2534,2024-09-07,onboarding
U01144,Documentary,0.7466,2025-08-20,onboarding
U01145,Thriller,0.0437,2026-03-10,hybrid
U01145,Family,0.3173,2026-04-02,behavior
U01145,Fantasy,0.3256,2026-03-08,behavior
U01145,History,0.3134,2026-03-26,onboarding
U01146,Comedy,0.4586,2025-06-28,onboarding
U01146,Thriller,0.1837,2025-05-21,behavior
U01146,Crime,0.3576,2026-01-16,behavior
U01147,Western,0.2463,2025-08-11,hybrid
U01147,Animation,0.7537,2025-09-19,hybrid
U01148,Action,0.2917,2025-05-26,onboarding
U01148,Crime,0.2685,2026-03-11,hybrid
U01148,Animation,0.1348,2024-02-14,hybrid
U01148,Romance,0.3051,2025-06-16,onboarding
U01149,Music,0.5561,2026-01-14,onboarding
U01149,Horror,0.2084,2023-09-28,onboarding
U01149,Drama,0.2354,2024-02-16,hybrid
U01150,Thriller,0.4193,2024-09-06,hybrid
U01150,Adventure,0.2855,2024-09-16,hybrid
U01150,War,0.2952,2025-01-12,behavior
U01151,Horror,0.2697,2025-09-20,hybrid
U01151,Animation,0.3757,2025-01-27,onboarding
U01151,War,0.3546,2025-04-16,behavior
U01152,Drama,0.3038,2026-03-21,hybrid
U01152,Animation,0.1133,2025-10-19,hybrid
U01152,Romance,0.307,2026-01-23,hybrid
U01152,Thriller,0.2759,2026-02-07,hybrid
U01153,Horror,0.336,2026-03-17,hybrid
U01153,Science Fiction,0.0111,2026-02-05,onboarding
U01153,Romance,0.3188,2025-12-28,behavior
U01153,War,0.334,2025-11-30,behavior
U01154,Family,0.8338,2022-11-12,behavior
U01154,Horror,0.1662,2023-05-11,hybrid
U01155,Drama,0.3687,2026-02-22,behavior
U01155,Music,0.1594,2025-12-29,onboarding
U01155,Crime,0.0945,2025-12-11,onboarding
U01155,Comedy,0.3774,2025-12-21,hybrid
U01156,Crime,0.4219,2026-01-15,behavior
U01156,Music,0.5781,2025-12-22,behavior
U01157,Fantasy,0.333,2023-03-30,onboarding
U01157,Family,0.3072,2025-07-11,behavior
U01157,Drama,0.3598,2023-06-14,hybrid
U01158,Adventure,0.3792,2024-09-01,hybrid
U01158,Science Fiction,0.1248,2024-10-19,hybrid
U01158,War,0.496,2023-08-11,hybrid
U01159,War,0.0939,2025-02-16,hybrid
U01159,Comedy,0.3885,2025-12-12,hybrid
U01159,Documentary,0.0814,2025-05-21,onboarding
U01159,Mystery,0.4362,2026-02-03,behavior
U01160,Drama,0.4978,2025-05-13,hybrid
U01160,Animation,0.5022,2025-05-30,hybrid
U01161,Mystery,0.2694,2024-08-17,behavior
U01161,Comedy,0.1985,2025-03-20,onboarding
U01161,Music,0.5321,2024-05-30,onboarding
U01162,Mystery,0.3398,2026-01-08,behavior
U01162,Thriller,0.0505,2026-02-26,onboarding
U01162,Action,0.2377,2026-04-08,behavior
U01162,Crime,0.372,2026-01-12,hybrid
U01163,Thriller,0.3356,2024-02-24,onboarding
U01163,Adventure,0.6644,2024-02-23,hybrid
U01164,Documentary,0.6865,2026-01-14,behavior
U01164,Western,0.2506,2023-10-13,hybrid
U01164,Crime,0.0629,2025-07-20,onboarding
U01165,Music,0.0527,2025-06-25,behavior
U01165,Fantasy,0.2944,2026-03-02,hybrid
U01165,Horror,0.2504,2024-12-01,hybrid
U01165,Action,0.4025,2025-09-05,behavior
U01166,Western,0.342,2024-09-16,onboarding
U01166,Mystery,0.658,2024-07-27,behavior
U01167,Thriller,0.2644,2023-03-03,onboarding
U01167,Science Fiction,0.7356,2024-01-01,hybrid
U01168,Horror,0.2484,2025-07-11,onboarding
U01168,Music,0.7516,2026-03-07,onboarding
U01169,Crime,0.543,2026-01-02,behavior
U01169,Family,0.457,2025-11-24,onboarding
U01170,Family,0.1933,2026-03-23,onboarding
U01170,Fantasy,0.8067,2024-10-08,onboarding
U01171,Music,0.2485,2024-11-27,onboarding
U01171,Crime,0.2374,2026-03-26,behavior
U01171,Adventure,0.514,2024-08-22,behavior
U01172,Mystery,0.3989,2025-06-28,onboarding
U01172,Horror,0.6011,2025-05-03,behavior
U01173,Drama,0.4389,2025-12-21,onboarding
U01173,Science Fiction,0.1657,2025-11-13,onboarding
U01173,Fantasy,0.3955,2024-11-28,onboarding
U01174,Thriller,0.2021,2024-05-08,hybrid
U01174,Science Fiction,0.4046,2025-03-28,behavior
U01174,Comedy,0.3932,2023-12-30,behavior
U01175,Comedy,0.1496,2025-08-07,hybrid
U01175,Family,0.8504,2025-06-22,behavior
U01176,Romance,0.2819,2025-05-25,hybrid
U01176,Animation,0.6391,2025-04-07,hybrid
U01176,Documentary,0.079,2025-04-28,hybrid
U01177,Crime,0.3447,2026-01-07,onboarding
U01177,War,0.0073,2025-12-15,behavior
U01177,Adventure,0.1909,2025-10-13,onboarding
U01177,Mystery,0.4572,2025-03-23,behavior
U01178,Documentary,0.4896,2024-05-17,hybrid
U01178,Family,0.1072,2025-11-27,hybrid
U01178,Crime,0.0659,2025-10-27,behavior
U01178,Fantasy,0.3373,2025-12-22,onboarding
U01179,Thriller,0.2868,2026-02-19,hybrid
U01179,Science Fiction,0.3113,2025-08-31,hybrid
U01179,Horror,0.4019,2025-12-25,hybrid
U01180,Drama,0.6388,2026-03-08,hybrid
U01180,Animation,0.1022,2026-02-01,behavior
U01180,Adventure,0.259,2026-03-27,onboarding
U01181,Mystery,0.6479,2026-02-15,hybrid
U01181,Drama,0.0558,2025-12-09,hybrid
U01181,Family,0.2963,2026-04-03,behavior
U01182,Drama,0.6521,2026-02-09,onboarding
U01182,Science Fiction,0.3479,2026-03-20,onboarding
U01183,Thriller,0.654,2025-07-14,hybrid
U01183,Family,0.346,2025-04-16,onboarding
U01184,Adventure,0.1238,2025-11-03,behavior
U01184,Mystery,0.6485,2024-10-28,onboarding
U01184,Fantasy,0.2276,2025-04-15,hybrid
U01185,War,0.7108,2024-06-04,behavior
U01185,Comedy,0.2892,2025-05-11,onboarding
U01186,Fantasy,0.3412,2025-11-07,hybrid
U01186,Western,0.6588,2026-02-10,behavior
U01187,Thriller,0.0466,2025-08-11,hybrid
U01187,Family,0.618,2023-03-31,onboarding
U01187,Western,0.0539,2024-02-20,behavior
U01187,Comedy,0.2815,2023-01-04,hybrid
U01188,Adventure,0.3219,2026-02-05,hybrid
U01188,Comedy,0.2438,2026-02-06,behavior
U01188,War,0.4343,2026-02-09,hybrid
U01189,Science Fiction,0.3096,2025-05-27,onboarding
U01189,Western,0.0523,2025-10-10,hybrid
U01189,Adventure,0.6381,2024-03-17,hybrid
U01190,Romance,0.2825,2025-06-09,onboarding
U01190,Action,0.6194,2026-01-12,behavior
U01190,Science Fiction,0.098,2026-02-11,onboarding
U01191,Horror,0.6957,2025-08-03,behavior
U01191,Science Fiction,0.3043,2024-11-19,behavior
U01192,Thriller,0.9098,2024-04-05,onboarding
U01192,Animation,0.0902,2025-09-08,onboarding
U01193,Animation,0.3639,2023-03-16,onboarding
U01193,Mystery,0.0224,2025-12-12,hybrid
U01193,Horror,0.2791,2024-04-08,behavior
U01193,History,0.3345,2022-11-14,hybrid
U01194,Science Fiction,0.4216,2025-08-06,behavior
U01194,Music,0.4034,2024-09-09,onboarding
U01194,Documentary,0.175,2024-04-30,hybrid
U01195,Western,0.1465,2025-12-29,onboarding
U01195,History,0.0892,2025-07-18,behavior
U01195,Documentary,0.2758,2026-03-27,behavior
U01195,Drama,0.4885,2025-03-28,hybrid
U01196,Horror,0.1107,2025-02-12,onboarding
U01196,Music,0.2862,2025-09-20,behavior
U01196,Mystery,0.2642,2024-07-15,hybrid
U01196,Animation,0.3389,2025-01-26,hybrid
U01197,Family,0.017,2025-10-11,hybrid
U01197,Crime,0.983,2025-12-21,behavior
U01198,Drama,0.3705,2025-07-27,onboarding
U01198,Crime,0.3401,2025-04-19,behavior
U01198,Action,0.2409,2025-06-17,behavior
U01198,War,0.0485,2025-06-19,behavior
U01199,Drama,0.4938,2026-03-03,onboarding
U01199,Romance,0.0817,2026-03-24,hybrid
U01199,Documentary,0.3274,2025-05-21,behavior
U01199,War,0.097,2026-01-30,onboarding
U01200,Music,0.083,2025-02-09,behavior
U01200,Family,0.4463,2025-06-29,onboarding
U01200,Horror,0.4707,2025-02-16,behavior
U01201,Comedy,0.031,2026-01-16,hybrid
U01201,War,0.969,2025-10-19,hybrid
U01202,Western,0.4631,2026-04-07,behavior
U01202,Family,0.0067,2026-03-26,behavior
U01202,Science Fiction,0.2556,2026-04-01,onboarding
U01202,Crime,0.2746,2026-04-03,onboarding
U01203,Science Fiction,0.4508,2023-01-27,hybrid
U01203,Adventure,0.0953,2024-06-29,onboarding
U01203,Music,0.1785,2024-04-05,behavior
U01203,Family,0.2753,2024-11-23,hybrid
U01204,Thriller,0.2545,2023-07-22,behavior
U01204,Romance,0.2249,2024-09-05,behavior
U01204,Crime,0.0612,2023-05-16,behavior
U01204,Drama,0.4594,2024-04-16,behavior
U01205,Romance,0.0781,2025-12-31,behavior
U01205,Crime,0.4114,2026-02-02,onboarding
U01205,Horror,0.102,2026-02-17,behavior
U01205,Western,0.4085,2026-01-27,hybrid
U01206,War,0.2431,2025-11-27,onboarding
U01206,Romance,0.7569,2026-02-26,behavior
U01207,Thriller,0.0853,2022-11-19,behavior
U01207,Comedy,0.5012,2024-01-24,behavior
U01207,Horror,0.1636,2022-09-17,behavior
U01207,Adventure,0.2499,2023-06-12,hybrid
U01208,Documentary,0.5145,2023-05-13,onboarding
U01208,Comedy,0.4282,2025-10-07,onboarding
U01208,History,0.0573,2025-09-30,onboarding
U01209,Drama,0.2152,2024-11-27,onboarding
U01209,Family,0.3734,2025-02-02,onboarding
U01209,Music,0.4114,2024-06-08,hybrid
U01210,Adventure,0.0155,2026-02-26,onboarding
U01210,Music,0.3729,2023-02-19,onboarding
U01210,Comedy,0.2461,2026-02-18,onboarding
U01210,Animation,0.3655,2026-02-14,behavior
U01211,Music,0.1574,2025-07-28,onboarding
U01211,Animation,0.1643,2025-12-27,hybrid
U01211,Documentary,0.4712,2026-04-09,onboarding
U01211,Comedy,0.2072,2025-12-16,behavior
U01212,Documentary,0.3606,2026-01-12,hybrid
U01212,Science Fiction,0.513,2026-01-01,hybrid
U01212,Western,0.1264,2025-09-16,hybrid
U01213,History,0.4627,2024-07-24,onboarding
U01213,Comedy,0.3261,2023-10-08,onboarding
U01213,Music,0.2112,2023-08-02,hybrid
U01214,Horror,0.296,2025-10-19,behavior
U01214,Science Fiction,0.1844,2025-08-24,behavior
U01214,Mystery,0.3217,2024-12-17,onboarding
U01214,Thriller,0.1979,2025-08-03,hybrid
U01215,Thriller,0.9941,2025-11-01,onboarding
U01215,Drama,0.0059,2024-01-08,hybrid
U01216,Horror,0.3178,2023-01-26,hybrid
U01216,War,0.3487,2024-10-30,hybrid
U01216,Mystery,0.2385,2022-11-18,onboarding
U01216,Thriller,0.095,2023-12-03,onboarding
U01217,Mystery,0.1339,2025-01-22,onboarding
U01217,Animation,0.3456,2025-03-29,onboarding
U01217,Thriller,0.5205,2024-09-04,hybrid
U01218,History,0.6146,2025-10-18,hybrid
U01218,Adventure,0.0077,2025-07-02,onboarding
U01218,War,0.3777,2024-10-18,onboarding
U01219,Action,0.1014,2024-03-04,onboarding
U01219,Adventure,0.8259,2024-11-30,onboarding
U01219,History,0.0458,2024-03-12,behavior
U01219,Drama,0.0269,2026-03-16,onboarding
U01220,War,0.7702,2025-12-22,behavior
U01220,Music,0.2298,2025-11-11,hybrid
U01221,Drama,0.3581,2025-03-07,hybrid
U01221,Thriller,0.0324,2025-04-08,hybrid
U01221,Western,0.3452,2023-06-23,behavior
U01221,History,0.2643,2025-01-23,onboarding
U01222,Documentary,0.4307,2026-03-20,hybrid
U01222,Mystery,0.3308,2026-02-09,behavior
U01222,Family,0.2385,2026-01-14,onboarding
U01223,History,0.2494,2026-03-10,behavior
U01223,Drama,0.3429,2025-10-15,hybrid
U01223,Fantasy,0.3492,2025-02-28,hybrid
U01223,War,0.0586,2024-09-12,hybrid
U01224,Action,0.3266,2026-03-10,onboarding
U01224,Mystery,0.4131,2024-05-04,hybrid
U01224,Adventure,0.0438,2025-08-06,hybrid
U01224,Music,0.2165,2023-10-23,onboarding
U01225,Thriller,0.6409,2025-06-29,onboarding
U01225,Animation,0.3591,2023-03-01,onboarding
U01226,Fantasy,0.0439,2024-01-17,onboarding
U01226,Comedy,0.8111,2024-12-08,onboarding
U01226,War,0.145,2025-10-27,onboarding
U01227,Thriller,0.0133,2022-08-01,onboarding
U01227,Comedy,0.7392,2025-04-04,hybrid
U01227,War,0.2475,2024-04-22,behavior
U01228,Music,0.6633,2025-03-16,hybrid
U01228,Science Fiction,0.119,2025-08-18,hybrid
U01228,Crime,0.2178,2023-11-18,behavior
U01229,Action,0.2724,2024-03-24,hybrid
U01229,Crime,0.189,2022-09-07,behavior
U01229,Horror,0.4903,2023-04-14,onboarding
U01229,Romance,0.0484,2023-07-27,behavior
U01230,War,0.397,2024-07-04,hybrid
U01230,Animation,0.2713,2023-08-20,behavior
U01230,Family,0.3317,2026-01-18,hybrid
U01231,War,0.5719,2025-06-13,hybrid
U01231,History,0.4281,2023-01-28,behavior
U01232,Western,0.2874,2025-12-06,behavior
U01232,Action,0.1561,2025-11-22,onboarding
U01232,Documentary,0.5484,2025-05-23,hybrid
U01232,Music,0.0081,2024-11-24,behavior
U01233,Adventure,0.2228,2025-11-18,hybrid
U01233,Mystery,0.2961,2024-03-08,hybrid
U01233,Comedy,0.2705,2023-05-07,behavior
U01233,Romance,0.2106,2025-02-12,hybrid
U01234,Mystery,0.2611,2026-01-01,hybrid
U01234,History,0.3919,2026-02-01,behavior
U01234,Western,0.2227,2025-12-12,hybrid
U01234,Family,0.1243,2025-12-14,hybrid
U01235,Science Fiction,0.5964,2025-03-19,behavior
U01235,Music,0.4036,2025-12-22,behavior
U01236,Action,0.3683,2024-07-14,hybrid
U01236,Romance,0.3391,2025-09-22,behavior
U01236,History,0.0893,2025-03-25,behavior
U01236,Animation,0.2033,2024-06-29,hybrid
U01237,Drama,0.1788,2025-10-25,onboarding
U01237,Mystery,0.2992,2025-12-26,onboarding
U01237,Romance,0.522,2025-12-06,onboarding
U01238,Mystery,0.3202,2025-06-02,onboarding
U01238,Crime,0.1461,2024-06-01,onboarding
U01238,Drama,0.5337,2025-04-21,hybrid
U01239,Western,0.1871,2025-03-11,hybrid
U01239,Romance,0.7183,2024-12-02,hybrid
U01239,Music,0.0946,2024-12-19,hybrid
U01240,Romance,0.1319,2025-05-21,hybrid
U01240,Adventure,0.3858,2024-05-16,hybrid
U01240,Drama,0.1148,2025-12-18,behavior
U01240,Comedy,0.3674,2025-10-29,hybrid
U01241,Drama,0.4441,2024-06-27,onboarding
U01241,Mystery,0.1082,2026-03-22,behavior
U01241,Documentary,0.0308,2023-11-09,behavior
U01241,Crime,0.4169,2024-01-22,onboarding
U01242,Crime,0.9285,2025-08-04,hybrid
U01242,Thriller,0.0715,2025-11-01,onboarding
U01243,Animation,0.0029,2026-03-31,onboarding
U01243,Horror,0.3106,2022-10-29,onboarding
U01243,Music,0.6864,2023-11-15,hybrid
U01244,Science Fiction,0.1231,2025-07-20,onboarding
U01244,Thriller,0.5405,2025-03-08,hybrid
U01244,Horror,0.2782,2025-09-25,onboarding
U01244,Music,0.0582,2026-02-14,onboarding
U01245,Comedy,0.1944,2024-02-15,behavior
U01245,Romance,0.0774,2025-10-28,hybrid
U01245,Documentary,0.7281,2023-12-04,behavior
U01246,Adventure,0.9747,2026-04-01,behavior
U01246,Crime,0.0253,2025-01-15,onboarding
U01247,Documentary,0.256,2025-03-14,onboarding
U01247,Science Fiction,0.2338,2025-10-29,hybrid
U01247,Action,0.1298,2025-01-07,onboarding
U01247,Family,0.3803,2025-06-11,hybrid
U01248,Mystery,0.2933,2024-06-19,behavior
U01248,Crime,0.3172,2025-09-03,onboarding
U01248,Comedy,0.3673,2024-10-25,behavior
U01248,Science Fiction,0.0221,2024-02-17,behavior
U01249,Romance,0.1358,2023-12-12,onboarding
U01249,Documentary,0.3316,2023-06-03,onboarding
U01249,Music,0.2908,2025-01-09,onboarding
U01249,Western,0.2417,2023-07-01,hybrid
U01250,Family,0.5506,2023-05-10,behavior
U01250,History,0.4494,2023-08-01,hybrid
U01251,Horror,0.8954,2026-01-23,hybrid
U01251,Adventure,0.1046,2026-03-06,onboarding
U01252,Mystery,0.4896,2023-11-16,hybrid
U01252,Western,0.174,2026-03-29,hybrid
U01252,Adventure,0.3363,2023-11-13,onboarding
U01253,Fantasy,0.3207,2024-01-01,behavior
U01253,Drama,0.3612,2024-01-11,hybrid
U01253,Thriller,0.318,2023-03-12,onboarding
U01254,Crime,0.9429,2024-04-17,onboarding
U01254,Comedy,0.0571,2024-09-10,hybrid
U01255,Animation,0.2749,2024-04-02,behavior
U01255,Action,0.7251,2025-09-09,hybrid
U01256,Comedy,0.0334,2026-04-08,onboarding
U01256,Western,0.5867,2025-12-14,onboarding
U01256,Adventure,0.3799,2025-12-03,onboarding
U01257,Family,0.2075,2025-08-24,behavior
U01257,Drama,0.5329,2023-07-05,hybrid
U01257,Adventure,0.2595,2023-12-09,onboarding
U01258,Documentary,0.473,2026-04-07,onboarding
U01258,Thriller,0.4686,2026-04-03,behavior
U01258,History,0.0584,2026-04-07,behavior
U01259,Western,0.5312,2025-04-09,onboarding
U01259,Drama,0.4688,2024-09-11,onboarding
U01260,History,0.5348,2024-04-18,hybrid
U01260,Romance,0.1981,2026-04-04,onboarding
U01260,Western,0.2671,2025-03-03,behavior
U01261,Fantasy,0.4466,2026-04-05,hybrid
U01261,History,0.0936,2026-03-06,hybrid
U01261,Documentary,0.1963,2026-01-04,onboarding
U01261,Adventure,0.2635,2026-01-07,behavior
U01262,Science Fiction,0.1315,2024-09-03,behavior
U01262,Action,0.3526,2023-12-25,onboarding
U01262,Animation,0.3566,2025-12-14,onboarding
U01262,Documentary,0.1593,2024-11-07,onboarding
U01263,Thriller,0.2162,2024-12-21,onboarding
U01263,Music,0.2386,2026-02-20,onboarding
U01263,Western,0.5452,2026-01-31,hybrid
U01264,Music,0.1179,2024-02-05,behavior
U01264,Romance,0.2906,2024-11-18,behavior
U01264,Science Fiction,0.0895,2024-06-19,behavior
U01264,Thriller,0.5019,2022-12-30,behavior
U01265,Mystery,0.1935,2024-09-17,onboarding
U01265,Romance,0.173,2024-01-16,behavior
U01265,Action,0.2319,2023-03-08,hybrid
U01265,War,0.4015,2023-08-19,behavior
U01266,Documentary,0.3898,2025-02-11,behavior
U01266,Crime,0.4053,2025-05-07,hybrid
U01266,Western,0.0306,2025-12-29,hybrid
U01266,Comedy,0.1743,2025-07-27,hybrid
U01267,Thriller,0.6685,2025-01-19,onboarding
U01267,Mystery,0.3315,2023-07-05,hybrid
U01268,Thriller,0.0089,2026-03-22,behavior
U01268,Romance,0.099,2025-12-03,onboarding
U01268,War,0.4443,2026-02-27,hybrid
U01268,Western,0.4477,2025-09-17,behavior
U01269,Thriller,0.1503,2025-10-09,behavior
U01269,History,0.2627,2024-04-13,onboarding
U01269,Crime,0.3077,2024-09-27,behavior
U01269,Comedy,0.2793,2024-07-05,hybrid
U01270,History,0.3313,2024-05-14,behavior
U01270,Romance,0.2517,2026-01-12,hybrid
U01270,Comedy,0.2016,2024-09-02,behavior
U01270,Western,0.2153,2025-10-14,onboarding
U01271,Action,0.8844,2025-08-28,hybrid
U01271,Science Fiction,0.1156,2025-07-28,hybrid
U01272,Fantasy,0.8228,2025-12-29,hybrid
U01272,Horror,0.1698,2025-11-09,behavior
U01272,War,0.0074,2026-02-13,onboarding
U01273,Family,0.4992,2025-12-26,hybrid
U01273,Thriller,0.5008,2026-01-07,hybrid
U01274,Animation,0.2726,2025-11-01,onboarding
U01274,War,0.1462,2026-03-13,onboarding
U01274,Thriller,0.5811,2025-10-27,hybrid
U01275,Music,0.5282,2026-04-07,hybrid
U01275,Adventure,0.4718,2026-04-10,onboarding
U01276,Crime,0.2871,2026-04-04,hybrid
U01276,Fantasy,0.4449,2025-04-13,onboarding
U01276,Horror,0.1208,2025-06-18,onboarding
U01276,Family,0.1473,2025-02-14,onboarding
U01277,War,0.1669,2024-12-16,onboarding
U01277,History,0.4361,2023-12-11,behavior
U01277,Family,0.258,2025-12-14,onboarding
U01277,Mystery,0.139,2024-02-16,onboarding
U01278,Action,0.3213,2025-11-28,behavior
U01278,Romance,0.6787,2025-12-01,onboarding
U01279,Science Fiction,0.9424,2025-06-17,behavior
U01279,Horror,0.0576,2025-11-18,onboarding
U01280,Documentary,0.5554,2024-10-28,hybrid
U01280,Crime,0.3502,2025-05-17,hybrid
U01280,Horror,0.0944,2025-09-23,onboarding
U01281,Mystery,0.1419,2025-05-11,hybrid
U01281,Action,0.4004,2025-12-29,hybrid
U01281,Romance,0.3064,2025-12-21,behavior
U01281,Horror,0.1514,2024-12-28,hybrid
U01282,Adventure,0.1746,2025-07-18,hybrid
U01282,War,0.2253,2025-08-24,behavior
U01282,Western,0.4985,2024-09-02,behavior
U01282,Music,0.1015,2025-11-21,onboarding
U01283,Family,0.1365,2025-07-02,onboarding
U01283,Animation,0.0119,2024-10-14,onboarding
U01283,Music,0.3711,2024-10-03,hybrid
U01283,Documentary,0.4805,2023-12-24,onboarding
U01284,Romance,0.1042,2025-11-06,hybrid
U01284,Mystery,0.2367,2025-05-11,onboarding
U01284,Crime,0.1925,2023-07-18,behavior
U01284,Fantasy,0.4666,2024-03-11,onboarding
U01285,Adventure,0.1156,2025-02-27,hybrid
U01285,Action,0.8844,2024-02-14,onboarding
U01286,War,0.9613,2025-12-14,behavior
U01286,Horror,0.0387,2024-05-27,onboarding
U01287,Romance,0.1802,2025-03-06,behavior
U01287,Animation,0.8198,2025-03-02,onboarding
U01288,Music,0.569,2025-12-30,behavior
U01288,Animation,0.431,2025-09-30,onboarding
U01289,History,0.3153,2026-03-21,hybrid
U01289,Fantasy,0.2966,2025-12-28,onboarding
U01289,Music,0.3353,2026-03-07,hybrid
U01289,War,0.0527,2025-11-17,hybrid
U01290,Mystery,0.5719,2025-06-07,onboarding
U01290,Comedy,0.051,2024-07-14,onboarding
U01290,History,0.3771,2026-02-12,onboarding
U01291,Mystery,0.4805,2023-06-28,hybrid
U01291,Comedy,0.5195,2023-10-01,hybrid
U01292,Science Fiction,0.4098,2025-01-25,onboarding
U01292,Adventure,0.5501,2024-03-25,hybrid
U01292,Family,0.0401,2024-08-20,onboarding
U01293,Thriller,0.4475,2024-10-25,behavior
U01293,Mystery,0.5525,2024-06-05,onboarding
U01294,Family,0.2017,2025-12-26,onboarding
U01294,Animation,0.4739,2026-02-26,behavior
U01294,Comedy,0.3244,2025-10-28,onboarding
U01295,Mystery,0.0018,2026-01-06,behavior
U01295,Documentary,0.5181,2025-12-31,hybrid
U01295,Comedy,0.4801,2025-08-12,behavior
U01296,Romance,0.5926,2025-06-11,hybrid
U01296,Action,0.006,2025-09-30,hybrid
U01296,History,0.4014,2025-08-06,hybrid
U01297,Action,0.0999,2026-02-18,hybrid
U01297,Thriller,0.1637,2024-02-16,hybrid
U01297,Documentary,0.3122,2023-07-13,behavior
U01297,Western,0.4242,2025-10-19,hybrid
U01298,Fantasy,0.0347,2026-03-07,onboarding
U01298,Western,0.4389,2026-03-24,hybrid
U01298,Action,0.2852,2026-03-07,behavior
U01298,Music,0.2412,2026-03-26,behavior
U01299,Action,0.3536,2026-04-08,behavior
U01299,Adventure,0.3852,2026-02-20,onboarding
U01299,Thriller,0.2612,2026-03-18,behavior
U01300,History,0.2934,2026-03-12,onboarding
U01300,Thriller,0.0121,2026-03-31,hybrid
U01300,Drama,0.2639,2024-03-19,onboarding
U01300,Mystery,0.4306,2025-05-06,hybrid
U01301,Adventure,0.1191,2022-06-15,onboarding
U01301,Romance,0.2851,2023-07-29,onboarding
U01301,Thriller,0.2961,2026-01-04,onboarding
U01301,Mystery,0.2997,2025-04-22,onboarding
U01302,Western,0.3004,2026-03-26,hybrid
U01302,Documentary,0.4426,2025-08-11,behavior
U01302,Music,0.257,2025-02-08,onboarding
U01303,Mystery,0.5102,2025-06-10,behavior
U01303,Music,0.4898,2025-06-18,behavior
U01304,Romance,0.4383,2025-04-05,hybrid
U01304,Animation,0.4709,2025-04-01,behavior
U01304,Fantasy,0.0908,2025-08-14,behavior
U01305,Adventure,0.2386,2026-02-05,hybrid
U01305,Horror,0.7614,2026-03-18,onboarding
U01306,Animation,0.2628,2026-03-09,behavior
U01306,Romance,0.2059,2026-04-09,hybrid
U01306,Comedy,0.5313,2026-03-25,behavior
U01307,Family,0.8123,2026-02-22,behavior
U01307,Horror,0.1877,2026-03-16,onboarding
U01308,Music,0.184,2025-02-25,onboarding
U01308,Romance,0.3593,2023-07-18,hybrid
U01308,Comedy,0.1217,2025-12-06,hybrid
U01308,Thriller,0.3349,2026-02-19,behavior
U01309,History,0.2195,2024-03-12,behavior
U01309,Family,0.3823,2024-08-28,hybrid
U01309,Mystery,0.0717,2026-03-06,hybrid
U01309,Crime,0.3266,2026-01-15,behavior
U01310,Documentary,0.8446,2023-09-14,onboarding
U01310,Animation,0.1554,2026-01-03,hybrid
U01311,History,0.2658,2025-02-09,hybrid
U01311,Horror,0.3197,2023-05-31,behavior
U01311,Mystery,0.0439,2024-09-26,onboarding
U01311,Documentary,0.3707,2023-03-30,onboarding
U01312,Thriller,0.592,2025-11-14,behavior
U01312,Adventure,0.408,2026-03-12,onboarding
U01313,Romance,0.3237,2025-08-24,hybrid
U01313,Music,0.6763,2026-03-01,onboarding
U01314,Animation,0.5407,2026-02-18,onboarding
U01314,Family,0.4593,2025-09-07,hybrid
U01315,History,0.7638,2023-06-24,behavior
U01315,Science Fiction,0.0763,2024-03-19,behavior
U01315,Drama,0.1598,2023-10-24,onboarding
U01316,War,0.8654,2025-08-29,hybrid
U01316,Documentary,0.1346,2025-03-12,onboarding
U01317,War,0.3423,2024-04-28,hybrid
U01317,Thriller,0.3325,2023-06-04,behavior
U01317,Documentary,0.1524,2023-05-31,hybrid
U01317,Science Fiction,0.1727,2025-09-12,onboarding
U01318,Crime,0.4583,2025-03-29,hybrid
U01318,Animation,0.5417,2025-01-22,hybrid
U01319,History,0.3434,2025-09-12,hybrid
U01319,Documentary,0.6566,2026-03-15,hybrid
U01320,Comedy,0.5211,2026-04-10,onboarding
U01320,Documentary,0.4789,2026-04-10,hybrid
U01321,Romance,0.1458,2024-05-18,onboarding
U01321,Action,0.2285,2025-06-09,onboarding
U01321,Music,0.1372,2024-06-02,hybrid
U01321,Horror,0.4885,2026-02-16,onboarding
U01322,Animation,0.7639,2023-07-29,onboarding
U01322,Fantasy,0.2361,2023-12-01,onboarding
U01323,Documentary,0.1799,2024-10-01,behavior
U01323,Drama,0.8201,2025-07-23,onboarding
U01324,Comedy,0.4569,2026-02-25,onboarding
U01324,Adventure,0.0839,2025-10-14,onboarding
U01324,Family,0.4592,2025-07-17,onboarding
U01325,Action,0.2595,2025-04-24,behavior
U01325,Comedy,0.141,2025-11-06,hybrid
U01325,Fantasy,0.3675,2022-10-30,hybrid
U01325,History,0.2319,2023-05-14,behavior
U01326,Thriller,0.1829,2023-12-21,hybrid
U01326,Western,0.2877,2024-09-30,onboarding
U01326,War,0.274,2026-02-08,hybrid
U01326,Comedy,0.2555,2026-01-06,hybrid
U01327,Animation,0.6005,2026-03-06,hybrid
U01327,Thriller,0.3995,2025-10-12,onboarding
U01328,Romance,0.737,2024-09-20,behavior
U01328,Adventure,0.263,2024-12-10,behavior
U01329,Crime,0.3382,2023-08-03,behavior
U01329,Thriller,0.3646,2026-03-20,hybrid
U01329,Romance,0.0955,2026-01-30,hybrid
U01329,Horror,0.2017,2026-04-06,onboarding
U01330,Action,0.1252,2025-10-17,behavior
U01330,Romance,0.265,2025-02-20,behavior
U01330,Animation,0.1187,2025-08-07,hybrid
U01330,Fantasy,0.4911,2024-12-10,hybrid
U01331,Horror,0.5762,2024-08-08,behavior
U01331,History,0.1172,2025-02-14,onboarding
U01331,Western,0.3066,2024-02-22,hybrid
U01332,Thriller,0.455,2025-04-08,onboarding
U01332,Horror,0.0793,2025-07-27,hybrid
U01332,Animation,0.2901,2025-02-17,behavior
U01332,Crime,0.1756,2024-10-26,onboarding
U01333,Drama,0.0421,2025-12-20,hybrid
U01333,Music,0.2369,2026-01-14,onboarding
U01333,History,0.2548,2024-05-08,onboarding
U01333,Comedy,0.4662,2025-10-10,hybrid
U01334,History,0.7169,2025-10-31,hybrid
U01334,Drama,0.2831,2025-11-23,onboarding
U01335,Documentary,0.305,2025-07-22,behavior
U01335,Comedy,0.1721,2026-02-05,hybrid
U01335,History,0.2238,2026-03-11,hybrid
U01335,Horror,0.2992,2025-11-14,behavior
U01336,Mystery,0.7876,2025-03-25,hybrid
U01336,Thriller,0.2124,2026-01-12,onboarding
U01337,Comedy,0.383,2024-12-27,behavior
U01337,Mystery,0.3338,2022-09-13,behavior
U01337,War,0.2833,2024-11-04,behavior
U01338,War,0.1904,2026-03-13,onboarding
U01338,Romance,0.4978,2025-09-09,onboarding
U01338,Drama,0.3118,2025-12-30,hybrid
U01339,Comedy,0.3178,2024-10-11,onboarding
U01339,Crime,0.3254,2026-02-20,hybrid
U01339,Documentary,0.3568,2025-02-03,hybrid
U01340,Fantasy,0.071,2025-07-15,onboarding
U01340,Crime,0.3182,2025-09-01,onboarding
U01340,Comedy,0.287,2025-05-17,behavior
U01340,Science Fiction,0.3238,2025-12-08,behavior
U01341,Fantasy,0.2536,2024-03-27,onboarding
U01341,History,0.4645,2025-12-02,onboarding
U01341,Romance,0.1668,2026-02-19,behavior
U01341,Comedy,0.1151,2025-10-29,hybrid
U01342,Crime,0.5586,2025-01-10,behavior
U01342,Action,0.4414,2025-05-30,onboarding
U01343,Animation,0.9487,2023-04-04,behavior
U01343,Fantasy,0.0513,2023-12-23,onboarding
U01344,Documentary,0.2718,2025-09-29,behavior
U01344,Family,0.7282,2025-09-27,behavior
U01345,Drama,0.4253,2024-10-04,onboarding
U01345,Family,0.0136,2024-08-05,behavior
U01345,Comedy,0.5611,2025-01-15,hybrid
U01346,Action,0.2621,2025-09-28,hybrid
U01346,Fantasy,0.1637,2025-12-22,onboarding
U01346,Drama,0.5742,2025-12-25,behavior
U01347,Science Fiction,0.5506,2025-12-12,behavior
U01347,Drama,0.4189,2025-10-16,behavior
U01347,Music,0.0305,2025-10-11,behavior
U01348,Horror,0.1518,2024-08-09,behavior
U01348,Music,0.8482,2023-08-14,hybrid
U01349,Family,0.9556,2026-03-02,hybrid
U01349,Animation,0.0444,2026-03-11,behavior
U01350,Science Fiction,0.3897,2025-12-01,onboarding
U01350,Romance,0.5959,2025-08-18,behavior
U01350,Animation,0.0144,2025-05-11,behavior
U01351,Documentary,0.3836,2025-04-08,hybrid
U01351,Family,0.6164,2025-11-05,behavior
U01352,Documentary,0.2529,2023-02-12,onboarding
U01352,Animation,0.2149,2023-09-28,hybrid
U01352,Adventure,0.2686,2023-01-04,behavior
U01352,Crime,0.2637,2025-03-17,hybrid
U01353,Family,0.035,2025-11-17,behavior
U01353,Romance,0.965,2024-04-30,hybrid
U01354,Documentary,0.0952,2026-01-18,hybrid
U01354,History,0.3436,2025-09-04,onboarding
U01354,Thriller,0.4221,2025-06-28,hybrid
U01354,Drama,0.1391,2025-11-17,onboarding
U01355,Western,0.6902,2023-11-24,hybrid
U01355,Comedy,0.3098,2024-11-10,onboarding
U01356,Fantasy,0.4837,2024-06-14,hybrid
U01356,War,0.5163,2025-01-09,onboarding
U01357,Family,0.5979,2023-11-21,behavior
U01357,Music,0.4021,2026-02-09,hybrid
U01358,Adventure,0.3612,2023-03-19,hybrid
U01358,Animation,0.3319,2023-05-15,hybrid
U01358,Mystery,0.0816,2024-07-28,hybrid
U01358,War,0.2253,2025-09-23,hybrid
U01359,Mystery,0.3174,2026-01-28,behavior
U01359,War,0.0742,2025-09-01,onboarding
U01359,Science Fiction,0.1181,2025-09-19,hybrid
U01359,Horror,0.4903,2025-07-08,behavior
U01360,Thriller,0.1255,2025-04-15,onboarding
U01360,Crime,0.2946,2025-11-02,onboarding
U01360,Adventure,0.1879,2023-12-05,hybrid
U01360,Comedy,0.392,2025-06-06,behavior
U01361,Action,0.4759,2025-05-16,onboarding
U01361,Horror,0.4487,2024-12-28,hybrid
U01361,Thriller,0.0754,2024-10-21,onboarding
U01362,History,0.3333,2024-01-04,onboarding
U01362,Mystery,0.0801,2023-12-24,behavior
U01362,Family,0.385,2023-11-11,onboarding
U01362,Animation,0.2016,2024-03-28,behavior
U01363,Music,0.2107,2026-04-10,hybrid
U01363,Drama,0.2661,2026-04-09,onboarding
U01363,Science Fiction,0.5232,2026-04-09,behavior
U01364,Adventure,0.2213,2023-12-13,hybrid
U01364,Music,0.499,2025-08-07,onboarding
U01364,Science Fiction,0.2796,2025-07-05,hybrid
U01365,Adventure,0.4835,2025-09-11,hybrid
U01365,Thriller,0.4408,2026-04-05,onboarding
U01365,Animation,0.0757,2025-11-03,hybrid
U01366,Western,0.2575,2025-03-12,behavior
U01366,Fantasy,0.2685,2024-11-16,hybrid
U01366,Adventure,0.2904,2025-07-26,hybrid
U01366,Action,0.1836,2023-09-19,onboarding
U01367,Music,0.8104,2026-02-21,onboarding
U01367,Horror,0.1638,2026-04-10,onboarding
U01367,History,0.0257,2026-03-26,onboarding
U01368,War,0.3502,2025-02-07,behavior
U01368,Adventure,0.1345,2025-08-08,behavior
U01368,Animation,0.5154,2025-12-22,behavior
U01369,Mystery,0.1043,2025-06-16,behavior
U01369,Fantasy,0.8957,2025-01-22,onboarding
U01370,Drama,0.1828,2025-01-15,onboarding
U01370,Romance,0.0279,2025-06-29,behavior
U01370,Crime,0.4165,2024-11-28,onboarding
U01370,Western,0.3729,2025-01-29,hybrid
U01371,Science Fiction,0.9486,2025-01-10,hybrid
U01371,Documentary,0.0514,2023-06-08,onboarding
U01372,Western,0.3775,2025-09-10,onboarding
U01372,Horror,0.3875,2025-04-06,behavior
U01372,War,0.235,2025-08-08,hybrid
U01373,Action,0.4509,2024-03-25,behavior
U01373,Romance,0.5491,2025-12-16,behavior
U01374,History,0.3034,2022-12-07,behavior
U01374,Fantasy,0.3153,2024-03-17,behavior
U01374,Comedy,0.1111,2025-11-14,behavior
U01374,Romance,0.2701,2025-09-23,hybrid
U01375,Western,0.1447,2023-09-28,hybrid
U01375,War,0.4205,2023-09-28,hybrid
U01375,Music,0.3118,2024-09-29,behavior
U01375,Drama,0.1229,2025-07-22,hybrid
U01376,Animation,0.3726,2026-01-29,onboarding
U01376,Horror,0.3703,2025-12-25,behavior
U01376,Adventure,0.2571,2026-03-14,hybrid
U01377,Comedy,0.2125,2024-08-03,hybrid
U01377,History,0.4415,2026-03-18,behavior
U01377,Family,0.346,2024-06-18,onboarding
U01378,Documentary,0.7635,2024-09-27,behavior
U01378,Horror,0.2365,2025-11-08,hybrid
U01379,Action,0.0077,2024-11-14,onboarding
U01379,Crime,0.383,2023-05-09,onboarding
U01379,Romance,0.0899,2022-10-20,hybrid
U01379,Family,0.5195,2024-03-08,behavior
U01380,Music,0.3439,2025-04-15,hybrid
U01380,Western,0.0097,2025-10-10,hybrid
U01380,Animation,0.6464,2023-05-29,behavior
U01381,Action,0.356,2024-11-03,hybrid
U01381,Drama,0.644,2024-11-18,hybrid
U01382,Animation,0.2198,2025-10-27,hybrid
U01382,History,0.1657,2026-01-11,hybrid
U01382,Crime,0.52,2025-10-05,onboarding
U01382,Adventure,0.0945,2026-01-25,onboarding
U01383,History,0.2071,2025-09-30,hybrid
U01383,Adventure,0.2981,2025-07-27,onboarding
U01383,Mystery,0.2023,2025-08-30,hybrid
U01383,Romance,0.2925,2025-07-18,behavior
U01384,Mystery,0.2017,2025-07-29,hybrid
U01384,Romance,0.2322,2025-02-02,behavior
U01384,Family,0.3175,2025-08-24,hybrid
U01384,Western,0.2486,2025-07-18,behavior
U01385,Adventure,0.8903,2026-01-26,hybrid
U01385,Comedy,0.1097,2026-03-12,onboarding
U01386,Horror,0.4922,2025-08-10,behavior
U01386,Family,0.1744,2025-03-12,onboarding
U01386,Thriller,0.3334,2025-07-11,behavior
U01387,Adventure,0.3727,2025-12-12,behavior
U01387,Music,0.1461,2025-03-19,onboarding
U01387,Documentary,0.2603,2025-11-30,hybrid
U01387,Drama,0.2209,2025-11-03,hybrid
U01388,Thriller,0.768,2025-05-02,hybrid
U01388,Science Fiction,0.232,2025-05-08,onboarding
U01389,Horror,0.0943,2026-03-30,behavior
U01389,Documentary,0.452,2026-03-31,hybrid
U01389,Action,0.4537,2026-04-06,behavior
U01390,Crime,0.0653,2024-01-02,hybrid
U01390,Family,0.9347,2025-12-10,behavior
U01391,Horror,0.0818,2025-12-22,onboarding
U01391,Music,0.6018,2025-12-15,onboarding
U01391,Western,0.3164,2026-02-17,hybrid
U01392,War,0.3118,2025-01-18,onboarding
U01392,Fantasy,0.0978,2024-03-26,behavior
U01392,Mystery,0.1897,2024-05-07,behavior
U01392,Science Fiction,0.4008,2026-03-22,hybrid
U01393,Horror,0.0202,2026-01-14,hybrid
U01393,Action,0.5603,2025-06-16,behavior
U01393,Romance,0.4195,2024-07-22,onboarding
U01394,Science Fiction,0.32,2025-12-10,hybrid
U01394,Fantasy,0.68,2025-10-03,behavior
U01395,Family,0.1175,2024-07-28,hybrid
U01395,Adventure,0.3251,2025-09-23,onboarding
U01395,Western,0.4325,2025-08-15,hybrid
U01395,Romance,0.1249,2022-08-19,hybrid
U01396,Romance,0.3096,2025-08-07,hybrid
U01396,Action,0.3563,2026-03-12,behavior
U01396,History,0.1449,2025-06-19,hybrid
U01396,Mystery,0.1892,2025-08-10,behavior
U01397,Western,0.4075,2024-01-17,behavior
U01397,Horror,0.276,2023-12-14,onboarding
U01397,Documentary,0.3165,2026-02-04,hybrid
U01398,Comedy,0.9755,2026-03-11,onboarding
U01398,Crime,0.0245,2026-03-11,onboarding
U01399,Documentary,0.2888,2024-07-13,hybrid
U01399,Music,0.1665,2026-01-31,hybrid
U01399,Comedy,0.4949,2026-01-09,behavior
U01399,Mystery,0.0499,2026-01-10,hybrid
U01400,Family,0.4083,2023-03-18,onboarding
U01400,Animation,0.5917,2026-01-28,behavior
U01401,Comedy,0.3146,2026-03-21,behavior
U01401,Thriller,0.125,2026-02-19,behavior
U01401,Fantasy,0.119,2026-01-28,onboarding
U01401,Mystery,0.4415,2025-09-05,behavior
U01402,Action,0.2787,2026-02-27,behavior
U01402,Animation,0.1288,2025-12-01,behavior
U01402,War,0.5925,2025-07-27,behavior
U01403,Mystery,0.8146,2025-09-14,onboarding
U01403,Romance,0.1299,2026-01-07,hybrid
U01403,Comedy,0.0555,2022-09-25,hybrid
U01404,Family,0.2873,2026-03-28,onboarding
U01404,Thriller,0.7127,2026-03-27,hybrid
U01405,Drama,0.1736,2024-08-10,onboarding
U01405,Action,0.3615,2023-08-11,behavior
U01405,Music,0.4649,2023-11-18,behavior
U01406,Animation,0.5916,2025-05-04,onboarding
U01406,Crime,0.1851,2025-11-28,behavior
U01406,Comedy,0.2233,2025-04-03,hybrid
U01407,Horror,0.214,2024-06-12,onboarding
U01407,Family,0.3336,2022-08-08,onboarding
U01407,History,0.2503,2022-08-15,behavior
U01407,Fantasy,0.2022,2025-10-28,hybrid
U01408,Mystery,0.4377,2026-03-10,hybrid
U01408,Crime,0.2341,2026-03-16,hybrid
U01408,Fantasy,0.3282,2026-04-04,hybrid
U01409,Action,0.4522,2024-04-03,hybrid
U01409,Western,0.3396,2024-12-13,behavior
U01409,History,0.2082,2024-07-07,onboarding
U01410,Horror,0.0398,2024-06-14,behavior
U01410,Western,0.3864,2024-02-25,behavior
U01410,Comedy,0.5738,2024-12-03,onboarding
U01411,Western,0.073,2025-06-13,onboarding
U01411,Animation,0.0549,2024-04-09,hybrid
U01411,History,0.5251,2026-04-09,behavior
U01411,Science Fiction,0.347,2025-09-18,onboarding
U01412,Adventure,0.3292,2024-07-29,onboarding
U01412,Crime,0.3318,2025-05-21,behavior
U01412,Animation,0.1654,2025-03-25,onboarding
U01412,Western,0.1736,2024-02-17,onboarding
U01413,Documentary,0.0185,2023-11-19,behavior
U01413,Family,0.4507,2024-05-06,hybrid
U01413,Animation,0.5309,2023-03-31,behavior
U01414,Crime,0.48,2025-08-15,onboarding
U01414,Documentary,0.52,2025-01-07,onboarding
U01415,Family,0.2839,2026-02-11,hybrid
U01415,Adventure,0.1908,2025-03-16,behavior
U01415,Romance,0.2739,2026-01-22,onboarding
U01415,Comedy,0.2514,2025-01-27,hybrid
U01416,History,0.2062,2026-03-06,hybrid
U01416,Fantasy,0.0326,2025-05-08,hybrid
U01416,Family,0.3771,2025-11-01,onboarding
U01416,Western,0.3841,2025-01-23,hybrid
U01417,Drama,0.0793,2025-09-11,behavior
U01417,Fantasy,0.3997,2025-08-01,onboarding
U01417,Crime,0.4159,2024-08-22,hybrid
U01417,History,0.1051,2025-05-26,hybrid
U01418,Adventure,0.4857,2024-06-17,behavior
U01418,Animation,0.5143,2024-07-02,hybrid
U01419,Action,0.309,2024-12-31,hybrid
U01419,Romance,0.5671,2023-01-03,hybrid
U01419,Comedy,0.0056,2025-02-24,onboarding
U01419,Documentary,0.1182,2022-11-26,behavior
U01420,Mystery,0.3426,2024-06-08,onboarding
U01420,War,0.4555,2025-04-03,behavior
U01420,Fantasy,0.2018,2024-06-30,behavior
U01421,Family,0.2069,2026-03-06,hybrid
U01421,Thriller,0.3708,2025-03-22,hybrid
U01421,War,0.0378,2025-01-15,onboarding
U01421,Crime,0.3845,2026-04-09,hybrid
U01422,Science Fiction,0.0728,2022-10-04,behavior
U01422,War,0.4842,2024-08-27,behavior
U01422,History,0.4192,2023-01-20,behavior
U01422,Comedy,0.0238,2023-01-22,behavior
U01423,War,0.4391,2023-09-15,hybrid
U01423,Animation,0.4808,2024-12-22,behavior
U01423,Science Fiction,0.0801,2022-05-25,onboarding
U01424,Fantasy,0.1566,2025-09-03,behavior
U01424,Documentary,0.4599,2025-12-05,onboarding
U01424,Thriller,0.3835,2025-03-28,onboarding
U01425,Western,0.95,2024-07-31,onboarding
U01425,War,0.05,2025-05-19,behavior
U01426,War,0.2553,2024-02-15,hybrid
U01426,History,0.2215,2025-07-27,hybrid
U01426,Mystery,0.1092,2024-07-25,behavior
U01426,Action,0.4139,2024-09-27,onboarding
U01427,War,0.4152,2026-02-07,onboarding
U01427,Documentary,0.1669,2026-03-17,behavior
U01427,Thriller,0.1656,2026-03-07,onboarding
U01427,Fantasy,0.2523,2026-03-27,behavior
U01428,Drama,0.2388,2022-12-08,onboarding
U01428,Documentary,0.3506,2024-02-25,onboarding
U01428,Comedy,0.4105,2025-01-04,onboarding
U01429,Music,0.3687,2026-01-14,onboarding
U01429,Comedy,0.1402,2026-04-01,hybrid
U01429,Mystery,0.1325,2026-04-07,hybrid
U01429,Family,0.3587,2026-01-18,onboarding
U01430,Thriller,0.43,2025-09-29,onboarding
U01430,Family,0.3111,2025-08-21,hybrid
U01430,Romance,0.2589,2026-01-20,onboarding
U01431,Science Fiction,0.0763,2025-04-01,hybrid
U01431,Romance,0.9237,2024-12-12,onboarding
U01432,Comedy,0.1854,2026-04-09,behavior
U01432,Adventure,0.3224,2024-10-11,hybrid
U01432,Fantasy,0.4922,2023-07-24,behavior
U01433,Family,0.2155,2023-08-02,behavior
U01433,Comedy,0.3998,2025-07-06,behavior
U01433,Animation,0.3847,2024-10-26,behavior
U01434,Romance,0.8263,2025-05-28,behavior
U01434,Horror,0.1737,2026-03-26,onboarding
U01435,Romance,0.9147,2025-02-25,hybrid
U01435,Music,0.0853,2026-01-24,hybrid
U01436,Action,0.2832,2026-01-24,onboarding
U01436,Fantasy,0.2459,2025-10-25,onboarding
U01436,Drama,0.1849,2025-11-14,hybrid
U01436,Animation,0.286,2026-04-01,hybrid
U01437,History,0.5565,2024-04-11,onboarding
U01437,Science Fiction,0.4435,2024-03-20,behavior
U01438,History,0.4151,2025-09-25,behavior
U01438,Romance,0.5283,2023-12-30,behavior
U01438,Crime,0.0566,2023-09-22,onboarding
U01439,Documentary,0.0569,2024-12-28,behavior
U01439,Romance,0.3878,2026-03-15,onboarding
U01439,Comedy,0.3676,2023-01-16,hybrid
U01439,Adventure,0.1877,2025-09-26,hybrid
U01440,Documentary,0.2638,2024-09-02,behavior
U01440,Fantasy,0.3958,2024-06-20,behavior
U01440,Horror,0.0575,2025-10-28,onboarding
U01440,Science Fiction,0.2829,2025-04-18,behavior
U01441,Science Fiction,0.3045,2024-07-05,hybrid
U01441,Fantasy,0.2994,2024-04-17,onboarding
U01441,Horror,0.3564,2025-11-11,onboarding
U01441,Crime,0.0398,2025-04-20,onboarding
U01442,Comedy,0.5905,2024-11-24,hybrid
U01442,Crime,0.4095,2025-03-09,behavior
U01443,Crime,0.2791,2025-10-19,hybrid
U01443,Adventure,0.282,2025-11-02,behavior
U01443,Documentary,0.2769,2026-01-26,behavior
U01443,Fantasy,0.162,2025-06-22,onboarding
U01444,Horror,0.8924,2026-03-15,behavior
U01444,War,0.1076,2026-01-23,onboarding
U01445,Thriller,0.2598,2025-09-29,onboarding
U01445,Drama,0.6843,2022-08-15,onboarding
U01445,Crime,0.0559,2023-05-14,behavior
U01446,Animation,0.5291,2025-11-17,hybrid
U01446,Horror,0.2063,2026-03-06,behavior
U01446,Science Fiction,0.0474,2025-11-22,hybrid
U01446,Western,0.2172,2025-12-09,behavior
U01447,Action,0.063,2026-02-22,hybrid
U01447,Western,0.0518,2026-03-13,onboarding
U01447,Animation,0.2506,2026-02-16,hybrid
U01447,Documentary,0.6346,2026-03-24,hybrid
U01448,Music,0.4254,2024-10-25,behavior
U01448,Adventure,0.1317,2025-07-21,onboarding
U01448,Action,0.1549,2025-05-09,behavior
U01448,Western,0.2881,2025-07-11,onboarding
U01449,History,0.3645,2026-04-10,onboarding
U01449,Fantasy,0.3326,2026-03-20,behavior
U01449,Documentary,0.3029,2025-12-13,behavior
U01450,Crime,0.7276,2025-09-30,hybrid
U01450,Documentary,0.2724,2025-07-16,behavior
U01451,Adventure,0.9633,2025-12-16,hybrid
U01451,Western,0.0367,2026-03-28,behavior
U01452,War,0.6795,2022-12-24,onboarding
U01452,Fantasy,0.2618,2024-11-30,behavior
U01452,Crime,0.0587,2025-11-24,hybrid
U01453,Horror,0.5981,2025-03-22,onboarding
U01453,Music,0.4019,2025-08-01,onboarding
U01454,Adventure,0.2646,2026-01-13,behavior
U01454,Thriller,0.1886,2025-10-01,behavior
U01454,Western,0.3227,2026-02-03,onboarding
U01454,Drama,0.224,2025-07-16,onboarding
U01455,War,0.1656,2024-06-29,hybrid
U01455,Documentary,0.3688,2023-11-20,behavior
U01455,Crime,0.4134,2025-08-11,hybrid
U01455,Adventure,0.0522,2024-11-29,behavior
U01456,War,0.202,2025-06-13,onboarding
U01456,Action,0.1909,2023-06-05,hybrid
U01456,Fantasy,0.3075,2025-04-13,hybrid
U01456,Horror,0.2995,2023-11-07,onboarding
U01457,Mystery,0.2825,2025-05-31,behavior
U01457,Drama,0.7175,2025-04-11,hybrid
U01458,History,0.2573,2025-10-18,hybrid
U01458,Documentary,0.6085,2025-11-07,onboarding
U01458,Western,0.102,2026-01-02,behavior
U01458,Drama,0.0322,2026-03-31,behavior
U01459,Comedy,0.3315,2025-12-14,hybrid
U01459,History,0.6685,2024-10-01,hybrid
U01460,Music,0.4762,2025-03-24,onboarding
U01460,History,0.0486,2024-09-16,hybrid
U01460,Adventure,0.4752,2025-06-09,hybrid
U01461,Action,0.2487,2025-03-14,onboarding
U01461,Animation,0.7513,2025-09-18,behavior
U01462,Action,0.1933,2025-04-25,hybrid
U01462,Family,0.1118,2025-10-21,onboarding
U01462,Comedy,0.3815,2025-07-04,behavior
U01462,Documentary,0.3134,2025-09-27,hybrid
U01463,Horror,0.8813,2026-03-22,hybrid
U01463,Adventure,0.1187,2026-04-03,onboarding
U01464,Drama,0.2376,2024-02-25,onboarding
U01464,War,0.4682,2025-04-08,behavior
U01464,Fantasy,0.2942,2023-09-06,onboarding
U01465,Science Fiction,0.6377,2024-06-06,behavior
U01465,War,0.3623,2023-04-02,hybrid
U01466,Drama,0.3158,2024-08-25,hybrid
U01466,Thriller,0.1897,2024-12-28,onboarding
U01466,Western,0.3529,2025-04-22,behavior
U01466,Animation,0.1416,2024-06-10,hybrid
U01467,War,0.3564,2025-08-06,behavior
U01467,Thriller,0.2821,2023-08-17,hybrid
U01467,Horror,0.2943,2022-10-29,onboarding
U01467,Drama,0.0673,2022-10-14,behavior
U01468,Action,0.4423,2024-01-26,hybrid
U01468,Comedy,0.5577,2024-10-28,behavior
U01469,Thriller,0.3353,2025-06-04,behavior
U01469,Fantasy,0.1157,2024-08-03,behavior
U01469,History,0.549,2024-09-05,onboarding
U01470,Crime,0.7773,2026-03-07,onboarding
U01470,Adventure,0.1792,2025-10-19,hybrid
U01470,Animation,0.0434,2026-04-05,hybrid
U01471,Family,0.4496,2024-02-23,onboarding
U01471,Mystery,0.5504,2024-03-16,behavior
U01472,War,0.3925,2025-02-10,hybrid
U01472,Crime,0.6075,2024-10-15,hybrid
U01473,Fantasy,0.1575,2025-02-20,behavior
U01473,Adventure,0.8425,2023-01-13,onboarding
U01474,Horror,0.8486,2026-02-18,behavior
U01474,Family,0.1514,2025-12-28,onboarding
U01475,Adventure,0.5483,2025-08-05,hybrid
U01475,Drama,0.4517,2025-07-11,behavior
U01476,Mystery,0.3224,2024-12-12,behavior
U01476,Crime,0.6776,2025-12-03,onboarding
U01477,Music,0.2519,2024-05-11,behavior
U01477,Adventure,0.4069,2024-05-16,behavior
U01477,Romance,0.3412,2023-12-22,hybrid
U01478,Drama,0.8519,2026-01-25,onboarding
U01478,War,0.1481,2026-04-08,behavior
U01479,Science Fiction,0.0921,2025-09-09,behavior
U01479,Drama,0.3188,2024-02-01,onboarding
U01479,Horror,0.3739,2022-09-14,onboarding
U01479,Crime,0.2151,2025-10-19,hybrid
U01480,Music,0.4377,2024-11-23,behavior
U01480,Comedy,0.5623,2023-09-28,hybrid
U01481,War,0.3556,2025-11-06,hybrid
U01481,Music,0.6444,2025-11-22,hybrid
U01482,Documentary,0.1437,2025-06-22,onboarding
U01482,Mystery,0.287,2025-03-10,hybrid
U01482,Romance,0.5693,2025-11-18,behavior
U01483,Western,0.4558,2025-06-29,hybrid
U01483,Music,0.5442,2025-12-20,hybrid
U01484,War,0.4197,2024-04-28,onboarding
U01484,History,0.5803,2026-03-12,hybrid
U01485,Western,0.2711,2025-07-11,onboarding
U01485,Adventure,0.6343,2025-10-20,onboarding
U01485,Romance,0.0946,2025-05-20,hybrid
U01486,Science Fiction,0.1652,2026-03-10,behavior
U01486,Documentary,0.3026,2025-07-21,hybrid
U01486,Drama,0.2431,2023-06-26,behavior
U01486,Crime,0.2891,2023-05-18,hybrid
U01487,Western,0.2432,2025-09-01,behavior
U01487,Action,0.7568,2025-12-16,hybrid
U01488,Horror,0.0725,2026-03-18,onboarding
U01488,Action,0.4334,2026-02-21,hybrid
U01488,Crime,0.4941,2025-10-25,behavior
U01489,Mystery,0.2423,2025-10-22,behavior
U01489,Western,0.07,2024-01-06,behavior
U01489,Music,0.0653,2024-02-02,behavior
U01489,Drama,0.6223,2023-07-21,onboarding
U01490,Crime,0.1948,2022-12-19,behavior
U01490,Drama,0.1322,2023-04-24,hybrid
U01490,Horror,0.0429,2023-06-19,hybrid
U01490,History,0.6301,2023-05-12,onboarding
U01491,History,0.5768,2026-03-14,hybrid
U01491,War,0.0409,2024-03-13,hybrid
U01491,Fantasy,0.2523,2024-11-19,hybrid
U01491,Horror,0.13,2025-01-01,onboarding
U01492,Romance,0.1129,2026-01-13,onboarding
U01492,Mystery,0.2446,2026-02-21,onboarding
U01492,War,0.4626,2026-03-22,behavior
U01492,Adventure,0.1799,2026-01-31,onboarding
U01493,Horror,0.3958,2026-01-08,hybrid
U01493,Action,0.6042,2026-03-28,hybrid
U01494,Animation,0.2509,2025-05-15,hybrid
U01494,Horror,0.3292,2024-05-03,onboarding
U01494,Adventure,0.4199,2023-07-31,behavior
U01495,Romance,0.4263,2024-11-03,behavior
U01495,Crime,0.3217,2025-03-05,onboarding
U01495,Adventure,0.0986,2026-03-05,hybrid
U01495,Music,0.1534,2026-03-08,onboarding
U01496,History,0.3627,2025-09-02,onboarding
U01496,Mystery,0.419,2025-01-23,behavior
U01496,Documentary,0.2183,2024-10-07,hybrid
U01497,Music,0.4835,2026-03-16,hybrid
U01497,Action,0.5165,2025-10-26,hybrid
U01498,Animation,0.1095,2025-07-21,hybrid
U01498,Fantasy,0.2881,2025-04-28,behavior
U01498,Action,0.1573,2025-03-06,onboarding
U01498,Drama,0.445,2025-08-27,behavior
U01499,Music,0.3523,2026-01-01,hybrid
U01499,Documentary,0.2651,2024-05-29,behavior
U01499,Drama,0.3825,2024-02-25,behavior
U01500,Comedy,0.7181,2025-07-19,behavior
U01500,Animation,0.2819,2024-01-21,behavior
U01501,Crime,0.4959,2026-03-30,onboarding
U01501,Science Fiction,0.1544,2026-01-17,onboarding
U01501,Thriller,0.3496,2026-03-22,hybrid
U01502,Fantasy,0.1287,2025-02-12,behavior
U01502,Adventure,0.5923,2023-12-11,behavior
U01502,Documentary,0.2789,2025-02-20,hybrid
U01503,History,0.3358,2025-09-19,onboarding
U01503,Adventure,0.2871,2024-11-19,hybrid
U01503,Family,0.377,2025-04-26,onboarding
U01504,Science Fiction,0.5169,2022-12-23,onboarding
U01504,Thriller,0.4831,2025-03-19,onboarding
U01505,Documentary,0.3163,2026-04-09,onboarding
U01505,Comedy,0.1073,2025-10-23,behavior
U01505,Drama,0.5017,2026-02-19,onboarding
U01505,Crime,0.0748,2026-04-04,hybrid
U01506,Romance,0.9504,2025-09-08,behavior
U01506,Family,0.0496,2025-02-13,onboarding
U01507,Science Fiction,0.5574,2025-06-03,behavior
U01507,Action,0.4426,2024-09-21,behavior
U01508,Family,0.3087,2024-11-14,hybrid
U01508,Mystery,0.2918,2025-06-18,behavior
U01508,Crime,0.3995,2025-04-12,behavior
U01509,Music,0.3415,2024-10-31,behavior
U01509,Horror,0.6585,2024-04-04,hybrid
U01510,Comedy,0.3278,2025-11-13,behavior
U01510,Fantasy,0.4441,2025-09-04,behavior
U01510,Mystery,0.2281,2026-04-01,behavior
U01511,Mystery,0.3218,2025-03-13,onboarding
U01511,Science Fiction,0.0121,2025-01-29,onboarding
U01511,Adventure,0.5157,2024-07-26,onboarding
U01511,Fantasy,0.1503,2025-02-26,hybrid
U01512,Crime,0.1572,2022-11-27,hybrid
U01512,Adventure,0.8428,2025-02-28,hybrid
U01513,War,0.3265,2026-03-03,onboarding
U01513,History,0.3873,2026-03-20,onboarding
U01513,Crime,0.2862,2026-03-21,hybrid
U01514,Science Fiction,0.3663,2025-02-25,hybrid
U01514,War,0.1414,2025-09-16,behavior
U01514,Western,0.4923,2024-05-17,behavior
U01515,Mystery,0.5129,2025-03-31,hybrid
U01515,Thriller,0.3239,2025-06-06,hybrid
U01515,Drama,0.1633,2026-04-05,onboarding
U01516,Science Fiction,0.9978,2026-04-09,onboarding
U01516,Thriller,0.0022,2025-12-03,behavior
U01517,Horror,0.0297,2023-03-13,onboarding
U01517,War,0.9703,2025-11-02,hybrid
U01518,Documentary,0.1475,2023-02-21,onboarding
U01518,Family,0.4771,2025-08-04,onboarding
U01518,Music,0.3754,2025-08-31,hybrid
U01519,Science Fiction,0.0062,2026-01-25,behavior
U01519,Adventure,0.4152,2025-04-13,hybrid
U01519,Action,0.2,2025-01-31,behavior
U01519,Horror,0.3786,2025-11-30,onboarding
U01520,Fantasy,0.151,2025-12-10,behavior
U01520,Documentary,0.673,2025-02-24,onboarding
U01520,Mystery,0.176,2024-12-20,onboarding
U01521,Western,0.5968,2026-01-11,behavior
U01521,Fantasy,0.4032,2025-11-08,hybrid
U01522,Animation,0.2731,2024-06-04,behavior
U01522,Horror,0.2126,2025-06-27,behavior
U01522,Documentary,0.5143,2025-06-16,hybrid
U01523,Family,0.1682,2024-03-12,hybrid
U01523,Western,0.3882,2023-06-30,hybrid
U01523,Horror,0.4436,2024-11-11,hybrid
U01524,Thriller,0.3858,2025-11-11,behavior
U01524,War,0.3767,2022-11-25,onboarding
U01524,Fantasy,0.158,2025-02-17,behavior
U01524,Drama,0.0796,2022-11-15,behavior
U01525,Drama,0.6315,2024-02-14,hybrid
U01525,History,0.3685,2023-12-01,hybrid
U01526,Documentary,0.3035,2026-01-10,behavior
U01526,Adventure,0.2602,2025-12-06,onboarding
U01526,Drama,0.4363,2026-01-21,hybrid
U01527,History,0.4133,2024-09-09,behavior
U01527,Animation,0.4294,2025-09-08,behavior
U01527,Horror,0.1573,2025-03-14,onboarding
U01528,Drama,0.3063,2026-02-25,hybrid
U01528,Romance,0.3303,2025-01-04,behavior
U01528,Thriller,0.3634,2024-07-06,hybrid
U01529,Comedy,0.4679,2025-12-28,hybrid
U01529,History,0.5321,2025-08-14,behavior
U01530,War,0.3036,2025-04-11,behavior
U01530,Thriller,0.6964,2025-11-12,onboarding
U01531,War,0.2659,2025-07-25,hybrid
U01531,Western,0.7341,2024-08-16,hybrid
U01532,War,0.2705,2025-07-10,onboarding
U01532,Romance,0.2475,2024-03-25,behavior
U01532,Science Fiction,0.1911,2025-11-27,hybrid
U01532,Fantasy,0.2909,2026-03-27,onboarding
U01533,Fantasy,0.36,2025-11-29,onboarding
U01533,Horror,0.2328,2025-03-06,behavior
U01533,Romance,0.4072,2025-03-23,hybrid
U01534,Comedy,0.3825,2025-11-16,onboarding
U01534,Animation,0.3399,2024-10-25,behavior
U01534,Romance,0.2776,2025-11-29,onboarding
U01535,Family,0.3379,2025-02-02,behavior
U01535,Western,0.0985,2025-12-04,hybrid
U01535,Animation,0.0233,2026-02-22,behavior
U01535,Comedy,0.5404,2024-07-11,hybrid
U01536,Thriller,0.4086,2024-10-04,behavior
U01536,Adventure,0.3455,2026-02-12,onboarding
U01536,Drama,0.246,2025-02-26,behavior
U01537,Mystery,0.5568,2025-11-06,behavior
U01537,Western,0.0494,2025-10-19,behavior
U01537,Thriller,0.0724,2026-03-11,onboarding
U01537,Animation,0.3214,2025-10-07,hybrid
U01538,Action,0.2265,2026-03-28,onboarding
U01538,Crime,0.2431,2024-07-27,onboarding
U01538,Music,0.3525,2025-09-30,onboarding
U01538,Romance,0.1779,2024-09-28,onboarding
U01539,Comedy,0.2806,2026-03-30,behavior
U01539,Crime,0.1959,2026-03-30,behavior
U01539,Drama,0.1964,2026-04-01,onboarding
U01539,Romance,0.327,2026-03-31,behavior
U01540,Animation,0.0138,2026-02-04,behavior
U01540,Adventure,0.7155,2025-11-14,hybrid
U01540,Mystery,0.2707,2026-02-15,onboarding
U01541,Western,0.3303,2023-08-26,behavior
U01541,Science Fiction,0.2012,2023-08-08,onboarding
U01541,Music,0.225,2025-09-07,behavior
U01541,Action,0.2434,2025-12-06,hybrid
U01542,Music,0.1811,2024-02-08,onboarding
U01542,Thriller,0.8189,2023-10-08,hybrid
U01543,Adventure,0.4251,2024-12-09,hybrid
U01543,Horror,0.5749,2025-08-15,behavior
U01544,Comedy,0.3245,2024-04-04,behavior
U01544,Mystery,0.3349,2023-10-24,hybrid
U01544,Adventure,0.1168,2025-03-16,onboarding
U01544,Fantasy,0.2237,2024-04-25,behavior
U01545,Drama,0.3038,2026-03-08,onboarding
U01545,Science Fiction,0.6962,2026-04-06,hybrid
U01546,Drama,0.1938,2024-02-10,behavior
U01546,Romance,0.8062,2024-09-14,hybrid
U01547,History,0.2586,2025-10-11,behavior
U01547,Family,0.0364,2023-09-14,behavior
U01547,Crime,0.4099,2025-01-11,behavior
U01547,Comedy,0.2951,2025-02-23,hybrid
U01548,Horror,0.475,2025-08-12,hybrid
U01548,History,0.525,2025-05-24,onboarding
U01549,Family,0.125,2026-01-09,behavior
U01549,Action,0.4468,2024-10-24,onboarding
U01549,Horror,0.4282,2024-10-04,hybrid
U01550,Science Fiction,0.5059,2026-04-05,behavior
U01550,Action,0.2383,2025-11-12,hybrid
U01550,Documentary,0.2077,2026-03-26,onboarding
U01550,History,0.048,2026-02-06,onboarding
U01551,Science Fiction,0.3068,2026-03-06,onboarding
U01551,War,0.2387,2026-02-06,onboarding
U01551,Thriller,0.3254,2026-02-09,hybrid
U01551,Music,0.1291,2026-03-10,behavior
U01552,Crime,0.6598,2025-09-04,onboarding
U01552,Western,0.3402,2025-06-26,onboarding
U01553,Documentary,0.9828,2025-11-26,hybrid
U01553,Adventure,0.0172,2025-11-06,onboarding
U01554,Science Fiction,0.1316,2025-08-16,behavior
U01554,Music,0.3044,2025-05-18,hybrid
U01554,Drama,0.3699,2025-11-18,behavior
U01554,War,0.1941,2025-04-29,hybrid
U01555,Adventure,0.6305,2025-12-05,hybrid
U01555,Drama,0.3695,2025-03-16,behavior
U01556,Horror,0.3348,2026-03-19,behavior
U01556,Comedy,0.2107,2026-02-15,hybrid
U01556,Science Fiction,0.2705,2025-10-16,hybrid
U01556,Adventure,0.184,2025-09-25,hybrid
U01557,Documentary,0.0631,2025-11-30,hybrid
U01557,Music,0.3404,2026-04-01,onboarding
U01557,Action,0.3593,2025-11-23,onboarding
U01557,Adventure,0.2372,2026-04-01,behavior
U01558,Romance,0.3825,2024-11-28,onboarding
U01558,Thriller,0.6175,2023-06-14,onboarding
U01559,Mystery,0.3399,2025-01-21,onboarding
U01559,Adventure,0.6601,2024-05-10,onboarding
U01560,Crime,0.4022,2025-03-27,onboarding
U01560,Adventure,0.1635,2025-03-03,hybrid
U01560,Comedy,0.4344,2025-09-30,behavior
U01561,Adventure,0.5189,2023-03-26,behavior
U01561,Science Fiction,0.4811,2024-02-18,behavior
U01562,Drama,0.2687,2023-12-18,hybrid
U01562,Adventure,0.2773,2025-08-17,onboarding
U01562,History,0.2621,2025-04-12,hybrid
U01562,Thriller,0.192,2024-12-05,behavior
U01563,Science Fiction,0.4473,2026-01-26,onboarding
U01563,History,0.5527,2026-03-16,behavior
U01564,Mystery,0.2648,2026-03-26,onboarding
U01564,War,0.266,2026-01-12,behavior
U01564,Crime,0.3659,2025-10-23,hybrid
U01564,Science Fiction,0.1034,2025-07-04,onboarding
U01565,Crime,0.4087,2024-06-03,behavior
U01565,Action,0.4573,2024-10-06,hybrid
U01565,Drama,0.134,2025-02-20,behavior
U01566,Music,0.2815,2026-02-27,onboarding
U01566,Crime,0.2183,2026-02-09,onboarding
U01566,Thriller,0.3044,2026-01-22,onboarding
U01566,Romance,0.1957,2026-01-26,behavior
U01567,Music,0.4678,2024-02-10,hybrid
U01567,Horror,0.364,2024-02-10,behavior
U01567,Western,0.1682,2024-10-12,onboarding
U01568,Crime,0.6959,2024-05-10,hybrid
U01568,Thriller,0.3041,2024-02-23,onboarding
U01569,Fantasy,0.3628,2026-02-20,onboarding
U01569,Adventure,0.2877,2025-10-17,hybrid
U01569,Documentary,0.3495,2026-01-11,hybrid
U01570,Family,0.2856,2023-04-03,behavior
U01570,Crime,0.1645,2024-03-20,behavior
U01570,War,0.5498,2023-09-06,behavior
U01571,History,0.343,2023-09-16,behavior
U01571,Adventure,0.3349,2024-11-26,behavior
U01571,Family,0.1183,2025-12-19,behavior
U01571,Action,0.2037,2025-07-05,hybrid
U01572,Music,0.43,2025-12-13,onboarding
U01572,Romance,0.022,2025-12-12,hybrid
U01572,History,0.548,2026-01-18,hybrid
U01573,Fantasy,0.5608,2025-09-14,onboarding
U01573,Thriller,0.4392,2025-03-12,onboarding
U01574,Adventure,0.0112,2024-01-25,behavior
U01574,Comedy,0.1255,2023-07-27,hybrid
U01574,War,0.4002,2025-07-17,behavior
U01574,Action,0.4631,2024-05-10,hybrid
U01575,Animation,0.3323,2025-11-26,behavior
U01575,Thriller,0.3898,2024-11-27,behavior
U01575,Documentary,0.2778,2024-12-06,hybrid
U01576,Crime,0.5057,2024-12-20,hybrid
U01576,Action,0.4943,2026-03-25,hybrid
U01577,Science Fiction,0.2262,2024-02-09,onboarding
U01577,Comedy,0.3881,2022-10-12,onboarding
U01577,Family,0.3856,2023-03-17,behavior
U01578,War,0.2498,2024-01-05,hybrid
U01578,Fantasy,0.432,2024-04-15,behavior
U01578,Thriller,0.3182,2025-12-12,behavior
U01579,Romance,0.5706,2022-07-09,onboarding
U01579,Documentary,0.4294,2024-05-03,behavior
U01580,Western,0.9768,2024-02-04,behavior
U01580,Action,0.0232,2026-03-10,behavior
U01581,Mystery,0.3752,2024-08-24,hybrid
U01581,Romance,0.2902,2023-09-21,onboarding
U01581,Crime,0.3347,2025-09-30,hybrid
U01582,Action,0.3896,2026-04-07,hybrid
U01582,Adventure,0.4592,2026-04-01,onboarding
U01582,War,0.1512,2026-03-30,hybrid
U01583,Comedy,0.3055,2023-10-05,hybrid
U01583,Adventure,0.6945,2023-06-20,hybrid
U01584,Family,0.4925,2026-01-04,behavior
U01584,Animation,0.1613,2025-12-23,onboarding
U01584,Fantasy,0.3462,2025-12-12,behavior
U01585,War,0.4483,2025-09-10,hybrid
U01585,Adventure,0.2816,2024-10-21,behavior
U01585,History,0.2702,2024-05-09,hybrid
U01586,Science Fiction,0.1877,2023-07-14,behavior
U01586,Comedy,0.1863,2024-04-24,behavior
U01586,Romance,0.6259,2024-08-11,hybrid
U01587,Adventure,0.0964,2025-01-15,behavior
U01587,Thriller,0.5148,2025-09-08,onboarding
U01587,War,0.3889,2025-03-09,onboarding
U01588,History,0.2894,2026-04-03,hybrid
U01588,Comedy,0.1615,2026-03-14,behavior
U01588,Science Fiction,0.3502,2026-02-24,hybrid
U01588,Mystery,0.1988,2026-03-18,behavior
U01589,Action,0.6144,2026-01-05,onboarding
U01589,Drama,0.3856,2026-04-02,hybrid
U01590,Documentary,0.3488,2026-03-18,hybrid
U01590,Action,0.6512,2025-07-09,onboarding
U01591,War,0.1881,2025-09-29,onboarding
U01591,Science Fiction,0.3502,2026-02-24,hybrid
U01591,Crime,0.2551,2026-02-01,behavior
U01591,Western,0.2066,2025-11-16,behavior
U01592,Western,0.8936,2024-06-14,hybrid
U01592,Mystery,0.1064,2023-11-02,hybrid
U01593,Family,0.3214,2025-06-25,onboarding
U01593,Science Fiction,0.1464,2025-11-19,hybrid
U01593,Music,0.1624,2025-12-09,hybrid
U01593,Western,0.3697,2025-10-31,onboarding
U01594,Horror,0.0524,2025-05-10,behavior
U01594,Thriller,0.8415,2025-04-28,onboarding
U01594,Animation,0.1061,2025-08-28,onboarding
U01595,Animation,0.5251,2025-05-21,behavior
U01595,Documentary,0.4749,2024-10-12,onboarding
U01596,Mystery,0.4563,2024-08-23,onboarding
U01596,Thriller,0.4718,2025-02-23,hybrid
U01596,Adventure,0.0719,2023-05-17,hybrid
U01597,Comedy,0.0552,2025-08-19,onboarding
U01597,Music,0.2701,2026-03-22,onboarding
U01597,Romance,0.6747,2026-04-05,onboarding
U01598,Western,0.2828,2026-02-19,behavior
U01598,Family,0.2184,2026-03-09,behavior
U01598,Horror,0.0243,2026-01-31,behavior
U01598,Music,0.4746,2026-04-03,hybrid
U01599,Romance,0.4603,2025-11-20,hybrid
U01599,History,0.5397,2026-03-05,behavior
U01600,History,0.1886,2024-11-29,onboarding
U01600,Crime,0.2777,2025-09-22,hybrid
U01600,Animation,0.2867,2025-04-06,hybrid
U01600,Family,0.247,2024-11-10,behavior
U01601,Family,0.2591,2026-01-19,onboarding
U01601,Romance,0.1795,2024-05-30,onboarding
U01601,Fantasy,0.5614,2025-03-26,onboarding
U01602,War,0.1294,2025-12-25,hybrid
U01602,Family,0.1831,2026-01-19,hybrid
U01602,Adventure,0.2543,2026-01-30,hybrid
U01602,Science Fiction,0.4332,2026-03-31,onboarding
U01603,Animation,0.1841,2025-08-06,hybrid
U01603,Romance,0.0593,2024-10-14,onboarding
U01603,Action,0.376,2026-04-01,onboarding
U01603,History,0.3806,2025-01-25,onboarding
U01604,Family,0.3444,2025-11-24,behavior
U01604,Music,0.3131,2026-03-26,onboarding
U01604,Documentary,0.0118,2026-01-25,hybrid
U01604,Romance,0.3307,2025-12-21,behavior
U01605,Documentary,0.3048,2022-10-14,behavior
U01605,Family,0.2525,2022-12-25,onboarding
U01605,Adventure,0.4428,2024-05-04,behavior
U01606,Fantasy,0.6126,2025-08-31,behavior
U01606,History,0.2419,2024-12-25,behavior
U01606,Thriller,0.1455,2026-02-08,hybrid
U01607,Drama,0.5469,2026-01-11,hybrid
U01607,History,0.4531,2025-12-02,onboarding
U01608,Thriller,0.2663,2025-11-30,onboarding
U01608,Animation,0.2157,2025-03-26,behavior
U01608,Crime,0.1812,2025-06-09,hybrid
U01608,Music,0.3368,2025-10-13,onboarding
U01609,Fantasy,0.211,2024-01-26,behavior
U01609,Animation,0.789,2025-06-18,behavior
U01610,Mystery,0.6538,2025-11-21,behavior
U01610,Western,0.3462,2026-02-23,hybrid
U01611,Western,0.4053,2025-01-07,hybrid
U01611,Science Fiction,0.2628,2025-06-21,hybrid
U01611,History,0.19,2025-05-31,hybrid
U01611,War,0.142,2025-09-15,onboarding
U01612,Adventure,0.318,2024-01-02,onboarding
U01612,Comedy,0.3905,2025-01-08,behavior
U01612,War,0.2915,2026-03-27,behavior
U01613,Mystery,0.6232,2024-07-20,hybrid
U01613,Adventure,0.3768,2024-06-25,hybrid
U01614,Western,0.2416,2025-06-23,onboarding
U01614,Mystery,0.2507,2023-11-23,hybrid
U01614,Drama,0.1958,2025-12-15,hybrid
U01614,Thriller,0.3119,2025-03-11,onboarding
U01615,Music,0.3874,2024-03-05,hybrid
U01615,Adventure,0.1402,2025-07-10,hybrid
U01615,Mystery,0.4724,2024-01-11,behavior
U01616,Fantasy,0.2872,2024-10-25,onboarding
U01616,Documentary,0.4009,2025-09-16,hybrid
U01616,Adventure,0.0333,2026-03-04,behavior
U01616,Crime,0.2785,2024-10-06,hybrid
U01617,Horror,0.2341,2025-08-03,onboarding
U01617,Romance,0.7659,2025-06-10,behavior
U01618,Horror,0.0396,2025-09-09,behavior
U01618,Action,0.6069,2026-04-01,hybrid
U01618,Science Fiction,0.3534,2026-03-08,behavior
U01619,Fantasy,0.2897,2025-05-11,behavior
U01619,Mystery,0.3918,2024-07-12,behavior
U01619,War,0.3185,2024-06-11,behavior
U01620,Horror,0.141,2026-03-18,hybrid
U01620,Music,0.3483,2025-03-12,onboarding
U01620,Family,0.047,2025-09-13,behavior
U01620,Science Fiction,0.4637,2026-04-04,behavior
U01621,Crime,0.4624,2023-08-14,hybrid
U01621,History,0.5376,2025-12-10,behavior
U01622,Animation,0.4452,2023-02-13,hybrid
U01622,Mystery,0.1717,2026-03-18,behavior
U01622,Action,0.3831,2023-08-14,hybrid
U01623,Western,0.0975,2025-09-04,hybrid
U01623,War,0.1969,2026-01-07,behavior
U01623,Mystery,0.7056,2026-01-01,behavior
U01624,Thriller,0.1686,2025-11-19,hybrid
U01624,Western,0.4887,2026-02-25,onboarding
U01624,Crime,0.3426,2025-06-19,onboarding
U01625,Crime,0.716,2024-11-18,onboarding
U01625,Romance,0.2119,2026-02-27,onboarding
U01625,Fantasy,0.0721,2024-06-12,onboarding
U01626,War,0.4259,2024-04-23,hybrid
U01626,Fantasy,0.5741,2023-09-16,behavior
U01627,Adventure,0.3511,2024-11-28,onboarding
U01627,Science Fiction,0.2025,2025-07-17,behavior
U01627,Music,0.0436,2026-04-01,hybrid
U01627,Romance,0.4027,2025-11-11,hybrid
U01628,Family,0.0328,2026-01-24,hybrid
U01628,War,0.1863,2026-01-17,hybrid
U01628,Horror,0.4557,2026-02-17,onboarding
U01628,Science Fiction,0.3252,2026-03-31,behavior
U01629,Music,0.415,2024-03-13,onboarding
U01629,History,0.1853,2024-03-31,hybrid
U01629,Science Fiction,0.3997,2026-03-02,onboarding
U01630,Science Fiction,0.2751,2023-05-25,behavior
U01630,History,0.1928,2024-05-14,hybrid
U01630,Thriller,0.0693,2024-11-29,onboarding
U01630,Horror,0.4628,2024-10-03,onboarding
U01631,Documentary,0.5198,2026-02-15,behavior
U01631,Thriller,0.0505,2026-02-02,behavior
U01631,Western,0.1116,2025-12-04,behavior
U01631,Action,0.3181,2026-01-26,behavior
U01632,Action,0.0334,2024-11-08,behavior
U01632,Adventure,0.292,2025-05-21,onboarding
U01632,Animation,0.3069,2025-03-18,onboarding
U01632,History,0.3678,2025-08-06,hybrid
U01633,Family,0.1791,2024-05-08,onboarding
U01633,Horror,0.4084,2024-09-12,hybrid
U01633,Crime,0.4125,2023-09-03,behavior
U01634,Mystery,0.5812,2025-06-02,behavior
U01634,Science Fiction,0.4188,2025-04-22,behavior
U01635,Music,0.5548,2026-01-05,hybrid
U01635,Fantasy,0.0389,2024-09-29,onboarding
U01635,War,0.4063,2024-10-29,behavior
U01636,Drama,0.0965,2025-01-04,hybrid
U01636,Science Fiction,0.4976,2025-03-08,onboarding
U01636,Comedy,0.3778,2025-02-17,hybrid
U01636,Action,0.0281,2025-06-21,onboarding
U01637,Fantasy,0.0833,2026-01-20,hybrid
U01637,Mystery,0.4635,2025-09-16,hybrid
U01637,Romance,0.0612,2025-05-14,onboarding
U01637,History,0.3921,2026-02-20,onboarding
U01638,Crime,0.0219,2026-03-25,behavior
U01638,Thriller,0.4934,2025-08-19,onboarding
U01638,Comedy,0.0161,2025-09-04,onboarding
U01638,Western,0.4687,2025-12-22,hybrid
U01639,Mystery,0.0562,2025-09-04,behavior
U01639,Fantasy,0.4574,2025-10-03,onboarding
U01639,Documentary,0.0567,2025-09-30,onboarding
U01639,Crime,0.4297,2026-02-27,onboarding
U01640,Comedy,0.2444,2023-12-29,onboarding
U01640,Crime,0.7556,2025-11-19,hybrid
U01641,War,0.3114,2025-06-17,hybrid
U01641,Western,0.6886,2024-01-16,behavior
U01642,Family,0.4877,2024-01-28,hybrid
U01642,Documentary,0.5123,2025-12-22,behavior
U01643,Adventure,0.271,2025-10-21,hybrid
U01643,Action,0.729,2024-07-17,onboarding
U01644,Mystery,0.8055,2025-08-07,hybrid
U01644,Animation,0.124,2025-05-31,behavior
U01644,History,0.0705,2024-01-27,hybrid
U01645,War,0.4787,2026-02-22,onboarding
U01645,Adventure,0.5213,2026-02-07,onboarding
U01646,Horror,0.2554,2024-10-05,onboarding
U01646,Comedy,0.2381,2025-12-28,behavior
U01646,Adventure,0.2279,2026-02-22,behavior
U01646,Action,0.2787,2025-12-16,hybrid
U01647,Mystery,0.6751,2024-04-24,hybrid
U01647,Science Fiction,0.0742,2024-09-28,onboarding
U01647,Animation,0.2507,2024-05-05,behavior
U01648,Animation,0.4246,2025-04-27,hybrid
U01648,Western,0.2855,2025-09-02,onboarding
U01648,Action,0.2899,2025-03-20,hybrid
U01649,Horror,0.1933,2024-12-09,behavior
U01649,Comedy,0.2301,2026-01-05,behavior
U01649,Mystery,0.3807,2024-12-29,onboarding
U01649,History,0.1959,2025-10-27,onboarding
U01650,Romance,0.2176,2025-05-03,behavior
U01650,Drama,0.3759,2025-07-26,behavior
U01650,History,0.4065,2023-07-27,behavior
U01651,Action,0.2153,2026-03-07,onboarding
U01651,War,0.5184,2026-01-01,onboarding
U01651,Family,0.2663,2026-02-08,hybrid
U01652,Thriller,0.0458,2026-03-07,hybrid
U01652,Animation,0.3898,2026-03-19,hybrid
U01652,Music,0.332,2026-03-31,onboarding
U01652,Action,0.2323,2026-02-19,onboarding
U01653,Family,0.5386,2024-10-02,behavior
U01653,Crime,0.4614,2025-12-22,onboarding
U01654,Documentary,0.3815,2026-02-20,hybrid
U01654,Mystery,0.0445,2026-01-26,behavior
U01654,Action,0.2444,2025-12-31,onboarding
U01654,Crime,0.3296,2025-08-16,behavior
U01655,War,0.1271,2025-10-30,hybrid
U01655,Horror,0.4073,2024-11-05,behavior
U01655,Comedy,0.4656,2026-04-01,onboarding
U01656,Documentary,0.2602,2025-12-22,hybrid
U01656,Animation,0.0161,2024-06-25,hybrid
U01656,Comedy,0.3314,2024-12-03,behavior
U01656,Fantasy,0.3923,2026-02-01,behavior
U01657,Documentary,0.1824,2025-02-23,behavior
U01657,Crime,0.8176,2026-03-05,hybrid
U01658,Crime,0.3089,2025-04-04,hybrid
U01658,Comedy,0.3328,2025-09-07,behavior
U01658,Music,0.3583,2026-02-18,hybrid
U01659,Crime,0.311,2025-05-02,onboarding
U01659,Western,0.689,2025-05-18,onboarding
U01660,Mystery,0.2004,2022-11-13,behavior
U01660,Family,0.412,2026-03-19,hybrid
U01660,Horror,0.3744,2023-10-23,hybrid
U01660,Drama,0.0132,2023-05-07,onboarding
U01661,Documentary,0.3678,2023-06-10,onboarding
U01661,Horror,0.0447,2026-02-05,onboarding
U01661,Fantasy,0.2146,2024-12-14,behavior
U01661,Action,0.3729,2023-10-18,onboarding
U01662,Animation,0.8374,2025-12-16,hybrid
U01662,Crime,0.1626,2026-01-08,behavior
U01663,Western,0.4269,2023-10-06,onboarding
U01663,Adventure,0.16,2025-09-01,onboarding
U01663,Animation,0.4131,2024-07-14,hybrid
U01664,Animation,0.4422,2023-02-10,behavior
U01664,Horror,0.0732,2024-09-10,hybrid
U01664,Documentary,0.0173,2025-08-20,behavior
U01664,Drama,0.4673,2025-09-27,behavior
U01665,Crime,0.0522,2024-07-26,hybrid
U01665,Drama,0.0076,2025-03-19,onboarding
U01665,Adventure,0.4468,2026-01-22,hybrid
U01665,Action,0.4934,2022-08-29,hybrid
U01666,Fantasy,0.6832,2022-08-11,onboarding
U01666,Animation,0.0456,2025-12-16,hybrid
U01666,History,0.2712,2024-04-11,hybrid
U01667,Drama,0.2042,2025-08-11,behavior
U01667,Romance,0.3087,2025-09-15,onboarding
U01667,Music,0.4383,2026-03-25,hybrid
U01667,Animation,0.0488,2025-08-16,behavior
U01668,Drama,0.2929,2024-11-21,onboarding
U01668,History,0.4283,2023-02-03,hybrid
U01668,Animation,0.2789,2024-01-11,behavior
U01669,Mystery,0.0797,2025-12-25,behavior
U01669,Family,0.3268,2024-04-27,behavior
U01669,Documentary,0.2344,2025-06-20,onboarding
U01669,Adventure,0.3591,2024-05-05,onboarding
U01670,Crime,0.4965,2025-06-02,behavior
U01670,Romance,0.0874,2026-03-13,behavior
U01670,Adventure,0.4161,2024-12-10,behavior
U01671,Family,0.271,2025-11-28,hybrid
U01671,Fantasy,0.0659,2026-01-21,onboarding
U01671,History,0.2513,2025-10-14,onboarding
U01671,Science Fiction,0.4118,2025-12-22,onboarding
U01672,Western,0.1552,2024-10-24,behavior
U01672,Adventure,0.8448,2025-05-24,onboarding
U01673,Science Fiction,0.4884,2024-12-02,behavior
U01673,Horror,0.1386,2024-09-10,behavior
U01673,Music,0.373,2026-02-19,onboarding
U01674,Adventure,0.0464,2024-04-05,behavior
U01674,Horror,0.304,2023-05-11,onboarding
U01674,War,0.3956,2024-02-21,onboarding
U01674,Western,0.254,2025-08-01,hybrid
U01675,Comedy,0.8999,2026-02-06,onboarding
U01675,Animation,0.1001,2024-10-20,onboarding
U01676,History,0.3519,2025-07-29,onboarding
U01676,Science Fiction,0.489,2023-04-29,hybrid
U01676,Mystery,0.1591,2025-11-26,behavior
U01677,Horror,0.4673,2025-04-26,onboarding
U01677,Fantasy,0.5327,2024-12-16,hybrid
U01678,Music,0.3853,2026-03-06,onboarding
U01678,Adventure,0.2721,2024-02-08,onboarding
U01678,Action,0.0105,2025-01-30,hybrid
U01678,Animation,0.332,2025-02-24,hybrid
U01679,Fantasy,0.1693,2026-02-12,hybrid
U01679,Science Fiction,0.1689,2024-07-31,onboarding
U01679,Horror,0.0603,2026-03-31,behavior
U01679,Action,0.6014,2025-02-14,onboarding
U01680,Western,0.582,2025-09-20,behavior
U01680,Adventure,0.3531,2026-01-09,onboarding
U01680,Music,0.0649,2022-12-31,hybrid
U01681,Drama,0.2421,2025-02-19,hybrid
U01681,History,0.2635,2024-05-21,onboarding
U01681,Action,0.3264,2024-12-30,hybrid
U01681,Comedy,0.1681,2025-05-11,onboarding
U01682,War,0.2429,2024-11-18,behavior
U01682,History,0.7571,2024-09-17,onboarding
U01683,Documentary,0.4555,2026-01-12,behavior
U01683,Music,0.2782,2025-11-25,behavior
U01683,War,0.1686,2026-03-29,onboarding
U01683,Mystery,0.0977,2026-04-08,onboarding
U01684,Animation,0.1362,2025-03-17,hybrid
U01684,Adventure,0.5074,2025-10-15,behavior
U01684,War,0.3564,2025-01-01,hybrid
U01685,Adventure,0.49,2024-12-21,hybrid
U01685,Animation,0.0523,2025-04-13,hybrid
U01685,Mystery,0.4428,2025-02-14,behavior
U01685,Music,0.0148,2025-04-17,behavior
U01686,Crime,0.1645,2026-04-03,onboarding
U01686,Drama,0.174,2026-03-22,behavior
U01686,War,0.5822,2026-03-30,behavior
U01686,History,0.0793,2026-04-03,onboarding
U01687,Science Fiction,0.4689,2024-10-01,behavior
U01687,Mystery,0.2711,2025-09-29,onboarding
U01687,Documentary,0.26,2025-07-29,hybrid
U01688,Drama,0.1241,2025-01-18,hybrid
U01688,Mystery,0.4682,2024-01-11,onboarding
U01688,Horror,0.4076,2023-06-19,hybrid
U01689,Adventure,0.5998,2024-02-02,hybrid
U01689,Documentary,0.4002,2023-09-17,onboarding
U01690,Adventure,0.1623,2024-03-15,onboarding
U01690,Romance,0.4524,2023-04-23,behavior
U01690,Western,0.0707,2023-12-28,hybrid
U01690,Documentary,0.3146,2023-11-18,behavior
U01691,Crime,0.2101,2025-12-01,onboarding
U01691,Comedy,0.7899,2024-04-04,hybrid
U01692,History,0.5604,2025-09-24,behavior
U01692,Horror,0.4396,2025-10-26,behavior
U01693,Documentary,0.4802,2025-07-30,onboarding
U01693,Romance,0.5198,2023-10-17,hybrid
U01694,Crime,0.4495,2024-02-21,onboarding
U01694,Science Fiction,0.0863,2025-06-18,onboarding
U01694,Music,0.4224,2023-05-17,onboarding
U01694,Documentary,0.0418,2022-05-23,behavior
U01695,Science Fiction,0.4603,2025-03-01,onboarding
U01695,Comedy,0.5397,2023-05-25,hybrid
U01696,Documentary,0.3659,2026-02-18,behavior
U01696,Comedy,0.3814,2025-12-16,behavior
U01696,Western,0.128,2024-12-29,onboarding
U01696,Adventure,0.1247,2025-05-27,hybrid
U01697,Romance,0.4229,2026-03-31,behavior
U01697,Comedy,0.5771,2025-11-01,hybrid
U01698,Horror,0.9698,2026-01-02,behavior
U01698,Science Fiction,0.0302,2025-06-30,onboarding
U01699,Adventure,0.3393,2024-03-04,behavior
U01699,Horror,0.1285,2025-11-02,hybrid
U01699,Family,0.3012,2025-11-24,onboarding
U01699,Thriller,0.2309,2023-02-25,hybrid
U01700,War,0.0374,2026-02-17,hybrid
U01700,Fantasy,0.9626,2025-05-13,behavior
U01701,Adventure,0.3988,2023-07-17,hybrid
U01701,Documentary,0.6012,2024-06-20,behavior
U01702,Animation,0.5824,2025-04-24,hybrid
U01702,Fantasy,0.1214,2024-08-06,hybrid
U01702,War,0.2962,2024-02-20,hybrid
U01703,Drama,0.2559,2025-06-03,hybrid
U01703,Action,0.3651,2026-02-14,behavior
U01703,Crime,0.1033,2025-05-05,behavior
U01703,Music,0.2757,2025-10-28,hybrid
U01704,Crime,0.4305,2023-11-03,hybrid
U01704,Science Fiction,0.5695,2025-12-11,onboarding
U01705,War,0.2821,2025-01-21,behavior
U01705,Animation,0.7179,2024-10-10,behavior
U01706,Music,0.525,2026-04-07,onboarding
U01706,Family,0.475,2026-02-09,onboarding
U01707,Animation,0.0986,2024-10-29,hybrid
U01707,Action,0.9014,2023-10-29,behavior
U01708,Documentary,0.7251,2025-10-18,hybrid
U01708,War,0.2749,2025-12-26,behavior
U01709,Mystery,0.461,2024-11-02,onboarding
U01709,Western,0.539,2026-02-07,hybrid
U01710,War,0.2282,2025-02-18,onboarding
U01710,Adventure,0.7718,2025-01-16,behavior
U01711,Mystery,0.9838,2025-06-01,behavior
U01711,Crime,0.0162,2026-02-27,behavior
U01712,History,0.0616,2024-07-19,hybrid
U01712,Adventure,0.4359,2025-10-02,behavior
U01712,Science Fiction,0.5025,2024-11-20,onboarding
U01713,Music,0.1441,2025-10-05,behavior
U01713,Action,0.137,2025-10-03,hybrid
U01713,History,0.7189,2026-03-12,onboarding
U01714,Animation,0.1952,2024-09-18,hybrid
U01714,History,0.8048,2026-01-17,onboarding
U01715,Horror,0.1884,2026-01-25,hybrid
U01715,Fantasy,0.1302,2025-12-26,hybrid
U01715,Crime,0.3518,2026-04-01,behavior
U01715,Adventure,0.3295,2026-01-12,hybrid
U01716,Family,0.1753,2025-04-20,behavior
U01716,History,0.8247,2024-08-25,behavior
U01717,Family,0.4976,2025-08-17,hybrid
U01717,Crime,0.4625,2025-08-08,behavior
U01717,History,0.0399,2025-11-19,hybrid
U01718,Fantasy,0.8369,2024-12-05,onboarding
U01718,Drama,0.1631,2024-03-07,behavior
U01719,Action,0.3716,2025-08-25,behavior
U01719,Music,0.0482,2025-06-18,onboarding
U01719,Fantasy,0.5801,2025-02-02,behavior
U01720,Fantasy,0.5851,2025-07-27,hybrid
U01720,Horror,0.2547,2026-04-04,onboarding
U01720,Drama,0.1603,2025-08-06,hybrid
U01721,War,0.3238,2025-02-06,hybrid
U01721,Mystery,0.2438,2025-01-18,onboarding
U01721,Animation,0.4324,2025-02-09,behavior
U01722,Western,0.4594,2024-12-19,hybrid
U01722,Action,0.5406,2025-04-21,onboarding
U01723,Crime,0.3546,2024-09-10,onboarding
U01723,Horror,0.3554,2023-08-21,hybrid
U01723,Music,0.29,2023-07-10,hybrid
U01724,Fantasy,0.2695,2022-07-11,hybrid
U01724,Crime,0.5776,2025-08-02,behavior
U01724,Family,0.153,2023-04-01,hybrid
U01725,Fantasy,0.1837,2025-08-01,onboarding
U01725,Drama,0.4161,2024-06-14,hybrid
U01725,Family,0.1634,2025-06-17,hybrid
U01725,Mystery,0.2368,2023-07-08,hybrid
U01726,Adventure,0.3051,2024-09-10,hybrid
U01726,Science Fiction,0.0754,2024-10-29,behavior
U01726,Romance,0.376,2025-05-15,behavior
U01726,Comedy,0.2434,2026-03-20,behavior
U01727,Music,0.3251,2025-07-16,onboarding
U01727,Documentary,0.2156,2025-06-13,onboarding
U01727,Crime,0.1228,2026-02-16,behavior
U01727,Science Fiction,0.3365,2025-07-03,hybrid
U01728,Documentary,0.3492,2025-01-23,onboarding
U01728,Drama,0.3616,2025-05-22,hybrid
U01728,Music,0.2892,2025-03-25,onboarding
U01729,Thriller,0.0914,2026-03-22,behavior
U01729,Adventure,0.6776,2026-03-24,onboarding
U01729,Comedy,0.1794,2026-03-21,hybrid
U01729,Family,0.0516,2026-02-19,onboarding
U01730,Science Fiction,0.1157,2023-07-03,hybrid
U01730,Western,0.8843,2023-12-21,onboarding
U01731,Action,0.3686,2024-01-22,behavior
U01731,Comedy,0.0257,2024-01-18,hybrid
U01731,Fantasy,0.6057,2025-04-18,onboarding
U01732,Action,0.2977,2025-04-20,behavior
U01732,Music,0.7023,2026-02-05,behavior
U01733,History,0.5611,2025-12-06,behavior
U01733,Documentary,0.4389,2023-06-20,hybrid
U01734,Comedy,0.4942,2024-10-22,onboarding
U01734,Drama,0.5058,2024-12-02,behavior
U01735,Music,0.3811,2024-10-11,hybrid
U01735,Western,0.1854,2024-08-11,behavior
U01735,Crime,0.0942,2025-09-13,behavior
U01735,Fantasy,0.3393,2024-11-21,behavior
U01736,Crime,0.1507,2023-11-26,onboarding
U01736,Music,0.1496,2024-09-24,behavior
U01736,War,0.6997,2025-03-31,hybrid
U01737,Documentary,0.243,2024-09-28,hybrid
U01737,Action,0.2806,2024-09-22,behavior
U01737,History,0.2184,2024-03-11,hybrid
U01737,Western,0.258,2023-12-27,behavior
U01738,War,0.7839,2026-01-18,hybrid
U01738,Music,0.2161,2025-04-27,behavior
U01739,Documentary,0.3771,2023-05-24,onboarding
U01739,Mystery,0.2244,2023-02-17,hybrid
U01739,Thriller,0.3699,2023-06-04,behavior
U01739,War,0.0286,2025-11-26,onboarding
U01740,Crime,0.7354,2026-03-01,onboarding
U01740,Mystery,0.2646,2025-06-26,hybrid
U01741,Documentary,0.2301,2026-03-01,hybrid
U01741,Animation,0.2546,2026-03-20,onboarding
U01741,Thriller,0.2538,2026-03-21,hybrid
U01741,Horror,0.2615,2026-04-03,behavior
U01742,Fantasy,0.0912,2024-02-16,onboarding
U01742,Crime,0.4628,2026-04-07,behavior
U01742,War,0.446,2025-06-23,hybrid
U01743,Comedy,0.4243,2025-03-11,hybrid
U01743,History,0.005,2023-09-12,onboarding
U01743,Fantasy,0.1134,2025-03-20,hybrid
U01743,Animation,0.4573,2024-10-14,behavior
U01744,Mystery,0.4469,2026-01-27,hybrid
U01744,Documentary,0.5531,2025-05-25,hybrid
U01745,Comedy,0.9674,2024-01-09,onboarding
U01745,Adventure,0.0326,2024-06-10,behavior
U01746,Horror,0.5221,2023-09-01,hybrid
U01746,Family,0.3332,2025-07-17,hybrid
U01746,History,0.1446,2025-09-05,onboarding
U01747,Adventure,0.1541,2025-05-30,behavior
U01747,War,0.5016,2023-06-20,hybrid
U01747,History,0.3443,2026-02-25,behavior
U01748,Fantasy,0.3452,2024-02-16,behavior
U01748,Thriller,0.0268,2024-10-06,onboarding
U01748,Adventure,0.1784,2024-01-14,onboarding
U01748,Documentary,0.4496,2024-08-01,onboarding
U01749,Fantasy,0.2426,2026-03-02,behavior
U01749,Animation,0.3578,2025-05-14,behavior
U01749,War,0.3139,2025-04-29,hybrid
U01749,History,0.0857,2024-11-29,hybrid
U01750,Horror,0.8166,2026-01-01,hybrid
U01750,Science Fiction,0.1834,2025-12-11,onboarding
U01751,Documentary,0.2567,2025-09-20,behavior
U01751,Romance,0.7159,2024-02-20,hybrid
U01751,Western,0.0274,2024-09-04,behavior
U01752,Animation,0.6084,2025-05-12,behavior
U01752,Drama,0.0226,2025-12-09,behavior
U01752,Family,0.369,2024-03-24,behavior
U01753,Thriller,0.2885,2025-10-30,onboarding
U01753,Drama,0.2323,2025-10-15,onboarding
U01753,Animation,0.2235,2026-04-09,behavior
U01753,Western,0.2556,2025-10-23,behavior
U01754,Action,0.3867,2026-01-01,behavior
U01754,Science Fiction,0.4417,2026-02-05,behavior
U01754,Horror,0.1717,2026-03-02,behavior
U01755,History,0.3348,2026-02-06,behavior
U01755,Drama,0.0723,2026-02-12,onboarding
U01755,Comedy,0.1798,2026-02-01,behavior
U01755,Western,0.4131,2026-01-08,behavior
U01756,Horror,0.1334,2026-03-05,hybrid
U01756,Documentary,0.1512,2026-03-31,hybrid
U01756,Family,0.4523,2026-03-02,behavior
U01756,Adventure,0.2631,2026-03-10,onboarding
U01757,Mystery,0.6644,2024-05-09,behavior
U01757,Fantasy,0.175,2024-04-07,hybrid
U01757,History,0.1606,2025-10-12,onboarding
U01758,Science Fiction,0.3582,2025-06-19,onboarding
U01758,Mystery,0.3779,2025-02-11,behavior
U01758,History,0.2117,2025-08-20,hybrid
U01758,Crime,0.0522,2024-09-30,onboarding
U01759,Romance,0.3799,2024-03-09,behavior
U01759,Drama,0.6201,2025-11-23,hybrid
U01760,Romance,0.396,2024-07-09,behavior
U01760,Family,0.604,2024-09-15,hybrid
U01761,Romance,0.3064,2024-10-19,behavior
U01761,Documentary,0.2411,2025-10-01,behavior
U01761,Science Fiction,0.4525,2026-03-03,hybrid
U01762,Family,0.4125,2026-03-27,hybrid
U01762,Horror,0.4906,2026-03-09,hybrid
U01762,Drama,0.097,2026-03-14,hybrid
U01763,Documentary,0.2619,2026-02-21,behavior
U01763,War,0.7381,2025-03-23,behavior
U01764,History,0.3856,2024-11-10,hybrid
U01764,War,0.22,2026-02-17,onboarding
U01764,Horror,0.3944,2025-04-04,hybrid
U01765,Family,0.2995,2025-09-15,behavior
U01765,History,0.5548,2025-12-12,behavior
U01765,Fantasy,0.1457,2024-01-05,behavior
U01766,Family,0.2573,2026-02-28,behavior
U01766,Fantasy,0.7427,2025-10-05,behavior
U01767,War,0.7702,2026-01-13,behavior
U01767,Documentary,0.2298,2023-12-16,hybrid
U01768,Thriller,0.1782,2023-12-16,onboarding
U01768,Drama,0.1272,2023-10-17,behavior
U01768,Fantasy,0.2766,2025-06-05,hybrid
U01768,Adventure,0.4181,2023-11-06,behavior
U01769,Comedy,0.4602,2026-04-04,onboarding
U01769,Thriller,0.5398,2026-03-05,hybrid
U01770,Romance,0.1485,2025-11-01,hybrid
U01770,Music,0.2283,2026-04-01,onboarding
U01770,Horror,0.2801,2025-12-11,onboarding
U01770,Family,0.3432,2025-10-22,behavior
U01771,Romance,0.1425,2025-03-04,hybrid
U01771,History,0.7289,2025-11-21,behavior
U01771,Mystery,0.052,2024-11-03,onboarding
U01771,Science Fiction,0.0765,2025-06-12,hybrid
U01772,Music,0.3017,2025-04-15,onboarding
U01772,Comedy,0.6983,2026-02-23,hybrid
U01773,Mystery,0.0187,2026-03-22,behavior
U01773,Drama,0.3619,2026-02-15,hybrid
U01773,Horror,0.2379,2025-05-17,behavior
U01773,History,0.3816,2024-06-16,behavior
U01774,Animation,0.783,2025-12-01,onboarding
U01774,Fantasy,0.217,2026-01-21,onboarding
U01775,Animation,0.4228,2024-11-28,behavior
U01775,Family,0.5772,2025-11-23,behavior
U01776,Crime,0.0939,2025-08-28,onboarding
U01776,Adventure,0.3564,2023-09-09,hybrid
U01776,Family,0.2744,2023-11-29,onboarding
U01776,Comedy,0.2752,2023-08-21,behavior
U01777,Family,0.2754,2024-11-04,hybrid
U01777,Science Fiction,0.5215,2025-01-04,onboarding
U01777,Romance,0.2032,2025-12-25,hybrid
U01778,Mystery,0.0318,2026-02-28,hybrid
U01778,Adventure,0.7193,2025-10-30,hybrid
U01778,Crime,0.2489,2026-01-11,behavior
U01779,Adventure,0.0201,2024-08-02,hybrid
U01779,History,0.9799,2025-11-30,behavior
U01780,Documentary,0.444,2025-09-13,hybrid
U01780,Fantasy,0.556,2023-02-22,hybrid
U01781,Crime,0.3074,2023-10-23,onboarding
U01781,War,0.6926,2025-06-10,hybrid
U01782,Comedy,0.3372,2025-07-23,onboarding
U01782,Drama,0.0256,2025-03-31,hybrid
U01782,War,0.2168,2024-11-11,hybrid
U01782,Science Fiction,0.4204,2024-09-13,hybrid
U01783,Animation,0.5488,2025-01-08,onboarding
U01783,Comedy,0.4311,2026-03-27,hybrid
U01783,Romance,0.0201,2026-02-13,onboarding
U01784,Music,0.7479,2025-10-24,behavior
U01784,Horror,0.2156,2026-02-23,hybrid
U01784,Family,0.0293,2025-12-03,hybrid
U01784,Science Fiction,0.0072,2025-09-21,behavior
U01785,Western,0.5714,2023-09-01,onboarding
U01785,Fantasy,0.4286,2025-02-28,onboarding
U01786,Western,0.4738,2022-09-08,behavior
U01786,History,0.5262,2026-01-24,onboarding
U01787,Crime,0.2796,2025-03-04,hybrid
U01787,History,0.3954,2025-11-04,onboarding
U01787,Adventure,0.094,2023-05-15,onboarding
U01787,Science Fiction,0.231,2024-08-28,hybrid
U01788,Comedy,0.1574,2024-11-22,behavior
U01788,Thriller,0.3921,2025-11-08,behavior
U01788,War,0.1901,2026-02-07,onboarding
U01788,Documentary,0.2605,2025-01-21,behavior
U01789,Music,0.3564,2025-06-29,onboarding
U01789,Family,0.4609,2024-02-15,onboarding
U01789,Science Fiction,0.1826,2022-08-05,hybrid
U01790,Horror,0.4468,2025-12-19,onboarding
U01790,Adventure,0.5532,2026-01-22,behavior
U01791,Thriller,0.6138,2025-11-14,behavior
U01791,Family,0.3862,2023-07-02,onboarding
U01792,Comedy,0.1169,2025-01-03,onboarding
U01792,War,0.8831,2025-10-08,behavior
U01793,Animation,0.0914,2024-12-31,onboarding
U01793,Science Fiction,0.5482,2024-04-16,behavior
U01793,Adventure,0.0299,2025-03-10,onboarding
U01793,Romance,0.3304,2024-02-24,hybrid
U01794,Fantasy,0.1386,2026-01-01,hybrid
U01794,Music,0.241,2025-08-09,onboarding
U01794,Documentary,0.4397,2025-11-29,behavior
U01794,History,0.1807,2025-09-02,onboarding
U01795,Fantasy,0.3018,2026-04-04,hybrid
U01795,Family,0.2722,2024-12-30,behavior
U01795,War,0.205,2025-02-02,behavior
U01795,Western,0.221,2025-02-26,hybrid
U01796,Documentary,0.6431,2024-12-20,behavior
U01796,Mystery,0.1639,2025-08-23,hybrid
U01796,Horror,0.1931,2025-05-02,behavior
U01797,Drama,0.5039,2026-03-18,onboarding
U01797,Western,0.1723,2026-03-23,behavior
U01797,History,0.3033,2026-04-03,behavior
U01797,Crime,0.0204,2026-03-29,behavior
U01798,Action,0.6732,2026-03-21,hybrid
U01798,Fantasy,0.204,2025-08-15,behavior
U01798,Science Fiction,0.1229,2026-01-25,onboarding
U01799,Animation,0.3858,2026-04-04,onboarding
U01799,Horror,0.4343,2026-02-14,onboarding
U01799,Drama,0.1799,2026-03-05,onboarding
U01800,Horror,0.316,2024-12-02,behavior
U01800,Romance,0.1921,2024-05-25,hybrid
U01800,Family,0.202,2024-07-10,hybrid
U01800,Crime,0.2899,2026-02-12,behavior
U01801,Crime,0.1842,2023-05-13,hybrid
U01801,Action,0.3203,2023-12-08,behavior
U01801,Romance,0.4956,2024-06-15,behavior
U01802,Music,0.934,2023-07-08,hybrid
U01802,Documentary,0.066,2024-05-14,hybrid
U01803,Crime,0.275,2024-01-17,hybrid
U01803,Horror,0.725,2025-01-31,behavior
U01804,Documentary,0.3095,2026-02-14,behavior
U01804,History,0.6843,2026-03-09,hybrid
U01804,Western,0.0061,2025-12-24,onboarding
U01805,Action,0.1411,2026-04-07,onboarding
U01805,Horror,0.3456,2025-12-25,hybrid
U01805,Comedy,0.3028,2026-02-23,hybrid
U01805,Thriller,0.2106,2025-11-25,hybrid
U01806,Family,0.0073,2025-08-22,onboarding
U01806,Documentary,0.6431,2025-09-25,hybrid
U01806,Animation,0.2242,2025-11-01,behavior
U01806,Romance,0.1254,2026-03-28,onboarding
U01807,Comedy,0.2206,2025-06-08,hybrid
U01807,Music,0.2405,2025-07-27,hybrid
U01807,Crime,0.25,2025-02-25,onboarding
U01807,Romance,0.2889,2025-07-21,behavior
U01808,Comedy,0.2586,2023-06-24,hybrid
U01808,War,0.0222,2022-11-10,hybrid
U01808,Horror,0.6034,2024-02-06,behavior
U01808,Crime,0.1157,2024-06-24,hybrid
U01809,War,0.0133,2025-12-31,behavior
U01809,Thriller,0.3272,2026-01-17,hybrid
U01809,Science Fiction,0.1989,2024-03-30,behavior
U01809,Horror,0.4606,2025-09-14,onboarding
U01810,History,0.2392,2025-09-28,onboarding
U01810,Comedy,0.3614,2026-04-02,onboarding
U01810,Romance,0.3994,2025-02-14,onboarding
U01811,Documentary,0.6722,2026-03-10,hybrid
U01811,Animation,0.3278,2024-11-27,behavior
U01812,Fantasy,0.2184,2024-11-05,onboarding
U01812,Drama,0.2874,2023-09-04,behavior
U01812,Comedy,0.0738,2025-06-08,behavior
U01812,Crime,0.4204,2024-02-01,onboarding
U01813,Romance,0.5851,2026-01-14,onboarding
U01813,Fantasy,0.4149,2025-01-23,behavior
U01814,Family,0.5981,2025-08-21,onboarding
U01814,Romance,0.4019,2024-08-31,hybrid
U01815,Documentary,0.2587,2026-01-04,hybrid
U01815,Horror,0.7413,2024-11-13,hybrid
U01816,Fantasy,0.3332,2026-04-10,behavior
U01816,Family,0.6668,2024-12-12,behavior
U01817,Adventure,0.9219,2026-02-19,behavior
U01817,Western,0.0781,2026-03-15,hybrid
U01818,Family,0.4598,2025-06-03,behavior
U01818,Documentary,0.5402,2025-09-14,onboarding
U01819,Animation,0.1394,2025-05-30,behavior
U01819,War,0.5549,2025-02-18,onboarding
U01819,Horror,0.1527,2024-11-12,behavior
U01819,Thriller,0.153,2025-08-28,onboarding
U01820,History,0.1572,2025-06-01,behavior
U01820,Comedy,0.2885,2026-02-11,hybrid
U01820,Action,0.3468,2025-11-26,behavior
U01820,Adventure,0.2075,2025-01-13,onboarding
U01821,Comedy,0.077,2026-02-08,behavior
U01821,War,0.923,2026-03-06,onboarding
U01822,Action,0.3204,2025-12-07,hybrid
U01822,Mystery,0.3579,2024-09-10,onboarding
U01822,Thriller,0.1444,2026-01-13,behavior
U01822,Family,0.1773,2026-02-27,behavior
U01823,Western,0.3908,2025-03-03,hybrid
U01823,War,0.6092,2026-03-20,onboarding
U01824,Comedy,0.2042,2025-12-11,hybrid
U01824,Science Fiction,0.3396,2025-07-05,hybrid
U01824,Western,0.4562,2025-10-30,behavior
U01825,Action,0.1592,2025-12-27,onboarding
U01825,Crime,0.5823,2025-06-13,hybrid
U01825,Mystery,0.0162,2024-11-11,behavior
U01825,Drama,0.2422,2025-08-23,behavior
U01826,Science Fiction,0.6077,2026-02-01,hybrid
U01826,Drama,0.1769,2024-05-23,behavior
U01826,History,0.2154,2026-04-01,hybrid
U01827,Action,0.3611,2026-01-16,behavior
U01827,Science Fiction,0.1617,2026-03-21,onboarding
U01827,History,0.4101,2026-01-02,hybrid
U01827,War,0.0672,2026-02-12,behavior
U01828,History,0.7255,2025-12-31,onboarding
U01828,Animation,0.1608,2026-01-04,behavior
U01828,Science Fiction,0.1136,2024-08-04,onboarding
U01829,Music,0.2361,2025-07-02,hybrid
U01829,History,0.1558,2024-04-13,hybrid
U01829,Mystery,0.2692,2026-03-28,behavior
U01829,Crime,0.3389,2025-05-01,hybrid
U01830,History,0.5295,2025-02-03,hybrid
U01830,Science Fiction,0.4705,2026-01-15,onboarding
U01831,Action,0.139,2025-12-29,onboarding
U01831,Fantasy,0.1539,2025-09-04,onboarding
U01831,History,0.3703,2025-11-08,behavior
U01831,Documentary,0.3367,2026-02-20,hybrid
U01832,Comedy,0.121,2025-04-02,hybrid
U01832,Adventure,0.879,2024-08-30,onboarding
U01833,Adventure,0.0705,2025-10-10,hybrid
U01833,Action,0.0954,2025-12-27,behavior
U01833,Documentary,0.385,2024-04-06,hybrid
U01833,Crime,0.4491,2025-10-04,behavior
U01834,Drama,0.1086,2025-11-03,hybrid
U01834,Adventure,0.5942,2026-03-29,hybrid
U01834,Horror,0.2428,2025-12-11,onboarding
U01834,Family,0.0543,2026-01-13,behavior
U01835,Romance,0.2287,2025-10-13,behavior
U01835,Family,0.3227,2025-10-23,hybrid
U01835,Action,0.4486,2026-01-03,hybrid
U01836,Music,0.2119,2023-09-19,hybrid
U01836,Mystery,0.2782,2026-03-17,behavior
U01836,War,0.3107,2025-02-04,behavior
U01836,Adventure,0.1993,2025-03-13,hybrid
U01837,Drama,0.4056,2025-06-27,onboarding
U01837,Science Fiction,0.4166,2025-09-24,hybrid
U01837,History,0.1777,2025-06-11,hybrid
U01838,War,0.6283,2026-01-22,hybrid
U01838,Thriller,0.3717,2026-03-05,behavior
U01839,Comedy,0.024,2024-10-31,hybrid
U01839,Adventure,0.6997,2026-02-25,behavior
U01839,Family,0.2763,2024-10-05,hybrid
U01840,Horror,0.3677,2025-03-30,hybrid
U01840,Romance,0.0746,2025-12-04,behavior
U01840,Mystery,0.0085,2025-03-28,hybrid
U01840,War,0.5492,2024-03-15,onboarding
U01841,Music,0.348,2025-07-12,onboarding
U01841,Romance,0.4451,2024-04-01,behavior
U01841,Thriller,0.2069,2025-05-24,behavior
U01842,Action,0.1162,2025-10-25,behavior
U01842,Horror,0.3237,2024-05-26,onboarding
U01842,Family,0.1118,2023-06-15,hybrid
U01842,Comedy,0.4483,2023-12-20,hybrid
U01843,History,0.3035,2024-02-20,behavior
U01843,Horror,0.3531,2024-11-11,onboarding
U01843,Music,0.0339,2025-02-24,behavior
U01843,Western,0.3094,2024-07-23,behavior
U01844,Horror,0.504,2026-03-28,behavior
U01844,Action,0.496,2025-08-28,behavior
U01845,Adventure,0.2758,2025-12-21,onboarding
U01845,Action,0.3471,2023-06-29,onboarding
U01845,Family,0.1125,2024-01-15,onboarding
U01845,Drama,0.2646,2023-08-04,behavior
U01846,Thriller,0.4293,2025-11-18,behavior
U01846,Documentary,0.2924,2025-12-20,hybrid
U01846,Romance,0.2783,2025-12-17,onboarding
U01847,Documentary,0.419,2025-06-21,onboarding
U01847,Western,0.5732,2025-08-14,onboarding
U01847,History,0.0078,2025-08-22,hybrid
U01848,Thriller,0.3459,2025-06-17,behavior
U01848,Music,0.2658,2025-08-06,behavior
U01848,Animation,0.3883,2025-04-12,hybrid
U01849,Fantasy,0.0477,2026-03-04,behavior
U01849,Science Fiction,0.9523,2026-02-03,behavior
U01850,History,0.7691,2025-09-23,behavior
U01850,Science Fiction,0.2309,2025-04-05,hybrid
U01851,Fantasy,0.1328,2026-01-02,hybrid
U01851,History,0.8672,2025-04-10,onboarding
U01852,Drama,0.3565,2025-02-07,onboarding
U01852,Romance,0.2588,2025-05-13,hybrid
U01852,Animation,0.1148,2026-01-18,onboarding
U01852,War,0.2699,2024-01-06,behavior
U01853,War,0.1959,2025-03-16,hybrid
U01853,Documentary,0.4095,2025-03-17,onboarding
U01853,Animation,0.3946,2025-12-11,hybrid
U01854,Documentary,0.4741,2025-11-24,onboarding
U01854,Horror,0.3449,2026-01-01,onboarding
U01854,Animation,0.181,2025-10-10,behavior
U01855,Family,0.2893,2024-03-24,hybrid
U01855,Thriller,0.3723,2024-10-26,hybrid
U01855,Adventure,0.1382,2025-05-24,behavior
U01855,War,0.2002,2026-01-02,behavior
U01856,Animation,0.7075,2025-09-15,onboarding
U01856,Thriller,0.1698,2024-06-08,behavior
U01856,Science Fiction,0.1227,2025-12-27,hybrid
U01857,Crime,0.3284,2023-11-09,behavior
U01857,Fantasy,0.2999,2025-08-09,hybrid
U01857,Mystery,0.3717,2025-11-03,behavior
U01858,Western,0.4184,2023-10-14,hybrid
U01858,Horror,0.5816,2025-03-16,onboarding
U01859,Animation,0.4193,2025-08-02,hybrid
U01859,Romance,0.5807,2025-12-10,onboarding
U01860,Science Fiction,0.1001,2026-02-22,behavior
U01860,Music,0.2765,2025-07-31,onboarding
U01860,Western,0.6235,2025-08-05,onboarding
U01861,Comedy,0.3238,2025-08-31,hybrid
U01861,Adventure,0.1645,2025-12-26,onboarding
U01861,Documentary,0.3348,2024-09-05,hybrid
U01861,Animation,0.1768,2024-07-23,hybrid
U01862,Animation,0.2675,2025-10-09,hybrid
U01862,Crime,0.2727,2026-01-20,behavior
U01862,History,0.2789,2025-12-10,hybrid
U01862,Fantasy,0.1809,2025-12-16,hybrid
U01863,History,0.0521,2026-02-10,onboarding
U01863,Fantasy,0.3191,2026-02-09,onboarding
U01863,Horror,0.3141,2025-09-09,behavior
U01863,Mystery,0.3148,2025-10-24,behavior
U01864,War,0.2026,2025-11-11,behavior
U01864,Comedy,0.514,2026-01-12,behavior
U01864,Animation,0.2834,2026-03-10,behavior
U01865,Western,0.0658,2024-06-09,hybrid
U01865,Comedy,0.7221,2025-02-20,hybrid
U01865,Animation,0.2121,2025-11-24,behavior
U01866,Action,0.3763,2025-10-02,behavior
U01866,Documentary,0.6237,2025-09-09,behavior
U01867,Romance,0.1109,2024-09-13,behavior
U01867,Western,0.4093,2025-02-06,hybrid
U01867,Drama,0.3865,2024-03-20,onboarding
U01867,Comedy,0.0933,2024-11-14,onboarding
U01868,Horror,0.3637,2025-11-22,onboarding
U01868,Drama,0.4066,2025-04-28,hybrid
U01868,Crime,0.1542,2025-10-26,behavior
U01868,Western,0.0755,2024-07-27,behavior
U01869,Action,0.1254,2025-11-27,onboarding
U01869,Family,0.8746,2025-11-30,hybrid
U01870,Family,0.392,2025-06-02,onboarding
U01870,Romance,0.608,2025-05-05,hybrid
U01871,Comedy,0.2154,2023-01-03,onboarding
U01871,Adventure,0.2749,2022-12-31,behavior
U01871,History,0.2687,2023-05-31,onboarding
U01871,Documentary,0.2411,2023-05-12,behavior
U01872,War,0.4054,2024-04-21,onboarding
U01872,Thriller,0.0213,2025-05-11,onboarding
U01872,Drama,0.5733,2025-06-08,onboarding
U01873,Mystery,0.3971,2026-02-08,behavior
U01873,Family,0.1798,2025-09-15,onboarding
U01873,Drama,0.0448,2025-07-18,behavior
U01873,Documentary,0.3784,2026-02-27,onboarding
U01874,Music,0.5788,2025-09-18,onboarding
U01874,History,0.4212,2024-11-01,hybrid
U01875,Thriller,0.3202,2025-12-27,behavior
U01875,Documentary,0.0471,2023-08-23,onboarding
U01875,Music,0.0127,2026-04-01,hybrid
U01875,War,0.62,2023-08-20,hybrid
U01876,Crime,0.1839,2023-10-11,onboarding
U01876,War,0.3158,2025-11-25,onboarding
U01876,Family,0.2239,2025-07-01,hybrid
U01876,Thriller,0.2764,2025-09-11,onboarding
U01877,Horror,0.375,2024-12-29,onboarding
U01877,Family,0.625,2025-02-09,hybrid
U01878,Romance,0.3418,2026-04-03,hybrid
U01878,Animation,0.2833,2026-03-28,hybrid
U01878,Adventure,0.0421,2026-03-28,onboarding
U01878,Science Fiction,0.3329,2026-04-10,onboarding
U01879,Adventure,0.3843,2025-02-03,hybrid
U01879,Music,0.5189,2025-10-23,onboarding
U01879,Comedy,0.0967,2025-05-28,hybrid
U01880,Fantasy,0.8825,2023-12-29,hybrid
U01880,Crime,0.1175,2025-08-18,onboarding
U01881,Science Fiction,0.8083,2026-01-26,onboarding
U01881,Comedy,0.1245,2026-04-04,onboarding
U01881,Family,0.0672,2026-03-02,hybrid
U01882,Mystery,0.4879,2024-10-06,onboarding
U01882,Fantasy,0.2509,2026-01-26,onboarding
U01882,Action,0.2612,2024-10-04,hybrid
U01883,Comedy,0.7334,2025-09-09,hybrid
U01883,Family,0.0196,2024-09-23,onboarding
U01883,Horror,0.247,2024-01-31,hybrid
U01884,Romance,0.398,2023-09-13,onboarding
U01884,Comedy,0.1222,2025-03-22,hybrid
U01884,War,0.4443,2023-04-24,behavior
U01884,Mystery,0.0355,2024-12-15,hybrid
U01885,War,0.2815,2025-12-18,behavior
U01885,Animation,0.3605,2025-09-11,hybrid
U01885,Thriller,0.0125,2025-10-12,behavior
U01885,Comedy,0.3455,2026-02-05,hybrid
U01886,History,0.4123,2025-03-29,behavior
U01886,Thriller,0.0721,2025-05-04,hybrid
U01886,Science Fiction,0.5156,2024-08-08,hybrid
U01887,Music,0.5786,2025-12-17,behavior
U01887,Drama,0.4214,2025-11-26,hybrid
U01888,Adventure,0.2871,2025-12-18,onboarding
U01888,Fantasy,0.7129,2024-05-02,hybrid
U01889,Crime,0.0125,2024-12-05,hybrid
U01889,Action,0.5205,2025-09-05,behavior
U01889,Fantasy,0.467,2025-08-17,onboarding
U01890,Fantasy,0.8745,2025-02-28,behavior
U01890,Music,0.1255,2025-05-02,hybrid
U01891,Crime,0.6555,2025-07-19,hybrid
U01891,Western,0.3445,2024-09-23,onboarding
U01892,Romance,0.4447,2024-02-14,hybrid
U01892,Drama,0.0084,2026-02-02,hybrid
U01892,Documentary,0.4317,2024-01-01,onboarding
U01892,Animation,0.1152,2025-10-18,onboarding
U01893,Drama,0.0588,2024-07-19,onboarding
U01893,Documentary,0.1151,2025-08-25,hybrid
U01893,Romance,0.4356,2024-09-23,onboarding
U01893,Adventure,0.3905,2025-04-19,onboarding
U01894,Mystery,0.4536,2025-12-23,onboarding
U01894,Drama,0.5464,2025-01-05,onboarding
U01895,Adventure,0.5849,2023-04-13,behavior
U01895,Western,0.4151,2025-04-14,onboarding
U01896,Romance,0.4126,2025-10-25,behavior
U01896,Action,0.5874,2025-11-23,onboarding
U01897,Family,0.4384,2025-01-07,behavior
U01897,Crime,0.2453,2025-03-28,onboarding
U01897,Horror,0.3163,2023-06-05,onboarding
U01898,Science Fiction,0.6772,2024-11-20,onboarding
U01898,Documentary,0.0507,2026-02-27,behavior
U01898,War,0.2635,2023-11-29,behavior
U01898,Adventure,0.0086,2024-08-10,hybrid
U01899,Mystery,0.4887,2025-03-28,behavior
U01899,Thriller,0.5113,2025-06-09,behavior
U01900,Thriller,0.6611,2025-03-05,hybrid
U01900,Comedy,0.3389,2025-07-05,onboarding
U01901,Adventure,0.2259,2025-07-08,onboarding
U01901,Crime,0.1773,2024-05-14,onboarding
U01901,Family,0.5968,2025-06-10,hybrid
U01902,Action,0.4673,2026-04-08,onboarding
U01902,Crime,0.3952,2026-03-01,hybrid
U01902,Horror,0.1374,2026-02-10,hybrid
U01903,History,0.5232,2026-04-03,hybrid
U01903,Science Fiction,0.2612,2025-07-19,hybrid
U01903,Thriller,0.2156,2026-03-23,hybrid
U01904,Music,0.2499,2025-11-05,behavior
U01904,Horror,0.3309,2025-07-26,onboarding
U01904,Comedy,0.1221,2025-04-13,onboarding
U01904,Thriller,0.2971,2025-07-28,onboarding
U01905,Crime,0.7151,2025-11-01,onboarding
U01905,Fantasy,0.2849,2025-11-07,hybrid
U01906,Comedy,0.2827,2024-08-12,behavior
U01906,Western,0.7173,2025-10-15,behavior
U01907,Romance,0.1691,2025-10-23,hybrid
U01907,Fantasy,0.1033,2026-01-31,behavior
U01907,Thriller,0.1616,2025-12-03,behavior
U01907,War,0.566,2025-11-07,onboarding
U01908,Fantasy,0.3456,2025-04-13,hybrid
U01908,History,0.2332,2025-12-30,hybrid
U01908,Science Fiction,0.1928,2025-02-06,hybrid
U01908,Crime,0.2284,2025-09-04,behavior
U01909,Thriller,0.8257,2025-11-19,behavior
U01909,History,0.1743,2025-06-28,behavior
U01910,Mystery,0.4804,2025-06-02,behavior
U01910,Crime,0.5196,2025-06-07,onboarding
U01911,Adventure,0.5361,2025-07-25,onboarding
U01911,War,0.242,2024-08-09,hybrid
U01911,Documentary,0.2219,2023-11-29,onboarding
U01912,Crime,0.1053,2025-03-04,behavior
U01912,Action,0.8947,2025-09-23,behavior
U01913,Horror,0.1156,2022-10-12,behavior
U01913,Action,0.1921,2022-05-24,hybrid
U01913,Drama,0.6923,2023-03-13,onboarding
U01914,History,0.2942,2024-12-10,hybrid
U01914,Mystery,0.7058,2025-08-21,hybrid
U01915,Animation,0.2026,2025-09-16,behavior
U01915,Comedy,0.4522,2026-02-04,hybrid
U01915,Fantasy,0.0571,2026-01-06,hybrid
U01915,Adventure,0.288,2025-08-01,behavior
U01916,Thriller,0.5951,2024-02-14,onboarding
U01916,Drama,0.4049,2023-08-20,hybrid
U01917,Horror,0.1934,2025-11-21,onboarding
U01917,History,0.4595,2025-07-15,behavior
U01917,Animation,0.0996,2025-05-09,hybrid
U01917,Romance,0.2475,2025-11-22,behavior
U01918,War,0.0932,2026-01-14,behavior
U01918,Fantasy,0.1246,2026-03-01,onboarding
U01918,Family,0.2168,2025-12-17,hybrid
U01918,Comedy,0.5653,2025-08-22,behavior
U01919,Horror,0.7679,2025-05-25,onboarding
U01919,Animation,0.2321,2025-12-19,onboarding
U01920,Action,0.6663,2025-11-04,hybrid
U01920,Drama,0.3337,2025-10-06,onboarding
U01921,Romance,0.2217,2026-03-23,behavior
U01921,Western,0.6206,2025-08-12,hybrid
U01921,Action,0.1577,2023-12-04,onboarding
U01922,Mystery,0.5892,2026-03-29,behavior
U01922,Romance,0.3922,2026-03-22,behavior
U01922,Science Fiction,0.0186,2026-04-06,hybrid
U01923,Western,0.0014,2025-12-24,behavior
U01923,Animation,0.3008,2024-05-05,hybrid
U01923,Crime,0.355,2025-08-21,onboarding
U01923,Science Fiction,0.3428,2024-07-10,hybrid
U01924,Adventure,0.5386,2025-12-09,behavior
U01924,War,0.4614,2025-03-30,onboarding
U01925,Drama,0.2576,2025-11-06,onboarding
U01925,Romance,0.1384,2025-12-25,hybrid
U01925,History,0.3113,2024-05-20,behavior
U01925,Animation,0.2927,2024-08-22,behavior
U01926,Comedy,0.0601,2025-03-31,behavior
U01926,Crime,0.2339,2026-03-15,behavior
U01926,Horror,0.1555,2024-04-14,onboarding
U01926,Adventure,0.5505,2025-01-11,onboarding
U01927,Mystery,0.0845,2022-08-29,behavior
U01927,Comedy,0.3821,2024-11-21,hybrid
U01927,Adventure,0.5335,2026-01-25,hybrid
U01928,Action,0.3437,2025-09-09,behavior
U01928,Adventure,0.5645,2026-01-08,behavior
U01928,Animation,0.0918,2025-02-01,hybrid
U01929,Documentary,0.3327,2023-05-11,behavior
U01929,Drama,0.2787,2025-11-19,hybrid
U01929,Crime,0.2689,2024-09-26,hybrid
U01929,History,0.1197,2024-05-13,hybrid
U01930,Music,0.6203,2026-03-30,behavior
U01930,Action,0.1516,2025-09-07,hybrid
U01930,Thriller,0.1294,2025-10-08,hybrid
U01930,Western,0.0986,2026-03-04,hybrid
U01931,Documentary,0.3668,2024-01-26,hybrid
U01931,Crime,0.1178,2023-02-14,behavior
U01931,Science Fiction,0.5155,2024-12-22,hybrid
U01932,Animation,0.3555,2024-04-03,behavior
U01932,Horror,0.3054,2023-04-30,onboarding
U01932,Family,0.2826,2024-01-11,onboarding
U01932,Action,0.0565,2025-02-20,onboarding
U01933,Music,0.5245,2024-01-16,onboarding
U01933,Romance,0.4755,2025-12-13,onboarding
U01934,Crime,0.0764,2024-11-28,onboarding
U01934,Science Fiction,0.639,2023-02-25,behavior
U01934,Documentary,0.195,2024-06-26,hybrid
U01934,Drama,0.0896,2025-06-14,behavior
U01935,Crime,0.436,2026-03-25,onboarding
U01935,Western,0.5292,2026-03-22,hybrid
U01935,Fantasy,0.0348,2026-04-07,behavior
U01936,Thriller,0.5039,2025-10-18,hybrid
U01936,Science Fiction,0.328,2026-03-26,hybrid
U01936,Animation,0.1681,2026-02-27,onboarding
U01937,War,0.459,2025-12-01,behavior
U01937,History,0.541,2024-12-12,hybrid
U01938,Adventure,0.2086,2024-03-07,onboarding
U01938,History,0.4173,2025-12-19,behavior
U01938,Romance,0.3742,2024-01-19,onboarding
U01939,Music,0.4703,2024-12-04,hybrid
U01939,Documentary,0.0207,2023-10-07,hybrid
U01939,Western,0.1402,2024-09-11,behavior
U01939,Crime,0.3688,2024-03-02,onboarding
U01940,Thriller,0.5326,2023-05-14,onboarding
U01940,Drama,0.4674,2024-07-02,hybrid
U01941,Family,0.8425,2025-11-01,hybrid
U01941,Horror,0.0444,2024-10-29,onboarding
U01941,History,0.1132,2025-02-25,onboarding
U01942,Mystery,0.9153,2025-08-07,behavior
U01942,Western,0.0847,2025-09-23,onboarding
U01943,History,0.5171,2026-04-05,hybrid
U01943,Drama,0.1312,2024-11-16,behavior
U01943,Fantasy,0.3517,2024-07-08,behavior
U01944,War,0.1759,2025-11-06,behavior
U01944,Romance,0.5101,2024-07-31,hybrid
U01944,Action,0.3141,2025-10-12,hybrid
U01945,Adventure,0.4376,2023-12-16,hybrid
U01945,Drama,0.5624,2025-10-17,onboarding
U01946,Action,0.6233,2024-04-09,hybrid
U01946,Drama,0.3767,2025-12-11,onboarding
U01947,Science Fiction,0.3687,2023-05-18,behavior
U01947,Romance,0.1846,2025-03-26,behavior
U01947,Adventure,0.0468,2024-06-09,behavior
U01947,Mystery,0.3998,2023-05-22,onboarding
U01948,History,0.6841,2025-11-22,onboarding
U01948,Science Fiction,0.3159,2024-01-13,hybrid
U01949,Horror,0.3976,2026-02-18,hybrid
U01949,War,0.6024,2024-12-27,hybrid
U01950,War,0.2282,2026-02-25,onboarding
U01950,Action,0.577,2026-02-19,behavior
U01950,Thriller,0.1948,2026-02-05,behavior
U01951,Romance,0.7019,2026-02-21,behavior
U01951,Action,0.2981,2025-08-07,onboarding
U01952,Mystery,0.109,2026-03-11,hybrid
U01952,Fantasy,0.2732,2026-03-13,hybrid
U01952,Thriller,0.3776,2026-02-10,behavior
U01952,Family,0.2402,2026-04-05,hybrid
U01953,Comedy,0.1211,2025-03-16,hybrid
U01953,Action,0.0589,2025-12-06,behavior
U01953,Documentary,0.5933,2025-12-22,hybrid
U01953,Mystery,0.2267,2024-09-26,hybrid
U01954,Adventure,0.2909,2025-01-05,onboarding
U01954,Action,0.1861,2025-09-11,behavior
U01954,Documentary,0.2599,2025-12-18,onboarding
U01954,Horror,0.2632,2025-04-06,onboarding
U01955,Adventure,0.4792,2024-06-07,onboarding
U01955,Mystery,0.4504,2026-04-03,onboarding
U01955,War,0.0704,2025-02-08,hybrid
U01956,Music,0.0198,2025-04-20,behavior
U01956,Animation,0.6084,2025-08-10,hybrid
U01956,Romance,0.1715,2025-08-12,onboarding
U01956,History,0.2003,2025-08-24,onboarding
U01957,History,0.3104,2024-03-23,onboarding
U01957,Crime,0.2494,2023-02-10,onboarding
U01957,Mystery,0.4402,2023-04-06,behavior
U01958,War,0.145,2024-12-07,onboarding
U01958,Fantasy,0.2471,2024-01-29,behavior
U01958,Documentary,0.5033,2025-08-08,behavior
U01958,Crime,0.1046,2025-07-06,hybrid
U01959,History,0.0612,2025-11-01,onboarding
U01959,War,0.3313,2024-05-24,behavior
U01959,Animation,0.2622,2024-02-16,onboarding
U01959,Comedy,0.3453,2025-01-07,onboarding
U01960,Family,0.2197,2022-07-15,onboarding
U01960,Adventure,0.6101,2025-08-25,behavior
U01960,Crime,0.1702,2024-07-13,hybrid
U01961,History,0.2219,2025-08-19,hybrid
U01961,Mystery,0.3476,2025-08-22,onboarding
U01961,Family,0.4304,2025-06-19,hybrid
U01962,Comedy,0.048,2024-10-26,behavior
U01962,Fantasy,0.952,2026-01-22,behavior
U01963,Family,0.1066,2026-01-12,hybrid
U01963,Horror,0.387,2024-07-17,onboarding
U01963,War,0.5064,2026-03-16,onboarding
U01964,Music,0.1661,2024-03-17,onboarding
U01964,Thriller,0.8339,2023-09-12,onboarding
U01965,Science Fiction,0.3961,2026-01-17,onboarding
U01965,Documentary,0.0305,2026-02-07,hybrid
U01965,Family,0.3699,2026-03-13,behavior
U01965,Music,0.2036,2026-03-23,hybrid
U01966,Science Fiction,0.3703,2025-04-28,behavior
U01966,Western,0.3881,2025-10-30,hybrid
U01966,Crime,0.2416,2025-03-22,onboarding
U01967,War,0.4101,2024-11-22,behavior
U01967,Science Fiction,0.5899,2025-11-05,onboarding
U01968,Adventure,0.2445,2025-06-19,onboarding
U01968,Drama,0.277,2025-02-17,onboarding
U01968,Comedy,0.1352,2025-11-08,behavior
U01968,Family,0.3434,2025-01-12,onboarding
U01969,History,0.8774,2025-11-11,onboarding
U01969,War,0.1226,2025-08-19,hybrid
U01970,Fantasy,0.3288,2023-06-11,behavior
U01970,Mystery,0.5849,2023-08-09,hybrid
U01970,War,0.0863,2023-04-13,onboarding
U01971,Fantasy,0.4175,2025-10-04,behavior
U01971,Crime,0.2858,2025-08-15,hybrid
U01971,Action,0.2967,2024-11-14,behavior
U01972,Western,0.5136,2024-12-04,behavior
U01972,Mystery,0.4864,2025-07-17,hybrid
U01973,War,0.4003,2025-05-23,hybrid
U01973,Thriller,0.2381,2024-10-26,behavior
U01973,Adventure,0.0364,2025-07-18,behavior
U01973,Drama,0.3252,2024-09-23,hybrid
U01974,Horror,0.8104,2026-01-25,hybrid
U01974,Music,0.1896,2024-05-04,onboarding
U01975,Thriller,0.5297,2025-12-03,behavior
U01975,Drama,0.4703,2026-01-11,hybrid
U01976,Drama,0.1902,2026-01-25,hybrid
U01976,Horror,0.1047,2023-09-01,behavior
U01976,Romance,0.7051,2025-08-02,behavior
U01977,Documentary,0.0002,2026-02-13,hybrid
U01977,Romance,0.5167,2026-03-07,behavior
U01977,Animation,0.4831,2024-05-30,onboarding
U01978,Crime,0.1041,2025-11-27,onboarding
U01978,Science Fiction,0.231,2025-12-15,hybrid
U01978,Drama,0.3041,2025-09-11,hybrid
U01978,Animation,0.3609,2024-10-18,hybrid
U01979,Music,0.4642,2025-06-30,hybrid
U01979,Thriller,0.2683,2023-09-03,hybrid
U01979,Romance,0.2675,2025-07-09,hybrid
U01980,Western,0.3684,2025-11-10,onboarding
U01980,Music,0.079,2023-06-18,hybrid
U01980,Comedy,0.3333,2025-10-29,onboarding
U01980,Crime,0.2193,2023-09-17,hybrid
U01981,Action,0.3473,2024-10-18,onboarding
U01981,Drama,0.4356,2025-01-26,behavior
U01981,Documentary,0.2171,2023-09-06,behavior
U01982,Mystery,0.3645,2023-06-13,onboarding
U01982,Fantasy,0.3372,2023-12-10,behavior
U01982,Thriller,0.0252,2024-05-23,behavior
U01982,Romance,0.2731,2025-06-05,hybrid
U01983,Action,0.3099,2026-01-06,onboarding
U01983,Drama,0.4171,2025-06-13,hybrid
U01983,Animation,0.273,2025-03-21,hybrid
U01984,Drama,0.3554,2025-08-24,onboarding
U01984,Documentary,0.6446,2025-08-02,onboarding
U01985,Documentary,0.0976,2023-02-01,hybrid
U01985,Fantasy,0.2847,2025-10-29,behavior
U01985,Science Fiction,0.6178,2023-05-17,onboarding
U01986,Fantasy,0.2832,2024-07-27,behavior
U01986,Adventure,0.3288,2024-10-19,behavior
U01986,Documentary,0.388,2026-01-17,behavior
U01987,Science Fiction,0.4801,2025-03-22,behavior
U01987,Documentary,0.5199,2026-03-10,behavior
U01988,Adventure,0.3641,2025-03-10,hybrid
U01988,History,0.3796,2024-12-17,hybrid
U01988,Romance,0.2564,2024-03-05,onboarding
U01989,Documentary,0.3375,2024-06-09,onboarding
U01989,History,0.1559,2025-07-26,hybrid
U01989,Music,0.5066,2023-12-12,behavior
U01990,Western,0.2976,2023-06-21,behavior
U01990,Romance,0.1269,2025-08-03,behavior
U01990,History,0.2884,2024-05-15,onboarding
U01990,War,0.2871,2024-10-17,hybrid
U01991,Adventure,0.2234,2024-12-07,onboarding
U01991,Action,0.7766,2024-06-17,behavior
U01992,Family,0.1224,2025-08-22,onboarding
U01992,Adventure,0.4334,2025-07-13,hybrid
U01992,Fantasy,0.4442,2026-03-15,hybrid
U01993,Documentary,0.3001,2024-09-24,hybrid
U01993,Action,0.6999,2024-06-20,onboarding
U01994,Music,0.3257,2025-12-11,hybrid
U01994,Adventure,0.4354,2026-03-13,hybrid
U01994,Comedy,0.2389,2025-12-19,hybrid
U01995,Western,0.2223,2025-12-24,hybrid
U01995,History,0.3291,2025-10-09,behavior
U01995,Drama,0.4047,2025-08-04,behavior
U01995,War,0.0439,2025-08-09,onboarding
U01996,Romance,0.7994,2025-10-13,hybrid
U01996,Crime,0.2006,2026-03-01,hybrid
U01997,Animation,0.2699,2025-04-08,behavior
U01997,Documentary,0.1216,2023-11-29,behavior
U01997,Adventure,0.6085,2024-06-26,behavior
U01998,Crime,0.4517,2025-12-10,onboarding
U01998,Adventure,0.2938,2026-01-07,behavior
U01998,Comedy,0.2241,2026-01-30,behavior
U01998,Animation,0.0304,2025-10-13,hybrid
U01999,Music,0.2824,2025-02-25,hybrid
U01999,Fantasy,0.0656,2024-11-29,hybrid
U01999,Documentary,0.4899,2025-08-13,onboarding
U01999,Adventure,0.1621,2025-03-15,onboarding
U02000,Science Fiction,0.9708,2025-11-12,behavior
U02000,Horror,0.0292,2025-11-14,hybrid
U02001,Music,0.3962,2022-12-07,behavior
U02001,Family,0.155,2023-12-26,hybrid
U02001,Mystery,0.4487,2023-04-18,onboarding
U02002,Fantasy,0.211,2026-04-05,behavior
U02002,Mystery,0.2323,2026-01-06,behavior
U02002,Comedy,0.5567,2026-03-23,onboarding
U02003,Documentary,0.8625,2023-02-28,behavior
U02003,Fantasy,0.1375,2023-03-10,onboarding
U02004,Family,0.5765,2024-12-05,behavior
U02004,Horror,0.1609,2025-05-12,hybrid
U02004,Music,0.2626,2026-03-07,hybrid
U02005,Comedy,0.3562,2024-09-20,hybrid
U02005,History,0.2486,2023-02-08,hybrid
U02005,Family,0.3571,2025-12-16,behavior
U02005,Horror,0.0381,2025-09-27,behavior
U02006,Crime,0.2723,2024-04-01,behavior
U02006,Music,0.3301,2024-12-14,hybrid
U02006,Fantasy,0.3976,2025-05-31,onboarding
U02007,Horror,0.2398,2025-12-25,hybrid
U02007,Comedy,0.2446,2026-01-21,hybrid
U02007,Documentary,0.2873,2026-03-07,behavior
U02007,Music,0.2282,2026-02-24,onboarding
U02008,Mystery,0.1762,2025-08-10,behavior
U02008,Drama,0.3126,2026-03-27,behavior
U02008,War,0.2189,2025-11-03,behavior
U02008,Science Fiction,0.2923,2026-04-02,onboarding
U02009,Adventure,0.4194,2024-05-27,onboarding
U02009,Documentary,0.4278,2025-12-20,hybrid
U02009,Horror,0.1446,2025-08-04,behavior
U02009,Family,0.0082,2025-04-08,onboarding
U02010,War,0.0768,2024-08-01,behavior
U02010,Western,0.0797,2025-10-27,hybrid
U02010,Drama,0.3906,2024-05-03,behavior
U02010,Romance,0.4529,2025-08-08,behavior
U02011,War,0.566,2024-02-19,onboarding
U02011,Fantasy,0.434,2024-02-11,onboarding
U02012,Horror,0.3657,2024-07-22,onboarding
U02012,Music,0.2826,2025-06-08,onboarding
U02012,Animation,0.3271,2025-02-09,behavior
U02012,Mystery,0.0245,2025-10-24,behavior
U02013,Western,0.3039,2022-08-01,onboarding
U02013,Documentary,0.6961,2024-04-09,behavior
U02014,Fantasy,0.2895,2024-04-04,onboarding
U02014,Documentary,0.3104,2023-07-20,behavior
U02014,Action,0.1661,2023-12-12,onboarding
U02014,Adventure,0.234,2024-05-11,hybrid
U02015,Action,0.7018,2026-03-02,onboarding
U02015,Western,0.2982,2025-10-15,behavior
U02016,Fantasy,0.1838,2026-03-19,onboarding
U02016,Horror,0.8162,2024-10-26,hybrid
U02017,Adventure,0.1168,2023-12-30,hybrid
U02017,Action,0.3621,2026-02-22,behavior
U02017,Family,0.2858,2024-02-05,onboarding
U02017,History,0.2353,2024-07-04,behavior
U02018,Documentary,0.2262,2024-11-09,onboarding
U02018,Crime,0.3617,2025-07-22,hybrid
U02018,Western,0.0504,2024-10-16,behavior
U02018,War,0.3617,2024-10-06,onboarding
U02019,Romance,0.1546,2026-03-05,onboarding
U02019,Action,0.8454,2026-03-31,behavior
U02020,Romance,0.4465,2025-08-02,behavior
U02020,Adventure,0.5535,2025-02-11,hybrid
U02021,Action,0.1013,2026-04-10,behavior
U02021,Western,0.3873,2026-04-10,behavior
U02021,Horror,0.5114,2026-04-10,behavior
U02022,Crime,0.2263,2025-09-28,behavior
U02022,Family,0.481,2025-06-29,hybrid
U02022,Comedy,0.2927,2025-11-21,behavior
U02023,Animation,0.2895,2025-06-15,hybrid
U02023,Romance,0.3734,2025-12-23,hybrid
U02023,History,0.3371,2025-03-04,hybrid
U02024,Drama,0.5015,2025-05-30,onboarding
U02024,Science Fiction,0.4985,2024-12-20,behavior
U02025,Drama,0.2185,2023-08-02,hybrid
U02025,Fantasy,0.1113,2023-03-24,hybrid
U02025,History,0.6703,2024-03-25,onboarding
U02026,War,0.1801,2024-10-10,behavior
U02026,Science Fiction,0.8199,2024-12-02,behavior
U02027,Adventure,0.0279,2026-03-28,behavior
U02027,Documentary,0.9721,2026-03-27,behavior
U02028,Fantasy,0.7606,2024-05-02,behavior
U02028,Music,0.2394,2023-10-24,onboarding
U02029,Action,0.1251,2026-02-09,behavior
U02029,Documentary,0.3755,2025-08-26,onboarding
U02029,Music,0.1519,2026-03-28,onboarding
U02029,Romance,0.3475,2025-10-01,hybrid
U02030,Fantasy,0.3253,2025-11-11,behavior
U02030,Science Fiction,0.6747,2025-10-02,hybrid
U02031,Horror,0.0793,2025-09-30,behavior
U02031,Family,0.3371,2023-01-21,behavior
U02031,Western,0.5736,2023-05-21,onboarding
U02031,Thriller,0.01,2025-12-27,hybrid
U02032,Action,0.3504,2025-08-07,behavior
U02032,Adventure,0.0733,2024-05-18,onboarding
U02032,Family,0.5763,2025-03-23,hybrid
U02033,Romance,0.3257,2026-01-23,behavior
U02033,Comedy,0.3344,2026-02-10,onboarding
U02033,History,0.2645,2026-01-27,hybrid
U02033,War,0.0753,2026-01-31,behavior
U02034,Science Fiction,0.1908,2025-10-19,onboarding
U02034,Music,0.3124,2025-12-25,behavior
U02034,Romance,0.2036,2025-04-17,behavior
U02034,Crime,0.2932,2023-09-19,behavior
U02035,History,0.015,2024-07-05,hybrid
U02035,Animation,0.5989,2024-02-08,onboarding
U02035,Music,0.3861,2023-01-03,onboarding
U02036,History,0.2794,2022-12-24,hybrid
U02036,Horror,0.2356,2022-05-16,onboarding
U02036,Adventure,0.217,2025-11-02,behavior
U02036,Music,0.268,2023-07-12,behavior
U02037,Adventure,0.4145,2022-07-31,behavior
U02037,Family,0.2228,2022-07-24,onboarding
U02037,War,0.3627,2024-06-08,onboarding
U02038,Science Fiction,0.1671,2024-07-23,onboarding
U02038,Drama,0.3611,2026-02-23,onboarding
U02038,Action,0.4718,2024-09-13,hybrid
U02039,Thriller,0.2373,2026-03-08,hybrid
U02039,Fantasy,0.6909,2024-10-05,behavior
U02039,Animation,0.0718,2025-06-30,behavior
U02040,Adventure,0.3507,2026-02-16,behavior
U02040,Mystery,0.1538,2025-02-25,onboarding
U02040,Thriller,0.4955,2026-02-08,behavior
U02041,War,0.2122,2026-03-24,onboarding
U02041,Thriller,0.4605,2026-03-27,behavior
U02041,Mystery,0.2771,2026-03-12,behavior
U02041,Action,0.0502,2026-04-09,behavior
U02042,Science Fiction,0.0837,2024-05-08,behavior
U02042,Adventure,0.9163,2023-09-10,hybrid
U02043,Mystery,0.313,2025-01-04,behavior
U02043,Drama,0.342,2024-11-23,onboarding
U02043,Documentary,0.345,2024-02-29,behavior
U02044,Documentary,0.2378,2025-10-26,hybrid
U02044,War,0.1942,2025-10-19,behavior
U02044,Animation,0.2317,2025-07-23,onboarding
U02044,Horror,0.3363,2025-12-27,onboarding
U02045,Science Fiction,0.2452,2024-04-28,onboarding
U02045,Animation,0.7548,2023-11-21,hybrid
U02046,Documentary,0.1019,2025-09-29,behavior
U02046,Action,0.7028,2025-12-30,behavior
U02046,Drama,0.1953,2026-01-15,onboarding
U02047,Comedy,0.2206,2026-04-08,hybrid
U02047,History,0.7794,2026-03-03,onboarding
U02048,Science Fiction,0.4197,2025-02-09,hybrid
U02048,Drama,0.3278,2025-12-05,hybrid
U02048,Action,0.0316,2025-02-14,hybrid
U02048,Documentary,0.2209,2025-07-23,hybrid
U02049,Crime,0.0689,2024-12-19,hybrid
U02049,Animation,0.3875,2024-07-12,hybrid
U02049,Science Fiction,0.3333,2023-03-11,behavior
U02049,Music,0.2104,2023-10-04,onboarding
U02050,Family,0.6285,2026-03-26,hybrid
U02050,Comedy,0.059,2026-01-20,behavior
U02050,Horror,0.3125,2026-02-09,hybrid
U02051,Action,0.3257,2024-03-21,hybrid
U02051,Drama,0.2343,2024-07-22,onboarding
U02051,Science Fiction,0.44,2024-11-20,hybrid
U02052,Adventure,0.3003,2026-01-07,onboarding
U02052,Drama,0.4527,2023-12-26,hybrid
U02052,Action,0.2471,2023-05-03,onboarding
U02053,Romance,0.9402,2026-02-21,onboarding
U02053,Documentary,0.0598,2026-04-09,behavior
U02054,War,0.5826,2024-11-28,behavior
U02054,Western,0.4174,2025-05-20,onboarding
U02055,Action,0.1223,2024-11-07,onboarding
U02055,Romance,0.3692,2025-06-04,behavior
U02055,Comedy,0.1065,2025-01-30,behavior
U02055,Music,0.402,2026-03-19,behavior
U02056,Adventure,0.1817,2024-12-10,onboarding
U02056,War,0.1574,2026-01-23,behavior
U02056,Crime,0.4001,2024-12-04,hybrid
U02056,Romance,0.2608,2023-08-05,behavior
U02057,Fantasy,0.7476,2025-06-23,behavior
U02057,Western,0.2524,2025-10-15,onboarding
U02058,Thriller,0.1706,2024-11-08,onboarding
U02058,Action,0.0121,2025-10-13,onboarding
U02058,Animation,0.4079,2024-10-12,hybrid
U02058,Western,0.4093,2024-12-12,hybrid
U02059,Action,0.4131,2023-11-11,onboarding
U02059,Animation,0.0345,2024-07-13,hybrid
U02059,Crime,0.5524,2025-07-07,behavior
U02060,Science Fiction,0.2457,2025-05-05,onboarding
U02060,Mystery,0.3161,2025-07-13,onboarding
U02060,Adventure,0.2817,2025-08-26,hybrid
U02060,Comedy,0.1565,2025-08-12,behavior
U02061,History,0.9039,2026-03-18,hybrid
U02061,Adventure,0.0961,2025-05-10,onboarding
U02062,Science Fiction,0.0248,2026-03-15,hybrid
U02062,Music,0.5476,2026-03-17,onboarding
U02062,Fantasy,0.3655,2026-04-05,behavior
U02062,Horror,0.0621,2026-03-14,behavior
U02063,Thriller,0.0896,2025-07-31,hybrid
U02063,Family,0.4312,2026-02-22,behavior
U02063,Music,0.4792,2025-11-22,onboarding
U02064,Mystery,0.4617,2024-01-20,behavior
U02064,Science Fiction,0.1593,2023-06-24,behavior
U02064,Romance,0.379,2023-04-15,behavior
U02065,Crime,0.5757,2026-04-09,behavior
U02065,Adventure,0.4243,2026-02-28,behavior
U02066,Crime,0.2976,2025-07-08,onboarding
U02066,Action,0.2994,2025-06-10,hybrid
U02066,Mystery,0.1076,2026-03-30,onboarding
U02066,Drama,0.2955,2025-08-08,onboarding
U02067,Crime,0.3235,2025-09-13,behavior
U02067,Family,0.3716,2025-02-04,onboarding
U02067,Drama,0.3048,2024-05-18,onboarding
U02068,Documentary,0.6088,2025-02-27,behavior
U02068,Music,0.2663,2026-01-27,behavior
U02068,Romance,0.107,2026-01-02,onboarding
U02068,Action,0.0179,2025-11-25,onboarding
U02069,Family,0.4138,2025-05-04,onboarding
U02069,Comedy,0.0747,2025-03-30,behavior
U02069,Horror,0.4395,2024-07-15,onboarding
U02069,War,0.0719,2024-01-23,onboarding
U02070,Animation,0.5094,2023-03-02,hybrid
U02070,History,0.4906,2025-04-11,onboarding
U02071,Family,0.2221,2023-07-24,onboarding
U02071,Adventure,0.3956,2025-06-02,hybrid
U02071,History,0.3823,2023-11-25,onboarding
U02072,Crime,0.3766,2026-02-14,hybrid
U02072,Thriller,0.4308,2025-11-16,behavior
U02072,Western,0.1926,2026-01-02,hybrid
U02073,Crime,0.3114,2026-04-06,behavior
U02073,History,0.2472,2026-03-17,hybrid
U02073,Action,0.1826,2026-03-30,onboarding
U02073,Documentary,0.2588,2026-02-10,hybrid
U02074,Thriller,0.3123,2024-08-17,behavior
U02074,Romance,0.1065,2023-02-05,hybrid
U02074,War,0.1969,2025-06-18,onboarding
U02074,History,0.3843,2023-01-17,onboarding
U02075,Music,0.1331,2025-11-21,behavior
U02075,Mystery,0.8669,2026-02-16,onboarding
U02076,Romance,0.0182,2026-01-03,hybrid
U02076,Western,0.4242,2025-03-01,hybrid
U02076,Comedy,0.0702,2024-12-18,behavior
U02076,Science Fiction,0.4874,2026-02-24,onboarding
U02077,History,0.7871,2026-02-05,behavior
U02077,Thriller,0.2129,2025-01-14,onboarding
U02078,Horror,0.1637,2025-11-13,hybrid
U02078,Mystery,0.1318,2025-08-21,hybrid
U02078,Comedy,0.6372,2025-02-05,hybrid
U02078,Action,0.0672,2026-01-09,behavior
U02079,Music,0.2524,2022-12-05,hybrid
U02079,Adventure,0.3785,2022-09-23,onboarding
U02079,Family,0.3691,2024-06-28,behavior
U02080,Animation,0.3858,2026-03-21,onboarding
U02080,Drama,0.1641,2025-11-09,behavior
U02080,Thriller,0.3797,2025-11-15,onboarding
U02080,Comedy,0.0705,2025-12-08,hybrid
U02081,Fantasy,0.3916,2025-06-16,onboarding
U02081,Science Fiction,0.3146,2024-10-11,onboarding
U02081,History,0.2938,2024-06-10,onboarding
U02082,Family,0.5556,2025-01-16,hybrid
U02082,Horror,0.4444,2026-03-14,onboarding
U02083,Thriller,0.8175,2025-10-14,behavior
U02083,Adventure,0.1825,2026-01-20,onboarding
U02084,Animation,0.4694,2025-10-10,hybrid
U02084,Fantasy,0.3422,2025-12-28,hybrid
U02084,Music,0.1883,2025-09-21,hybrid
U02085,Music,0.4112,2025-08-07,behavior
U02085,Western,0.5888,2025-12-10,onboarding
U02086,Music,0.1356,2025-12-29,onboarding
U02086,Family,0.7686,2026-03-02,behavior
U02086,Comedy,0.0958,2026-02-17,hybrid
U02087,Family,0.0762,2024-07-25,hybrid
U02087,Action,0.6101,2023-07-17,behavior
U02087,History,0.0732,2025-06-06,behavior
U02087,Documentary,0.2405,2025-04-26,onboarding
U02088,Animation,0.6524,2026-03-29,hybrid
U02088,Action,0.3476,2025-10-14,hybrid
U02089,Western,0.143,2025-09-22,behavior
U02089,Mystery,0.5156,2025-03-27,onboarding
U02089,Fantasy,0.3117,2024-12-13,hybrid
U02089,Horror,0.0298,2025-09-06,behavior
U02090,Horror,0.7149,2025-08-12,hybrid
U02090,Animation,0.2851,2025-10-04,behavior
U02091,Romance,0.3096,2024-01-08,behavior
U02091,Crime,0.5103,2024-01-02,onboarding
U02091,Drama,0.1801,2024-07-22,hybrid
U02092,Adventure,0.2667,2026-03-03,hybrid
U02092,Romance,0.0056,2025-09-09,behavior
U02092,Thriller,0.2995,2025-04-25,hybrid
U02092,Action,0.4282,2025-05-08,hybrid
U02093,History,0.3262,2023-03-01,onboarding
U02093,Family,0.3062,2026-02-16,onboarding
U02093,Animation,0.2019,2025-01-22,onboarding
U02093,Adventure,0.1657,2023-02-14,behavior
U02094,Western,0.2656,2025-06-11,hybrid
U02094,Horror,0.4489,2025-10-06,onboarding
U02094,Adventure,0.2855,2025-09-26,hybrid
U02095,Mystery,0.0152,2026-01-24,onboarding
U02095,Adventure,0.0564,2023-02-04,behavior
U02095,History,0.3705,2023-09-23,hybrid
U02095,Family,0.5579,2025-12-10,onboarding
U02096,Fantasy,0.1372,2025-01-04,hybrid
U02096,Music,0.4258,2025-07-18,onboarding
U02096,Western,0.4371,2025-11-27,behavior
U02097,Animation,0.7445,2025-12-04,onboarding
U02097,History,0.033,2024-10-18,behavior
U02097,Mystery,0.2225,2024-01-19,onboarding
U02098,Mystery,0.1804,2024-09-14,hybrid
U02098,Romance,0.2499,2025-05-09,hybrid
U02098,Crime,0.5697,2025-11-02,behavior
U02099,Action,0.4662,2026-03-07,hybrid
U02099,Crime,0.5338,2024-12-29,behavior
U02100,Science Fiction,0.1783,2025-05-14,onboarding
U02100,Action,0.2173,2025-12-15,hybrid
U02100,Drama,0.3323,2025-05-09,onboarding
U02100,Western,0.2721,2026-01-19,behavior
U02101,Family,0.6596,2025-10-21,hybrid
U02101,Romance,0.2062,2025-10-28,hybrid
U02101,Action,0.1342,2025-08-24,hybrid
U02102,Western,0.54,2026-02-28,behavior
U02102,Comedy,0.46,2025-05-05,onboarding
U02103,Action,0.1921,2024-12-13,hybrid
U02103,Crime,0.151,2025-02-12,hybrid
U02103,Music,0.3703,2025-06-03,onboarding
U02103,Animation,0.2866,2025-10-05,onboarding
U02104,Science Fiction,0.1998,2025-03-21,behavior
U02104,Music,0.1259,2024-11-01,onboarding
U02104,Family,0.3452,2025-01-13,hybrid
U02104,Romance,0.3291,2025-06-14,hybrid
U02105,Crime,0.5863,2025-10-30,onboarding
U02105,Science Fiction,0.4137,2026-02-15,hybrid
U02106,Crime,0.3915,2026-03-13,onboarding
U02106,Adventure,0.0393,2026-01-29,behavior
U02106,Horror,0.5155,2026-01-25,hybrid
U02106,Western,0.0538,2025-12-20,hybrid
U02107,Western,0.254,2024-10-27,hybrid
U02107,Comedy,0.3329,2025-09-16,behavior
U02107,Mystery,0.2643,2023-12-11,behavior
U02107,Documentary,0.1487,2024-02-14,onboarding
U02108,Music,0.9901,2023-07-07,onboarding
U02108,Crime,0.0099,2025-12-31,hybrid
U02109,Family,0.5203,2025-01-10,behavior
U02109,Romance,0.4797,2024-06-20,behavior
U02110,Science Fiction,0.4842,2023-12-18,behavior
U02110,Crime,0.0401,2025-03-18,behavior
U02110,Romance,0.4756,2023-06-29,onboarding
U02111,Animation,0.58,2026-02-04,onboarding
U02111,Music,0.42,2025-10-31,hybrid
U02112,Comedy,0.038,2025-06-12,hybrid
U02112,Horror,0.5502,2024-12-31,hybrid
U02112,Romance,0.4118,2025-01-11,onboarding
U02113,History,0.5966,2026-03-16,onboarding
U02113,Animation,0.2887,2025-01-12,onboarding
U02113,Drama,0.1147,2023-08-16,behavior
U02114,Music,0.2457,2024-05-27,behavior
U02114,Drama,0.0443,2024-03-31,hybrid
U02114,Comedy,0.4159,2026-03-18,hybrid
U02114,Horror,0.294,2023-10-20,onboarding
U02115,War,0.245,2023-03-13,behavior
U02115,Mystery,0.3168,2023-09-06,onboarding
U02115,Romance,0.0668,2023-07-14,behavior
U02115,Music,0.3714,2023-02-26,hybrid
U02116,Drama,0.0724,2026-04-01,behavior
U02116,Horror,0.9276,2025-06-14,onboarding
U02117,Science Fiction,0.0976,2025-09-18,behavior
U02117,Adventure,0.5177,2023-11-07,onboarding
U02117,Documentary,0.3847,2024-04-18,onboarding
U02118,Documentary,0.4116,2026-03-02,behavior
U02118,Western,0.5884,2025-12-30,hybrid
U02119,Thriller,0.1406,2024-10-18,onboarding
U02119,Drama,0.7248,2025-10-09,behavior
U02119,Crime,0.1089,2025-04-22,hybrid
U02119,Comedy,0.0258,2024-11-23,behavior
U02120,Science Fiction,0.4315,2026-03-19,behavior
U02120,Mystery,0.4176,2023-07-19,behavior
U02120,Documentary,0.151,2023-04-15,hybrid
U02121,Crime,0.2899,2024-05-26,behavior
U02121,Adventure,0.219,2025-03-09,behavior
U02121,Western,0.2978,2026-01-22,behavior
U02121,Comedy,0.1933,2026-03-09,behavior
U02122,Family,0.2552,2026-01-28,onboarding
U02122,Documentary,0.7448,2025-12-10,onboarding
U02123,War,0.1436,2025-11-08,hybrid
U02123,Crime,0.4051,2025-12-30,behavior
U02123,Action,0.1884,2025-12-05,behavior
U02123,Mystery,0.263,2026-04-09,behavior
U02124,Adventure,0.3718,2024-08-03,hybrid
U02124,Science Fiction,0.3848,2023-09-05,behavior
U02124,Horror,0.2434,2023-02-18,behavior
U02125,Family,0.5249,2025-03-26,hybrid
U02125,Drama,0.2703,2024-08-10,behavior
U02125,Crime,0.2049,2024-11-25,hybrid
U02126,Drama,0.4189,2025-04-17,onboarding
U02126,Western,0.5344,2025-10-13,onboarding
U02126,Animation,0.0466,2025-10-31,hybrid
U02127,Western,0.6198,2025-09-17,hybrid
U02127,Music,0.3802,2026-04-06,onboarding
U02128,War,0.1027,2025-10-24,hybrid
U02128,History,0.0337,2024-09-23,hybrid
U02128,Crime,0.4307,2025-09-23,behavior
U02128,Horror,0.4329,2023-12-15,behavior
U02129,Fantasy,0.2755,2025-03-27,behavior
U02129,Action,0.4254,2025-04-06,hybrid
U02129,Romance,0.299,2025-09-04,hybrid
U02130,Action,0.4906,2024-09-06,hybrid
U02130,Romance,0.0453,2024-11-12,behavior
U02130,Documentary,0.4235,2025-12-28,onboarding
U02130,Western,0.0406,2026-02-14,onboarding
U02131,Mystery,0.1805,2026-02-26,onboarding
U02131,Fantasy,0.5867,2026-04-01,hybrid
U02131,Romance,0.2328,2026-03-08,behavior
U02132,Drama,0.3464,2025-12-13,behavior
U02132,Comedy,0.1549,2025-11-23,hybrid
U02132,Western,0.2562,2026-01-03,behavior
U02132,History,0.2424,2025-12-07,onboarding
U02133,Romance,0.3558,2026-04-01,behavior
U02133,Adventure,0.0962,2026-04-07,hybrid
U02133,Horror,0.2301,2026-03-28,hybrid
U02133,Western,0.3179,2026-04-04,behavior
U02134,Drama,0.415,2025-09-04,behavior
U02134,Crime,0.2539,2025-07-10,hybrid
U02134,War,0.3311,2025-08-19,hybrid
U02135,Western,0.185,2025-06-10,onboarding
U02135,Animation,0.1556,2025-07-23,onboarding
U02135,Comedy,0.3048,2026-04-09,onboarding
U02135,Documentary,0.3546,2026-04-03,behavior
U02136,Science Fiction,0.3127,2023-06-18,hybrid
U02136,Romance,0.266,2026-03-25,behavior
U02136,Documentary,0.3359,2024-03-26,behavior
U02136,Animation,0.0855,2025-06-16,onboarding
U02137,Science Fiction,0.121,2024-07-22,behavior
U02137,War,0.2479,2025-10-31,behavior
U02137,Thriller,0.6311,2024-10-09,hybrid
U02138,Adventure,0.3912,2026-03-17,behavior
U02138,Horror,0.173,2025-12-31,behavior
U02138,History,0.4358,2026-04-07,behavior
U02139,Fantasy,0.3405,2023-09-02,hybrid
U02139,Music,0.1887,2024-02-06,onboarding
U02139,Mystery,0.2963,2023-07-29,hybrid
U02139,Crime,0.1744,2024-05-07,hybrid
U02140,Mystery,0.9006,2025-11-21,behavior
U02140,Drama,0.0075,2026-03-16,hybrid
U02140,Family,0.0919,2026-03-31,behavior
U02141,Adventure,0.341,2025-04-07,behavior
U02141,Crime,0.3338,2025-01-28,hybrid
U02141,Romance,0.1995,2025-02-05,hybrid
U02141,Western,0.1257,2022-11-10,onboarding
U02142,Science Fiction,0.2392,2024-06-13,onboarding
U02142,War,0.2338,2025-02-22,hybrid
U02142,Romance,0.3318,2024-08-07,hybrid
U02142,Crime,0.1952,2024-02-28,behavior
U02143,Comedy,0.5572,2025-05-30,onboarding
U02143,Documentary,0.1823,2025-12-04,onboarding
U02143,Fantasy,0.2604,2025-02-01,hybrid
U02144,War,0.2793,2025-04-02,hybrid
U02144,Romance,0.6524,2026-03-03,hybrid
U02144,Crime,0.0683,2025-11-23,behavior
U02145,Crime,0.3297,2024-09-20,behavior
U02145,Documentary,0.6703,2024-07-19,behavior
U02146,Drama,0.3201,2022-06-30,behavior
U02146,Western,0.6799,2024-09-03,onboarding
U02147,Animation,0.5191,2025-09-16,behavior
U02147,Science Fiction,0.4809,2025-05-13,onboarding
U02148,Crime,0.4209,2024-04-23,behavior
U02148,Drama,0.4955,2025-03-26,onboarding
U02148,Romance,0.0836,2024-11-29,behavior
U02149,Action,0.6344,2025-12-24,onboarding
U02149,Fantasy,0.3656,2025-10-25,hybrid
U02150,Thriller,0.543,2026-04-02,hybrid
U02150,Western,0.457,2025-11-20,hybrid
U02151,Fantasy,0.0733,2024-08-29,hybrid
U02151,War,0.7887,2024-08-27,hybrid
U02151,Action,0.138,2025-07-26,behavior
U02152,History,0.4179,2026-03-24,onboarding
U02152,War,0.0906,2026-04-05,behavior
U02152,Action,0.4914,2026-03-27,hybrid
U02153,Western,0.521,2025-10-09,hybrid
U02153,Adventure,0.0516,2025-09-19,onboarding
U02153,Crime,0.2553,2025-09-21,behavior
U02153,Horror,0.1721,2026-01-04,onboarding
U02154,Family,0.2641,2026-02-04,onboarding
U02154,Animation,0.7359,2026-03-05,onboarding
U02155,Adventure,0.5596,2026-03-10,behavior
U02155,Family,0.4404,2025-05-17,onboarding
U02156,Music,0.3497,2025-09-25,hybrid
U02156,Western,0.0808,2024-11-21,onboarding
U02156,Comedy,0.5695,2024-10-29,behavior
U02157,Crime,0.2124,2025-12-21,onboarding
U02157,Horror,0.4263,2026-01-14,onboarding
U02157,Mystery,0.3379,2025-08-14,behavior
U02157,Music,0.0234,2025-02-28,behavior
U02158,Action,0.2779,2024-07-28,hybrid
U02158,Music,0.3512,2023-05-05,hybrid
U02158,Mystery,0.3709,2026-03-06,onboarding
U02159,Science Fiction,0.394,2023-11-12,hybrid
U02159,Drama,0.606,2024-06-23,onboarding
U02160,War,0.5189,2025-05-31,onboarding
U02160,Animation,0.4811,2024-11-05,behavior
U02161,Romance,0.062,2025-07-04,onboarding
U02161,Action,0.6055,2025-12-13,behavior
U02161,Western,0.3326,2026-03-04,behavior
U02162,War,0.1642,2026-03-31,hybrid
U02162,Action,0.7233,2024-12-14,onboarding
U02162,Crime,0.1125,2023-04-28,behavior
U02163,Western,0.33,2025-02-28,onboarding
U02163,Science Fiction,0.44,2025-03-17,behavior
U02163,Adventure,0.23,2025-11-11,hybrid
U02164,Science Fiction,0.3718,2025-04-07,onboarding
U02164,Romance,0.2733,2025-10-27,behavior
U02164,Thriller,0.0478,2023-10-22,behavior
U02164,Documentary,0.3071,2025-08-14,hybrid
U02165,War,0.6224,2024-11-03,onboarding
U02165,Animation,0.3,2026-04-10,behavior
U02165,Music,0.0776,2024-03-31,hybrid
U02166,Mystery,0.2539,2025-10-28,onboarding
U02166,Documentary,0.282,2026-03-12,behavior
U02166,Western,0.2157,2026-04-08,onboarding
U02166,Romance,0.2483,2025-12-16,behavior
U02167,Crime,0.7173,2025-11-19,behavior
U02167,Action,0.2827,2025-08-30,hybrid
U02168,Action,0.7863,2024-07-13,hybrid
U02168,Horror,0.2137,2024-10-26,behavior
U02169,Action,0.6605,2025-08-20,behavior
U02169,Thriller,0.3395,2025-10-29,onboarding
U02170,Crime,0.0339,2024-05-11,behavior
U02170,Family,0.5329,2024-05-15,onboarding
U02170,Thriller,0.4332,2024-08-18,onboarding
U02171,Romance,0.0952,2026-03-27,behavior
U02171,History,0.5815,2026-03-31,onboarding
U02171,Science Fiction,0.2646,2026-03-28,behavior
U02171,Thriller,0.0587,2026-04-08,hybrid
U02172,War,0.8686,2025-03-11,hybrid
U02172,Romance,0.0864,2025-05-13,behavior
U02172,Family,0.045,2026-01-16,onboarding
U02173,Comedy,0.5544,2024-12-05,hybrid
U02173,Documentary,0.4456,2024-11-02,onboarding
U02174,Adventure,0.3782,2025-12-29,hybrid
U02174,Music,0.1462,2025-10-21,onboarding
U02174,Crime,0.1208,2025-04-15,hybrid
U02174,Horror,0.3548,2024-12-20,behavior
U02175,Fantasy,0.3999,2026-04-10,hybrid
U02175,Adventure,0.4794,2026-04-07,hybrid
U02175,History,0.1208,2026-04-09,behavior
U02176,Comedy,0.128,2025-10-06,behavior
U02176,Crime,0.3098,2022-08-31,behavior
U02176,Family,0.3362,2026-01-05,onboarding
U02176,Horror,0.226,2023-04-19,onboarding
U02177,Western,0.3898,2025-12-21,hybrid
U02177,Animation,0.5015,2026-03-24,hybrid
U02177,Adventure,0.1086,2025-11-17,hybrid
U02178,History,0.1343,2025-05-31,behavior
U02178,Fantasy,0.4449,2024-04-05,onboarding
U02178,Music,0.4171,2025-11-05,hybrid
U02178,Drama,0.0037,2023-08-06,behavior
U02179,Romance,0.3442,2025-11-08,onboarding
U02179,History,0.1252,2025-07-13,behavior
U02179,Action,0.2935,2025-07-08,behavior
U02179,Adventure,0.2371,2026-01-30,hybrid
U02180,Drama,0.3539,2026-01-18,hybrid
U02180,Comedy,0.2058,2025-05-11,hybrid
U02180,Music,0.0634,2025-07-27,hybrid
U02180,History,0.3769,2025-12-21,behavior
U02181,War,0.5067,2025-04-15,behavior
U02181,Mystery,0.4933,2024-03-20,hybrid
U02182,History,0.2547,2025-02-04,behavior
U02182,Documentary,0.3065,2025-12-04,onboarding
U02182,Family,0.1354,2025-12-10,onboarding
U02182,Comedy,0.3034,2024-07-05,onboarding
U02183,Fantasy,0.1216,2024-07-14,hybrid
U02183,Family,0.2626,2025-09-15,behavior
U02183,Romance,0.3158,2025-11-16,hybrid
U02183,Mystery,0.3,2025-11-12,hybrid
U02184,Fantasy,0.0528,2025-03-09,hybrid
U02184,Mystery,0.3865,2024-12-07,behavior
U02184,Documentary,0.3314,2025-06-10,onboarding
U02184,Music,0.2294,2025-02-03,hybrid
U02185,Thriller,0.5145,2025-12-28,behavior
U02185,Fantasy,0.4855,2026-04-04,hybrid
U02186,War,0.4097,2024-07-29,hybrid
U02186,Comedy,0.5903,2024-05-26,behavior
U02187,Thriller,0.0503,2025-03-29,onboarding
U02187,Mystery,0.3274,2024-10-23,behavior
U02187,Adventure,0.139,2024-12-22,hybrid
U02187,Music,0.4833,2024-02-03,hybrid
U02188,Crime,0.2511,2023-10-13,behavior
U02188,Mystery,0.3796,2025-09-08,hybrid
U02188,History,0.3448,2023-03-27,behavior
U02188,Horror,0.0245,2026-04-04,behavior
U02189,Mystery,0.5174,2025-11-20,behavior
U02189,Documentary,0.0057,2025-09-19,behavior
U02189,Comedy,0.4505,2026-04-01,hybrid
U02189,Fantasy,0.0264,2025-10-07,behavior
U02190,Romance,0.5603,2026-03-26,hybrid
U02190,Western,0.2171,2025-10-15,onboarding
U02190,Animation,0.2226,2024-08-30,onboarding
U02191,Crime,0.465,2024-12-02,hybrid
U02191,Western,0.535,2025-04-09,onboarding
U02192,Western,0.0267,2026-02-10,onboarding
U02192,Family,0.146,2025-08-18,behavior
U02192,Romance,0.8273,2024-11-20,behavior
U02193,Horror,0.5562,2026-02-10,hybrid
U02193,Crime,0.4438,2025-10-12,behavior
U02194,Family,0.3384,2025-08-06,onboarding
U02194,Music,0.6616,2025-02-17,onboarding
U02195,Adventure,0.461,2025-04-12,hybrid
U02195,Comedy,0.4042,2024-07-05,onboarding
U02195,Mystery,0.1347,2023-02-22,hybrid
U02196,Mystery,0.1282,2025-09-26,onboarding
U02196,Horror,0.1995,2025-07-28,hybrid
U02196,Music,0.6722,2025-09-15,hybrid
U02197,Adventure,0.4317,2025-11-05,onboarding
U02197,Action,0.3452,2024-04-28,behavior
U02197,Drama,0.223,2025-05-16,hybrid
U02198,Fantasy,0.0221,2024-01-23,behavior
U02198,Mystery,0.6638,2025-07-28,hybrid
U02198,Thriller,0.3141,2025-09-12,hybrid
U02199,Family,0.6898,2025-12-08,onboarding
U02199,Western,0.16,2025-08-20,behavior
U02199,Animation,0.1502,2024-12-08,behavior
U02200,Drama,0.6375,2024-08-31,behavior
U02200,Crime,0.1952,2025-08-06,behavior
U02200,Music,0.1038,2025-04-06,onboarding
U02200,Adventure,0.0636,2025-10-31,hybrid
