user_id_1,user_id_2,since_date,closeness,interactions
U00001,U00120,2025-11-24,0.81,86
U00001,U00468,2026-01-17,0.89,181
U00001,U02124,2025-01-24,0.96,82
U00001,U01893,2023-12-18,0.44,6
U00001,U00511,2026-01-26,0.15,9
U00002,U01125,2024-10-09,0.99,175
U00002,U01254,2024-09-09,0.52,129
U00003,U01821,2025-01-05,0.94,77
U00003,U00352,2024-09-03,0.64,95
U00003,U01006,2026-02-10,0.96,89
U00003,U01178,2024-01-19,0.61,181
U00004,U00964,2024-07-25,0.1,86
U00004,U01993,2024-01-07,0.37,34
U00004,U00032,2024-12-07,0.39,200
U00004,U00746,2026-01-11,0.92,65
U00004,U00797,2025-04-04,0.49,3
U00004,U00057,2025-12-28,0.44,93
U00004,U00411,2024-12-30,0.3,27
U00004,U01165,2025-09-19,0.39,148
U00005,U00465,2023-08-29,0.6,12
U00005,U01758,2024-10-05,0.83,64
U00005,U01152,2024-10-21,0.73,43
U00006,U00959,2025-08-14,0.91,173
U00006,U00016,2025-06-02,0.41,178
U00006,U00063,2024-07-11,0.67,57
U00007,U00617,2024-03-09,0.54,40
U00007,U02026,2025-11-17,0.46,178
U00007,U00954,2025-12-18,0.96,62
U00007,U00211,2025-09-13,0.53,54
U00008,U01808,2024-09-15,0.84,30
U00008,U01961,2025-01-29,0.69,56
U00009,U01384,2026-01-18,0.89,113
U00009,U00264,2025-09-11,0.78,154
U00009,U01486,2023-08-18,0.11,178
U00009,U00572,2026-03-09,0.1,86
U00009,U01354,2025-03-14,0.39,73
U00009,U00494,2025-08-30,0.84,147
U00010,U00426,2024-11-12,0.36,107
U00010,U02125,2023-09-20,0.35,180
U00010,U02108,2026-02-11,0.72,105
U00010,U01632,2024-08-19,0.5,161
U00011,U00727,2024-11-30,0.46,58
U00011,U01264,2023-10-21,0.24,87
U00011,U01445,2023-06-22,0.89,110
U00011,U01891,2025-09-18,0.14,198
U00011,U01507,2023-09-23,0.22,146
U00012,U00518,2026-03-26,0.98,65
U00012,U00809,2023-09-27,0.59,138
U00012,U01165,2025-04-07,0.14,179
U00012,U01983,2024-05-05,0.11,65
U00012,U02176,2025-11-09,0.33,167
U00012,U00517,2023-12-30,0.17,158
U00013,U00771,2025-11-29,0.43,42
U00013,U02125,2024-09-22,0.67,5
U00013,U01184,2025-11-23,0.83,58
U00013,U00821,2025-12-15,0.89,108
U00013,U01984,2025-12-26,0.2,182
U00014,U01363,2023-11-20,0.56,103
U00014,U01767,2025-03-11,0.41,180
U00015,U01936,2024-12-31,0.79,37
U00015,U01725,2023-10-25,0.1,152
U00015,U01215,2023-11-13,0.69,196
U00015,U01460,2023-12-01,0.67,59
U00015,U01646,2025-08-03,0.52,74
U00015,U01644,2024-01-02,0.32,22
U00015,U02141,2024-11-14,0.14,146
U00016,U00986,2023-07-13,0.22,194
U00016,U00308,2024-09-15,0.72,35
U00016,U01274,2025-09-05,0.89,136
U00017,U01404,2024-05-01,0.58,76
U00017,U00031,2024-12-03,0.84,61
U00017,U00513,2024-06-10,0.51,178
U00018,U02090,2025-07-06,0.8,45
U00018,U01428,2023-11-30,0.63,146
U00018,U00382,2026-04-06,0.77,182
U00018,U01630,2023-11-13,0.93,29
U00018,U01106,2023-07-15,0.12,150
U00018,U00277,2025-08-18,0.94,109
U00018,U01110,2025-08-13,0.3,81
U00019,U01467,2025-04-26,0.93,141
U00019,U01963,2025-08-05,0.42,185
U00019,U01589,2026-02-04,0.94,54
U00019,U00294,2025-09-01,0.93,155
U00019,U00063,2024-03-29,0.48,141
U00019,U01635,2026-03-10,0.69,47
U00019,U00790,2024-07-15,0.25,126
U00020,U01575,2023-05-10,0.41,21
U00020,U00352,2024-10-13,0.85,53
U00020,U00782,2025-10-16,0.92,64
U00020,U01388,2025-08-14,0.72,99
U00020,U01844,2024-12-19,0.95,113
U00020,U00831,2024-04-24,0.1,171
U00020,U01290,2024-05-03,0.74,101
U00021,U02044,2025-04-23,0.23,179
U00021,U01823,2023-06-20,0.28,162
U00021,U01762,2024-07-29,0.36,116
U00021,U01393,2024-03-28,0.51,40
U00022,U01162,2025-01-18,0.49,1
U00022,U01700,2026-02-03,0.88,8
U00022,U00251,2023-05-09,0.74,199
U00022,U01122,2023-05-03,0.86,1
U00022,U01342,2023-05-09,0.79,8
U00022,U00976,2024-12-10,0.62,55
U00022,U01801,2026-01-22,0.59,156
U00022,U01564,2024-07-25,0.39,111
U00023,U00876,2023-11-30,0.11,76
U00023,U00782,2025-12-24,0.25,125
U00023,U00320,2024-02-21,0.83,121
U00024,U00835,2023-10-09,0.79,194
U00024,U01055,2025-07-28,0.5,34
U00024,U01987,2025-05-17,0.24,100
U00024,U01072,2025-10-21,0.33,98
U00024,U00433,2023-06-07,0.99,167
U00024,U01058,2025-05-05,0.22,18
U00025,U00418,2025-09-26,0.59,199
U00025,U00085,2023-09-20,0.86,66
U00025,U01743,2026-02-02,0.61,79
U00025,U00172,2024-06-08,0.55,45
U00025,U01411,2025-01-28,0.37,162
U00025,U01164,2024-09-18,0.93,73
U00026,U02174,2023-09-03,0.23,83
U00026,U01781,2024-04-20,0.78,5
U00026,U01246,2023-05-12,0.48,2
U00027,U02123,2025-06-13,0.37,71
U00027,U01815,2024-01-05,0.95,65
U00027,U00918,2024-09-27,0.65,115
U00027,U01274,2025-07-19,0.95,77
U00027,U00850,2023-09-20,0.6,155
U00004,U00027,2023-12-24,0.2,121
U00027,U00834,2024-10-26,0.8,2
U00027,U01190,2023-11-20,0.75,56
U00028,U00477,2024-05-13,0.92,33
U00028,U01684,2025-03-30,0.95,172
U00028,U01819,2024-07-12,0.52,27
U00028,U01621,2024-06-15,0.96,94
U00029,U01446,2025-06-25,0.1,195
U00029,U00559,2025-03-08,0.92,65
U00029,U00974,2023-09-11,0.27,52
U00029,U01715,2024-10-04,0.69,170
U00029,U01076,2024-05-23,0.46,182
U00029,U01962,2024-08-16,0.59,29
U00030,U01643,2025-08-09,0.34,63
U00030,U02178,2026-04-17,0.25,124
U00030,U00071,2024-01-09,0.51,33
U00031,U01420,2024-10-09,0.82,76
U00031,U01222,2024-03-10,0.41,103
U00031,U01158,2026-02-23,0.21,45
U00031,U00710,2025-02-21,0.17,81
U00031,U01949,2025-05-16,0.33,25
U00031,U00196,2025-05-30,0.6,149
U00031,U01926,2023-07-07,0.63,12
U00032,U00338,2026-04-23,0.99,174
U00032,U01534,2023-08-03,0.25,17
U00032,U00821,2026-04-09,0.9,140
U00032,U00095,2023-11-08,0.76,192
U00032,U00554,2024-12-02,0.81,136
U00033,U00212,2023-10-02,0.6,52
U00033,U00745,2023-10-27,0.59,54
U00033,U01575,2024-10-03,0.57,162
U00033,U00247,2023-07-24,0.66,196
U00033,U01561,2023-07-16,0.83,104
U00033,U01272,2025-04-22,0.97,22
U00034,U00199,2025-08-04,0.36,46
U00034,U01039,2024-12-17,0.34,37
U00035,U00360,2024-04-04,0.34,90
U00035,U01604,2024-01-07,0.18,74
U00035,U00361,2024-03-08,0.84,168
U00035,U02046,2026-04-22,0.74,7
U00035,U00608,2025-01-01,0.2,178
U00035,U02009,2025-08-11,0.61,127
U00035,U00450,2024-10-09,0.23,113
U00035,U01238,2023-07-13,0.7,104
U00036,U01518,2023-09-25,0.27,62
U00036,U01446,2026-03-11,0.77,85
U00036,U01904,2024-07-31,0.82,26
U00036,U01020,2025-07-16,0.93,98
U00037,U01262,2025-10-08,0.84,55
U00037,U00779,2023-09-25,0.63,129
U00037,U00368,2024-09-01,0.69,88
U00037,U01858,2025-12-09,0.95,119
U00037,U01224,2024-06-26,0.21,151
U00037,U00297,2025-01-02,0.74,22
U00037,U01053,2026-04-08,0.5,131
U00037,U02013,2025-03-23,0.49,42
U00038,U00605,2024-02-05,0.19,162
U00038,U01331,2025-07-28,0.42,138
U00038,U00896,2025-09-15,0.43,146
U00038,U01048,2024-03-25,0.75,88
U00039,U02190,2024-10-09,0.52,20
U00039,U01530,2024-12-28,0.72,58
U00039,U02171,2023-07-01,0.64,111
U00039,U01334,2024-09-19,0.12,14
U00039,U02071,2025-08-29,0.6,196
U00039,U02181,2025-08-31,0.13,194
U00039,U02033,2025-06-28,0.55,18
U00040,U00744,2025-06-22,0.22,189
U00040,U00504,2024-09-30,0.2,165
U00040,U01617,2025-01-06,0.22,76
U00040,U01840,2025-04-10,0.59,3
U00040,U00769,2024-03-29,0.89,184
U00040,U01864,2025-06-07,0.25,5
U00040,U00118,2023-09-18,0.2,43
U00040,U00408,2024-10-20,0.2,190
U00041,U01610,2024-11-22,0.31,122
U00041,U01295,2025-07-10,0.34,87
U00041,U01677,2024-10-31,0.21,137
U00041,U01217,2023-05-16,0.58,19
U00042,U00567,2023-10-07,0.47,161
U00042,U01653,2024-01-07,0.28,163
U00042,U01473,2023-10-29,0.72,78
U00042,U01768,2023-07-24,0.11,2
U00042,U00812,2023-10-19,0.61,29
U00042,U02122,2025-11-10,0.65,180
U00043,U00932,2024-06-27,0.29,185
U00043,U00821,2025-01-19,0.67,119
U00043,U01138,2025-12-28,0.53,197
U00043,U01264,2024-12-03,0.75,70
U00043,U01760,2026-03-23,0.52,36
U00043,U02107,2024-12-04,0.85,170
U00043,U01465,2025-01-11,0.69,32
U00044,U02023,2025-09-13,0.6,99
U00044,U00661,2023-06-27,0.52,179
U00044,U01932,2024-10-24,0.9,96
U00044,U01180,2025-08-03,0.58,73
U00044,U01829,2026-02-20,0.26,116
U00044,U00837,2024-07-27,0.17,55
U00044,U00320,2025-12-09,0.1,188
U00045,U01213,2024-10-29,1.0,100
U00045,U01629,2025-09-23,0.99,174
U00046,U00596,2023-12-15,0.49,164
U00046,U01939,2023-06-02,0.12,46
U00047,U00415,2026-01-09,0.94,90
U00047,U01444,2023-07-30,0.88,123
U00047,U00450,2023-11-16,0.74,187
U00047,U00430,2026-04-18,0.14,44
U00047,U01793,2025-01-16,0.74,145
U00048,U00994,2024-12-11,0.4,20
U00048,U02022,2025-10-14,0.31,58
U00048,U00852,2023-12-16,0.27,133
U00048,U01052,2023-06-03,0.93,172
U00048,U01271,2024-11-12,0.3,142
U00048,U01870,2023-06-04,0.23,46
U00049,U01251,2026-02-20,0.46,123
U00049,U01340,2025-06-20,0.9,181
U00049,U01530,2024-04-24,0.45,182
U00049,U01317,2025-07-10,0.94,60
U00049,U00608,2025-06-04,0.23,42
U00049,U00056,2024-10-15,0.1,160
U00049,U00927,2025-02-20,0.39,9
U00050,U01810,2026-01-26,0.18,161
U00050,U00152,2025-01-15,0.96,174
U00050,U01064,2025-10-26,0.53,66
U00050,U00159,2023-08-14,0.26,197
U00050,U00881,2024-10-20,0.7,193
U00050,U01874,2025-06-11,0.37,50
U00050,U02089,2026-02-26,0.34,165
U00051,U01235,2025-01-01,0.85,123
U00051,U00267,2023-11-14,0.52,6
U00052,U01062,2025-12-30,0.62,138
U00052,U00837,2024-08-27,0.3,13
U00052,U00659,2024-05-03,0.45,19
U00053,U00850,2024-01-20,0.6,16
U00053,U01296,2025-05-22,0.35,168
U00053,U00317,2024-04-17,0.84,110
U00053,U00751,2025-09-10,0.36,125
U00053,U01511,2025-08-27,0.5,120
U00053,U02024,2024-04-29,0.75,173
U00053,U00673,2026-03-26,0.59,43
U00054,U01684,2024-09-28,0.9,197
U00054,U00218,2023-07-15,0.69,107
U00055,U01717,2024-10-19,0.88,141
U00055,U00919,2025-02-10,0.41,1
U00055,U00834,2024-11-21,0.72,200
U00055,U00518,2025-07-09,0.5,1
U00056,U02082,2025-09-18,0.87,51
U00056,U00272,2026-02-17,0.4,37
U00052,U00056,2023-11-10,0.98,10
U00056,U00519,2023-10-07,0.41,190
U00057,U00280,2024-02-24,0.52,105
U00057,U01947,2026-03-28,0.72,197
U00057,U00551,2024-04-27,0.81,28
U00057,U00701,2023-11-10,0.87,95
U00058,U01295,2024-10-12,0.26,49
U00058,U00621,2026-02-19,0.44,117
U00058,U01764,2024-03-08,0.34,142
U00058,U00707,2026-01-05,0.14,29
U00058,U00756,2025-01-22,0.59,97
U00058,U00717,2026-04-03,0.56,156
U00058,U00083,2023-10-10,0.15,71
U00059,U01741,2023-12-16,0.27,10
U00059,U00783,2025-11-04,0.51,96
U00060,U01684,2024-08-14,0.62,69
U00060,U01529,2025-11-26,0.79,70
U00060,U01279,2025-03-25,0.72,59
U00061,U01420,2024-08-20,0.19,192
U00061,U00779,2023-07-15,0.49,159
U00061,U00385,2026-04-24,0.92,33
U00061,U00466,2024-09-06,0.73,2
U00061,U00407,2026-01-03,0.51,158
U00002,U00061,2024-06-21,0.89,27
U00062,U00179,2025-04-27,0.66,89
U00062,U00720,2025-05-10,0.81,11
U00063,U00328,2024-01-16,0.67,30
U00063,U01180,2025-11-25,0.87,18
U00063,U01146,2024-01-04,0.49,128
U00063,U01852,2026-03-15,0.69,100
U00064,U00553,2023-06-13,0.3,58
U00064,U01632,2025-06-18,0.4,122
U00064,U00080,2024-08-06,0.3,85
U00065,U00306,2026-03-09,0.37,161
U00065,U00170,2026-03-25,0.66,152
U00065,U01709,2023-12-14,0.82,68
U00065,U01806,2024-09-01,0.83,156
U00065,U01128,2023-08-23,0.24,184
U00066,U00624,2026-05-01,0.44,27
U00066,U01476,2023-11-01,0.49,107
U00066,U00585,2026-01-09,0.86,73
U00067,U02126,2023-10-17,0.91,93
U00067,U01654,2025-12-23,0.54,102
U00068,U00494,2023-11-15,0.45,1
U00068,U01789,2023-06-09,0.97,100
U00068,U01393,2024-09-14,0.66,149
U00068,U02079,2025-08-04,0.69,14
U00069,U01846,2023-07-21,0.85,71
U00069,U00767,2024-10-24,0.71,92
U00070,U00780,2025-01-11,0.61,123
U00070,U00146,2024-08-24,0.12,75
U00071,U00200,2023-11-17,0.9,109
U00071,U00736,2024-08-15,0.14,13
U00071,U00914,2024-09-22,0.28,81
U00071,U00544,2023-08-30,0.16,7
U00071,U00881,2024-07-23,0.59,74
U00071,U02063,2024-12-22,0.93,128
U00072,U01206,2025-11-12,0.24,99
U00072,U01293,2023-06-23,0.21,26
U00072,U01821,2024-05-27,0.25,6
U00072,U01651,2025-06-10,0.81,20
U00073,U00281,2025-03-06,0.92,145
U00073,U00329,2023-06-21,0.47,190
U00073,U02154,2025-07-10,0.76,158
U00073,U01833,2026-01-06,0.69,28
U00074,U00159,2023-11-19,0.44,35
U00074,U01116,2024-11-04,0.67,100
U00074,U00351,2023-12-31,0.12,184
U00074,U00127,2023-09-11,0.59,71
U00065,U00074,2025-10-30,0.81,61
U00074,U00644,2024-05-12,0.2,172
U00075,U01498,2023-12-02,0.21,195
U00075,U00693,2023-05-15,0.8,40
U00075,U01970,2023-08-01,0.11,129
U00075,U00186,2023-05-09,0.76,188
U00075,U01962,2024-08-20,0.34,100
U00076,U01977,2025-09-08,0.9,101
U00076,U00779,2023-08-06,0.41,103
U00076,U01927,2026-01-28,0.46,52
U00076,U01218,2025-08-22,0.56,93
U00077,U00575,2023-08-23,0.99,22
U00077,U00121,2023-09-04,0.2,183
U00078,U01434,2025-09-20,0.64,198
U00078,U01523,2023-08-10,0.96,72
U00078,U00235,2024-12-07,0.22,113
U00078,U00260,2025-02-08,0.38,76
U00078,U00863,2024-05-17,0.62,159
U00078,U01430,2025-08-14,0.6,76
U00079,U00131,2024-05-25,0.32,65
U00079,U01012,2025-02-11,0.53,84
U00079,U00692,2023-07-07,0.83,12
U00079,U00521,2025-09-16,0.82,198
U00079,U00465,2025-09-28,0.1,48
U00079,U00512,2025-01-30,1.0,33
U00080,U00593,2025-09-25,0.48,150
U00080,U00249,2025-05-05,0.61,116
U00018,U00081,2026-03-09,0.12,150
U00081,U00682,2024-04-26,0.62,150
U00082,U01282,2025-03-02,0.23,131
U00082,U00726,2024-09-07,0.71,146
U00082,U01447,2024-02-02,0.92,61
U00082,U00089,2025-09-07,0.52,25
U00082,U01067,2023-09-29,0.79,164
U00082,U00448,2025-05-22,0.71,139
U00082,U02152,2026-02-18,0.91,195
U00082,U02188,2024-02-04,0.28,195
U00083,U01230,2024-04-02,0.4,155
U00083,U00536,2026-03-17,0.81,62
U00083,U02036,2025-03-10,0.66,13
U00083,U01261,2023-09-13,0.77,150
U00084,U00232,2025-06-25,0.92,68
U00084,U00669,2026-01-27,0.76,33
U00084,U01241,2025-03-19,0.5,52
U00084,U00656,2025-01-08,0.37,193
U00085,U00328,2024-05-03,0.46,175
U00085,U00994,2023-09-25,0.47,11
U00085,U01940,2026-03-22,0.5,155
U00085,U00382,2025-08-07,0.53,86
U00085,U01416,2025-08-19,0.19,34
U00086,U00239,2024-01-07,0.27,40
U00086,U01875,2026-04-12,0.76,99
U00086,U00097,2023-10-16,0.26,188
U00086,U00663,2025-04-18,0.46,186
U00086,U00095,2025-02-18,0.86,115
U00087,U00651,2025-05-15,0.58,126
U00087,U00320,2023-10-06,0.98,59
U00087,U01275,2025-02-11,0.82,8
U00087,U01203,2025-02-23,0.44,77
U00087,U01599,2023-06-07,0.94,26
U00087,U00617,2026-02-23,0.18,116
U00087,U00089,2024-02-03,0.57,135
U00088,U00604,2024-08-12,0.17,2
U00088,U01066,2025-12-24,0.27,70
U00088,U01350,2024-05-02,0.79,87
U00088,U00497,2026-03-20,0.71,10
U00088,U00281,2024-06-06,0.47,114
U00089,U01765,2024-06-11,0.11,128
U00089,U00316,2024-08-27,0.9,157
U00089,U01350,2025-02-23,0.17,30
U00089,U00561,2024-09-13,0.83,122
U00090,U01070,2025-09-28,0.17,192
U00090,U01632,2024-11-19,0.76,133
U00090,U00490,2026-04-17,0.45,49
U00090,U00662,2023-09-19,0.82,156
U00091,U01785,2025-08-27,0.66,121
U00065,U00091,2025-05-15,0.72,154
U00091,U00270,2024-02-08,0.45,107
U00091,U01188,2025-07-01,0.26,104
U00091,U01079,2024-10-26,0.44,190
U00092,U01705,2025-04-10,0.64,156
U00092,U00094,2025-08-14,0.88,107
U00092,U01493,2026-03-07,0.63,36
U00093,U01763,2025-11-05,0.54,194
U00093,U00458,2024-10-18,0.83,92
U00093,U00497,2023-10-26,0.36,103
U00093,U00795,2026-04-25,0.89,114
U00093,U02048,2023-08-19,0.25,128
U00093,U01581,2025-04-25,0.85,11
U00093,U01320,2024-12-05,0.35,166
U00094,U00459,2024-09-11,0.3,8
U00094,U01632,2023-07-20,0.16,181
U00094,U01420,2024-03-31,0.7,157
U00095,U01942,2024-05-04,0.14,19
U00095,U02122,2024-06-04,0.17,153
U00095,U00122,2023-10-19,0.26,43
U00096,U00901,2024-08-04,0.69,49
U00096,U00163,2025-12-19,0.6,196
U00096,U01906,2025-07-25,0.3,124
U00096,U01276,2024-10-08,0.63,177
U00096,U00400,2023-09-03,0.33,130
U00096,U00477,2025-05-01,0.38,110
U00096,U00448,2024-03-27,0.51,131
U00096,U01428,2025-07-12,0.95,69
U00097,U01387,2024-12-19,0.71,122
U00097,U00180,2024-09-02,0.12,153
U00097,U00424,2023-10-03,0.3,191
U00098,U01854,2024-03-11,0.71,51
U00098,U00146,2026-04-25,0.42,81
U00098,U01727,2024-01-06,0.29,186
U00098,U01649,2023-09-08,0.47,77
U00098,U01256,2023-12-28,0.8,94
U00098,U00885,2026-03-08,0.76,102
U00099,U01205,2025-08-21,0.14,113
U00099,U00522,2025-02-01,0.77,85
U00099,U01612,2024-11-19,0.53,164
U00099,U01313,2025-06-20,0.45,192
U00099,U01204,2023-06-15,0.55,50
U00100,U00231,2023-11-05,0.16,164
U00100,U00423,2023-07-06,0.28,59
U00100,U01559,2025-03-02,0.33,178
U00100,U00576,2024-03-28,0.65,28
U00100,U01093,2026-02-24,0.37,148
U00100,U01330,2024-05-15,0.71,90
U00100,U00376,2025-01-31,0.93,105
U00100,U01233,2025-09-18,0.27,143
U00101,U00214,2025-05-15,0.77,13
U00101,U01147,2024-05-12,0.69,150
U00101,U01807,2024-01-03,0.71,101
U00101,U00171,2024-05-22,0.3,42
U00101,U00437,2025-12-29,0.29,127
U00102,U01555,2025-03-04,0.84,91
U00102,U01937,2023-08-09,0.45,42
U00102,U00506,2025-01-02,0.61,109
U00102,U00976,2023-05-26,0.9,53
U00102,U00446,2025-11-30,0.38,185
U00102,U00507,2026-04-23,0.2,134
U00102,U01993,2023-07-30,0.34,158
U00103,U01190,2024-03-05,0.49,195
U00103,U01480,2023-10-12,0.64,110
U00103,U00690,2026-02-03,0.52,84
U00103,U01023,2025-11-23,0.92,174
U00103,U01859,2024-04-16,0.4,70
U00104,U01427,2026-02-08,0.52,134
U00104,U01349,2025-05-01,0.47,105
U00104,U01468,2024-12-26,0.73,43
U00104,U01538,2024-04-15,0.72,84
U00104,U00428,2025-04-19,0.64,102
U00104,U01734,2025-08-10,0.35,70
U00105,U00273,2025-06-26,0.49,189
U00105,U01495,2026-02-28,0.7,148
U00105,U00374,2024-06-01,0.87,123
U00105,U01716,2025-12-07,0.33,134
U00105,U01040,2023-06-17,0.75,135
U00105,U01832,2023-11-11,0.31,197
U00105,U01801,2025-11-30,0.16,72
U00105,U00426,2024-05-10,0.71,87
U00106,U00853,2023-09-03,0.32,82
U00106,U01322,2023-11-03,0.23,72
U00106,U01244,2025-03-31,0.55,79
U00106,U01736,2024-10-08,0.98,91
U00106,U00408,2026-02-06,0.94,27
U00106,U00675,2024-03-23,0.34,15
U00107,U00471,2023-12-05,0.21,139
U00107,U01564,2025-02-18,0.5,80
U00107,U01698,2023-12-14,0.61,122
U00107,U02147,2024-12-19,0.89,153
U00107,U02097,2023-11-23,0.78,141
U00108,U02053,2023-06-14,0.6,107
U00108,U01563,2024-09-26,0.94,178
U00109,U00153,2024-07-20,0.81,130
U00069,U00109,2026-01-02,0.88,85
U00109,U01793,2024-01-14,0.92,87
U00109,U01188,2025-05-14,0.32,178
U00109,U01572,2026-04-10,0.18,165
U00109,U00519,2025-04-06,0.32,154
U00109,U00419,2023-10-12,0.2,153
U00110,U00331,2023-12-15,0.6,48
U00110,U00538,2024-06-27,0.43,34
U00110,U01517,2025-05-26,0.3,96
U00110,U01667,2024-10-05,0.82,132
U00111,U01924,2024-01-29,0.27,18
U00111,U00431,2023-09-22,0.64,122
U00111,U01246,2023-08-09,0.84,146
U00112,U00569,2024-03-15,0.8,184
U00112,U00509,2026-02-27,0.58,33
U00112,U01912,2026-02-17,0.65,40
U00112,U01304,2025-06-17,0.71,69
U00112,U00334,2024-02-12,0.56,98
U00113,U01347,2023-05-24,0.98,5
U00113,U00591,2023-06-24,0.34,15
U00113,U01356,2024-04-06,0.4,143
U00113,U00266,2024-08-29,0.77,92
U00113,U00269,2024-08-18,0.99,131
U00113,U01880,2026-03-16,1.0,86
U00113,U02152,2024-11-29,0.37,172
U00114,U00782,2024-10-27,0.62,10
U00114,U00169,2025-01-30,0.57,65
U00114,U01282,2024-11-19,0.24,143
U00114,U01147,2025-05-01,0.2,144
U00114,U00308,2025-05-11,0.64,131
U00114,U01072,2026-01-05,0.78,134
U00114,U00361,2024-10-11,0.27,88
U00114,U01199,2024-08-14,0.27,43
U00115,U00710,2025-03-27,0.26,39
U00115,U00572,2025-04-03,0.54,74
U00115,U00278,2025-06-15,0.31,145
U00115,U02077,2024-01-29,0.63,1
U00115,U01383,2023-07-13,0.37,130
U00116,U01639,2025-05-21,0.3,168
U00116,U02094,2024-11-14,0.49,45
U00116,U00272,2025-03-14,0.8,119
U00116,U00494,2024-02-23,0.81,114
U00117,U01344,2023-12-11,0.95,22
U00117,U01635,2025-06-13,0.65,100
U00117,U01946,2025-09-12,0.46,188
U00118,U00414,2024-03-25,0.89,36
U00118,U00653,2023-07-16,0.89,110
U00118,U00387,2026-01-03,0.72,67
U00118,U00252,2024-11-07,0.33,97
U00118,U01147,2024-01-25,0.39,32
U00044,U00118,2024-04-26,0.41,157
U00119,U00723,2024-11-15,0.56,16
U00119,U00124,2024-10-04,0.53,178
U00119,U01808,2023-09-09,0.85,166
U00119,U01255,2023-07-03,0.75,97
U00119,U00614,2024-10-27,0.14,104
U00119,U01167,2024-10-03,0.32,95
U00072,U00119,2025-09-06,0.31,200
U00120,U01153,2025-04-29,0.94,131
U00120,U01407,2025-03-27,0.3,150
U00120,U02021,2025-11-06,0.12,144
U00120,U00604,2023-11-05,0.96,158
U00120,U01827,2023-09-07,0.85,157
U00121,U00514,2024-01-31,0.16,163
U00121,U01684,2026-02-19,0.21,23
U00121,U00988,2026-01-04,0.53,176
U00121,U00328,2025-02-01,0.17,134
U00121,U00766,2024-11-19,0.26,94
U00121,U01949,2023-10-05,0.55,33
U00122,U00602,2025-09-02,0.59,79
U00122,U00295,2026-02-16,0.32,111
U00122,U01556,2024-02-03,0.82,11
U00122,U00301,2024-11-16,0.23,139
U00122,U00686,2025-05-31,0.17,118
U00123,U00993,2025-02-17,0.65,24
U00123,U00775,2023-12-02,0.44,152
U00124,U01278,2023-10-13,0.72,88
U00124,U00775,2024-06-14,0.97,79
U00124,U01254,2023-05-11,0.95,87
U00124,U01148,2024-04-23,0.57,77
U00104,U00124,2023-11-26,0.59,27
U00124,U01855,2025-01-05,0.3,177
U00124,U01587,2024-08-26,0.99,33
U00124,U00783,2024-04-16,0.4,161
U00062,U00125,2024-12-01,0.64,84
U00125,U01751,2023-08-28,0.41,31
U00125,U01509,2024-08-10,0.78,99
U00125,U00674,2026-04-08,0.41,137
U00045,U00125,2024-02-17,0.17,50
U00125,U01197,2023-07-12,0.22,45
U00126,U01998,2025-12-17,0.41,23
U00126,U02164,2025-05-28,0.21,144
U00126,U00513,2025-01-08,0.36,45
U00126,U00765,2024-12-06,0.97,155
U00127,U02189,2025-02-23,0.26,135
U00108,U00127,2025-01-11,0.42,65
U00127,U01260,2023-11-14,0.79,81
U00127,U00226,2025-06-15,0.46,42
U00127,U01396,2024-12-15,0.4,148
U00127,U00374,2025-02-22,0.89,102
U00127,U00299,2023-08-16,0.39,185
U00128,U00745,2025-08-04,0.89,196
U00128,U00611,2025-11-11,0.96,6
U00128,U00229,2024-01-05,0.62,139
U00128,U01648,2025-04-14,0.88,188
U00085,U00128,2025-08-27,0.61,6
U00128,U00193,2025-11-18,0.75,130
U00129,U00850,2025-08-03,0.38,3
U00129,U00476,2026-02-07,0.59,67
U00129,U00716,2024-10-08,0.42,43
U00129,U00190,2023-06-22,0.91,114
U00129,U00244,2023-05-15,0.26,36
U00129,U00814,2024-08-31,0.37,144
U00012,U00129,2024-05-07,0.39,86
U00130,U00279,2026-03-16,0.71,42
U00130,U00858,2025-03-30,0.91,121
U00130,U00549,2024-12-28,0.81,49
U00130,U00637,2024-12-14,0.38,140
U00130,U00422,2023-05-07,0.39,10
U00131,U00978,2024-11-18,0.18,124
U00131,U01502,2023-09-27,0.71,139
U00131,U00442,2025-03-25,0.35,156
U00131,U00657,2023-06-07,0.25,36
U00131,U01701,2025-04-01,0.53,23
U00083,U00131,2026-04-10,0.29,155
U00132,U00669,2026-01-17,0.64,71
U00132,U01819,2025-08-01,0.19,179
U00133,U01405,2025-10-11,0.54,150
U00133,U01810,2024-07-02,0.97,180
U00133,U01719,2026-03-24,0.39,173
U00133,U01734,2026-02-17,0.49,154
U00133,U01543,2023-05-04,0.4,163
U00133,U02181,2025-03-07,0.23,33
U00134,U01252,2026-01-25,0.45,159
U00134,U01955,2024-06-22,0.16,109
U00134,U00465,2025-06-16,0.17,149
U00135,U01131,2023-06-28,0.92,71
U00135,U00340,2023-07-28,0.4,72
U00135,U01824,2025-04-05,0.69,4
U00131,U00135,2024-12-06,0.62,64
U00135,U01079,2025-06-26,0.52,195
U00006,U00136,2024-07-02,0.6,48
U00136,U01039,2024-09-04,0.84,7
U00136,U01543,2024-03-26,0.85,82
U00136,U02042,2023-08-13,0.82,193
U00136,U01370,2024-08-18,0.17,116
U00137,U00252,2024-05-10,0.21,18
U00137,U01995,2024-05-03,0.75,41
U00137,U02163,2025-10-13,0.64,167
U00137,U01838,2024-02-01,0.33,163
U00138,U02038,2024-07-09,0.57,82
U00138,U02019,2024-04-19,0.3,132
U00138,U01996,2025-08-28,0.83,60
U00138,U01863,2024-08-03,0.19,13
U00138,U00952,2023-05-22,0.16,61
U00138,U00466,2024-07-15,0.53,36
U00139,U00790,2024-09-25,0.13,157
U00139,U01371,2024-10-25,0.36,121
U00139,U00869,2025-02-28,0.38,17
U00139,U00507,2025-04-01,0.17,70
U00140,U00262,2023-07-30,0.41,26
U00140,U00179,2024-05-12,0.51,85
U00140,U01165,2024-11-05,0.99,108
U00017,U00140,2024-12-11,0.36,197
U00141,U01691,2023-10-12,0.97,67
U00141,U00756,2023-10-30,0.4,122
U00141,U01140,2024-07-16,0.68,111
U00141,U00721,2025-03-08,0.86,74
U00141,U01854,2025-09-17,0.17,62
U00142,U00483,2025-01-14,0.93,70
U00072,U00142,2026-03-27,0.67,137
U00142,U00184,2025-10-25,0.47,60
U00143,U00819,2024-07-05,0.38,100
U00143,U01283,2023-07-16,1.0,8
U00143,U01561,2024-03-20,0.88,29
U00143,U00568,2023-12-21,0.45,35
U00144,U01339,2023-10-03,0.38,24
U00144,U01858,2024-09-26,0.44,102
U00144,U00434,2024-12-28,0.75,148
U00145,U00795,2024-06-02,0.63,35
U00145,U00746,2026-02-10,0.65,54
U00146,U00291,2025-11-21,0.18,91
U00146,U01914,2024-06-18,0.46,52
U00146,U01392,2026-02-25,0.42,171
U00146,U00674,2024-06-05,0.89,91
U00146,U01634,2026-01-09,0.95,76
U00146,U00789,2025-05-11,0.72,30
U00146,U01781,2023-05-28,0.72,61
U00146,U00877,2023-07-03,0.43,158
U00147,U01253,2024-08-19,0.17,150
U00147,U00778,2026-03-18,0.72,38
U00148,U02152,2025-01-02,0.38,134
U00148,U00895,2023-07-23,0.14,130
U00148,U00174,2025-02-13,0.75,74
U00149,U00333,2024-12-23,0.7,60
U00149,U00933,2025-05-04,0.95,4
U00125,U00150,2025-01-05,0.18,116
U00150,U00808,2024-07-20,0.65,139
U00150,U01570,2026-03-10,0.83,142
U00100,U00150,2024-10-23,0.44,197
U00150,U02055,2026-03-28,0.77,8
U00150,U00599,2025-09-23,0.45,158
U00151,U01467,2024-05-29,0.93,190
U00151,U01887,2025-09-23,0.48,136
U00151,U02012,2026-01-12,0.92,73
U00151,U00411,2023-10-11,0.68,103
U00151,U01241,2024-02-28,0.22,73
U00151,U01152,2024-10-07,0.56,69
U00151,U01378,2023-08-06,0.67,160
U00151,U00191,2024-02-01,0.86,184
U00152,U01013,2025-08-15,0.66,68
U00152,U01219,2025-07-17,0.27,10
U00152,U00435,2025-04-21,0.76,80
U00152,U01195,2024-05-28,0.65,190
U00152,U00786,2024-11-12,0.95,163
U00152,U01149,2025-06-18,0.2,99
U00153,U01216,2025-02-05,0.97,97
U00153,U01293,2025-03-19,0.61,100
U00153,U00749,2025-11-27,0.82,52
U00153,U01744,2024-07-18,0.88,119
U00153,U00180,2025-08-15,0.43,162
U00153,U00591,2025-11-06,0.68,41
U00153,U01350,2023-08-28,0.53,7
U00154,U00514,2024-11-14,0.43,82
U00154,U02161,2025-08-27,0.61,81
U00154,U00612,2024-01-21,0.52,35
U00154,U01132,2023-12-17,0.43,191
U00154,U01594,2025-08-19,0.9,110
U00155,U00468,2025-02-20,0.61,155
U00155,U01860,2024-09-28,0.94,64
U00156,U01733,2023-06-26,0.13,150
U00156,U02003,2024-03-29,0.32,39
U00156,U00992,2025-09-26,0.98,126
U00156,U00863,2026-01-11,0.87,94
U00156,U01510,2025-01-14,0.29,196
U00156,U01931,2024-10-08,0.44,191
U00156,U00616,2026-03-27,0.47,141
U00116,U00157,2023-09-27,0.67,156
U00157,U00624,2024-04-07,0.97,73
U00157,U01462,2023-05-25,0.58,83
U00157,U00366,2026-01-16,0.49,199
U00157,U02054,2023-05-15,0.42,170
U00157,U00627,2023-08-22,0.1,142
U00157,U01395,2025-06-04,0.3,36
U00158,U01348,2026-02-03,0.86,157
U00127,U00158,2025-04-19,0.51,77
U00158,U02020,2023-10-06,0.8,71
U00158,U01394,2024-08-08,0.78,181
U00158,U00943,2025-05-30,0.18,14
U00158,U02159,2024-03-18,0.66,36
U00159,U00338,2025-09-13,0.46,134
U00159,U01248,2025-06-04,0.66,27
U00159,U00398,2024-01-27,0.32,33
U00159,U01824,2025-10-12,0.7,30
U00159,U00203,2025-02-20,0.69,79
U00160,U00994,2025-07-03,0.67,22
U00160,U01791,2026-03-22,0.73,68
U00160,U00365,2024-04-19,0.35,53
U00160,U00295,2023-05-23,0.73,13
U00160,U00631,2023-05-21,0.21,91
U00109,U00160,2025-08-02,0.68,171
U00160,U01194,2023-10-10,0.29,200
U00160,U01696,2025-10-01,0.19,39
U00161,U01936,2025-02-25,0.54,158
U00161,U01002,2024-10-09,0.7,48
U00161,U01993,2025-09-27,0.44,82
U00161,U01841,2025-07-26,0.78,86
U00161,U00725,2023-08-17,0.13,5
U00162,U00973,2025-07-21,0.53,180
U00162,U01105,2024-01-31,0.8,161
U00162,U01465,2026-01-10,0.44,72
U00163,U01454,2025-09-30,0.42,91
U00163,U01402,2024-08-07,0.54,139
U00163,U01863,2024-09-09,0.63,170
U00163,U01592,2023-07-02,0.32,46
U00163,U01405,2023-07-11,0.1,98
U00163,U01279,2024-08-28,0.86,163
U00163,U01491,2024-06-29,0.98,40
U00163,U00384,2025-05-17,0.66,155
U00164,U00886,2024-04-28,0.9,120
U00164,U00485,2023-08-27,0.18,191
U00164,U02152,2025-01-29,0.74,147
U00164,U00986,2023-12-03,0.77,131
U00164,U01242,2024-11-23,0.51,57
U00164,U02177,2023-09-21,0.79,126
U00165,U00869,2025-05-07,0.55,130
U00165,U01897,2026-04-28,0.18,103
U00165,U00990,2026-01-17,0.81,125
U00166,U00403,2025-06-06,0.82,34
U00166,U01092,2024-11-24,0.94,156
U00166,U01511,2024-03-10,0.53,143
U00166,U01620,2025-07-31,0.16,91
U00166,U01318,2025-02-23,0.26,61
U00086,U00166,2023-05-31,0.14,95
U00166,U00284,2023-12-29,0.55,66
U00166,U01414,2024-10-25,0.75,127
U00167,U00586,2026-04-22,0.28,157
U00167,U01127,2023-05-03,0.45,111
U00168,U01724,2023-08-04,0.74,144
U00168,U00478,2024-12-23,0.55,156
U00168,U00831,2025-12-29,0.7,49
U00090,U00168,2025-11-27,0.29,29
U00169,U00975,2024-12-22,0.47,59
U00106,U00169,2026-01-19,0.69,103
U00169,U00490,2024-08-22,0.48,17
U00169,U00542,2026-04-02,0.39,121
U00169,U00443,2025-12-21,0.86,173
U00169,U01418,2025-02-25,0.52,97
U00169,U01239,2023-11-20,0.17,135
U00170,U00567,2024-06-30,0.96,109
U00170,U00536,2023-10-15,0.74,186
U00170,U01046,2024-12-07,0.54,64
U00170,U01760,2026-03-25,0.66,91
U00170,U01656,2025-10-01,0.68,137
U00170,U00744,2024-06-17,0.11,46
U00171,U00188,2026-01-13,0.67,18
U00080,U00171,2025-04-27,0.79,39
U00171,U00984,2023-12-03,0.46,191
U00126,U00171,2024-08-13,0.74,81
U00171,U00922,2026-03-22,0.57,35
U00148,U00171,2025-06-14,0.22,106
U00171,U02072,2023-07-18,0.69,79
U00172,U00593,2025-08-22,0.98,186
U00172,U01608,2025-12-28,0.97,90
U00172,U00346,2025-01-07,0.63,109
U00172,U01302,2023-07-22,0.78,109
U00172,U01407,2024-07-10,0.46,81
U00172,U00629,2023-05-30,0.37,179
U00172,U01128,2025-07-30,0.63,4
U00173,U01444,2023-12-30,0.67,127
U00173,U00201,2026-03-22,0.49,194
U00173,U00611,2024-03-06,0.17,132
U00173,U00211,2024-11-08,0.15,189
U00174,U01527,2026-01-21,0.35,85
U00174,U00647,2023-07-01,0.66,52
U00174,U01502,2026-02-28,0.47,140
U00174,U01234,2024-08-13,0.64,95
U00174,U01656,2025-07-28,0.16,107
U00175,U01462,2025-02-25,0.97,183
U00175,U01829,2026-02-23,0.3,57
U00175,U01793,2024-03-26,0.3,199
U00175,U00451,2024-01-04,0.35,69
U00175,U01437,2025-10-27,0.11,120
U00175,U00358,2024-04-19,0.41,3
U00175,U01515,2026-01-27,0.95,141
U00176,U00369,2025-08-09,0.3,28
U00176,U01810,2025-06-11,0.71,138
U00176,U01012,2025-04-03,0.64,42
U00177,U01862,2026-01-17,0.56,184
U00177,U01110,2023-10-31,0.84,191
U00177,U00491,2025-07-09,0.95,46
U00177,U00253,2024-12-06,0.28,194
U00178,U01034,2023-10-05,0.64,71
U00150,U00178,2023-10-31,0.68,18
U00178,U02013,2025-09-09,0.58,11
U00067,U00178,2023-06-25,0.27,76
U00178,U01636,2023-07-03,0.31,180
U00101,U00178,2023-08-01,0.11,149
U00178,U01331,2024-11-01,0.41,106
U00179,U01719,2023-08-11,0.96,142
U00179,U00997,2025-03-20,0.43,5
U00179,U00985,2024-07-18,0.81,192
U00180,U00252,2024-12-08,0.32,35
U00180,U01952,2024-08-28,0.99,160
U00180,U00491,2024-08-21,0.42,7
U00180,U00527,2023-07-29,0.89,193
U00181,U01986,2025-12-04,0.46,120
U00181,U02120,2025-07-20,0.14,192
U00181,U01985,2025-12-19,0.91,95
U00144,U00181,2024-01-15,0.71,178
U00011,U00181,2025-05-12,0.42,196
U00181,U01183,2025-02-26,0.23,191
U00181,U01115,2025-05-08,0.57,33
U00182,U01627,2024-12-21,0.78,108
U00182,U01967,2024-11-12,0.7,58
U00182,U01687,2025-01-14,0.31,173
U00182,U01635,2026-02-09,0.83,192
U00093,U00183,2024-08-14,0.4,70
U00183,U01259,2024-06-19,0.63,1
U00183,U00751,2024-10-01,0.37,68
U00183,U00806,2024-11-29,1.0,124
U00184,U02107,2025-04-11,0.74,16
U00184,U00358,2024-05-26,0.33,121
U00184,U00496,2023-12-14,0.2,160
U00184,U00822,2024-01-07,0.85,123
U00184,U01444,2024-08-03,0.77,14
U00184,U01306,2025-04-25,0.5,141
U00184,U00325,2025-03-15,0.33,98
U00185,U00596,2025-07-13,0.39,122
U00185,U01805,2023-12-22,0.58,175
U00155,U00185,2024-01-08,0.42,145
U00186,U02045,2025-01-11,0.42,95
U00186,U01966,2023-06-05,0.39,77
U00187,U00744,2026-04-05,0.4,165
U00187,U00973,2023-09-06,0.79,14
U00187,U00691,2023-07-10,0.71,17
U00187,U00701,2024-09-05,0.63,31
U00187,U01363,2023-09-27,0.64,87
U00187,U01096,2023-12-28,0.77,198
U00188,U00237,2024-03-01,0.21,39
U00155,U00188,2024-05-30,0.93,40
U00140,U00189,2023-10-08,0.84,98
U00189,U00948,2026-01-13,0.44,185
U00189,U01187,2023-09-12,0.97,157
U00190,U00319,2025-05-25,0.61,28
U00190,U01930,2025-10-24,0.89,94
U00190,U01823,2025-12-10,0.58,104
U00190,U01415,2025-06-20,0.84,94
U00190,U00840,2024-03-12,0.11,36
U00190,U00597,2025-03-13,0.78,80
U00190,U01097,2023-09-03,0.97,78
U00190,U01890,2025-02-24,0.69,137
U00191,U01176,2025-08-21,0.65,80
U00191,U00594,2023-08-24,0.7,115
U00191,U00254,2025-10-23,0.26,28
U00191,U01035,2025-12-12,0.95,113
U00192,U01831,2024-09-17,0.18,171
U00192,U01872,2024-12-27,0.89,157
U00193,U01866,2025-07-13,0.59,99
U00193,U01873,2026-03-17,0.33,170
U00194,U00338,2026-03-26,0.18,42
U00194,U00364,2023-10-19,0.45,107
U00194,U01182,2025-11-27,0.99,68
U00194,U01966,2025-03-04,0.28,170
U00195,U00491,2025-11-12,0.81,137
U00195,U00567,2025-08-08,0.3,185
U00195,U00734,2023-07-20,0.67,140
U00196,U01759,2026-01-27,0.45,92
U00196,U00499,2024-03-08,0.89,200
U00196,U01428,2024-03-03,0.91,65
U00196,U02187,2026-03-18,0.43,50
U00196,U01913,2023-08-29,0.61,137
U00196,U01840,2025-09-04,0.89,13
U00197,U01089,2024-11-01,0.8,61
U00197,U00958,2025-07-27,0.93,172
U00197,U00236,2023-09-08,0.58,56
U00197,U01767,2025-01-28,0.87,86
U00197,U01684,2026-05-01,0.29,109
U00197,U00518,2026-02-13,0.86,101
U00198,U02044,2024-08-02,0.3,131
U00198,U01066,2025-11-15,0.95,24
U00198,U00860,2023-09-16,0.78,91
U00198,U01186,2023-06-11,0.99,48
U00198,U00872,2025-08-20,0.51,130
U00199,U01503,2024-08-08,0.63,2
U00199,U01315,2024-10-22,0.86,152
U00199,U00307,2024-06-17,0.28,42
U00067,U00199,2025-07-16,0.82,198
U00084,U00199,2025-04-28,0.47,28
U00200,U02060,2026-02-27,0.27,65
U00200,U01723,2025-07-05,0.36,50
U00200,U01619,2026-04-27,0.39,150
U00200,U00214,2024-10-20,0.61,190
U00200,U00314,2023-10-14,0.82,81
U00200,U00701,2026-02-24,0.82,86
U00200,U01859,2025-01-25,0.58,59
U00201,U00358,2025-04-18,0.87,157
U00201,U01755,2023-06-20,0.91,40
U00201,U01161,2026-02-18,0.81,81
U00201,U02020,2024-10-31,0.34,3
U00202,U00374,2024-05-14,0.35,134
U00202,U01475,2025-05-21,0.48,165
U00202,U01945,2026-02-16,0.18,120
U00202,U00571,2025-11-21,0.84,106
U00202,U01215,2024-09-29,0.52,152
U00202,U01439,2024-04-06,0.88,133
U00202,U01264,2024-02-22,0.24,66
U00203,U01528,2023-12-04,0.98,55
U00203,U01088,2023-12-26,0.49,186
U00203,U01480,2025-11-21,0.82,43
U00203,U00582,2024-05-28,0.65,103
U00204,U00608,2023-05-30,0.21,148
U00149,U00204,2024-07-10,0.3,122
U00205,U01075,2024-12-12,0.1,174
U00205,U01139,2024-09-20,0.42,116
U00205,U01200,2023-09-23,0.57,39
U00205,U02110,2025-04-06,0.91,25
U00205,U01674,2024-07-11,0.34,60
U00205,U01935,2025-04-14,0.82,117
U00205,U01695,2026-02-24,0.84,44
U00206,U01031,2024-08-29,0.15,53
U00206,U00968,2025-07-15,0.63,150
U00206,U02004,2026-01-05,0.29,19
U00206,U01588,2023-09-02,0.55,68
U00206,U01493,2023-06-27,0.26,88
U00206,U00744,2024-04-19,0.61,104
U00207,U01142,2025-12-28,0.39,47
U00207,U01857,2023-09-18,0.15,31
U00208,U01974,2025-10-21,0.58,64
U00208,U02118,2026-02-21,0.44,68
U00208,U01145,2026-03-02,0.56,190
U00208,U01089,2024-03-10,0.86,160
U00208,U00702,2024-06-28,0.3,139
U00208,U01114,2024-08-21,0.15,18
U00208,U01027,2023-07-27,0.96,103
U00209,U01152,2023-09-06,0.68,197
U00209,U00505,2025-06-15,0.28,157
U00209,U01030,2025-08-07,0.16,193
U00209,U02121,2023-07-22,0.66,199
U00209,U00248,2024-07-19,0.24,83
U00210,U00354,2025-08-29,0.44,64
U00210,U00486,2023-05-24,0.89,117
U00210,U01348,2025-10-16,0.43,172
U00210,U00282,2024-07-11,0.75,139
U00210,U01991,2025-07-31,0.26,136
U00210,U00790,2025-03-22,0.82,22
U00210,U01746,2025-09-13,0.19,96
U00210,U00326,2024-12-23,0.5,74
U00211,U01491,2024-06-02,0.6,145
U00211,U02115,2025-07-17,0.24,1
U00211,U00940,2024-04-20,0.26,168
U00211,U01889,2025-03-16,0.35,9
U00211,U00212,2026-01-28,0.39,127
U00211,U01852,2024-01-20,0.59,61
U00211,U01753,2023-12-13,0.32,9
U00212,U00706,2024-07-09,0.14,183
U00212,U01697,2025-07-08,0.22,134
U00212,U00534,2023-06-01,0.84,76
U00212,U01701,2025-12-16,0.23,46
U00212,U00378,2025-10-02,0.1,56
U00212,U01317,2024-04-04,0.15,40
U00212,U00760,2025-04-28,0.88,4
U00041,U00213,2025-07-08,0.25,143
U00213,U01663,2026-04-08,0.61,147
U00213,U01465,2025-02-14,0.17,162
U00213,U01200,2026-03-13,0.88,112
U00214,U01804,2024-07-15,0.5,126
U00214,U01589,2025-04-19,0.76,11
U00214,U00462,2023-12-28,0.82,55
U00214,U01020,2025-01-20,0.8,143
U00215,U01433,2026-03-27,0.19,160
U00215,U01438,2024-09-30,0.87,123
U00215,U01745,2026-01-06,0.44,200
U00215,U01468,2024-08-11,0.74,193
U00216,U00956,2024-12-19,0.47,156
U00216,U01541,2026-01-26,0.76,45
U00216,U01540,2024-02-13,0.13,160
U00217,U01504,2024-09-14,0.49,197
U00217,U00776,2025-09-29,0.95,168
U00217,U00688,2025-11-06,0.9,11
U00217,U01650,2024-04-05,0.27,105
U00217,U01444,2026-03-22,0.42,68
U00218,U01200,2026-01-03,0.86,137
U00047,U00218,2024-04-23,0.31,130
U00219,U01776,2024-10-04,0.35,192
U00219,U00298,2024-09-29,0.35,148
U00219,U00238,2024-09-30,0.45,104
U00219,U01790,2025-12-02,0.6,16
U00219,U00666,2023-05-05,0.29,71
U00219,U01871,2025-11-25,0.54,30
U00032,U00219,2023-10-03,0.6,33
U00220,U01021,2025-04-20,0.31,125
U00220,U00774,2023-11-26,0.73,152
U00220,U01441,2024-08-31,0.42,120
U00099,U00220,2024-09-10,0.89,80
U00220,U01305,2024-10-09,0.35,112
U00221,U01258,2025-10-08,0.51,10
U00221,U01125,2025-10-01,0.9,97
U00221,U01634,2025-08-24,0.54,161
U00051,U00221,2025-11-20,0.73,176
U00222,U01806,2025-04-30,0.37,48
U00222,U00821,2024-05-15,0.24,28
U00222,U00617,2024-06-28,0.83,99
U00222,U01305,2024-07-19,0.51,118
U00222,U00725,2024-08-27,0.75,91
U00222,U00451,2025-08-22,0.11,176
U00223,U01891,2025-06-09,0.38,121
U00223,U01189,2024-06-22,0.5,200
U00223,U01354,2023-05-11,0.29,15
U00223,U01197,2025-04-01,0.56,91
U00223,U01459,2024-03-25,0.29,57
U00224,U00462,2025-07-10,0.12,61
U00224,U01015,2024-11-12,0.66,37
U00225,U00281,2024-10-30,0.27,38
U00225,U01530,2025-01-07,0.46,120
U00225,U00893,2025-08-24,0.48,104
U00225,U02117,2023-08-26,0.91,128
U00225,U00709,2026-02-02,0.97,67
U00225,U01914,2024-06-09,0.44,20
U00226,U01453,2025-06-23,0.11,172
U00226,U01894,2024-12-22,0.5,69
U00226,U01254,2024-04-13,0.89,44
U00226,U02103,2024-07-05,0.53,85
U00226,U00962,2025-12-10,0.37,124
U00124,U00226,2023-08-17,0.43,159
U00226,U00407,2025-03-24,0.49,20
U00227,U01426,2025-12-07,0.12,35
U00227,U02101,2025-11-24,0.54,197
U00227,U00784,2024-01-30,0.5,184
U00227,U00983,2026-04-18,0.4,132
U00227,U00503,2024-09-15,0.68,176
U00108,U00227,2026-01-11,0.94,143
U00046,U00228,2025-02-12,0.52,150
U00228,U01392,2023-11-10,0.59,90
U00229,U00523,2025-02-27,0.6,53
U00229,U01784,2026-04-15,0.31,172
U00230,U01537,2024-09-07,0.26,164
U00230,U01315,2026-03-21,0.85,145
U00230,U00271,2024-09-04,0.26,141
U00230,U01715,2024-05-27,0.53,192
U00230,U00547,2024-10-14,0.61,64
U00230,U01481,2023-10-25,0.55,199
U00230,U01507,2024-09-06,0.43,41
U00230,U00284,2025-07-01,0.21,143
U00231,U01981,2024-10-16,0.45,69
U00231,U01791,2026-03-07,0.71,18
U00232,U01071,2026-04-24,0.11,66
U00232,U01724,2026-02-10,0.65,108
U00232,U00447,2026-02-17,0.44,77
U00232,U01342,2023-09-09,0.25,81
U00232,U00371,2024-02-01,0.27,15
U00099,U00232,2025-03-11,0.39,118
U00232,U00866,2025-01-04,0.96,112
U00232,U01389,2026-04-28,0.5,20
U00233,U01261,2025-08-10,0.56,118
U00233,U00320,2024-09-29,0.97,85
U00233,U01004,2025-10-12,0.27,89
U00233,U01021,2023-08-23,0.72,76
U00233,U01734,2025-12-18,0.38,136
U00233,U01785,2026-04-26,0.12,193
U00233,U00765,2023-10-19,0.91,37
U00234,U01176,2025-05-08,0.51,18
U00234,U01107,2024-07-15,0.61,83
U00234,U01266,2024-07-28,0.25,133
U00234,U02012,2023-05-18,0.97,38
U00234,U01870,2025-12-21,0.54,45
U00235,U00798,2025-09-19,0.24,73
U00235,U00580,2023-06-14,0.7,60
U00235,U01557,2025-12-01,0.23,88
U00235,U00987,2025-03-09,0.39,63
U00235,U00984,2023-11-24,0.8,151
U00236,U01259,2023-11-18,0.87,134
U00236,U00882,2024-09-27,0.58,74
U00089,U00236,2025-03-01,0.12,114
U00138,U00236,2025-07-10,0.99,136
U00236,U01407,2024-07-06,0.69,193
U00024,U00237,2024-05-05,0.58,67
U00237,U01124,2025-12-18,0.64,135
U00237,U01403,2024-08-21,0.61,49
U00170,U00237,2023-09-06,0.94,94
U00237,U01263,2024-08-02,0.9,99
U00237,U01773,2025-05-24,0.44,19
U00237,U00549,2025-12-27,0.58,154
U00237,U00819,2026-02-20,0.76,89
U00238,U00845,2025-05-20,0.97,107
U00238,U01585,2023-08-08,0.57,161
U00238,U00753,2026-02-09,0.71,151
U00238,U00439,2026-02-23,0.29,14
U00238,U00703,2023-11-30,0.75,13
U00159,U00239,2024-01-25,0.95,99
U00239,U01238,2023-09-27,0.8,40
U00239,U00932,2026-03-20,0.26,102
U00141,U00239,2026-01-14,0.33,180
U00240,U00506,2024-09-02,0.61,26
U00240,U00483,2025-10-09,0.55,51
U00240,U02066,2026-04-10,0.9,37
U00241,U01447,2025-09-20,0.15,65
U00241,U02174,2024-02-15,0.55,18
U00241,U01245,2025-11-23,0.11,165
U00242,U00989,2024-05-31,0.79,161
U00242,U02146,2025-05-10,0.34,175
U00242,U00335,2024-09-09,0.94,106
U00242,U01919,2024-12-20,0.15,51
U00242,U01816,2025-04-17,0.78,33
U00243,U00282,2026-02-24,0.9,159
U00243,U01755,2025-02-13,0.33,189
U00243,U01610,2025-06-29,0.84,57
U00244,U01784,2025-05-09,0.71,20
U00244,U00419,2024-04-30,0.89,183
U00244,U00530,2024-06-17,0.32,122
U00244,U00295,2025-01-12,0.6,57
U00244,U00773,2024-12-30,0.73,6
U00244,U00479,2023-10-02,0.87,199
U00245,U01145,2025-08-31,0.35,78
U00245,U00704,2025-08-24,0.92,98
U00246,U01211,2025-06-16,0.38,70
U00246,U01627,2024-11-19,0.75,61
U00129,U00246,2026-04-06,0.5,17
U00246,U00836,2024-09-28,0.64,10
U00246,U01741,2026-02-05,0.49,196
U00246,U00307,2025-02-13,0.35,120
U00246,U00977,2025-11-14,0.56,184
U00247,U01140,2024-08-23,0.95,48
U00247,U01516,2024-01-12,0.59,61
U00247,U01303,2024-07-09,0.53,167
U00247,U01346,2024-10-05,0.95,4
U00247,U01504,2025-06-27,0.77,91
U00247,U00850,2025-04-10,0.37,50
U00247,U01674,2025-06-18,0.39,127
U00075,U00248,2023-05-17,0.41,25
U00248,U01837,2024-01-20,0.4,157
U00248,U00575,2024-08-02,0.57,188
U00171,U00248,2025-06-27,0.51,138
U00248,U00436,2026-01-10,0.8,192
U00248,U01467,2024-02-14,0.66,91
U00249,U00468,2024-01-23,0.9,99
U00249,U01595,2025-03-13,0.1,94
U00249,U01478,2024-07-28,0.54,187
U00249,U01358,2026-04-03,0.15,32
U00079,U00249,2024-12-22,0.85,103
U00250,U00570,2025-05-03,0.44,197
U00250,U00671,2024-05-22,0.35,34
U00250,U00612,2026-04-25,0.55,33
U00251,U00859,2024-04-20,0.99,57
U00251,U00447,2024-06-19,0.17,121
U00252,U01393,2023-07-19,0.78,41
U00252,U01219,2025-03-28,0.53,122
U00252,U02125,2025-06-17,0.36,115
U00252,U01331,2024-06-25,0.65,83
U00252,U01853,2025-07-31,0.14,133
U00128,U00252,2025-10-01,0.33,11
U00253,U01003,2023-07-09,0.74,166
U00253,U01107,2024-03-01,0.21,131
U00253,U01065,2025-09-26,0.13,141
U00019,U00253,2025-12-08,0.84,178
U00253,U00788,2024-01-05,0.93,193
U00253,U01300,2024-01-01,0.62,182
U00253,U00495,2023-05-29,0.36,123
U00254,U00697,2025-11-26,0.52,139
U00254,U00257,2024-04-19,0.85,168
U00254,U02030,2024-02-06,0.74,165
U00255,U01111,2026-03-21,0.87,72
U00255,U01885,2024-05-04,0.48,118
U00255,U00640,2024-02-25,0.61,17
U00256,U01576,2023-09-01,0.2,31
U00256,U01980,2026-01-18,0.4,158
U00256,U01701,2025-04-27,0.33,81
U00256,U00318,2023-07-20,0.49,58
U00256,U01514,2025-11-02,0.91,35
U00256,U00796,2024-05-17,0.37,181
U00256,U00445,2025-07-28,0.4,78
U00256,U00805,2025-10-06,0.53,101
U00257,U01416,2025-09-29,0.94,194
U00257,U01595,2024-02-25,0.93,2
U00257,U01550,2025-01-18,0.52,85
U00257,U01261,2025-06-25,0.27,27
U00257,U00690,2023-08-18,0.24,118
U00258,U00756,2023-07-13,0.32,56
U00258,U00691,2024-05-18,0.49,8
U00258,U00609,2025-12-04,0.19,199
U00258,U02199,2024-05-25,0.45,140
U00258,U01122,2024-01-21,0.24,131
U00077,U00258,2023-08-14,0.22,24
U00258,U00629,2023-06-10,0.77,196
U00259,U01776,2023-06-11,0.35,177
U00259,U00468,2024-11-09,0.94,87
U00259,U01721,2025-07-08,0.94,186
U00260,U00974,2024-03-29,0.72,50
U00260,U01884,2026-02-17,0.63,108
U00260,U01702,2025-01-01,0.98,90
U00261,U02047,2024-08-24,0.94,39
U00261,U01980,2025-05-31,0.83,63
U00261,U00447,2024-02-26,0.95,147
U00262,U01625,2024-12-16,0.22,97
U00262,U00531,2026-04-12,0.1,90
U00263,U01553,2025-01-12,0.44,9
U00263,U01386,2023-09-26,0.7,109
U00263,U00422,2023-08-05,0.62,151
U00263,U01544,2023-07-23,0.43,48
U00263,U01385,2025-06-27,0.56,144
U00178,U00264,2024-03-15,0.5,75
U00264,U02139,2024-01-12,0.52,196
U00264,U00388,2025-02-24,0.46,132
U00264,U00341,2025-01-18,0.54,90
U00264,U00372,2026-03-23,0.96,128
U00265,U00637,2026-04-19,0.56,151
U00265,U00389,2024-08-22,0.31,104
U00265,U02038,2025-02-28,0.14,115
U00265,U00436,2026-04-30,0.77,126
U00265,U01708,2023-10-06,0.56,197
U00265,U01914,2025-05-19,0.37,130
U00266,U01300,2025-02-14,0.39,96
U00266,U00933,2024-12-06,0.27,86
U00266,U00966,2023-12-15,0.56,72
U00266,U02149,2023-12-12,0.74,131
U00234,U00266,2025-03-27,0.17,22
U00267,U01116,2024-09-29,0.43,91
U00267,U01427,2024-06-04,0.92,78
U00267,U01820,2025-10-26,0.76,37
U00267,U01804,2024-04-06,0.45,178
U00268,U01497,2025-06-02,0.21,1
U00268,U01415,2026-03-30,0.34,42
U00268,U01789,2025-10-31,0.24,97
U00268,U01053,2024-03-24,0.54,89
U00268,U00583,2023-08-17,0.75,151
U00268,U00472,2023-11-21,0.74,195
U00268,U00570,2024-05-15,0.23,56
U00269,U00675,2025-08-07,0.9,199
U00269,U01731,2025-05-25,0.94,46
U00269,U00931,2024-06-09,0.13,161
U00269,U02042,2024-05-11,0.14,25
U00087,U00270,2025-03-04,1.0,64
U00270,U01865,2023-11-15,0.52,24
U00270,U01745,2025-08-12,0.25,173
U00270,U01527,2024-10-18,0.4,23
U00270,U00448,2023-05-31,0.81,12
U00270,U01109,2024-10-15,0.51,142
U00270,U01889,2025-07-21,0.67,137
U00270,U00377,2024-08-01,0.99,88
U00271,U00820,2025-08-30,0.55,28
U00271,U01514,2025-05-10,0.72,77
U00271,U02168,2024-12-22,0.62,57
U00271,U01570,2023-09-07,0.76,45
U00272,U01557,2023-12-14,0.51,110
U00272,U00730,2025-01-18,0.4,71
U00272,U01850,2023-09-07,0.13,32
U00273,U01557,2025-04-23,0.71,75
U00273,U00899,2024-03-12,0.35,189
U00273,U00476,2023-08-22,0.22,91
U00273,U01190,2024-12-21,0.5,189
U00273,U01673,2025-06-21,0.79,155
U00274,U01525,2024-08-01,0.68,183
U00274,U01712,2023-11-07,0.34,136
U00274,U01242,2025-10-16,0.67,126
U00274,U01565,2026-01-06,0.31,150
U00275,U00360,2024-01-19,0.36,45
U00125,U00275,2025-03-26,0.86,9
U00275,U00283,2023-06-22,0.49,54
U00275,U01970,2025-07-08,0.45,46
U00275,U01167,2025-01-23,0.25,84
U00275,U01398,2025-09-17,0.78,30
U00275,U00533,2025-10-21,0.81,189
U00276,U01063,2024-08-27,0.57,52
U00276,U00576,2024-04-24,0.35,89
U00276,U00641,2023-11-29,0.4,33
U00276,U00596,2024-06-22,0.63,61
U00276,U02191,2025-01-06,0.14,161
U00276,U01496,2025-09-25,0.45,164
U00276,U00330,2023-05-08,0.17,136
U00276,U00542,2025-01-10,0.87,92
U00277,U01904,2024-06-21,0.54,162
U00277,U01531,2023-10-04,0.5,197
U00278,U01821,2024-02-04,0.56,184
U00278,U01139,2024-10-28,0.78,4
U00278,U01574,2025-03-10,0.48,89
U00009,U00278,2024-12-22,0.96,1
U00278,U01383,2026-04-22,0.16,55
U00278,U01838,2024-11-27,0.48,18
U00278,U00941,2026-02-23,0.38,56
U00279,U01518,2024-05-05,0.15,4
U00279,U02193,2025-10-01,0.62,156
U00279,U01188,2026-01-17,0.78,137
U00279,U01084,2023-06-30,0.2,91
U00279,U00744,2025-01-16,0.29,121
U00279,U01720,2024-07-05,0.12,149
U00280,U00523,2025-03-31,0.55,23
U00280,U00997,2023-10-11,0.65,101
U00280,U00344,2025-06-27,0.16,27
U00281,U01076,2023-05-16,0.77,69
U00281,U00882,2023-05-12,0.6,163
U00281,U01054,2024-04-25,0.27,141
U00231,U00281,2024-10-25,0.25,162
U00281,U01950,2023-11-03,0.39,127
U00282,U00786,2026-01-11,0.15,101
U00282,U02045,2025-06-29,0.77,58
U00283,U01042,2024-10-26,0.3,23
U00283,U01454,2025-04-12,0.52,15
U00072,U00284,2023-09-01,0.38,155
U00284,U01221,2025-12-14,0.95,115
U00085,U00284,2025-07-24,0.66,51
U00284,U00386,2023-09-19,0.14,120
U00284,U01370,2025-02-19,0.21,26
U00284,U00287,2025-06-14,0.14,52
U00285,U00938,2023-05-17,0.15,124
U00285,U01491,2025-05-02,0.24,51
U00286,U01069,2025-05-19,0.21,112
U00286,U00361,2024-03-31,0.83,93
U00286,U02094,2024-11-29,0.22,20
U00286,U01199,2024-08-12,0.9,175
U00227,U00287,2023-08-26,0.61,195
U00287,U02134,2025-04-02,0.4,151
U00287,U00386,2024-03-02,0.39,80
U00288,U00634,2026-02-17,0.92,8
U00288,U01069,2023-08-04,0.51,196
U00288,U01201,2024-12-21,0.48,143
U00288,U01097,2025-10-02,0.65,32
U00289,U01253,2025-06-02,0.8,23
U00289,U01660,2026-02-18,0.25,174
U00289,U02007,2026-03-19,0.32,121
U00289,U01541,2024-08-28,0.16,157
U00210,U00289,2023-12-19,0.93,88
U00289,U01828,2025-09-27,0.96,59
U00289,U02014,2024-04-28,0.82,12
U00289,U02006,2025-02-11,0.16,4
U00290,U01422,2026-01-28,0.62,20
U00290,U00750,2025-09-23,0.15,138
U00291,U01932,2026-03-08,0.21,171
U00291,U00571,2025-04-21,0.67,107
U00291,U00495,2024-03-06,0.48,11
U00291,U01599,2024-06-15,0.7,54
U00291,U01998,2026-03-03,0.13,58
U00291,U02063,2025-02-01,0.58,15
U00292,U01575,2024-08-27,0.49,128
U00292,U01324,2025-12-23,0.61,99
U00292,U00896,2025-03-20,0.79,174
U00293,U01153,2025-01-13,0.32,133
U00293,U00395,2023-10-04,0.42,40
U00137,U00293,2024-02-24,0.56,174
U00293,U01134,2023-08-25,0.97,191
U00293,U02018,2023-10-24,0.97,148
U00293,U01800,2024-11-26,0.33,30
U00293,U01760,2023-05-12,0.46,31
U00293,U00314,2025-08-01,0.31,70
U00294,U00555,2026-04-14,0.8,139
U00168,U00294,2024-11-19,0.31,113
U00294,U01279,2025-11-18,0.72,130
U00294,U00791,2025-10-03,0.31,132
U00285,U00294,2023-10-07,0.58,161
U00041,U00295,2024-06-27,0.55,131
U00295,U01376,2023-06-04,0.43,72
U00295,U01746,2025-05-20,0.69,170
U00296,U00626,2025-02-27,0.24,55
U00296,U00699,2023-10-31,0.78,5
U00297,U00856,2023-11-16,0.98,66
U00297,U00474,2025-11-21,0.89,184
U00297,U00314,2023-10-21,0.52,87
U00297,U01580,2024-01-31,0.53,73
U00297,U00953,2025-11-10,0.89,87
U00297,U01675,2024-08-16,0.32,108
U00298,U01340,2025-10-22,0.18,80
U00298,U01093,2023-07-16,0.96,128
U00298,U00499,2025-05-06,0.45,8
U00154,U00298,2024-04-15,0.79,126
U00299,U02036,2025-11-02,0.57,162
U00299,U01655,2023-12-27,0.89,37
U00128,U00299,2025-05-15,0.49,34
U00299,U01265,2025-02-17,0.4,71
U00299,U02013,2024-02-15,0.3,26
U00299,U00686,2023-08-31,0.64,9
U00299,U00456,2025-06-05,0.49,83
U00299,U01717,2024-08-24,0.22,74
U00300,U00339,2025-09-26,0.14,46
U00300,U00959,2023-06-18,0.86,20
U00300,U02193,2023-12-06,0.29,68
U00300,U00970,2024-06-21,0.97,53
U00300,U01190,2025-05-27,0.9,96
U00300,U01058,2026-04-25,0.6,192
U00301,U02015,2023-10-22,0.44,184
U00301,U01655,2024-08-29,0.39,20
U00301,U01791,2026-04-06,0.65,45
U00302,U00390,2024-11-19,0.56,185
U00302,U01633,2023-08-18,0.62,162
U00302,U01194,2023-05-13,0.7,110
U00261,U00302,2024-02-11,0.31,126
U00302,U00582,2023-05-30,0.22,157
U00157,U00302,2024-07-16,0.5,36
U00302,U01830,2026-03-09,0.96,143
U00303,U00554,2025-11-16,0.16,98
U00303,U00959,2023-09-14,0.96,25
U00303,U01303,2024-02-17,0.56,85
U00209,U00303,2024-03-18,0.53,140
U00303,U01392,2023-08-02,0.63,11
U00303,U01312,2024-08-02,0.72,128
U00304,U01374,2024-05-28,0.36,166
U00304,U02154,2024-10-04,0.63,121
U00304,U00337,2023-05-28,0.72,107
U00304,U01273,2024-12-08,0.76,152
U00304,U02172,2023-10-18,0.72,121
U00304,U01585,2024-12-03,0.75,4
U00305,U02145,2024-10-22,0.16,54
U00305,U02062,2024-05-27,0.48,113
U00305,U00826,2025-01-07,0.16,155
U00305,U01139,2024-12-14,0.34,71
U00306,U00583,2023-09-16,0.71,181
U00306,U01828,2025-10-06,0.44,197
U00306,U02089,2023-12-02,0.66,85
U00081,U00306,2025-06-19,0.86,185
U00307,U01651,2025-08-30,0.44,3
U00307,U00378,2023-08-10,0.23,88
U00308,U01315,2024-02-10,0.65,62
U00308,U02188,2024-11-20,0.62,119
U00308,U00347,2023-05-06,0.56,133
U00308,U00405,2024-03-12,0.89,76
U00308,U02086,2025-05-05,0.2,44
U00308,U00924,2025-11-18,0.6,61
U00308,U01212,2024-09-01,0.29,83
U00309,U01295,2024-10-14,0.21,197
U00309,U02127,2025-01-12,0.46,35
U00309,U01297,2026-01-31,0.48,70
U00310,U01658,2023-09-24,0.95,113
U00310,U01812,2023-08-11,0.6,98
U00310,U00722,2025-08-01,0.34,173
U00127,U00310,2025-08-23,0.81,172
U00310,U01936,2024-04-16,0.66,49
U00310,U00803,2024-09-05,0.78,177
U00311,U00346,2023-08-17,0.2,80
U00311,U01415,2024-11-04,0.49,25
U00311,U01684,2023-07-21,0.68,89
U00312,U01196,2025-10-15,0.89,126
U00312,U01060,2025-05-25,0.71,151
U00312,U01203,2024-07-23,0.85,12
U00312,U02007,2025-08-14,0.65,168
U00313,U00676,2024-05-20,0.98,154
U00313,U01499,2025-08-30,0.29,170
U00313,U01056,2023-10-25,0.77,192
U00313,U01233,2024-09-30,0.34,158
U00313,U01732,2025-02-19,0.21,73
U00313,U01215,2026-04-07,0.94,128
U00003,U00314,2023-11-26,0.16,197
U00314,U00661,2023-07-20,0.81,94
U00314,U02182,2026-04-18,0.44,68
U00314,U00907,2024-11-30,0.81,31
U00314,U01711,2025-12-11,0.59,93
U00314,U02038,2025-02-03,0.41,159
U00314,U01292,2023-05-14,0.96,25
U00314,U00776,2026-02-04,0.98,58
U00315,U00318,2024-06-26,0.62,100
U00315,U00721,2025-05-27,0.91,52
U00315,U02195,2024-10-16,0.51,83
U00315,U00356,2023-05-12,0.77,174
U00316,U00679,2024-08-13,0.78,16
U00316,U00681,2025-12-08,0.83,149
U00316,U01297,2023-11-06,0.19,152
U00316,U01826,2024-05-16,0.1,124
U00317,U01196,2025-03-18,0.31,126
U00317,U00819,2023-08-09,0.89,129
U00317,U01580,2023-09-20,0.97,135
U00317,U01908,2024-10-05,0.8,40
U00317,U01486,2023-07-15,0.56,132
U00317,U00414,2026-03-11,0.17,144
U00318,U01374,2024-10-09,0.86,67
U00318,U00942,2023-09-03,0.59,165
U00318,U00607,2025-10-28,0.25,29
U00264,U00318,2024-08-23,0.4,75
U00318,U01683,2024-01-20,0.88,168
U00318,U02164,2025-02-12,0.97,54
U00318,U02191,2025-10-12,0.68,178
U00318,U01686,2024-07-13,0.68,156
U00319,U02091,2025-08-08,0.64,102
U00319,U02002,2024-08-15,0.19,65
U00319,U01736,2025-09-13,0.53,48
U00320,U01919,2024-01-12,0.47,190
U00214,U00320,2025-05-14,0.7,168
U00320,U01286,2023-05-27,0.92,18
U00028,U00320,2024-11-20,0.63,70
U00320,U02200,2025-02-11,0.15,31
U00320,U01930,2025-08-12,0.46,117
U00320,U00709,2025-06-30,0.25,41
U00321,U00674,2025-04-09,0.11,88
U00321,U00517,2023-06-05,0.97,125
U00199,U00321,2023-05-06,0.78,7
U00321,U00722,2025-01-29,0.89,30
U00321,U00820,2024-10-27,0.87,68
U00321,U01694,2024-07-08,0.88,67
U00322,U01169,2024-11-24,0.31,70
U00322,U00422,2026-04-25,0.23,33
U00322,U01132,2026-03-10,0.52,145
U00323,U01594,2024-05-07,0.67,129
U00288,U00323,2025-07-18,0.13,145
U00324,U01009,2025-01-31,0.64,8
U00324,U00580,2024-04-24,0.75,17
U00324,U00806,2025-11-29,0.45,57
U00324,U01143,2024-10-04,0.94,124
U00324,U02156,2024-06-09,0.49,146
U00325,U01876,2023-08-05,0.82,11
U00325,U01261,2025-03-04,0.77,4
U00325,U01632,2023-06-03,0.66,175
U00326,U01910,2026-01-25,0.78,90
U00306,U00326,2024-07-10,0.11,199
U00326,U01856,2023-06-20,0.72,114
U00326,U00368,2023-06-15,0.47,120
U00326,U00383,2024-05-01,0.17,63
U00326,U00924,2024-02-28,0.1,73
U00326,U01553,2023-05-31,0.42,74
U00327,U00734,2023-09-14,0.53,112
U00107,U00327,2025-12-04,0.59,34
U00327,U00801,2023-08-27,0.96,111
U00327,U00558,2025-05-14,0.53,122
U00328,U00908,2024-06-15,0.28,40
U00328,U01999,2024-06-21,0.21,10
U00329,U01753,2026-03-01,0.3,82
U00329,U01169,2025-08-20,0.27,108
U00329,U01968,2025-04-27,0.5,196
U00329,U00770,2023-11-09,0.48,112
U00329,U00714,2025-06-22,0.68,39
U00329,U00521,2024-04-16,0.5,140
U00330,U00533,2023-09-21,0.13,14
U00221,U00330,2025-01-27,0.67,49
U00330,U00718,2024-01-17,0.62,182
U00330,U01238,2026-01-12,0.69,120
U00330,U01528,2024-12-01,0.82,162
U00330,U01737,2025-11-13,0.78,19
U00330,U00650,2024-03-27,0.71,189
U00331,U01350,2023-10-19,0.49,51
U00331,U00600,2025-03-31,0.59,39
U00209,U00331,2023-05-29,0.56,30
U00331,U01224,2023-12-22,0.44,189
U00331,U00486,2025-10-30,0.72,91
U00332,U01609,2024-03-28,0.91,142
U00332,U01877,2024-06-30,0.91,174
U00332,U02176,2024-05-11,0.81,131
U00332,U01694,2024-01-19,0.49,125
U00332,U01259,2025-02-10,0.32,51
U00332,U02070,2025-12-13,0.98,139
U00332,U00885,2023-10-20,0.25,98
U00333,U00785,2025-05-06,1.0,143
U00333,U01716,2024-06-14,0.15,89
U00333,U00699,2025-06-21,0.29,59
U00333,U01483,2025-12-08,0.81,58
U00333,U01422,2025-06-16,0.35,100
U00208,U00333,2025-12-04,0.19,106
U00333,U00582,2024-11-05,0.56,123
U00334,U01032,2024-02-21,0.96,88
U00217,U00334,2023-07-11,0.63,22
U00335,U01408,2024-12-02,0.62,63
U00335,U02029,2025-11-30,0.99,16
U00027,U00335,2023-09-24,0.64,177
U00335,U01012,2026-04-14,0.2,13
U00335,U02044,2024-01-08,0.78,28
U00110,U00335,2023-10-24,0.8,82
U00335,U01502,2024-09-18,0.54,45
U00156,U00336,2024-11-14,0.24,42
U00336,U01431,2025-11-21,0.21,166
U00006,U00336,2025-01-12,0.77,1
U00336,U01818,2024-09-11,0.72,87
U00336,U01449,2026-04-23,0.79,120
U00030,U00336,2024-06-03,0.45,164
U00336,U00968,2024-02-21,0.46,111
U00337,U01045,2026-03-02,0.16,115
U00104,U00337,2025-09-14,0.72,165
U00337,U01861,2023-08-21,0.9,173
U00337,U02017,2025-02-16,0.91,175
U00337,U00843,2023-05-09,0.85,95
U00337,U01804,2026-04-10,0.75,192
U00338,U00723,2026-01-12,0.65,177
U00338,U01965,2023-11-29,0.99,182
U00338,U01925,2025-05-01,0.77,6
U00338,U01222,2025-08-13,0.35,105
U00338,U00530,2023-12-18,0.19,130
U00338,U00970,2026-04-11,0.92,142
U00338,U01628,2026-04-26,0.24,20
U00338,U01817,2024-10-27,0.47,173
U00339,U00570,2023-07-28,0.7,188
U00173,U00339,2025-10-25,0.18,60
U00339,U01154,2026-01-03,0.89,161
U00339,U00867,2024-05-16,0.29,22
U00339,U01655,2023-11-02,0.61,26
U00339,U00590,2024-09-23,0.3,34
U00339,U01057,2026-01-09,0.97,188
U00340,U00869,2025-06-10,0.97,1
U00340,U01925,2024-11-10,0.51,134
U00340,U02016,2026-01-20,0.21,175
U00340,U01600,2024-01-30,0.42,1
U00340,U01550,2024-05-02,0.59,46
U00340,U01308,2025-05-08,0.45,108
U00341,U01148,2025-05-30,0.28,24
U00094,U00341,2025-06-05,0.21,99
U00341,U01389,2024-03-08,0.77,98
U00341,U02079,2024-11-17,0.28,120
U00341,U01041,2025-04-05,0.38,124
U00341,U00505,2023-08-08,0.27,48
U00342,U01491,2023-12-12,0.71,108
U00342,U00644,2023-05-24,0.37,112
U00342,U00484,2026-04-10,0.55,85
U00342,U00973,2025-01-04,0.52,3
U00343,U01744,2023-07-02,0.81,188
U00343,U00814,2023-07-19,0.46,139
U00108,U00344,2024-12-16,0.95,137
U00344,U01307,2023-07-03,0.92,85
U00344,U00465,2025-10-20,0.25,77
U00344,U01111,2026-05-01,0.72,7
U00345,U00501,2023-05-03,0.82,17
U00345,U01721,2023-05-25,0.71,164
U00345,U01178,2024-10-30,0.81,99
U00345,U02000,2024-06-12,0.97,172
U00345,U01376,2025-05-07,0.19,5
U00345,U00608,2024-04-12,0.62,59
U00345,U01098,2025-02-28,0.86,129
U00345,U00349,2024-06-07,0.26,66
U00346,U01245,2025-05-16,0.7,140
U00346,U00410,2024-12-23,0.95,106
U00346,U00833,2025-02-10,0.11,32
U00114,U00346,2023-07-21,0.17,185
U00347,U00602,2025-03-30,0.71,146
U00347,U00913,2024-12-08,0.5,50
U00347,U00556,2025-03-09,0.71,105
U00332,U00347,2023-07-18,0.87,153
U00347,U00603,2026-04-08,0.63,119
U00347,U02113,2024-07-26,0.84,135
U00348,U01555,2024-02-26,0.85,110
U00348,U02066,2025-12-22,0.85,180
U00348,U00586,2023-08-15,0.36,196
U00348,U00608,2023-08-03,0.36,5
U00348,U01133,2026-03-04,0.63,173
U00348,U00874,2023-11-26,0.98,100
U00349,U00713,2026-03-24,0.22,148
U00111,U00349,2025-01-28,0.44,43
U00349,U01583,2024-12-30,0.85,195
U00349,U01884,2023-09-25,0.13,39
U00218,U00350,2023-07-04,0.39,14
U00350,U01579,2024-09-02,0.82,25
U00242,U00350,2026-02-13,0.61,97
U00350,U01587,2024-02-02,0.73,10
U00351,U01027,2025-06-18,0.26,122
U00351,U00397,2025-01-08,0.41,42
U00352,U01572,2024-08-13,0.6,64
U00080,U00352,2023-07-17,0.97,179
U00352,U01421,2024-01-20,0.81,149
U00352,U01971,2025-02-02,0.89,111
U00014,U00352,2026-02-16,0.93,193
U00352,U00711,2025-03-28,0.17,172
U00352,U00865,2025-03-20,0.54,176
U00353,U01934,2024-01-30,0.86,154
U00353,U01395,2024-03-06,0.47,26
U00353,U01181,2024-11-23,0.23,26
U00318,U00353,2025-09-24,0.82,2
U00002,U00353,2025-01-01,0.36,104
U00354,U02027,2024-01-04,0.69,69
U00354,U02035,2026-04-24,0.26,7
U00354,U01891,2023-06-19,0.16,102
U00354,U00786,2025-06-17,0.58,80
U00354,U02091,2023-09-10,0.99,108
U00354,U01703,2025-11-15,0.53,42
U00355,U00730,2023-07-23,0.56,68
U00166,U00355,2023-09-22,0.53,115
U00355,U01134,2023-11-19,0.15,97
U00355,U00849,2023-06-28,0.95,140
U00355,U01806,2025-12-30,0.46,48
U00355,U00920,2023-11-05,0.14,158
U00356,U00701,2025-01-13,0.57,83
U00356,U00536,2025-01-07,0.12,7
U00356,U01757,2024-05-19,0.58,190
U00295,U00356,2024-06-05,0.84,124
U00142,U00357,2025-04-17,0.55,158
U00357,U01095,2025-04-28,0.87,26
U00357,U00685,2026-03-07,0.15,42
U00357,U01633,2025-11-27,0.95,194
U00357,U01502,2025-12-15,0.5,44
U00357,U00365,2025-07-30,0.95,110
U00358,U02170,2025-02-14,0.99,139
U00358,U01089,2025-10-12,0.98,115
U00358,U00404,2025-10-02,0.82,179
U00359,U01976,2024-04-14,0.96,111
U00359,U00936,2026-01-18,0.54,114
U00211,U00360,2026-04-26,0.31,33
U00360,U00940,2024-02-28,0.12,76
U00360,U01778,2024-03-09,0.71,150
U00360,U00781,2024-08-22,0.59,71
U00361,U00949,2023-07-27,0.99,128
U00361,U01194,2024-09-21,0.69,79
U00361,U00411,2024-06-20,0.31,40
U00361,U01572,2023-06-19,0.9,189
U00007,U00361,2024-07-18,0.31,151
U00361,U00583,2024-08-12,0.72,38
U00362,U01479,2024-03-06,0.91,53
U00362,U01348,2024-07-08,0.15,36
U00362,U02159,2025-07-05,0.5,140
U00363,U01007,2023-06-04,0.29,179
U00363,U01001,2025-09-12,0.63,39
U00363,U01643,2026-03-13,0.14,124
U00363,U00531,2025-07-31,0.31,90
U00363,U01543,2024-02-12,0.31,89
U00284,U00363,2025-12-07,0.3,58
U00363,U01474,2023-09-27,0.62,93
U00363,U01406,2024-06-22,0.17,167
U00364,U00699,2023-09-20,0.61,56
U00364,U02022,2024-08-16,0.93,25
U00364,U01072,2025-04-12,0.96,129
U00364,U00752,2024-05-15,0.35,91
U00365,U00631,2023-11-01,0.4,96
U00365,U01076,2025-06-30,0.57,191
U00365,U01299,2025-12-29,0.52,189
U00365,U00501,2025-12-01,0.7,129
U00365,U01710,2025-04-03,0.38,128
U00366,U00827,2025-01-11,0.58,68
U00366,U00502,2025-10-29,0.68,66
U00366,U00793,2026-01-07,0.13,13
U00366,U01779,2023-11-10,1.0,142
U00366,U01278,2026-04-27,0.22,116
U00366,U02087,2026-01-20,0.75,54
U00367,U00510,2025-07-19,0.92,23
U00367,U01592,2025-11-01,0.93,185
U00367,U01451,2025-01-14,0.17,83
U00367,U01638,2026-03-05,0.62,180
U00367,U02060,2025-08-08,0.51,24
U00368,U01421,2023-05-08,0.84,147
U00106,U00368,2025-10-19,0.62,111
U00314,U00368,2023-09-15,0.38,144
U00369,U00504,2023-11-18,0.8,121
U00369,U01116,2025-08-19,0.12,104
U00369,U00413,2024-01-03,0.44,55
U00369,U00985,2023-09-01,0.53,142
U00168,U00369,2023-11-11,0.9,189
U00369,U00542,2026-04-05,0.27,173
U00369,U01246,2025-01-14,0.26,102
U00370,U01648,2026-01-21,0.67,25
U00370,U00688,2024-07-18,0.68,112
U00370,U01935,2025-01-04,0.5,69
U00370,U02110,2024-06-23,0.67,186
U00370,U01961,2024-01-01,0.2,178
U00362,U00371,2025-08-09,0.95,100
U00165,U00371,2025-10-25,0.52,61
U00371,U01626,2024-01-30,0.94,80
U00139,U00371,2026-01-14,0.8,71
U00371,U01768,2024-01-29,0.29,193
U00371,U01369,2026-02-01,0.88,76
U00372,U01300,2023-06-15,0.25,67
U00372,U01895,2023-10-04,0.78,188
U00372,U00567,2024-12-06,0.77,148
U00227,U00373,2025-01-31,0.81,21
U00373,U01714,2025-08-11,0.74,99
U00373,U01157,2025-09-20,0.48,53
U00219,U00373,2026-03-22,0.82,38
U00052,U00373,2023-10-11,0.59,47
U00374,U02075,2026-01-14,0.72,169
U00313,U00374,2025-04-25,0.16,61
U00374,U00566,2024-03-19,0.94,118
U00374,U00957,2025-01-18,0.15,78
U00375,U00638,2025-07-18,0.5,60
U00023,U00375,2026-01-16,0.48,61
U00203,U00375,2023-05-09,0.97,12
U00375,U01713,2024-05-03,0.85,7
U00375,U02083,2024-10-21,0.58,156
U00375,U01928,2026-04-16,0.22,65
U00376,U00728,2024-12-11,0.38,88
U00376,U00812,2024-01-05,0.87,160
U00377,U02075,2023-11-04,0.46,197
U00377,U01040,2023-10-28,0.86,187
U00377,U01552,2024-03-06,0.19,49
U00377,U01349,2025-05-08,0.21,102
U00002,U00377,2024-06-18,0.57,113
U00378,U01125,2024-11-02,0.28,182
U00378,U00683,2025-07-02,0.1,116
U00378,U01289,2025-09-19,0.9,92
U00378,U01868,2026-02-26,0.66,113
U00379,U00566,2024-07-10,0.97,159
U00379,U00823,2025-09-26,0.88,128
U00379,U02137,2025-09-12,0.64,98
U00318,U00379,2023-11-05,0.37,199
U00254,U00379,2025-11-22,0.66,155
U00379,U01070,2023-05-13,0.65,75
U00380,U01062,2024-09-07,0.55,54
U00380,U00495,2024-01-11,0.8,123
U00380,U01042,2025-07-04,0.73,29
U00036,U00380,2024-12-19,0.95,152
U00380,U01532,2023-05-18,0.52,156
U00380,U00724,2026-01-30,0.12,154
U00380,U00941,2023-07-26,0.79,160
U00381,U01559,2025-01-21,0.49,113
U00381,U01347,2024-04-29,0.82,175
U00381,U00648,2026-02-11,0.91,1
U00381,U02198,2025-02-08,0.35,25
U00382,U00440,2025-11-18,0.75,100
U00382,U01074,2025-11-01,0.76,38
U00383,U01731,2024-07-13,0.47,39
U00383,U01481,2024-11-11,0.35,92
U00383,U01964,2025-01-17,0.15,45
U00384,U00462,2026-02-06,0.45,130
U00384,U00748,2024-03-22,0.11,186
U00384,U00692,2026-04-15,0.44,145
U00257,U00384,2025-04-22,0.32,7
U00384,U01735,2023-07-16,0.16,126
U00384,U01007,2025-02-28,0.48,44
U00385,U01156,2023-09-06,0.42,192
U00385,U01108,2024-01-02,0.61,51
U00385,U00947,2024-05-18,0.43,128
U00385,U01335,2026-03-23,0.63,182
U00354,U00385,2025-11-19,0.59,85
U00385,U01987,2024-02-11,0.43,93
U00308,U00385,2025-12-22,0.51,29
U00386,U01645,2023-05-23,0.35,67
U00260,U00386,2023-12-03,0.44,161
U00386,U01906,2026-01-03,0.16,69
U00386,U00522,2023-06-03,0.9,50
U00387,U01945,2025-08-11,0.13,117
U00387,U01420,2023-12-23,0.94,24
U00387,U00517,2024-09-02,0.85,19
U00387,U00745,2024-10-15,0.71,42
U00387,U01554,2023-05-14,0.7,70
U00387,U00602,2023-08-02,0.48,46
U00387,U01935,2024-03-13,0.17,73
U00387,U01384,2026-04-14,0.28,15
U00388,U01579,2023-11-16,0.27,67
U00388,U01390,2024-06-23,0.97,122
U00388,U01822,2025-02-01,0.31,25
U00388,U01629,2023-07-23,0.69,28
U00389,U02056,2024-04-17,0.13,90
U00353,U00389,2024-07-23,0.46,193
U00389,U00740,2025-10-16,0.39,122
U00008,U00389,2024-08-02,0.87,160
U00389,U02118,2025-09-28,0.38,95
U00389,U01125,2023-10-01,0.6,91
U00389,U01991,2025-01-23,0.44,100
U00389,U00653,2025-03-05,0.42,142
U00167,U00390,2023-05-12,0.33,57
U00390,U01052,2025-03-30,0.84,164
U00390,U01066,2025-12-28,0.85,102
U00390,U01509,2023-06-15,0.31,117
U00391,U01808,2025-11-11,0.34,43
U00391,U01169,2024-01-30,0.84,186
U00391,U01371,2026-01-09,0.35,135
U00242,U00391,2025-07-18,0.36,44
U00391,U01375,2024-09-25,0.67,199
U00048,U00391,2023-12-11,0.43,21
U00284,U00391,2025-12-11,0.35,45
U00391,U01208,2024-04-10,0.63,43
U00392,U00679,2026-03-02,0.33,112
U00392,U01456,2025-03-25,0.62,111
U00392,U00822,2024-04-02,0.29,173
U00392,U01622,2024-03-23,0.83,158
U00151,U00393,2025-06-04,0.57,197
U00393,U00485,2026-04-09,0.68,11
U00394,U01297,2026-01-25,0.34,94
U00394,U01134,2025-12-12,0.83,51
U00394,U00434,2024-09-28,0.57,99
U00394,U00991,2024-05-18,0.78,172
U00394,U01056,2024-08-28,0.91,82
U00394,U02060,2025-03-21,0.22,79
U00099,U00394,2025-06-17,0.68,170
U00394,U01703,2024-07-07,0.16,35
U00395,U01305,2023-12-08,0.95,66
U00176,U00395,2025-03-13,0.47,200
U00395,U00995,2025-02-23,0.25,25
U00396,U00584,2024-06-12,0.34,177
U00396,U01933,2026-03-01,0.72,55
U00396,U02175,2024-05-28,0.14,89
U00397,U01597,2024-11-24,0.88,106
U00397,U01040,2024-11-24,0.94,75
U00397,U01804,2025-10-21,0.21,122
U00275,U00397,2024-02-04,0.68,41
U00397,U00965,2023-10-09,0.65,20
U00397,U01038,2024-03-11,0.66,162
U00397,U00789,2024-04-30,0.5,82
U00256,U00398,2024-09-24,0.77,13
U00398,U01764,2025-06-08,0.71,11
U00399,U01875,2026-03-30,0.68,45
U00217,U00399,2024-07-29,0.69,103
U00400,U00872,2025-01-12,0.96,126
U00400,U00867,2024-01-23,0.59,148
U00400,U00629,2024-04-12,0.45,156
U00400,U02124,2025-08-14,0.46,38
U00149,U00401,2023-05-08,0.53,131
U00401,U01308,2023-06-05,0.4,108
U00401,U00741,2024-03-09,0.81,116
U00401,U00403,2026-03-29,0.74,154
U00402,U00407,2023-07-12,0.54,16
U00402,U01942,2025-10-10,0.17,134
U00402,U01370,2023-08-05,0.18,199
U00283,U00402,2026-03-21,0.29,132
U00403,U01081,2025-11-18,0.42,183
U00403,U02120,2025-09-17,0.9,63
U00403,U01205,2025-07-06,0.98,80
U00403,U01202,2024-09-06,0.55,107
U00403,U01875,2025-08-30,0.61,164
U00082,U00404,2024-09-12,0.27,150
U00404,U01779,2024-01-12,0.59,56
U00404,U01627,2025-07-19,0.63,34
U00405,U00920,2023-08-07,0.39,17
U00405,U01564,2024-01-10,0.93,147
U00405,U01775,2023-10-01,0.92,143
U00405,U01668,2025-12-27,0.83,11
U00405,U01139,2025-02-27,0.3,67
U00405,U01566,2025-07-19,0.42,1
U00297,U00405,2023-11-09,0.38,187
U00405,U01034,2026-02-22,0.63,73
U00406,U02002,2026-04-15,0.5,167
U00406,U00745,2024-06-29,0.69,191
U00406,U01948,2024-01-17,0.23,1
U00224,U00407,2023-06-18,0.26,182
U00407,U00537,2024-06-28,0.66,43
U00258,U00407,2024-06-18,0.73,88
U00408,U01257,2023-05-20,0.93,55
U00408,U00751,2025-03-08,0.99,176
U00408,U01319,2024-07-26,0.76,53
U00408,U00496,2024-09-20,0.21,62
U00408,U01107,2026-02-17,0.4,110
U00408,U00627,2023-11-17,0.18,151
U00408,U00750,2026-01-21,0.46,138
U00408,U00637,2026-04-23,0.83,87
U00409,U01039,2023-06-18,0.65,50
U00409,U01740,2024-08-31,0.78,184
U00409,U02112,2026-03-30,0.54,133
U00039,U00409,2026-01-16,0.64,111
U00409,U01409,2026-04-20,0.69,142
U00409,U00430,2024-07-15,0.4,126
U00410,U00670,2024-09-03,0.93,175
U00410,U01001,2026-02-05,0.14,92
U00410,U00747,2024-11-08,0.14,26
U00410,U01835,2024-02-04,0.82,88
U00410,U01143,2023-09-12,0.72,66
U00410,U01321,2024-03-22,0.54,176
U00411,U00455,2024-01-21,0.49,145
U00334,U00411,2025-04-05,0.16,67
U00411,U01058,2026-04-25,0.88,200
U00411,U01147,2024-11-04,0.52,162
U00411,U01599,2024-04-24,0.79,18
U00411,U00741,2024-05-09,0.19,184
U00140,U00411,2025-06-09,0.96,33
U00230,U00411,2025-08-05,0.38,29
U00412,U01131,2025-01-27,0.35,140
U00412,U01780,2024-08-23,0.9,162
U00328,U00412,2024-12-01,0.43,12
U00412,U00795,2023-08-29,0.57,10
U00412,U01324,2024-05-13,0.25,151
U00412,U01146,2024-07-15,0.5,96
U00413,U02105,2024-11-22,0.9,77
U00413,U00424,2023-11-16,0.7,101
U00413,U00420,2024-01-07,0.36,99
U00414,U01238,2025-08-14,0.48,11
U00414,U01741,2024-04-24,0.23,8
U00414,U01437,2025-01-09,0.9,194
U00414,U01819,2025-03-24,0.15,107
U00415,U02171,2024-07-24,0.15,46
U00381,U00415,2025-08-27,0.29,78
U00415,U01769,2025-03-12,0.77,169
U00415,U01964,2025-02-17,0.43,33
U00194,U00415,2024-04-20,0.97,159
U00087,U00415,2025-10-29,0.62,185
U00411,U00415,2025-09-17,0.99,70
U00416,U00853,2024-06-01,0.95,107
U00416,U00995,2024-07-24,0.67,37
U00416,U00954,2026-02-24,0.95,32
U00416,U01245,2023-09-21,0.22,13
U00036,U00416,2023-07-26,0.36,152
U00416,U01170,2025-08-10,0.66,199
U00417,U01931,2025-07-05,0.91,154
U00417,U01872,2024-02-28,0.99,96
U00042,U00417,2025-01-19,0.7,108
U00418,U01457,2024-05-17,0.51,28
U00418,U02128,2025-04-16,0.21,108
U00418,U02039,2024-12-22,0.74,117
U00418,U00941,2025-02-07,0.23,137
U00418,U00688,2026-01-28,0.17,182
U00419,U00877,2023-05-08,0.58,137
U00419,U01370,2025-10-30,0.27,98
U00419,U01520,2025-12-15,0.94,122
U00419,U00421,2024-07-23,0.61,166
U00419,U00949,2025-12-04,0.98,43
U00419,U00841,2024-03-26,0.38,123
U00420,U02004,2025-03-14,0.74,196
U00420,U00801,2024-03-09,0.25,200
U00420,U00760,2025-10-30,0.13,42
U00420,U01256,2024-09-28,0.17,12
U00420,U00459,2025-05-28,0.43,25
U00385,U00421,2023-11-20,0.39,84
U00407,U00421,2024-12-21,0.73,1
U00421,U01280,2023-11-09,0.1,88
U00270,U00421,2024-12-21,0.47,20
U00421,U01206,2023-11-02,0.16,88
U00421,U01408,2024-10-15,0.27,110
U00422,U01535,2025-10-15,0.91,40
U00422,U00524,2025-10-13,0.92,21
U00422,U01936,2024-11-21,0.54,125
U00422,U01265,2024-03-21,0.45,132
U00422,U00939,2024-04-07,0.94,121
U00422,U02101,2026-03-04,0.44,79
U00422,U01814,2023-06-14,0.81,142
U00423,U00649,2025-01-15,0.61,121
U00423,U00577,2026-02-11,0.38,149
U00423,U01221,2025-12-09,0.36,187
U00423,U01510,2024-10-18,0.8,126
U00423,U01094,2025-05-28,0.18,37
U00424,U01991,2024-09-08,0.16,185
U00424,U00646,2024-06-01,0.24,105
U00424,U01472,2023-10-24,0.21,126
U00424,U01600,2023-08-02,0.54,18
U00424,U01163,2025-02-13,0.42,134
U00424,U01365,2025-04-17,0.5,170
U00033,U00424,2026-01-13,0.71,162
U00424,U00718,2025-10-16,0.9,153
U00425,U01872,2025-04-07,0.92,89
U00425,U00900,2024-04-03,0.38,103
U00425,U01484,2023-09-18,0.65,160
U00426,U01902,2024-12-15,0.35,120
U00178,U00426,2024-04-25,0.66,171
U00426,U01050,2023-07-14,0.17,198
U00426,U02074,2023-12-08,0.5,120
U00369,U00426,2023-12-30,0.41,125
U00273,U00426,2025-12-26,0.29,60
U00427,U01052,2024-09-30,0.56,64
U00427,U00749,2023-09-11,0.82,179
U00427,U01263,2024-05-02,0.54,185
U00427,U01917,2025-09-05,0.29,131
U00427,U00740,2024-01-21,0.82,118
U00427,U00726,2024-06-15,0.59,104
U00428,U01147,2024-10-01,0.97,53
U00428,U01438,2023-11-08,0.53,92
U00428,U02197,2025-06-09,0.55,136
U00429,U00676,2025-11-30,0.66,67
U00429,U02200,2025-04-19,0.78,98
U00429,U00736,2025-04-13,0.74,101
U00429,U00509,2024-10-28,0.76,165
U00429,U00811,2024-11-01,0.52,23
U00429,U02061,2023-07-15,0.94,164
U00011,U00429,2026-02-20,0.58,20
U00430,U01689,2024-06-20,0.33,21
U00430,U01651,2025-06-24,0.19,163
U00430,U01864,2025-11-29,0.66,68
U00430,U00763,2026-02-06,0.57,122
U00430,U01291,2026-01-10,0.82,119
U00430,U01969,2023-07-13,0.34,137
U00431,U01077,2024-01-15,0.48,160
U00431,U00513,2024-03-16,0.45,27
U00431,U02100,2025-12-18,0.21,30
U00277,U00431,2024-08-15,0.24,21
U00431,U01152,2025-12-07,0.19,113
U00432,U01824,2024-03-09,0.22,135
U00432,U00610,2024-06-01,0.88,98
U00117,U00432,2025-02-08,0.84,148
U00433,U00656,2025-04-25,0.28,192
U00433,U01765,2025-10-07,0.66,108
U00433,U01705,2025-04-24,0.66,172
U00433,U01328,2025-11-26,0.82,48
U00433,U01282,2026-02-28,0.87,100
U00433,U01447,2024-03-12,0.75,27
U00215,U00433,2023-10-25,0.36,78
U00434,U01510,2023-08-01,0.51,116
U00434,U00569,2025-09-15,0.35,157
U00434,U00435,2026-03-06,0.47,60
U00434,U01734,2025-08-13,0.31,120
U00434,U00866,2023-08-25,0.95,128
U00434,U00767,2025-10-16,0.71,191
U00435,U00767,2026-04-01,0.41,146
U00435,U01517,2024-02-24,0.25,153
U00435,U01046,2025-10-01,0.67,116
U00435,U02152,2025-01-07,0.33,38
U00435,U01056,2025-02-28,0.37,105
U00435,U01528,2024-09-06,0.15,11
U00435,U02034,2023-12-26,0.31,40
U00436,U01602,2023-09-07,0.37,49
U00436,U01874,2025-12-29,0.93,124
U00436,U01717,2025-10-05,0.16,164
U00436,U00602,2025-10-09,0.36,149
U00045,U00436,2024-06-19,0.54,185
U00436,U01807,2025-06-05,0.65,114
U00348,U00436,2025-09-06,0.16,17
U00223,U00436,2025-09-28,0.87,31
U00437,U01772,2024-12-19,0.51,136
U00437,U01081,2025-12-18,0.9,64
U00437,U01273,2024-01-17,0.32,116
U00438,U00926,2025-12-15,0.11,178
U00438,U00997,2023-10-12,0.88,27
U00438,U00818,2023-07-10,0.23,15
U00059,U00438,2024-05-13,0.5,3
U00439,U00565,2024-01-17,0.22,64
U00439,U00888,2025-09-15,0.98,125
U00440,U01652,2023-05-09,0.46,154
U00440,U01952,2024-03-01,1.0,178
U00440,U01573,2026-04-25,0.25,7
U00440,U01481,2023-10-21,0.52,17
U00441,U00970,2023-05-28,0.57,169
U00276,U00441,2025-11-17,0.26,130
U00441,U00636,2025-08-28,0.34,71
U00441,U00583,2024-05-20,0.35,169
U00441,U01903,2025-12-25,0.88,119
U00441,U01024,2024-12-23,0.43,7
U00442,U02117,2024-12-07,0.6,169
U00442,U01762,2024-10-13,0.68,122
U00442,U00923,2026-04-12,0.37,161
U00442,U00613,2023-05-19,0.37,178
U00442,U01221,2025-07-30,0.44,147
U00443,U00811,2025-06-12,0.82,54
U00443,U01673,2024-07-26,0.71,160
U00443,U00841,2025-09-01,0.58,88
U00444,U01492,2025-09-13,0.4,101
U00444,U01772,2026-03-20,0.33,13
U00444,U01389,2025-05-31,0.28,162
U00444,U01113,2023-08-19,0.2,182
U00444,U00707,2025-04-14,0.85,38
U00444,U01078,2023-11-13,0.39,106
U00444,U00902,2024-12-06,0.59,162
U00445,U01754,2023-09-20,0.35,151
U00445,U02039,2024-10-08,0.69,133
U00125,U00445,2025-01-26,0.65,23
U00446,U02185,2024-08-19,0.22,97
U00446,U01231,2025-08-20,0.84,75
U00446,U01744,2024-02-10,0.61,141
U00189,U00447,2025-10-13,0.57,130
U00203,U00447,2025-07-28,0.35,58
U00447,U02090,2025-09-15,0.6,68
U00447,U00824,2023-08-10,0.49,173
U00447,U02050,2023-07-23,0.54,92
U00447,U00916,2025-10-13,0.67,98
U00447,U01261,2023-06-21,0.74,80
U00077,U00448,2025-09-26,0.79,113
U00448,U01543,2023-12-06,0.73,109
U00448,U01666,2024-01-18,0.13,138
U00448,U00874,2025-11-13,0.51,156
U00448,U01238,2025-04-07,0.98,32
U00448,U00971,2023-09-15,0.55,179
U00448,U00494,2026-04-26,0.57,19
U00448,U01551,2023-09-25,0.99,51
U00449,U00670,2023-06-20,0.95,108
U00449,U01253,2023-10-07,0.85,48
U00449,U00823,2023-09-01,0.7,96
U00450,U01643,2023-06-11,0.26,79
U00450,U01186,2025-05-24,0.16,101
U00450,U01977,2023-09-23,0.12,10
U00356,U00450,2025-08-10,0.81,87
U00451,U00694,2025-12-12,0.16,140
U00451,U00884,2023-07-04,0.94,31
U00319,U00451,2024-01-10,0.91,125
U00452,U01482,2025-09-05,0.62,186
U00452,U01600,2026-04-25,0.39,128
U00335,U00452,2024-04-18,0.35,163
U00452,U01008,2024-06-25,0.94,198
U00074,U00453,2023-05-03,0.79,40
U00453,U00490,2024-09-23,0.26,109
U00454,U01321,2024-12-26,0.14,1
U00454,U01174,2024-04-11,0.85,161
U00454,U01627,2025-12-14,0.58,143
U00454,U01564,2026-04-13,0.35,100
U00455,U00860,2025-03-14,0.36,81
U00455,U00714,2025-11-14,0.44,195
U00455,U01260,2024-12-13,0.96,53
U00455,U02128,2025-02-25,0.2,8
U00455,U01575,2025-02-17,0.29,91
U00456,U01424,2024-06-09,0.19,131
U00039,U00456,2025-08-24,0.94,158
U00385,U00456,2023-10-17,0.45,187
U00456,U01201,2026-01-13,0.12,120
U00456,U01831,2023-12-27,0.2,69
U00457,U01405,2024-05-24,0.26,82
U00457,U00903,2024-12-29,0.3,31
U00457,U00786,2025-06-09,0.48,71
U00457,U02033,2024-11-19,0.68,177
U00457,U01389,2024-07-04,0.29,95
U00458,U02153,2023-10-17,0.53,187
U00142,U00458,2024-04-30,0.56,57
U00458,U01248,2025-11-09,0.61,106
U00458,U01161,2025-11-01,0.81,104
U00334,U00458,2023-10-29,0.68,161
U00304,U00458,2023-05-18,0.28,91
U00458,U01719,2025-08-12,0.68,24
U00459,U01179,2024-04-09,0.65,129
U00459,U02024,2025-12-07,0.79,154
U00459,U01581,2025-07-29,0.2,129
U00019,U00459,2025-05-19,0.48,176
U00459,U01174,2023-10-18,0.5,122
U00459,U02126,2024-04-10,0.55,186
U00459,U00850,2024-09-27,0.2,157
U00129,U00459,2024-06-25,0.79,24
U00460,U01273,2025-03-13,0.49,23
U00460,U00822,2024-09-29,0.44,81
U00461,U01098,2024-01-07,0.76,129
U00461,U00835,2023-05-16,0.79,16
U00461,U00544,2024-02-11,0.73,133
U00337,U00461,2024-09-14,0.24,181
U00461,U01759,2025-08-25,0.77,24
U00461,U01274,2024-08-16,0.61,78
U00367,U00461,2023-09-30,0.93,190
U00462,U00642,2023-06-28,0.62,199
U00462,U01417,2023-09-11,0.67,45
U00462,U01079,2026-01-19,0.4,160
U00462,U01005,2025-03-04,0.61,15
U00462,U01584,2024-06-04,0.23,142
U00463,U02048,2025-05-22,0.13,32
U00463,U01793,2024-08-16,0.12,150
U00463,U00706,2025-01-11,0.93,101
U00006,U00463,2023-07-06,0.25,104
U00463,U01931,2026-04-04,0.23,183
U00463,U01420,2025-10-21,0.97,65
U00464,U01658,2023-12-20,0.45,106
U00464,U01641,2026-01-18,0.7,83
U00464,U00613,2024-04-22,0.71,170
U00464,U01702,2024-07-17,1.0,136
U00163,U00465,2024-02-04,0.94,16
U00465,U00810,2026-03-15,0.7,184
U00261,U00465,2026-03-18,0.95,123
U00161,U00465,2025-10-09,0.65,136
U00466,U01513,2025-09-15,0.24,85
U00466,U02049,2023-10-05,0.47,189
U00466,U00860,2024-05-27,0.22,106
U00466,U01151,2024-02-29,0.71,63
U00466,U01185,2025-08-17,0.52,23
U00466,U00770,2025-02-06,0.74,148
U00097,U00466,2023-05-21,0.63,31
U00466,U01785,2025-07-19,0.72,117
U00467,U01391,2023-11-19,0.18,139
U00054,U00467,2023-07-06,0.94,96
U00467,U01983,2023-09-20,0.85,181
U00467,U00601,2024-11-02,0.37,140
U00166,U00467,2023-08-30,0.19,53
U00467,U01763,2026-04-01,0.28,106
U00467,U00624,2024-03-10,1.0,149
U00468,U00600,2024-04-06,0.76,197
U00468,U01641,2023-12-06,0.89,45
U00468,U00692,2024-01-28,0.31,184
U00468,U01092,2025-05-08,0.9,56
U00468,U00735,2023-09-17,0.39,77
U00468,U01840,2025-09-11,0.24,184
U00469,U01092,2025-06-21,0.66,69
U00469,U00685,2026-04-05,0.85,185
U00469,U02084,2023-05-07,0.58,171
U00469,U00794,2024-02-18,0.41,78
U00468,U00469,2025-06-27,0.63,129
U00469,U00991,2023-11-07,0.77,140
U00469,U01124,2025-10-18,0.67,107
U00229,U00469,2025-09-03,0.22,142
U00470,U01260,2024-07-02,0.27,99
U00470,U00834,2026-02-21,0.85,118
U00470,U01228,2025-09-30,0.47,80
U00085,U00471,2025-06-13,0.74,115
U00471,U01591,2025-08-02,0.71,156
U00472,U01034,2023-08-29,0.2,166
U00472,U00771,2024-04-27,0.2,91
U00472,U02037,2024-11-27,0.51,177
U00472,U00577,2024-10-25,0.98,28
U00294,U00472,2025-01-23,0.73,113
U00472,U00904,2025-02-20,0.31,46
U00472,U01141,2025-02-27,0.19,17
U00472,U01429,2025-03-01,0.48,66
U00473,U00842,2024-02-11,0.21,85
U00473,U01329,2025-02-04,0.7,35
U00473,U01470,2023-12-26,0.84,53
U00474,U01391,2024-05-02,0.95,162
U00474,U00885,2024-02-17,0.44,59
U00475,U02092,2025-06-03,0.2,156
U00475,U01879,2025-02-11,0.96,68
U00475,U01294,2024-03-01,0.2,104
U00475,U00927,2024-06-28,0.86,3
U00476,U01882,2024-06-04,0.87,113
U00476,U02156,2024-12-10,0.8,93
U00476,U01525,2025-02-07,0.18,185
U00476,U01935,2024-03-31,0.9,90
U00477,U00630,2024-04-19,0.81,39
U00477,U00787,2025-09-06,0.22,116
U00477,U00667,2024-03-11,0.27,87
U00477,U00716,2025-01-15,0.15,183
U00477,U00957,2025-04-19,0.7,103
U00439,U00477,2025-07-16,0.63,186
U00478,U01889,2025-08-03,0.48,169
U00478,U01189,2025-01-15,0.44,169
U00478,U00516,2026-02-22,0.45,3
U00478,U01475,2024-12-10,0.61,98
U00479,U00579,2025-01-18,0.44,138
U00479,U02046,2025-09-03,0.87,30
U00479,U01041,2024-08-02,0.93,138
U00479,U00812,2026-01-13,0.82,25
U00479,U02076,2024-06-10,0.56,183
U00316,U00480,2023-07-21,0.4,198
U00364,U00480,2024-03-13,0.15,78
U00480,U00507,2026-04-04,0.5,88
U00480,U00751,2023-09-14,0.99,122
U00480,U00878,2023-07-17,0.7,175
U00480,U00814,2025-09-06,0.85,142
U00481,U01016,2024-11-18,0.56,132
U00481,U01211,2025-07-04,0.81,12
U00100,U00481,2025-03-29,0.47,6
U00482,U00582,2026-01-17,0.91,102
U00482,U00578,2023-06-05,0.6,178
U00482,U01870,2026-04-02,0.81,60
U00482,U00647,2025-05-27,0.55,23
U00482,U01644,2024-10-13,0.59,18
U00482,U01042,2024-10-01,0.37,20
U00126,U00482,2024-04-10,0.92,41
U00482,U02006,2023-11-08,0.7,32
U00483,U01680,2025-08-11,0.9,65
U00483,U01847,2025-09-22,0.55,34
U00483,U01977,2025-10-10,0.15,113
U00484,U01331,2024-10-02,0.81,139
U00347,U00484,2023-06-21,0.82,89
U00485,U01466,2025-02-11,0.75,30
U00007,U00485,2025-06-22,0.31,78
U00253,U00485,2024-09-20,0.11,114
U00485,U02157,2023-08-05,0.73,80
U00260,U00485,2026-04-17,0.55,52
U00485,U01378,2024-08-23,0.35,96
U00395,U00486,2024-07-10,0.32,74
U00041,U00486,2024-10-07,0.58,70
U00486,U01404,2025-08-14,0.37,190
U00301,U00486,2024-01-28,0.27,176
U00487,U01134,2023-05-05,0.9,186
U00487,U01100,2023-08-07,0.22,144
U00487,U02074,2025-05-14,0.43,56
U00487,U01955,2024-04-03,0.62,38
U00487,U00633,2024-10-22,0.11,26
U00028,U00488,2025-01-04,0.7,131
U00488,U00814,2025-09-23,0.87,172
U00488,U01408,2024-01-26,0.44,25
U00488,U00516,2023-08-29,1.0,27
U00488,U00709,2025-05-14,0.61,78
U00488,U01137,2024-04-22,0.31,111
U00489,U01641,2024-01-16,0.14,115
U00489,U00773,2024-01-03,0.58,168
U00183,U00489,2025-02-18,0.5,81
U00489,U00850,2023-09-19,0.85,179
U00489,U01917,2026-02-03,0.52,87
U00489,U00989,2024-04-25,0.56,137
U00490,U01716,2023-09-11,0.45,3
U00490,U00866,2026-01-11,0.75,159
U00490,U01783,2026-01-20,0.92,140
U00490,U02125,2024-02-07,0.45,45
U00490,U01914,2025-12-23,0.13,113
U00491,U01557,2023-05-05,0.48,47
U00491,U01346,2024-11-15,0.78,20
U00491,U01108,2025-11-07,0.93,200
U00492,U00606,2024-05-18,0.68,68
U00492,U00833,2026-03-28,0.28,191
U00492,U01094,2023-11-12,0.61,165
U00492,U01594,2024-02-16,0.74,190
U00009,U00492,2024-07-31,0.56,25
U00492,U02101,2023-06-27,0.4,188
U00492,U00623,2023-06-24,0.42,156
U00493,U00886,2024-08-09,0.43,174
U00493,U02149,2023-08-21,0.81,157
U00494,U01911,2025-08-13,0.24,37
U00494,U00782,2024-08-03,0.38,153
U00495,U00944,2023-11-26,0.13,161
U00025,U00495,2024-10-25,0.14,123
U00495,U01018,2025-04-10,0.23,100
U00495,U00784,2024-03-04,0.41,162
U00070,U00495,2024-11-07,0.24,48
U00495,U02115,2025-05-26,0.82,98
U00496,U01318,2025-08-13,0.34,153
U00496,U01046,2024-10-29,0.83,171
U00496,U01822,2024-04-25,0.25,70
U00348,U00496,2023-09-30,0.78,195
U00496,U01109,2024-11-12,0.78,104
U00496,U00565,2025-06-17,0.33,152
U00098,U00497,2026-02-20,1.0,15
U00497,U00504,2024-01-20,0.67,1
U00498,U00545,2025-10-21,0.9,182
U00498,U01375,2024-11-17,0.75,195
U00239,U00498,2025-08-29,0.72,60
U00183,U00498,2023-12-09,0.93,191
U00038,U00498,2026-01-19,0.12,184
U00468,U00498,2026-04-18,0.39,90
U00498,U00664,2026-04-09,0.26,149
U00499,U02016,2024-04-17,0.99,94
U00499,U01111,2025-09-28,0.4,24
U00186,U00500,2024-08-15,0.22,164
U00500,U02173,2023-07-07,0.86,156
U00500,U02166,2023-08-25,0.85,174
U00500,U01869,2025-08-11,0.67,99
U00500,U01393,2023-05-03,0.84,8
U00501,U00741,2024-11-08,0.37,159
U00501,U01249,2025-06-11,0.34,66
U00437,U00501,2024-06-18,0.7,2
U00501,U01852,2023-10-29,0.86,181
U00501,U00936,2025-07-01,0.26,47
U00220,U00501,2025-01-30,0.16,148
U00502,U01999,2025-04-05,0.3,124
U00502,U00509,2023-10-15,0.5,139
U00502,U00601,2025-12-27,0.62,63
U00503,U00849,2025-03-25,0.6,86
U00503,U01513,2024-02-15,0.56,99
U00468,U00503,2023-11-27,0.28,15
U00503,U02025,2024-04-07,0.55,25
U00504,U02041,2026-01-25,0.65,79
U00504,U00683,2024-07-10,0.98,29
U00504,U00750,2025-09-08,0.14,27
U00504,U01951,2023-06-06,0.94,31
U00504,U01149,2023-05-19,0.45,46
U00504,U00614,2026-02-28,0.93,79
U00505,U02093,2023-08-03,0.53,71
U00505,U01072,2024-11-23,0.29,127
U00505,U01511,2024-12-04,0.37,188
U00505,U01342,2025-11-21,0.3,36
U00505,U01844,2023-12-30,0.42,78
U00505,U01500,2024-12-20,0.83,81
U00506,U00597,2023-05-24,0.36,161
U00395,U00506,2026-01-04,0.5,170
U00506,U02009,2024-12-28,0.54,155
U00506,U02026,2025-03-23,0.69,58
U00018,U00506,2024-02-10,0.22,55
U00506,U01678,2024-08-19,0.86,130
U00507,U01868,2024-06-11,0.23,6
U00507,U01046,2023-11-23,0.23,198
U00020,U00507,2025-12-17,0.46,184
U00508,U00788,2024-04-23,0.36,119
U00127,U00508,2023-11-10,0.78,68
U00508,U02077,2025-12-12,0.61,39
U00508,U01982,2025-03-29,0.92,22
U00251,U00508,2025-04-22,0.59,134
U00508,U00558,2025-04-21,0.35,33
U00508,U01708,2024-08-18,0.85,93
U00509,U01299,2023-05-07,0.56,112
U00509,U00722,2023-12-07,0.87,114
U00510,U00733,2025-06-13,0.59,94
U00510,U01076,2024-08-18,0.22,170
U00510,U01996,2026-03-06,0.72,58
U00511,U00879,2023-12-07,0.95,31
U00511,U02152,2024-08-08,0.75,115
U00511,U01772,2026-01-16,0.87,162
U00511,U01430,2024-08-24,0.22,137
U00511,U01537,2025-09-17,0.92,163
U00511,U01917,2024-02-22,0.62,135
U00366,U00511,2025-01-31,0.39,151
U00511,U01283,2024-03-21,0.53,118
U00512,U02020,2023-12-19,0.85,98
U00512,U02018,2026-04-02,0.75,196
U00512,U01857,2025-07-11,0.13,82
U00512,U00979,2023-08-01,0.52,141
U00512,U02118,2025-10-27,0.88,138
U00481,U00513,2023-12-23,0.53,196
U00513,U00653,2025-03-20,0.92,70
U00191,U00513,2025-11-04,0.43,43
U00513,U00669,2024-12-01,0.61,35
U00514,U01258,2026-04-17,0.87,59
U00514,U01364,2025-06-03,0.54,19
U00514,U00568,2026-01-05,0.53,178
U00117,U00514,2026-02-14,0.15,95
U00514,U01363,2023-08-31,0.45,104
U00515,U01044,2026-01-28,0.32,146
U00391,U00515,2024-02-14,0.84,21
U00463,U00515,2023-08-07,0.34,84
U00515,U00728,2026-03-30,0.53,3
U00515,U01438,2024-03-18,0.63,124
U00516,U01245,2023-07-18,0.53,27
U00516,U01575,2024-06-27,0.23,134
U00516,U01233,2025-07-04,0.74,93
U00516,U00841,2025-03-31,0.5,184
U00516,U01469,2024-10-21,0.37,143
U00516,U01914,2025-07-16,0.98,168
U00516,U01878,2024-05-23,0.71,40
U00289,U00517,2024-03-02,0.75,29
U00517,U02188,2025-02-09,0.11,37
U00199,U00517,2023-09-09,0.82,83
U00517,U00815,2023-05-06,1.0,20
U00517,U01897,2026-02-28,0.37,60
U00518,U00840,2023-12-09,0.8,127
U00518,U01701,2024-08-10,0.23,191
U00518,U01696,2024-07-07,0.64,43
U00282,U00518,2024-05-21,0.95,165
U00417,U00518,2023-08-15,0.92,146
U00518,U01226,2023-09-08,0.23,63
U00139,U00518,2024-02-26,0.4,145
U00447,U00518,2024-02-19,0.46,169
U00519,U01857,2025-05-06,0.65,1
U00519,U01275,2025-12-22,0.79,156
U00008,U00519,2025-08-03,0.75,81
U00520,U00778,2024-08-19,0.96,111
U00520,U02177,2024-02-27,0.43,120
U00520,U01039,2025-07-01,0.21,107
U00521,U00798,2023-06-09,0.63,18
U00521,U01695,2024-05-10,0.3,58
U00521,U01684,2026-03-17,0.99,162
U00292,U00521,2023-11-01,0.37,131
U00089,U00522,2026-02-01,0.26,59
U00522,U01881,2024-08-11,0.19,108
U00522,U00748,2025-09-19,0.22,32
U00523,U01558,2026-01-27,0.98,200
U00523,U00779,2024-12-01,0.28,65
U00523,U01211,2025-10-25,0.28,97
U00524,U00695,2025-03-07,0.61,108
U00524,U01185,2024-04-12,0.2,166
U00524,U02088,2026-02-01,0.21,146
U00165,U00524,2023-07-08,0.9,50
U00524,U02017,2026-04-07,0.33,132
U00525,U01998,2023-08-04,0.75,132
U00525,U01259,2023-08-26,0.91,112
U00526,U01093,2025-01-10,0.92,144
U00206,U00526,2025-08-01,0.9,17
U00526,U01046,2026-01-13,0.14,17
U00186,U00526,2025-05-24,0.97,161
U00526,U00595,2025-08-11,0.86,42
U00435,U00526,2024-05-25,0.75,194
U00526,U01741,2024-03-11,0.27,117
U00527,U01214,2026-01-26,0.99,42
U00527,U02111,2025-06-21,0.83,146
U00527,U00830,2023-06-22,0.78,48
U00528,U00685,2024-06-18,0.77,120
U00004,U00528,2025-02-19,0.3,197
U00119,U00528,2025-03-29,0.7,160
U00529,U01130,2023-11-21,0.49,79
U00529,U00605,2023-12-28,0.47,172
U00530,U01286,2023-12-18,0.97,50
U00530,U02016,2024-09-01,0.43,82
U00043,U00530,2023-12-01,0.46,58
U00530,U01136,2024-11-30,0.14,50
U00404,U00530,2023-11-11,0.28,42
U00531,U01164,2025-05-21,0.18,88
U00080,U00531,2024-06-08,0.25,126
U00531,U00774,2025-11-11,0.6,42
U00531,U01580,2023-11-12,0.8,155
U00161,U00531,2025-12-04,0.82,170
U00199,U00531,2026-01-09,0.8,183
U00532,U00661,2025-04-26,0.18,57
U00532,U01668,2025-01-05,0.81,183
U00532,U00599,2026-04-02,0.6,105
U00404,U00532,2024-08-15,0.83,98
U00533,U01851,2023-11-13,0.7,50
U00168,U00533,2024-12-01,0.22,68
U00229,U00533,2023-06-21,0.99,31
U00533,U01428,2025-02-08,0.82,35
U00533,U01906,2024-05-26,0.54,12
U00533,U00951,2025-12-09,0.71,23
U00533,U01369,2025-07-13,0.22,47
U00534,U01297,2025-05-10,0.67,74
U00534,U02142,2024-10-01,0.51,136
U00535,U01383,2024-02-05,0.56,84
U00535,U01332,2024-05-26,0.23,29
U00535,U01321,2025-05-06,0.71,94
U00535,U01924,2023-10-31,0.95,53
U00535,U01821,2025-01-12,0.93,111
U00535,U01043,2024-11-18,0.76,37
U00536,U00818,2023-09-15,0.89,165
U00536,U02085,2023-12-17,0.97,93
U00191,U00536,2025-08-15,0.93,111
U00537,U00908,2024-07-18,0.16,64
U00537,U01442,2024-11-25,0.14,93
U00537,U00850,2023-11-06,0.55,27
U00537,U00639,2024-10-23,0.73,59
U00537,U01322,2024-03-26,0.88,37
U00098,U00537,2023-12-14,0.65,183
U00537,U00592,2025-05-11,0.84,128
U00537,U02148,2024-12-09,0.82,83
U00538,U02105,2024-10-16,0.43,48
U00501,U00538,2025-11-10,0.19,191
U00242,U00538,2025-06-08,0.62,199
U00130,U00538,2025-01-17,0.23,69
U00538,U01948,2023-06-20,0.86,51
U00538,U01847,2023-06-07,0.62,13
U00539,U01255,2023-12-07,0.98,15
U00539,U00720,2023-05-07,0.91,198
U00539,U02055,2025-12-28,0.98,167
U00540,U01879,2025-06-20,0.75,173
U00540,U01246,2025-09-02,0.35,65
U00540,U01695,2023-10-04,0.55,117
U00100,U00540,2023-07-15,0.93,28
U00540,U01540,2026-03-20,0.38,54
U00540,U01757,2023-08-04,0.13,150
U00135,U00541,2024-08-11,0.64,100
U00541,U01148,2024-10-08,0.95,19
U00541,U01729,2024-02-08,0.39,117
U00541,U00681,2026-04-02,0.16,177
U00205,U00541,2025-10-13,0.45,197
U00542,U01587,2024-01-13,0.57,164
U00129,U00542,2024-07-24,0.35,180
U00542,U00554,2025-08-16,0.85,136
U00542,U01364,2025-09-15,0.13,134
U00542,U00890,2024-02-20,0.35,52
U00542,U00691,2025-08-27,0.61,50
U00224,U00542,2023-11-11,0.91,134
U00228,U00542,2024-05-29,0.52,148
U00543,U01887,2024-03-30,0.74,105
U00364,U00543,2025-01-04,0.53,126
U00419,U00543,2025-07-16,0.68,53
U00188,U00544,2023-09-08,0.34,144
U00544,U00661,2023-10-12,0.31,67
U00544,U02076,2023-08-19,0.54,176
U00544,U01872,2023-10-21,0.34,70
U00544,U01098,2025-04-23,0.58,138
U00544,U01966,2025-01-03,0.62,133
U00544,U00869,2024-02-03,0.19,195
U00545,U01288,2025-09-11,0.61,96
U00545,U00715,2025-05-02,0.25,50
U00545,U00674,2024-12-08,0.9,44
U00546,U01252,2025-08-04,0.76,169
U00143,U00546,2023-07-09,0.61,160
U00449,U00546,2023-10-06,0.89,50
U00546,U01072,2025-06-11,0.94,67
U00546,U00751,2024-05-15,0.76,113
U00547,U01409,2024-10-29,0.97,114
U00547,U01249,2025-11-12,0.77,130
U00116,U00547,2026-04-11,0.18,166
U00547,U01083,2024-09-08,0.53,18
U00547,U01550,2024-06-19,0.54,97
U00547,U01574,2023-10-02,0.7,50
U00547,U00614,2025-01-21,0.2,52
U00320,U00547,2024-04-01,0.36,6
U00548,U01730,2025-08-22,0.46,123
U00548,U01097,2024-12-25,0.69,79
U00548,U01192,2025-01-30,0.62,46
U00548,U01395,2026-04-26,0.66,95
U00548,U01020,2024-10-20,0.41,77
U00548,U01628,2025-03-21,0.13,70
U00548,U00979,2025-10-10,0.53,80
U00548,U01943,2024-09-24,0.97,132
U00549,U00951,2023-08-18,0.15,60
U00549,U02017,2024-07-05,0.85,130
U00549,U00836,2025-03-23,0.26,116
U00550,U01229,2024-11-19,0.51,101
U00550,U01557,2023-10-07,0.54,45
U00550,U02164,2025-11-17,0.83,9
U00550,U01525,2024-01-11,0.37,181
U00550,U01875,2025-03-26,0.76,24
U00551,U02011,2025-11-28,0.19,158
U00551,U01622,2024-07-04,0.93,38
U00551,U01976,2026-02-05,0.8,7
U00551,U00573,2026-04-13,0.62,6
U00551,U01873,2024-01-17,0.61,79
U00377,U00551,2024-07-25,0.52,147
U00552,U01147,2024-08-31,0.22,145
U00445,U00552,2025-12-25,0.8,112
U00552,U02080,2025-08-11,0.95,53
U00552,U01755,2025-03-17,0.82,148
U00552,U00928,2025-04-04,0.58,4
U00116,U00552,2025-10-26,0.72,145
U00552,U02040,2024-05-01,0.6,138
U00553,U01767,2023-10-16,0.66,60
U00553,U01855,2024-03-06,0.9,79
U00018,U00553,2025-01-12,0.67,157
U00553,U01070,2024-02-01,0.16,20
U00553,U02031,2025-03-14,0.24,148
U00554,U01737,2024-05-25,0.24,134
U00554,U01728,2023-11-03,0.2,103
U00554,U02006,2023-11-07,0.52,41
U00554,U01242,2023-09-19,0.66,62
U00038,U00554,2023-11-30,0.72,198
U00555,U01960,2025-07-27,0.93,117
U00555,U01073,2025-02-17,0.32,70
U00555,U02155,2025-09-01,0.39,69
U00555,U01809,2024-03-07,0.23,81
U00555,U01286,2026-02-13,0.49,91
U00555,U01048,2025-03-29,0.3,9
U00556,U00947,2025-02-21,0.1,128
U00281,U00556,2023-08-06,0.46,44
U00556,U01883,2024-02-08,0.71,188
U00556,U01605,2024-11-12,0.66,180
U00199,U00556,2025-03-25,0.7,107
U00385,U00556,2024-09-16,1.0,182
U00556,U01985,2025-04-03,0.75,62
U00557,U01745,2024-07-27,0.84,45
U00557,U00984,2025-10-31,0.75,91
U00557,U01267,2023-08-22,0.26,126
U00557,U01460,2026-01-15,0.96,138
U00546,U00557,2023-10-04,0.28,194
U00558,U01058,2025-02-02,0.78,60
U00558,U01417,2024-08-17,0.53,157
U00558,U01228,2023-09-05,0.85,57
U00558,U00747,2025-04-26,0.41,67
U00558,U00832,2023-10-10,0.72,79
U00499,U00558,2025-07-03,0.54,34
U00559,U00681,2025-09-12,0.59,123
U00559,U01943,2024-06-02,0.84,197
U00559,U01267,2025-09-04,0.61,3
U00559,U01941,2025-04-22,0.79,24
U00559,U01020,2026-01-19,0.5,39
U00378,U00559,2024-10-19,0.9,119
U00559,U01334,2023-06-08,0.25,45
U00560,U02058,2025-08-14,0.96,96
U00194,U00560,2025-07-30,0.31,130
U00083,U00560,2023-10-09,0.48,53
U00561,U01939,2023-07-15,0.6,53
U00561,U01074,2025-04-01,0.73,184
U00294,U00561,2026-03-02,0.89,176
U00561,U01334,2025-05-14,0.95,27
U00561,U02053,2023-05-25,0.42,170
U00561,U01708,2023-08-09,0.54,79
U00561,U02107,2023-11-04,0.88,55
U00562,U01921,2023-05-24,0.29,183
U00562,U02135,2023-08-03,0.91,180
U00563,U01642,2024-05-23,0.27,23
U00563,U01607,2026-01-26,0.87,69
U00563,U01617,2025-09-24,0.14,86
U00563,U01722,2023-09-10,0.65,68
U00563,U00769,2024-12-16,0.43,195
U00563,U01535,2025-08-18,0.2,158
U00563,U01258,2026-04-01,0.61,194
U00513,U00564,2026-04-19,0.33,154
U00440,U00564,2025-11-15,0.27,64
U00564,U00885,2025-07-11,0.63,77
U00564,U01216,2025-10-18,0.65,71
U00075,U00564,2025-12-29,0.93,158
U00564,U01671,2025-03-15,0.33,103
U00565,U01729,2023-05-03,0.41,116
U00565,U01935,2023-09-25,0.37,121
U00565,U02170,2025-11-21,0.28,166
U00026,U00565,2024-04-21,0.46,71
U00566,U01538,2023-10-18,0.55,182
U00219,U00566,2025-08-09,0.77,56
U00566,U01805,2025-01-09,0.91,169
U00566,U01957,2025-12-10,0.8,10
U00566,U01804,2025-12-07,0.27,49
U00567,U00619,2025-09-12,0.23,180
U00441,U00567,2024-01-02,0.41,1
U00567,U02136,2023-11-15,0.75,107
U00567,U01790,2024-08-23,0.34,175
U00568,U01338,2024-07-12,0.76,145
U00568,U01076,2024-12-25,1.0,121
U00561,U00568,2023-10-18,0.85,70
U00568,U01390,2023-12-23,0.27,193
U00192,U00568,2024-01-01,0.6,56
U00568,U00788,2023-06-10,0.32,34
U00568,U01322,2024-09-26,0.29,29
U00568,U00574,2026-02-22,0.88,115
U00569,U00595,2025-10-18,0.74,189
U00569,U01061,2024-03-01,0.11,87
U00569,U02173,2024-04-14,0.19,118
U00569,U00753,2025-12-28,0.14,15
U00406,U00569,2025-03-06,0.57,1
U00021,U00569,2023-08-28,0.3,141
U00569,U01615,2026-04-10,0.85,187
U00569,U00688,2023-12-02,0.39,189
U00570,U01407,2023-07-09,0.62,151
U00056,U00570,2025-12-22,0.33,153
U00361,U00570,2024-10-12,0.67,18
U00570,U01353,2024-04-15,0.42,25
U00570,U00607,2024-05-20,0.11,84
U00570,U01524,2025-07-02,0.61,154
U00571,U02140,2025-10-14,0.57,120
U00571,U01267,2025-03-03,0.71,37
U00571,U01280,2023-06-29,0.34,124
U00571,U01359,2025-02-05,0.95,174
U00299,U00572,2023-12-29,0.81,41
U00572,U00888,2024-10-01,0.71,65
U00572,U01419,2026-03-27,0.56,98
U00572,U01985,2025-06-25,0.25,186
U00572,U00910,2025-07-04,0.12,189
U00572,U01469,2025-06-16,0.9,167
U00353,U00573,2025-05-07,0.71,142
U00573,U01742,2023-06-22,0.62,134
U00573,U00617,2024-09-19,0.22,194
U00573,U01320,2023-11-21,0.84,40
U00573,U01594,2023-09-28,0.71,79
U00439,U00574,2025-08-30,0.65,1
U00574,U01412,2023-11-10,0.72,169
U00574,U02042,2025-12-18,0.98,128
U00574,U01112,2026-03-19,0.21,133
U00574,U01833,2024-11-15,0.39,180
U00070,U00575,2024-02-12,0.35,113
U00575,U00789,2024-12-28,0.82,7
U00218,U00576,2024-10-30,0.63,123
U00564,U00576,2024-03-11,0.98,124
U00536,U00576,2025-06-13,0.58,178
U00576,U01189,2025-09-17,0.54,184
U00577,U00951,2024-10-07,0.67,162
U00036,U00577,2026-01-27,0.18,90
U00445,U00577,2025-09-22,0.46,197
U00577,U01979,2026-01-11,0.19,42
U00577,U01164,2026-01-06,0.75,127
U00451,U00577,2025-06-17,0.87,66
U00578,U01222,2025-03-31,0.31,79
U00578,U00948,2026-01-17,0.53,14
U00035,U00578,2025-03-28,0.78,136
U00579,U01994,2023-10-23,0.19,89
U00579,U00746,2026-01-06,0.8,100
U00579,U02095,2026-01-27,0.46,135
U00579,U00788,2026-03-22,1.0,22
U00580,U02069,2026-03-29,0.89,91
U00580,U01165,2023-12-28,0.45,32
U00580,U01282,2023-11-05,0.29,22
U00476,U00581,2024-12-16,0.96,18
U00259,U00581,2025-06-27,0.43,100
U00008,U00581,2024-07-20,0.26,172
U00582,U01320,2025-08-03,0.6,43
U00288,U00582,2024-06-18,0.59,6
U00583,U01212,2025-09-27,0.89,39
U00348,U00583,2025-08-31,0.3,21
U00091,U00583,2023-09-12,0.81,146
U00147,U00583,2024-02-23,0.47,58
U00584,U01200,2025-04-06,0.17,26
U00584,U01728,2023-08-21,0.16,61
U00585,U02043,2023-11-20,0.24,197
U00585,U01283,2026-01-07,0.55,156
U00585,U01162,2025-02-12,0.55,120
U00586,U01491,2025-06-28,0.4,183
U00586,U01029,2024-12-30,0.13,101
U00587,U00824,2025-01-23,0.45,38
U00368,U00587,2025-10-08,0.74,172
U00587,U00635,2026-01-12,0.94,38
U00587,U01036,2023-10-18,0.94,108
U00522,U00588,2023-09-14,0.52,196
U00588,U01958,2023-08-31,0.46,79
U00049,U00588,2024-11-20,0.62,158
U00588,U01757,2023-07-11,0.54,31
U00589,U02045,2026-01-19,0.15,149
U00589,U01563,2025-02-19,0.88,111
U00589,U01784,2024-10-10,0.46,94
U00174,U00589,2024-08-28,0.44,111
U00589,U02189,2024-12-31,0.75,126
U00590,U01709,2026-04-20,0.39,28
U00590,U00834,2025-09-28,0.17,10
U00591,U01034,2025-12-22,0.81,26
U00591,U01825,2024-02-18,0.85,149
U00591,U01384,2023-12-12,0.87,182
U00591,U01135,2026-04-12,0.87,17
U00591,U02179,2024-09-16,0.7,80
U00591,U01431,2025-09-01,0.85,6
U00592,U01130,2024-04-20,0.89,89
U00585,U00592,2025-06-28,0.21,191
U00592,U00632,2024-10-10,0.39,61
U00592,U01017,2026-01-18,0.31,199
U00592,U01506,2025-12-09,0.52,4
U00593,U01542,2026-01-30,0.94,138
U00092,U00593,2023-06-14,0.92,46
U00593,U00637,2024-07-02,0.41,190
U00502,U00593,2024-02-14,0.25,46
U00593,U01075,2026-01-14,0.22,97
U00593,U00887,2023-09-05,0.96,41
U00300,U00593,2024-12-15,0.65,33
U00593,U01653,2024-06-03,0.53,40
U00594,U00786,2024-04-03,0.95,59
U00594,U00656,2024-12-06,0.98,162
U00594,U01150,2023-05-21,0.6,14
U00594,U02025,2025-06-29,0.41,78
U00595,U00830,2024-09-22,0.24,137
U00508,U00595,2023-07-07,0.32,57
U00181,U00595,2024-11-13,0.22,12
U00595,U01689,2024-05-25,0.8,119
U00595,U02028,2024-05-08,0.72,116
U00595,U01686,2025-07-22,0.71,146
U00595,U01947,2026-01-11,0.29,42
U00014,U00595,2025-11-17,0.17,194
U00596,U00639,2025-06-24,0.4,76
U00596,U00994,2025-04-11,0.82,13
U00596,U01038,2024-03-29,0.37,20
U00184,U00596,2025-01-22,0.62,45
U00596,U00663,2024-03-31,0.75,181
U00596,U00822,2024-10-10,0.26,105
U00596,U00642,2026-03-29,0.37,97
U00597,U01004,2023-12-04,0.23,24
U00597,U01147,2024-09-29,0.93,99
U00208,U00597,2024-04-12,0.44,40
U00111,U00597,2024-07-21,0.46,140
U00306,U00597,2025-03-14,1.0,187
U00054,U00597,2026-03-05,0.92,199
U00598,U01732,2023-05-16,0.68,169
U00598,U00933,2024-01-11,0.63,150
U00598,U00959,2025-10-04,0.9,41
U00599,U01702,2023-11-17,0.93,129
U00599,U00793,2023-08-15,0.23,150
U00600,U01909,2023-11-03,0.89,22
U00600,U01956,2023-09-06,0.49,109
U00600,U01875,2023-09-05,0.95,15
U00600,U01977,2024-02-03,0.68,16
U00601,U01133,2024-05-18,0.75,84
U00601,U01335,2025-12-31,0.44,18
U00601,U02183,2024-12-27,0.4,145
U00601,U01983,2025-10-18,0.56,129
U00397,U00601,2025-05-11,0.69,110
U00602,U01470,2023-11-05,0.82,102
U00067,U00602,2025-12-15,0.7,60
U00602,U01159,2024-06-28,0.24,188
U00602,U01644,2024-02-10,0.62,157
U00602,U01617,2024-05-07,0.24,138
U00603,U01487,2024-11-22,0.42,87
U00603,U01136,2024-09-12,0.99,91
U00603,U01273,2023-07-30,0.2,82
U00603,U01303,2024-12-04,0.96,166
U00603,U01053,2024-08-25,0.41,192
U00287,U00603,2023-07-22,0.93,165
U00603,U02165,2025-05-30,0.68,157
U00604,U01356,2026-03-28,0.9,125
U00604,U01860,2026-03-27,0.48,173
U00604,U01683,2023-06-15,0.6,41
U00604,U00740,2024-09-21,0.39,161
U00605,U00644,2025-06-29,0.8,72
U00605,U02160,2025-05-28,0.46,94
U00605,U01451,2024-01-15,0.89,178
U00465,U00605,2023-08-05,0.54,37
U00516,U00605,2025-08-06,0.85,121
U00543,U00605,2023-09-01,0.82,68
U00606,U01488,2025-09-19,0.52,105
U00606,U02193,2024-08-20,0.78,21
U00606,U02190,2025-05-22,0.52,152
U00606,U01476,2024-10-21,0.73,27
U00606,U01084,2024-02-20,0.29,65
U00606,U01764,2025-02-27,0.52,25
U00606,U01672,2025-06-18,0.6,161
U00002,U00606,2025-09-14,0.63,127
U00607,U01676,2023-10-22,0.27,99
U00454,U00607,2024-10-10,0.74,133
U00607,U00669,2024-11-13,0.63,93
U00608,U01233,2024-07-29,0.42,19
U00608,U01192,2024-02-03,0.2,174
U00608,U01851,2025-09-19,0.16,130
U00609,U01374,2023-05-22,0.88,173
U00157,U00609,2023-06-15,0.39,88
U00609,U01059,2025-01-15,0.12,180
U00154,U00609,2024-07-16,0.15,112
U00516,U00609,2024-09-15,0.56,54
U00610,U01047,2024-09-07,0.73,85
U00378,U00610,2024-04-02,0.63,58
U00611,U00871,2025-06-07,0.49,71
U00327,U00611,2024-03-30,0.43,120
U00611,U01192,2025-01-23,0.45,114
U00611,U01358,2024-05-29,0.47,145
U00611,U02181,2025-05-12,0.98,189
U00533,U00612,2024-02-20,0.43,148
U00113,U00612,2023-12-21,0.95,54
U00612,U01025,2026-02-19,0.86,183
U00612,U00706,2024-06-08,0.96,89
U00437,U00612,2025-01-19,0.9,84
U00613,U00815,2025-11-27,0.75,196
U00613,U00705,2025-05-31,0.88,70
U00213,U00613,2023-12-09,0.31,162
U00613,U02041,2023-09-15,0.6,161
U00613,U00749,2024-05-27,0.48,105
U00517,U00613,2024-04-25,0.9,28
U00613,U02050,2025-12-06,0.94,93
U00614,U01427,2025-07-25,0.74,147
U00614,U01484,2024-04-28,0.71,33
U00054,U00614,2026-01-21,0.75,4
U00614,U01586,2023-09-20,0.98,16
U00614,U01710,2023-07-23,0.6,13
U00615,U02094,2024-12-12,0.23,113
U00615,U02149,2026-03-17,0.29,192
U00165,U00615,2026-03-23,0.62,25
U00615,U00752,2024-10-08,0.9,179
U00463,U00616,2025-08-28,0.55,174
U00616,U00935,2024-12-15,0.84,158
U00616,U01301,2024-03-01,0.45,90
U00271,U00616,2025-08-29,0.35,120
U00616,U00940,2024-05-08,0.94,151
U00537,U00616,2025-10-10,0.2,94
U00407,U00617,2024-02-14,0.25,146
U00617,U01766,2025-01-30,0.28,162
U00088,U00617,2023-05-29,0.21,143
U00617,U01481,2025-06-15,0.33,64
U00618,U00784,2024-06-27,0.97,101
U00618,U00999,2025-08-18,0.95,59
U00561,U00618,2025-11-25,0.2,134
U00618,U01486,2024-11-06,0.98,29
U00618,U01571,2023-09-10,0.87,67
U00126,U00618,2023-08-11,0.52,198
U00618,U01281,2025-05-23,0.72,162
U00619,U01791,2024-07-15,0.93,150
U00619,U01662,2023-07-12,0.65,32
U00619,U00938,2024-01-08,0.28,46
U00351,U00619,2026-04-21,0.59,139
U00619,U02043,2023-11-25,0.67,66
U00619,U01316,2025-11-15,0.64,49
U00552,U00619,2023-09-14,0.54,27
U00619,U01164,2024-09-20,0.9,185
U00620,U00746,2023-11-27,0.29,127
U00620,U00706,2024-09-02,0.26,34
U00621,U00759,2023-06-04,0.45,174
U00275,U00621,2023-06-12,0.31,137
U00621,U00802,2024-10-26,0.14,21
U00621,U01531,2025-03-28,0.7,110
U00621,U01431,2023-07-09,0.69,95
U00154,U00621,2025-03-19,0.49,200
U00621,U00844,2024-11-04,0.84,19
U00622,U01484,2025-02-24,0.24,167
U00522,U00622,2026-04-05,0.2,115
U00622,U01275,2025-03-19,0.35,180
U00622,U01927,2026-02-18,0.51,164
U00622,U01556,2024-10-10,0.27,112
U00623,U02151,2024-12-27,0.39,142
U00623,U01842,2026-03-28,0.12,127
U00623,U01232,2026-02-20,0.42,24
U00623,U00831,2023-12-09,0.25,169
U00624,U00927,2023-05-12,0.68,179
U00624,U01690,2025-05-27,0.12,30
U00363,U00624,2025-04-22,0.93,192
U00624,U00757,2025-12-28,0.79,195
U00624,U00898,2024-05-07,0.31,13
U00624,U01963,2025-01-27,0.23,171
U00488,U00624,2024-09-11,0.13,65
U00624,U01529,2025-03-09,0.54,47
U00625,U01810,2025-06-20,0.35,49
U00625,U01177,2024-04-06,0.77,95
U00026,U00625,2025-11-05,0.24,48
U00625,U01146,2024-07-08,0.25,5
U00625,U00893,2024-11-14,0.18,163
U00625,U01282,2023-05-16,0.24,28
U00625,U01649,2026-02-20,0.65,125
U00042,U00626,2023-06-19,0.56,118
U00186,U00626,2024-04-14,0.68,136
U00124,U00627,2026-01-29,0.25,12
U00627,U00809,2023-12-07,0.87,38
U00290,U00627,2025-10-29,0.29,164
U00178,U00628,2025-10-21,0.8,33
U00628,U01955,2024-05-07,0.83,115
U00628,U01065,2024-06-22,0.26,145
U00386,U00628,2025-11-22,0.41,151
U00628,U01998,2023-08-25,0.66,66
U00629,U01633,2025-09-13,0.56,177
U00086,U00629,2024-06-04,0.45,121
U00629,U01232,2023-06-24,0.35,92
U00629,U01451,2023-07-12,0.47,136
U00629,U01439,2023-11-23,0.88,83
U00548,U00630,2026-02-21,0.48,191
U00630,U01766,2023-09-20,0.25,42
U00630,U02168,2025-03-11,0.83,16
U00630,U01988,2025-05-06,0.11,130
U00418,U00630,2024-01-20,0.29,103
U00545,U00631,2024-08-30,0.93,13
U00631,U01728,2025-05-08,0.45,133
U00631,U01595,2025-08-30,0.94,151
U00631,U01260,2025-04-26,0.59,112
U00403,U00631,2023-09-07,0.67,91
U00631,U01569,2024-11-07,0.24,182
U00020,U00632,2026-01-10,0.89,41
U00632,U01188,2025-04-12,0.32,6
U00632,U02028,2023-08-21,0.68,193
U00193,U00632,2026-02-21,0.47,154
U00632,U00808,2024-11-14,0.17,68
U00486,U00632,2025-03-22,0.37,95
U00270,U00633,2024-06-21,0.22,14
U00633,U01452,2024-09-04,0.15,163
U00633,U01689,2025-07-01,0.33,153
U00297,U00633,2025-04-29,0.7,108
U00523,U00633,2024-05-12,0.32,84
U00633,U01697,2025-08-01,0.85,38
U00634,U00846,2025-03-29,0.65,97
U00087,U00634,2024-05-09,0.85,176
U00339,U00634,2024-03-19,0.23,178
U00635,U01809,2023-11-29,0.83,54
U00635,U01352,2023-06-30,0.57,153
U00635,U01097,2024-05-02,0.95,129
U00636,U02114,2025-11-19,0.38,87
U00544,U00636,2025-01-19,0.63,144
U00636,U01865,2023-12-18,0.65,31
U00636,U01401,2025-08-07,0.39,171
U00636,U02089,2024-03-14,0.64,22
U00117,U00636,2023-09-24,0.17,13
U00637,U01514,2025-04-24,0.62,149
U00077,U00637,2025-10-13,0.83,39
U00637,U01806,2024-03-21,0.2,118
U00637,U01341,2025-10-22,0.95,28
U00637,U01987,2024-12-14,0.18,134
U00637,U01656,2023-08-27,0.23,187
U00637,U01006,2026-02-26,0.62,7
U00120,U00637,2024-02-02,0.62,154
U00638,U01770,2023-05-30,0.6,23
U00638,U01361,2025-02-24,0.37,163
U00251,U00638,2025-03-02,0.97,130
U00176,U00638,2025-05-06,0.62,118
U00638,U00982,2025-09-25,0.5,74
U00638,U02006,2026-01-02,0.8,135
U00638,U01439,2024-12-18,0.27,12
U00638,U01026,2023-06-07,0.9,133
U00360,U00639,2024-05-05,0.57,97
U00639,U01065,2023-11-23,0.57,125
U00639,U01235,2025-12-26,0.84,45
U00411,U00639,2023-11-27,0.26,8
U00640,U01080,2023-11-05,0.82,18
U00640,U01095,2025-02-22,0.74,188
U00640,U01116,2025-07-02,0.13,160
U00640,U01343,2023-08-25,0.82,59
U00080,U00640,2024-10-30,0.28,16
U00640,U00817,2025-07-08,0.41,39
U00640,U00893,2026-01-30,0.18,64
U00641,U00751,2025-03-16,0.57,23
U00641,U01937,2025-07-26,0.43,113
U00197,U00641,2024-01-18,0.98,10
U00642,U00965,2025-04-26,0.8,9
U00076,U00642,2024-02-06,0.88,49
U00642,U01788,2025-05-02,0.25,35
U00643,U00992,2023-07-18,0.97,117
U00448,U00643,2025-02-14,0.19,65
U00447,U00644,2025-04-29,0.53,25
U00644,U01915,2026-02-03,0.15,97
U00235,U00644,2025-03-12,0.22,186
U00644,U01763,2025-12-04,0.86,11
U00644,U01482,2024-02-21,0.59,93
U00644,U01445,2023-06-30,0.81,6
U00644,U02092,2024-12-07,0.79,97
U00343,U00645,2023-07-06,0.52,147
U00645,U00842,2025-11-13,0.24,52
U00645,U01337,2025-05-15,0.49,170
U00645,U00805,2024-06-06,0.17,146
U00488,U00645,2025-03-07,0.27,174
U00008,U00645,2025-09-07,0.48,14
U00645,U01485,2025-02-05,0.58,123
U00646,U01914,2023-10-07,0.18,36
U00502,U00646,2025-04-15,1.0,43
U00646,U02116,2025-04-01,0.98,95
U00646,U01067,2024-12-24,0.76,1
U00646,U00848,2023-10-19,0.29,200
U00646,U01176,2026-04-26,0.47,112
U00646,U01308,2026-03-31,0.8,99
U00646,U00969,2024-07-21,0.33,43
U00647,U01857,2024-08-23,0.21,41
U00647,U00769,2024-01-24,0.43,191
U00625,U00647,2025-02-23,0.7,78
U00647,U00978,2024-01-11,0.44,177
U00100,U00647,2024-01-05,0.75,171
U00647,U02057,2023-11-03,0.37,104
U00648,U02164,2024-02-26,0.47,149
U00648,U02017,2024-12-07,0.85,64
U00648,U01236,2023-10-20,0.63,139
U00621,U00649,2026-04-08,0.4,27
U00649,U01725,2024-07-20,0.4,175
U00649,U01574,2024-12-05,0.27,44
U00649,U01710,2024-07-14,0.71,120
U00344,U00649,2024-04-17,0.38,80
U00649,U01755,2024-03-11,0.73,180
U00011,U00649,2025-01-04,0.43,144
U00650,U01279,2024-09-19,0.22,59
U00650,U01949,2024-12-20,0.75,187
U00650,U01041,2024-08-19,0.48,150
U00650,U01918,2025-08-03,0.2,65
U00650,U01310,2025-10-18,0.28,200
U00650,U01022,2025-10-09,0.49,12
U00409,U00651,2025-08-21,0.83,92
U00119,U00651,2023-12-27,0.15,6
U00262,U00651,2023-07-16,0.91,172
U00141,U00651,2025-09-28,0.28,14
U00651,U01118,2024-03-29,0.54,122
U00651,U01514,2025-08-19,0.93,168
U00652,U00919,2025-02-10,0.32,144
U00652,U00858,2024-12-19,0.51,146
U00652,U01259,2024-01-27,0.44,47
U00035,U00652,2023-09-26,0.34,6
U00652,U01130,2025-08-01,0.99,166
U00652,U00759,2023-12-17,0.92,42
U00530,U00652,2025-06-19,0.46,191
U00475,U00653,2025-06-18,0.29,161
U00653,U01073,2023-10-03,0.41,59
U00653,U00803,2023-07-12,0.57,192
U00653,U02000,2024-12-02,0.14,34
U00484,U00653,2023-06-02,0.56,47
U00653,U00951,2025-06-25,0.97,108
U00459,U00653,2024-01-03,0.68,162
U00612,U00654,2024-04-02,0.76,67
U00654,U00769,2024-11-17,0.44,136
U00655,U02031,2024-03-08,0.22,141
U00655,U01188,2023-08-07,0.88,28
U00655,U00950,2026-02-02,0.46,43
U00655,U01943,2024-03-26,0.69,3
U00655,U01502,2023-10-03,0.25,31
U00656,U01697,2025-08-21,0.7,196
U00656,U01287,2024-05-22,0.13,35
U00550,U00657,2025-07-29,0.1,184
U00053,U00657,2024-12-20,0.83,59
U00657,U00697,2026-04-04,0.67,84
U00657,U01152,2023-07-11,0.16,79
U00657,U01274,2026-01-10,0.29,2
U00657,U01737,2025-08-07,0.88,58
U00657,U01408,2026-02-11,0.34,154
U00657,U01555,2023-12-03,0.12,11
U00658,U01841,2025-04-21,0.78,82
U00658,U01417,2023-07-08,0.26,130
U00658,U00821,2025-11-07,0.21,102
U00658,U01459,2025-11-29,0.81,112
U00243,U00658,2025-02-14,0.11,116
U00658,U01162,2025-06-15,0.83,53
U00659,U01931,2023-12-02,0.41,97
U00659,U02171,2023-08-23,0.88,194
U00660,U01177,2025-10-14,0.42,12
U00171,U00660,2025-03-27,0.14,15
U00661,U01163,2025-12-15,0.25,31
U00661,U00955,2024-02-15,0.94,192
U00661,U00950,2026-03-26,0.36,130
U00661,U01877,2023-12-26,0.15,43
U00662,U02057,2023-05-05,0.2,69
U00654,U00662,2025-03-28,0.49,140
U00662,U01605,2023-07-02,0.13,131
U00662,U01088,2025-12-06,0.71,124
U00397,U00662,2023-12-21,0.4,48
U00662,U00806,2025-04-20,0.28,3
U00663,U01477,2023-05-12,0.85,159
U00663,U01613,2024-02-26,0.29,184
U00663,U01163,2026-04-03,0.88,30
U00663,U00693,2025-11-06,0.15,119
U00496,U00664,2024-03-22,0.29,6
U00664,U00861,2023-09-16,0.3,104
U00664,U01147,2023-08-21,0.96,93
U00055,U00664,2025-07-17,0.99,94
U00664,U00918,2024-12-08,0.11,91
U00664,U01871,2025-03-13,0.81,111
U00664,U01289,2024-05-28,0.93,6
U00398,U00665,2025-06-07,0.22,89
U00318,U00665,2025-06-20,0.76,16
U00665,U01526,2023-07-31,0.88,62
U00665,U01304,2025-08-26,0.48,173
U00067,U00665,2025-02-28,0.67,48
U00665,U01530,2026-01-15,0.14,56
U00363,U00665,2024-10-15,0.79,131
U00665,U02025,2026-04-13,0.14,43
U00666,U01279,2024-10-23,0.12,111
U00666,U01325,2024-09-18,0.64,123
U00112,U00667,2025-11-13,0.58,167
U00502,U00667,2025-10-08,0.16,128
U00668,U01996,2024-12-18,0.81,98
U00538,U00668,2025-08-19,0.88,184
U00075,U00668,2024-03-14,0.57,168
U00668,U00994,2024-08-26,0.66,198
U00668,U01101,2024-03-27,0.77,56
U00669,U02188,2024-04-18,0.62,51
U00669,U02002,2025-10-04,0.1,121
U00669,U01042,2025-07-11,0.71,40
U00670,U01874,2024-12-22,0.77,71
U00670,U01216,2023-09-07,0.89,115
U00670,U01602,2023-07-21,0.99,200
U00671,U01746,2026-04-21,0.85,32
U00671,U01518,2023-10-27,0.58,100
U00671,U01857,2024-07-03,0.67,17
U00159,U00671,2025-10-23,0.68,14
U00550,U00671,2024-01-20,0.72,151
U00220,U00671,2023-06-11,0.82,34
U00671,U01714,2024-01-30,0.32,12
U00672,U00779,2023-09-29,0.14,26
U00229,U00672,2025-05-04,0.2,39
U00672,U00940,2025-12-09,0.47,134
U00672,U01665,2025-06-07,0.27,154
U00426,U00673,2025-02-28,0.47,29
U00673,U00762,2023-05-09,0.6,121
U00673,U00791,2023-07-29,0.37,109
U00673,U00696,2024-06-29,0.42,147
U00109,U00674,2025-02-18,0.7,174
U00674,U00971,2024-03-31,0.39,32
U00674,U01674,2024-07-29,0.48,105
U00675,U01558,2025-10-08,0.62,59
U00642,U00675,2025-04-12,0.99,83
U00510,U00675,2025-07-17,0.41,124
U00675,U01433,2024-07-25,0.56,57
U00675,U01900,2023-05-26,0.89,147
U00085,U00676,2023-06-27,0.24,45
U00676,U01851,2023-05-24,0.11,20
U00247,U00676,2023-05-31,0.95,25
U00676,U00799,2024-04-15,0.55,29
U00676,U01573,2025-01-30,0.45,128
U00643,U00676,2025-08-11,0.76,2
U00677,U01147,2024-04-07,0.61,180
U00586,U00677,2025-01-05,0.58,61
U00678,U01638,2026-03-11,0.53,72
U00678,U01535,2025-02-04,0.88,119
U00066,U00678,2026-01-10,0.48,180
U00678,U01016,2024-11-15,0.51,26
U00058,U00678,2023-07-30,0.39,179
U00011,U00679,2025-09-19,0.19,70
U00679,U01013,2025-09-29,0.73,45
U00679,U01898,2024-01-18,0.88,106
U00679,U01269,2024-03-19,0.91,124
U00265,U00679,2023-12-05,0.51,131
U00679,U01547,2025-05-21,0.76,12
U00679,U02069,2023-08-26,0.2,186
U00679,U01178,2023-07-16,0.53,20
U00044,U00680,2023-12-07,0.7,17
U00680,U00906,2025-11-18,0.87,64
U00680,U01120,2024-08-15,0.32,20
U00468,U00680,2023-07-09,0.35,126
U00527,U00680,2025-10-23,0.37,41
U00680,U01399,2023-05-16,0.64,109
U00680,U01105,2025-07-27,0.22,94
U00680,U01451,2025-11-14,0.85,131
U00065,U00681,2025-04-08,0.48,196
U00468,U00681,2024-08-17,0.9,78
U00592,U00681,2025-03-05,0.53,130
U00387,U00681,2024-02-14,0.23,142
U00682,U00990,2025-02-21,0.89,37
U00600,U00682,2023-06-07,0.96,98
U00682,U01566,2024-01-07,0.6,16
U00682,U01800,2024-08-29,0.27,166
U00682,U02081,2026-04-21,0.22,53
U00682,U01817,2024-11-05,0.62,166
U00682,U01088,2025-08-22,0.73,181
U00683,U02133,2026-04-27,0.19,81
U00375,U00683,2026-02-27,0.94,156
U00683,U01414,2023-08-26,0.43,167
U00684,U01585,2023-08-17,0.97,169
U00652,U00684,2026-01-12,0.11,199
U00684,U01960,2024-02-08,0.96,136
U00684,U00783,2023-08-10,0.57,17
U00684,U01896,2025-03-08,0.61,196
U00684,U01656,2025-11-20,0.83,54
U00685,U01740,2024-05-21,0.71,67
U00685,U01383,2023-09-16,0.21,196
U00685,U00993,2025-01-06,0.21,119
U00685,U01389,2025-04-08,0.44,105
U00685,U01767,2025-07-11,0.17,148
U00686,U01313,2023-12-27,0.42,151
U00538,U00686,2025-01-10,0.63,157
U00596,U00687,2025-08-17,0.87,32
U00434,U00687,2024-08-21,0.86,193
U00687,U01933,2024-07-17,0.62,110
U00687,U00740,2024-06-12,0.42,77
U00269,U00687,2025-06-27,0.64,127
U00629,U00687,2025-03-05,0.63,39
U00688,U01515,2025-10-21,0.16,45
U00366,U00688,2025-03-15,0.74,174
U00688,U01477,2024-12-24,0.7,117
U00688,U01472,2025-02-20,0.34,93
U00400,U00688,2025-08-19,0.25,13
U00438,U00688,2025-08-16,0.75,167
U00688,U01410,2024-11-11,0.74,161
U00688,U02025,2026-03-13,0.5,81
U00099,U00689,2024-05-17,0.17,184
U00689,U02071,2024-09-25,0.56,33
U00689,U01716,2024-05-17,0.15,167
U00689,U01525,2024-02-17,0.98,176
U00439,U00690,2025-07-11,0.39,82
U00622,U00690,2024-04-21,0.47,62
U00691,U00914,2025-04-03,0.68,88
U00691,U01994,2023-11-25,0.55,26
U00209,U00692,2024-08-11,0.13,183
U00692,U02197,2024-01-17,0.57,6
U00692,U00734,2026-01-20,0.43,188
U00692,U01897,2024-03-29,0.19,35
U00692,U00813,2023-05-29,0.5,200
U00692,U01098,2024-02-12,0.45,73
U00692,U00879,2023-12-27,0.58,169
U00380,U00692,2025-04-23,0.24,82
U00543,U00693,2025-07-24,0.9,163
U00247,U00693,2026-03-01,0.77,63
U00693,U01137,2023-12-15,0.65,115
U00693,U01829,2025-08-17,0.12,93
U00652,U00693,2024-10-07,0.6,15
U00337,U00694,2023-10-01,0.38,62
U00694,U00739,2025-05-22,0.84,11
U00694,U00723,2023-05-13,0.53,45
U00694,U01344,2026-01-29,0.98,91
U00676,U00695,2026-02-08,0.53,198
U00282,U00695,2026-03-11,0.32,160
U00695,U01465,2025-10-03,0.96,90
U00695,U01597,2023-09-26,0.55,122
U00366,U00696,2024-05-07,0.96,54
U00696,U00889,2025-11-09,0.79,25
U00566,U00696,2025-04-20,0.74,62
U00696,U01704,2026-03-01,0.14,91
U00549,U00696,2025-03-01,0.67,141
U00560,U00696,2023-11-02,0.34,194
U00696,U01355,2024-06-06,0.7,176
U00105,U00696,2025-11-30,0.4,103
U00697,U02015,2023-06-17,0.99,66
U00697,U01362,2024-01-18,0.31,107
U00022,U00697,2024-01-18,0.99,56
U00697,U01176,2023-12-13,0.41,177
U00697,U01643,2024-01-22,0.56,2
U00697,U01403,2023-05-18,0.65,170
U00698,U01191,2025-09-24,0.61,117
U00698,U01588,2025-10-28,0.31,30
U00463,U00698,2024-02-09,0.2,188
U00229,U00698,2025-01-10,0.89,98
U00698,U02136,2024-02-17,0.99,142
U00698,U01927,2025-10-13,0.98,131
U00698,U01928,2025-11-14,0.52,116
U00143,U00698,2024-09-01,0.37,56
U00699,U01066,2024-06-02,0.48,76
U00699,U02187,2023-09-14,0.53,192
U00699,U01563,2025-12-02,0.54,168
U00699,U01702,2024-08-14,0.66,105
U00700,U00991,2024-04-20,0.48,18
U00700,U02156,2024-04-21,0.41,165
U00700,U01806,2024-08-13,0.51,172
U00700,U00857,2025-08-30,0.94,52
U00049,U00700,2024-12-21,0.33,66
U00700,U01903,2025-05-18,0.78,21
U00645,U00700,2025-10-16,0.38,27
U00343,U00700,2024-02-08,0.29,107
U00242,U00701,2026-03-20,0.63,161
U00275,U00701,2025-03-24,0.55,193
U00701,U00899,2026-04-23,0.93,44
U00701,U01258,2023-05-05,0.84,66
U00701,U01041,2023-05-30,0.57,149
U00702,U01505,2025-03-12,0.28,55
U00702,U01851,2025-04-28,0.47,19
U00534,U00702,2023-05-05,0.37,47
U00702,U00825,2025-10-15,0.47,107
U00702,U01932,2025-08-15,0.49,114
U00702,U01171,2023-10-05,0.84,136
U00702,U01088,2023-12-05,0.43,31
U00703,U02068,2024-02-06,0.2,197
U00703,U01817,2024-07-02,0.18,37
U00703,U00940,2024-03-06,0.32,131
U00703,U01359,2025-01-07,0.21,131
U00170,U00703,2024-09-11,0.64,38
U00703,U02013,2024-08-26,0.68,36
U00704,U02161,2023-06-02,0.49,102
U00704,U01821,2024-08-28,0.38,11
U00704,U02063,2025-03-10,0.83,168
U00704,U00985,2023-08-13,0.35,117
U00704,U01319,2025-05-09,0.83,138
U00704,U01173,2025-09-12,0.52,170
U00700,U00704,2023-05-12,0.91,135
U00705,U00899,2025-04-05,0.74,174
U00661,U00705,2023-09-15,0.99,126
U00705,U00794,2026-03-10,0.88,173
U00192,U00705,2023-11-29,0.57,99
U00705,U00881,2024-10-24,0.97,111
U00705,U01283,2025-08-13,0.15,154
U00160,U00706,2025-10-17,0.75,168
U00706,U01711,2023-05-13,0.6,20
U00706,U01451,2023-08-22,0.27,197
U00706,U02044,2025-10-05,0.66,32
U00706,U01200,2024-08-12,0.93,170
U00706,U01069,2023-07-26,0.8,122
U00706,U01574,2023-06-08,0.75,49
U00351,U00706,2025-02-12,0.67,192
U00707,U01198,2023-09-21,0.4,102
U00543,U00707,2025-05-31,0.84,51
U00708,U01882,2025-05-03,0.79,55
U00455,U00708,2023-11-18,0.48,42
U00708,U01143,2023-08-27,0.36,129
U00708,U01699,2025-07-01,0.44,161
U00270,U00708,2023-06-24,0.67,21
U00178,U00709,2024-08-15,0.99,115
U00709,U02016,2024-06-10,0.63,188
U00710,U00722,2024-05-09,0.15,24
U00710,U01347,2026-03-24,0.1,156
U00025,U00710,2025-03-15,0.65,43
U00711,U01160,2023-10-24,0.39,98
U00711,U01923,2023-10-31,0.36,121
U00230,U00711,2024-07-30,0.47,93
U00711,U01763,2024-06-13,0.51,103
U00154,U00711,2025-08-24,0.8,77
U00458,U00711,2024-04-02,0.15,84
U00711,U01972,2024-08-25,0.91,131
U00628,U00711,2024-08-19,0.19,30
U00712,U01249,2026-03-31,0.31,179
U00712,U00938,2023-11-11,0.47,70
U00712,U01379,2024-06-18,0.9,21
U00114,U00712,2024-08-04,0.17,13
U00074,U00712,2024-08-18,0.85,176
U00712,U02044,2024-02-15,0.65,58
U00712,U01231,2024-06-08,0.44,78
U00713,U00829,2025-11-29,0.98,151
U00713,U01878,2023-12-16,0.74,108
U00713,U01463,2024-01-14,0.92,60
U00713,U02041,2023-12-28,0.6,43
U00713,U02121,2024-04-27,0.9,147
U00574,U00713,2024-02-22,0.28,16
U00714,U01077,2025-07-10,0.43,118
U00714,U02080,2023-10-27,0.27,168
U00714,U01084,2024-09-19,0.41,141
U00519,U00714,2025-05-28,0.95,59
U00714,U01956,2023-09-26,0.82,26
U00148,U00714,2025-09-26,0.68,136
U00629,U00714,2025-03-08,0.72,155
U00714,U01174,2025-05-03,0.95,73
U00187,U00715,2025-01-21,0.49,32
U00715,U01320,2026-01-13,0.78,81
U00343,U00716,2026-01-08,0.8,110
U00149,U00716,2025-04-18,0.51,43
U00716,U01665,2023-09-27,0.93,164
U00511,U00716,2024-11-16,0.41,151
U00012,U00716,2024-03-04,0.82,197
U00716,U02164,2024-06-24,0.46,45
U00168,U00716,2023-07-13,0.2,169
U00293,U00716,2023-09-29,0.35,76
U00717,U01319,2025-05-18,0.52,145
U00717,U00985,2024-04-07,0.7,138
U00718,U02128,2026-01-20,0.38,127
U00718,U01221,2023-06-16,0.61,132
U00719,U00723,2025-05-03,0.11,191
U00719,U02173,2023-08-12,0.55,136
U00719,U01219,2026-02-25,0.16,22
U00684,U00719,2023-12-17,0.64,93
U00492,U00719,2023-11-30,0.72,160
U00360,U00719,2024-01-25,0.83,120
U00719,U01108,2024-03-23,0.78,124
U00720,U01942,2024-05-25,0.75,84
U00635,U00720,2025-09-22,0.71,92
U00720,U01416,2026-02-16,0.3,23
U00720,U01203,2023-08-26,0.52,90
U00720,U02033,2025-03-31,0.99,98
U00684,U00720,2023-09-08,0.24,53
U00720,U01844,2024-07-20,0.49,84
U00410,U00720,2024-02-07,0.68,26
U00130,U00721,2025-07-12,0.58,78
U00721,U00887,2025-10-11,0.77,160
U00721,U01668,2024-05-06,0.33,66
U00721,U01355,2023-09-13,0.2,83
U00721,U01709,2025-12-27,0.77,100
U00721,U01691,2025-02-28,0.15,122
U00162,U00721,2023-10-25,0.2,14
U00722,U01050,2026-02-03,0.36,184
U00722,U01836,2025-03-27,0.3,91
U00722,U01316,2026-01-18,0.26,160
U00722,U01344,2023-12-23,0.8,178
U00722,U01600,2023-05-26,0.19,73
U00464,U00722,2025-04-21,0.45,20
U00723,U01478,2026-04-01,0.56,35
U00723,U01190,2023-08-19,0.6,170
U00031,U00723,2024-08-28,0.26,110
U00723,U02136,2025-02-01,0.97,80
U00724,U01221,2024-03-21,0.49,194
U00724,U02172,2025-01-11,0.68,65
U00724,U01900,2025-12-02,0.16,32
U00724,U00894,2024-02-22,0.17,133
U00724,U01748,2023-07-17,0.63,23
U00642,U00724,2026-03-08,0.28,20
U00613,U00724,2024-03-03,0.42,57
U00724,U01390,2024-06-03,0.77,61
U00240,U00725,2024-06-26,0.22,194
U00520,U00725,2024-10-30,0.74,127
U00725,U01595,2025-09-12,0.33,184
U00725,U02100,2024-07-03,0.25,118
U00485,U00725,2023-06-14,0.73,148
U00118,U00725,2024-12-26,0.73,157
U00726,U01638,2024-10-27,0.45,30
U00448,U00726,2023-12-26,0.7,101
U00726,U01054,2024-12-27,0.14,29
U00677,U00726,2024-04-29,0.96,55
U00539,U00726,2025-01-04,0.32,68
U00726,U02112,2026-04-04,0.35,111
U00726,U01937,2023-10-28,0.13,117
U00726,U01495,2025-09-14,0.41,14
U00199,U00727,2026-01-10,0.66,15
U00060,U00727,2023-08-27,0.69,96
U00262,U00728,2023-10-06,0.36,94
U00728,U01484,2025-11-24,0.76,25
U00728,U02179,2025-11-30,0.41,194
U00729,U00836,2023-08-20,0.99,101
U00729,U01326,2025-03-22,0.52,175
U00413,U00729,2025-05-21,0.69,1
U00403,U00730,2025-12-11,0.76,145
U00730,U00732,2024-09-05,0.26,197
U00730,U02181,2025-06-10,0.61,195
U00730,U01724,2023-06-09,0.92,160
U00136,U00731,2025-12-17,0.8,127
U00729,U00731,2023-08-12,0.21,199
U00094,U00731,2026-03-09,0.37,22
U00732,U00853,2026-04-27,0.28,1
U00732,U00905,2023-06-16,0.68,145
U00611,U00732,2025-05-01,0.94,170
U00733,U00994,2025-08-24,0.91,7
U00733,U02117,2025-04-12,0.63,183
U00189,U00734,2024-06-17,0.92,16
U00373,U00734,2024-03-13,0.81,186
U00734,U01031,2024-06-24,0.92,9
U00734,U02112,2025-04-09,0.86,133
U00734,U00821,2025-05-30,0.81,107
U00735,U01129,2025-07-24,0.56,175
U00735,U02056,2025-01-13,0.98,120
U00735,U01661,2023-07-23,0.85,160
U00735,U01160,2024-10-26,0.95,120
U00735,U00944,2025-03-06,0.49,76
U00735,U02112,2023-12-19,0.32,133
U00736,U01283,2025-09-02,0.31,34
U00027,U00736,2024-02-16,0.33,85
U00283,U00736,2025-09-26,0.66,2
U00736,U02131,2025-08-09,0.24,129
U00736,U01685,2026-03-06,0.36,134
U00736,U01506,2024-11-01,0.61,186
U00736,U01115,2026-01-09,0.87,5
U00736,U01189,2025-02-23,0.23,111
U00737,U01942,2024-06-02,0.98,181
U00602,U00737,2025-02-02,0.37,92
U00737,U01568,2026-03-14,0.45,11
U00737,U01330,2024-11-11,0.86,198
U00616,U00738,2025-05-14,0.2,185
U00401,U00738,2024-11-22,0.44,187
U00343,U00739,2025-12-03,0.17,22
U00503,U00739,2024-01-18,0.98,68
U00739,U01234,2023-09-03,0.62,139
U00739,U01073,2024-11-07,0.15,184
U00739,U01997,2025-09-02,0.97,18
U00739,U00746,2024-10-23,0.33,186
U00739,U01000,2024-12-01,0.14,138
U00319,U00740,2024-05-24,0.92,35
U00740,U01592,2026-02-17,0.37,15
U00740,U01335,2025-03-16,0.93,148
U00740,U01012,2024-09-09,0.64,131
U00529,U00741,2023-09-03,0.96,183
U00378,U00741,2025-11-09,0.3,42
U00741,U01377,2024-08-31,0.33,67
U00595,U00742,2024-09-20,0.12,118
U00721,U00742,2023-09-27,0.68,188
U00087,U00742,2024-03-30,0.41,110
U00742,U01482,2023-06-22,0.12,64
U00742,U01010,2025-09-21,0.53,200
U00742,U01432,2023-07-17,0.33,69
U00742,U01289,2025-06-23,0.42,54
U00742,U01645,2026-01-05,0.66,98
U00743,U01847,2023-09-10,0.9,151
U00743,U01191,2025-02-22,0.5,39
U00743,U02171,2025-09-24,0.38,46
U00743,U01848,2024-11-24,0.18,30
U00743,U01642,2026-03-24,0.87,117
U00382,U00744,2024-11-10,0.14,92
U00112,U00744,2025-05-19,0.93,153
U00212,U00744,2023-08-08,0.66,2
U00745,U01440,2026-01-15,0.38,47
U00745,U01854,2023-10-08,0.83,100
U00745,U01670,2025-02-15,0.53,164
U00044,U00745,2024-11-05,0.25,73
U00745,U01433,2024-07-18,0.78,55
U00745,U02140,2024-07-23,0.9,187
U00745,U01230,2024-10-28,0.25,133
U00607,U00746,2025-04-14,0.58,31
U00746,U01898,2024-12-30,0.15,77
U00746,U01971,2024-07-19,0.67,116
U00746,U01793,2025-03-23,0.35,145
U00272,U00746,2024-04-10,0.24,12
U00746,U01866,2026-04-28,0.9,142
U00746,U00803,2024-07-17,0.69,90
U00746,U01888,2024-08-20,0.12,100
U00747,U01778,2025-02-12,0.83,89
U00407,U00747,2025-02-12,0.75,50
U00496,U00747,2024-06-24,0.19,103
U00747,U01821,2023-06-17,0.79,38
U00748,U01152,2024-07-15,0.23,7
U00748,U01185,2026-03-25,0.18,110
U00748,U01824,2024-11-01,0.53,13
U00580,U00748,2026-04-19,0.15,51
U00748,U01601,2026-01-29,0.21,126
U00748,U01236,2023-11-06,0.59,35
U00748,U01906,2024-06-23,0.55,180
U00749,U00968,2025-01-05,0.2,164
U00749,U02166,2026-02-03,0.65,149
U00750,U01895,2025-10-27,0.46,105
U00750,U00891,2026-01-16,0.11,159
U00048,U00750,2023-07-11,0.55,140
U00750,U02048,2024-09-29,0.29,190
U00438,U00750,2024-01-04,0.54,17
U00750,U01927,2025-01-21,0.69,17
U00711,U00750,2023-10-04,0.52,113
U00507,U00751,2023-05-31,0.11,11
U00751,U01441,2025-03-09,0.79,102
U00751,U01406,2024-09-10,0.92,129
U00752,U01944,2025-05-28,0.56,108
U00206,U00752,2023-08-14,0.51,46
U00752,U00819,2023-05-14,0.93,83
U00471,U00753,2026-02-20,0.71,70
U00750,U00753,2025-03-04,0.89,55
U00753,U01627,2025-04-14,0.54,21
U00753,U01381,2026-01-29,0.38,11
U00753,U00828,2026-04-19,0.3,137
U00695,U00753,2025-09-03,0.73,177
U00753,U00973,2025-06-28,0.43,98
U00754,U01559,2023-09-19,0.83,41
U00754,U01909,2025-04-22,0.38,64
U00754,U01622,2025-02-07,0.92,27
U00755,U00918,2025-08-06,0.73,177
U00755,U01779,2023-10-25,0.28,42
U00755,U02040,2024-02-26,0.28,1
U00459,U00755,2024-04-10,0.54,100
U00150,U00755,2024-04-05,0.8,136
U00756,U01306,2024-01-19,0.41,42
U00315,U00756,2024-06-28,0.68,52
U00756,U01615,2023-07-28,0.52,61
U00575,U00757,2026-01-20,0.79,13
U00757,U01221,2025-08-09,0.62,145
U00758,U01978,2023-11-04,1.0,12
U00758,U01200,2024-06-28,0.51,4
U00758,U01569,2025-05-17,0.34,78
U00674,U00758,2025-03-30,0.96,150
U00758,U01493,2026-02-22,0.88,25
U00354,U00758,2023-08-10,0.73,94
U00759,U01208,2025-10-05,0.68,192
U00759,U02004,2023-09-01,0.53,3
U00759,U02097,2024-10-18,0.33,17
U00759,U00819,2023-12-23,0.49,3
U00759,U02179,2023-09-17,0.68,168
U00759,U01398,2025-12-05,0.35,75
U00759,U01855,2023-08-30,0.75,127
U00759,U01808,2024-10-01,0.55,163
U00760,U01817,2025-10-06,0.85,147
U00760,U01064,2025-07-11,0.15,57
U00761,U01997,2023-05-13,0.37,49
U00761,U01166,2023-10-09,0.7,3
U00762,U01803,2026-03-27,0.5,158
U00424,U00762,2023-10-13,0.69,51
U00762,U02198,2023-11-10,0.51,102
U00763,U00852,2025-12-24,0.49,62
U00763,U01186,2023-05-27,0.85,76
U00763,U01699,2025-04-27,0.66,69
U00588,U00763,2025-08-03,0.13,165
U00763,U01737,2024-09-15,0.58,28
U00032,U00763,2025-10-17,0.17,172
U00763,U01108,2026-01-05,0.21,165
U00478,U00763,2025-02-24,0.38,126
U00719,U00764,2026-04-08,0.54,132
U00649,U00764,2024-08-12,0.42,58
U00764,U01964,2025-02-14,0.62,36
U00717,U00764,2024-04-27,0.79,199
U00079,U00764,2025-10-13,0.41,200
U00764,U02050,2025-09-18,0.76,144
U00416,U00764,2024-11-30,0.88,96
U00496,U00765,2024-08-11,0.25,172
U00765,U01073,2026-03-01,0.59,125
U00691,U00765,2024-06-20,0.63,179
U00765,U01445,2024-07-04,0.15,33
U00766,U00967,2025-04-15,0.3,47
U00078,U00766,2023-11-02,0.57,186
U00766,U01345,2023-11-20,0.64,64
U00766,U01725,2025-05-29,0.99,114
U00607,U00766,2023-10-18,0.14,144
U00766,U01846,2023-12-15,0.51,78
U00767,U00845,2024-11-27,0.71,50
U00767,U01744,2023-10-30,0.99,151
U00767,U01733,2024-06-17,0.96,79
U00767,U01457,2025-04-01,0.94,119
U00037,U00767,2023-08-04,0.23,151
U00767,U01958,2025-07-13,0.5,110
U00685,U00767,2025-02-27,0.52,175
U00767,U01314,2023-11-18,0.32,20
U00278,U00768,2024-08-06,0.64,2
U00768,U02166,2025-06-15,0.11,160
U00768,U01725,2026-02-16,0.89,180
U00769,U01202,2024-03-19,0.16,168
U00769,U01190,2025-02-10,0.38,155
U00769,U01088,2024-08-09,0.95,180
U00050,U00769,2025-12-19,0.74,37
U00299,U00770,2025-02-02,0.87,105
U00240,U00770,2024-03-12,0.34,85
U00684,U00770,2025-07-09,0.12,15
U00770,U01731,2025-08-29,0.19,17
U00770,U01967,2025-12-29,0.49,73
U00771,U01402,2024-08-15,0.94,130
U00052,U00771,2023-07-03,0.34,138
U00771,U02187,2024-01-02,0.42,42
U00771,U01919,2026-04-22,0.41,25
U00771,U01694,2024-01-11,0.49,5
U00403,U00771,2026-04-19,0.89,119
U00771,U00968,2025-07-31,0.45,193
U00772,U01524,2023-11-20,1.0,157
U00772,U01493,2023-09-20,0.91,90
U00773,U02109,2024-04-25,0.53,81
U00773,U00951,2026-03-05,0.35,125
U00092,U00773,2025-08-03,0.19,8
U00773,U01365,2026-02-18,0.38,130
U00580,U00773,2025-08-26,0.58,67
U00230,U00774,2025-03-12,0.82,167
U00774,U01028,2023-07-15,0.22,149
U00774,U01091,2024-10-17,0.98,190
U00774,U01211,2025-08-14,0.3,67
U00774,U01077,2023-05-25,0.96,193
U00332,U00774,2024-07-30,0.58,136
U00774,U01046,2026-02-05,0.3,47
U00774,U01096,2025-01-31,0.3,9
U00333,U00775,2023-11-12,0.5,82
U00008,U00775,2024-02-07,0.3,92
U00101,U00775,2025-10-14,0.35,75
U00395,U00775,2024-11-14,0.11,108
U00545,U00775,2023-06-09,0.4,172
U00775,U01388,2025-01-26,0.21,188
U00775,U01016,2023-05-13,0.66,34
U00775,U01428,2024-10-14,0.91,57
U00776,U02016,2023-06-10,0.78,168
U00776,U01555,2024-02-21,0.39,124
U00034,U00776,2024-04-18,0.16,36
U00776,U01697,2024-04-29,0.72,193
U00093,U00776,2023-05-23,0.83,27
U00776,U01921,2023-08-31,0.6,25
U00776,U00965,2024-11-19,0.61,43
U00777,U00853,2023-11-09,0.35,103
U00777,U00934,2025-09-16,0.6,7
U00777,U00798,2023-06-22,0.14,82
U00777,U02069,2025-10-13,0.97,162
U00777,U01198,2024-03-06,0.71,24
U00777,U01069,2023-12-12,0.65,15
U00778,U01457,2026-01-23,0.8,140
U00778,U01973,2025-01-05,0.94,10
U00778,U00987,2024-12-13,0.7,155
U00778,U02076,2023-06-19,0.29,23
U00778,U01938,2025-02-04,0.58,35
U00778,U01583,2024-02-01,0.85,93
U00707,U00779,2024-08-11,0.21,126
U00123,U00779,2025-02-04,0.34,160
U00779,U02160,2025-09-15,0.24,18
U00716,U00779,2024-07-20,0.62,163
U00779,U01628,2023-06-26,0.44,122
U00779,U01022,2023-09-18,0.56,69
U00569,U00779,2023-08-02,0.57,126
U00017,U00779,2025-11-14,0.16,147
U00780,U01850,2024-04-26,0.25,113
U00780,U02006,2024-06-14,0.65,142
U00780,U01828,2025-01-15,0.83,155
U00390,U00780,2024-08-16,0.76,60
U00781,U01883,2025-12-09,0.98,48
U00781,U01724,2025-09-24,0.25,193
U00024,U00781,2025-12-16,0.84,199
U00781,U01945,2024-10-31,0.58,197
U00781,U01099,2024-01-11,0.72,98
U00782,U01337,2025-08-29,0.92,106
U00782,U00990,2024-10-28,0.22,68
U00782,U01046,2023-06-15,0.86,20
U00782,U01626,2024-08-28,0.57,56
U00782,U01838,2025-07-15,0.18,120
U00260,U00782,2025-07-14,0.85,45
U00783,U01282,2026-01-09,0.89,150
U00783,U01605,2025-07-19,0.54,155
U00279,U00783,2024-08-22,0.52,48
U00783,U01604,2024-03-02,0.68,97
U00757,U00783,2024-10-31,0.56,62
U00784,U01509,2023-06-14,0.59,73
U00784,U00975,2025-11-19,0.54,123
U00784,U01574,2024-09-15,0.96,27
U00586,U00784,2025-11-26,0.77,119
U00784,U01836,2024-07-22,0.71,161
U00764,U00784,2023-05-23,0.41,186
U00580,U00784,2024-12-06,0.82,57
U00785,U01184,2025-12-22,0.36,50
U00414,U00785,2024-03-08,0.55,147
U00316,U00785,2025-12-23,0.76,49
U00620,U00785,2025-06-14,0.29,128
U00012,U00785,2024-05-29,0.29,115
U00785,U01814,2025-10-23,0.94,15
U00785,U01532,2023-05-11,0.58,124
U00785,U01339,2023-11-07,0.16,79
U00786,U01869,2024-03-12,0.63,79
U00786,U01156,2025-08-08,0.64,79
U00787,U00907,2026-04-21,0.37,80
U00787,U01048,2026-04-10,0.82,153
U00787,U01034,2023-08-08,0.63,63
U00787,U01358,2024-10-22,1.0,33
U00498,U00787,2025-04-08,0.93,14
U00787,U01741,2025-05-05,0.56,71
U00788,U01898,2025-09-06,0.4,133
U00788,U01224,2024-12-08,0.28,57
U00788,U00844,2026-03-06,0.42,18
U00191,U00788,2025-02-08,0.9,12
U00788,U02096,2026-03-03,0.6,123
U00788,U01758,2023-10-15,0.67,171
U00597,U00788,2024-08-30,0.43,161
U00144,U00789,2025-04-12,0.67,185
U00300,U00789,2026-04-24,0.57,133
U00571,U00789,2025-02-07,0.51,77
U00790,U02167,2023-10-12,0.19,32
U00790,U01957,2024-05-07,0.15,158
U00790,U00989,2025-07-26,0.71,149
U00790,U01991,2025-03-27,0.41,186
U00790,U01715,2024-08-09,0.14,97
U00790,U01611,2026-04-16,0.77,25
U00790,U02157,2025-08-30,0.87,195
U00790,U00852,2026-04-11,0.26,116
U00791,U02000,2025-10-09,0.21,174
U00791,U01903,2023-10-13,0.14,198
U00791,U01475,2026-02-24,0.86,84
U00791,U01151,2024-06-02,0.18,95
U00791,U01402,2023-07-09,0.23,17
U00791,U02104,2025-05-11,0.87,127
U00792,U01899,2024-10-02,0.15,144
U00191,U00792,2024-11-04,0.13,153
U00792,U01951,2025-07-01,0.32,175
U00190,U00792,2024-12-07,0.75,61
U00792,U01544,2024-01-26,0.3,159
U00373,U00793,2025-01-19,0.86,35
U00488,U00793,2024-10-25,0.85,50
U00783,U00793,2025-11-16,0.77,142
U00444,U00793,2024-06-09,0.72,123
U00793,U01110,2025-11-02,0.19,19
U00793,U00904,2024-10-15,0.41,35
U00409,U00794,2026-04-19,0.43,101
U00794,U01312,2024-11-20,0.24,30
U00795,U01379,2026-01-02,0.41,37
U00795,U02071,2025-09-10,0.33,143
U00416,U00795,2025-04-20,0.41,168
U00795,U01769,2023-06-20,0.22,23
U00796,U01949,2025-11-27,0.97,96
U00233,U00796,2024-07-26,0.96,18
U00797,U02097,2023-07-29,0.79,92
U00797,U02029,2024-08-18,0.75,36
U00797,U01357,2024-02-10,0.94,172
U00797,U01200,2024-11-09,0.15,121
U00797,U02006,2025-04-18,0.39,166
U00644,U00797,2025-06-11,0.23,85
U00797,U01556,2024-07-28,0.86,181
U00798,U01104,2025-03-06,0.71,132
U00798,U01655,2023-06-01,0.65,24
U00798,U01564,2025-08-07,0.78,146
U00107,U00798,2025-09-28,0.31,18
U00371,U00798,2024-06-13,0.8,158
U00213,U00798,2025-07-21,0.95,98
U00336,U00799,2025-12-15,0.92,67
U00799,U01979,2024-05-29,0.92,170
U00799,U02176,2026-03-09,0.75,182
U00080,U00799,2026-03-24,0.13,104
U00799,U01115,2023-12-26,0.88,139
U00086,U00799,2023-12-16,0.53,197
U00193,U00799,2023-12-31,0.3,181
U00270,U00799,2024-03-01,0.15,79
U00800,U02154,2025-08-12,0.41,179
U00800,U01236,2024-10-18,0.86,2
U00734,U00800,2023-06-21,0.46,143
U00800,U00918,2025-12-26,0.14,98
U00419,U00800,2025-10-10,0.7,83
U00800,U01742,2024-09-16,0.98,156
U00801,U01419,2025-11-09,0.24,100
U00185,U00801,2023-07-09,0.52,154
U00801,U02183,2024-04-27,0.4,169
U00582,U00802,2024-07-06,0.12,80
U00570,U00802,2023-11-05,0.76,35
U00750,U00802,2024-07-21,0.99,118
U00802,U00805,2023-05-31,0.34,66
U00803,U01743,2025-09-14,0.85,94
U00803,U01371,2024-09-22,0.43,154
U00803,U01986,2026-01-05,0.14,177
U00327,U00803,2024-06-02,0.61,25
U00276,U00803,2025-12-08,0.83,181
U00803,U01882,2023-08-26,0.15,40
U00358,U00804,2024-04-20,0.45,44
U00804,U02040,2024-01-06,0.15,152
U00804,U01107,2025-06-23,0.52,193
U00804,U02071,2024-08-25,0.29,172
U00461,U00805,2025-04-22,0.41,48
U00805,U02179,2025-05-15,0.76,11
U00624,U00805,2026-04-17,0.72,135
U00623,U00805,2026-04-12,0.41,98
U00805,U02038,2026-04-16,0.24,177
U00805,U01265,2024-10-31,0.73,196
U00806,U00853,2024-05-05,0.79,77
U00806,U01566,2024-09-01,0.31,112
U00806,U01598,2025-11-08,0.84,41
U00148,U00806,2025-06-03,0.1,200
U00806,U00915,2025-09-19,0.84,21
U00806,U01044,2025-08-03,0.81,52
U00806,U02194,2025-05-25,0.21,157
U00806,U01082,2026-01-14,0.7,165
U00807,U02131,2025-09-13,0.96,117
U00807,U01422,2024-08-16,0.44,151
U00808,U01119,2024-05-26,0.62,17
U00808,U00887,2024-09-16,0.46,76
U00177,U00808,2024-02-14,0.26,164
U00808,U00898,2025-04-06,0.85,180
U00501,U00808,2024-06-06,0.43,179
U00808,U01151,2023-08-21,0.33,145
U00808,U01378,2024-07-14,0.2,47
U00076,U00809,2025-12-09,0.71,98
U00106,U00809,2024-04-10,0.82,78
U00022,U00809,2025-01-21,0.19,147
U00016,U00809,2024-06-07,0.77,5
U00809,U01959,2024-08-15,0.69,167
U00809,U01995,2024-02-05,0.44,49
U00333,U00809,2025-05-06,0.11,16
U00665,U00809,2025-07-18,0.8,77
U00563,U00810,2024-10-16,0.81,29
U00810,U01144,2025-09-10,0.45,9
U00810,U00991,2025-02-14,0.63,63
U00530,U00810,2026-01-09,0.16,8
U00810,U01172,2024-11-10,0.77,81
U00810,U00868,2026-02-02,0.98,116
U00810,U02133,2025-11-17,0.86,91
U00369,U00811,2024-12-28,0.64,65
U00811,U01021,2025-03-25,0.75,71
U00624,U00811,2023-09-11,0.85,85
U00811,U01914,2024-11-18,0.55,190
U00811,U01777,2025-04-13,0.85,147
U00811,U00926,2025-06-27,0.93,92
U00812,U01330,2025-09-15,0.74,78
U00812,U02154,2025-01-09,0.19,135
U00156,U00812,2025-10-21,0.28,47
U00393,U00812,2023-08-13,0.51,42
U00812,U01223,2024-04-30,0.86,117
U00323,U00813,2025-06-29,0.36,139
U00143,U00813,2025-02-27,0.17,189
U00813,U01554,2023-09-20,0.85,39
U00387,U00813,2025-01-29,0.95,98
U00813,U01269,2025-04-04,0.66,140
U00814,U00986,2023-06-16,0.66,172
U00245,U00814,2025-08-09,0.65,143
U00814,U02129,2023-05-24,0.95,172
U00814,U01488,2024-11-01,0.44,71
U00262,U00814,2025-10-01,0.73,148
U00031,U00814,2023-05-18,0.13,199
U00814,U01113,2025-09-15,0.27,90
U00814,U01822,2024-05-07,0.4,87
U00815,U00921,2024-12-23,0.35,177
U00564,U00815,2023-07-30,0.88,161
U00815,U00837,2023-08-13,0.22,104
U00546,U00815,2025-04-24,0.76,90
U00561,U00815,2023-07-24,0.11,95
U00214,U00815,2025-07-25,0.6,98
U00541,U00815,2025-01-22,0.81,10
U00708,U00815,2023-07-13,0.1,127
U00810,U00816,2023-12-23,0.54,174
U00816,U01694,2024-11-23,0.31,5
U00816,U01164,2026-03-14,0.38,112
U00466,U00816,2024-05-23,0.82,65
U00816,U01769,2024-12-13,0.58,185
U00816,U01978,2024-09-03,0.91,119
U00287,U00816,2023-10-23,0.36,197
U00816,U01030,2025-05-27,0.74,103
U00376,U00817,2024-04-24,0.59,89
U00817,U01448,2024-10-30,0.25,163
U00012,U00818,2024-01-03,0.38,170
U00296,U00818,2023-05-09,0.27,26
U00818,U01425,2024-05-25,0.51,125
U00801,U00818,2025-12-27,0.62,6
U00818,U01059,2025-02-28,0.99,62
U00818,U01776,2025-08-27,0.95,111
U00819,U00934,2025-02-09,0.38,120
U00819,U01301,2024-02-22,0.5,120
U00820,U01180,2026-01-14,0.78,127
U00001,U00820,2024-02-15,0.68,85
U00707,U00821,2025-09-20,0.16,132
U00821,U01780,2024-04-29,0.99,21
U00236,U00822,2023-12-02,0.7,73
U00822,U01141,2023-08-10,0.28,34
U00586,U00822,2024-03-28,0.33,108
U00823,U01440,2024-09-30,0.1,53
U00823,U01561,2024-02-05,0.71,112
U00823,U01534,2023-11-29,0.76,2
U00824,U00930,2025-05-15,0.83,109
U00824,U02114,2026-02-14,0.18,19
U00824,U01955,2025-11-19,0.11,79
U00524,U00824,2026-02-28,0.93,186
U00211,U00825,2025-11-09,0.75,112
U00825,U01021,2023-05-12,0.77,70
U00825,U01440,2026-04-15,0.91,40
U00825,U01180,2025-12-27,0.42,158
U00508,U00825,2025-05-09,0.1,101
U00064,U00825,2024-11-23,0.43,117
U00825,U01846,2026-02-20,0.27,159
U00043,U00825,2025-07-05,0.42,67
U00826,U01542,2023-06-20,0.26,55
U00826,U01231,2024-06-09,0.5,23
U00826,U02154,2025-09-24,0.57,10
U00826,U01085,2025-11-07,0.64,182
U00827,U02047,2026-03-14,0.39,161
U00261,U00827,2024-08-19,0.55,71
U00827,U01301,2023-08-12,0.98,76
U00828,U01207,2023-11-10,0.4,129
U00169,U00828,2025-09-30,0.51,176
U00828,U01113,2025-09-12,0.94,172
U00828,U00925,2026-01-20,0.27,162
U00828,U00974,2023-09-17,0.95,118
U00576,U00829,2023-07-02,0.64,119
U00202,U00829,2024-08-08,0.96,147
U00830,U01380,2023-06-28,0.21,77
U00830,U01322,2023-11-16,0.38,34
U00398,U00830,2024-11-19,0.28,172
U00699,U00830,2025-08-03,0.32,112
U00830,U00845,2024-06-21,0.72,128
U00831,U01918,2025-06-08,0.43,56
U00831,U01752,2023-06-20,0.9,50
U00831,U01031,2024-03-26,0.86,142
U00832,U01295,2023-10-03,0.65,136
U00832,U01152,2024-12-06,0.24,93
U00832,U01586,2025-05-21,0.38,148
U00832,U00891,2025-10-11,0.39,30
U00498,U00832,2025-07-31,0.36,105
U00575,U00832,2023-10-20,0.19,144
U00832,U01629,2025-09-10,0.33,102
U00315,U00833,2023-05-18,0.5,154
U00833,U01506,2023-09-09,0.23,42
U00833,U01297,2026-02-05,0.39,7
U00833,U01076,2024-06-27,0.1,19
U00833,U02024,2023-07-04,0.28,111
U00833,U00896,2024-12-24,0.62,196
U00833,U01551,2023-07-29,0.21,33
U00833,U01290,2025-06-27,0.93,77
U00834,U01791,2024-03-03,0.73,87
U00834,U02086,2024-06-07,0.3,36
U00359,U00834,2024-08-13,0.84,163
U00702,U00834,2024-07-29,0.23,27
U00142,U00834,2025-12-09,0.76,7
U00835,U01659,2024-08-21,0.64,102
U00835,U00858,2025-10-17,0.68,3
U00835,U01853,2024-08-31,0.3,157
U00835,U01132,2025-09-01,0.64,35
U00468,U00835,2025-08-05,0.82,138
U00835,U01924,2025-07-20,0.64,159
U00835,U02143,2025-12-16,0.63,165
U00650,U00835,2024-09-20,0.42,107
U00759,U00836,2025-05-29,0.87,54
U00836,U01921,2025-12-20,0.79,78
U00836,U01738,2026-02-12,0.26,70
U00837,U01158,2024-12-27,0.64,186
U00422,U00837,2026-03-01,0.29,132
U00837,U02153,2023-10-05,0.15,22
U00069,U00837,2023-09-14,0.78,197
U00838,U01092,2025-04-09,0.37,77
U00377,U00838,2024-01-27,0.56,20
U00419,U00838,2025-05-30,0.55,104
U00838,U01638,2023-12-21,0.34,51
U00838,U00862,2024-09-10,0.32,180
U00838,U00978,2024-01-19,0.67,13
U00541,U00838,2023-08-28,0.75,159
U00838,U01252,2024-07-04,0.78,29
U00839,U01111,2024-03-27,0.42,24
U00038,U00839,2024-08-12,0.36,99
U00394,U00839,2025-05-02,0.29,87
U00839,U01641,2024-05-13,0.15,147
U00011,U00839,2024-11-02,0.39,165
U00839,U01176,2025-12-16,0.37,1
U00839,U00972,2026-03-18,0.31,187
U00839,U00868,2026-02-12,0.89,9
U00840,U01727,2025-01-19,0.55,17
U00840,U02099,2024-10-26,0.97,199
U00840,U01756,2023-10-12,0.64,17
U00840,U01772,2026-05-01,0.37,77
U00840,U01500,2025-01-20,0.89,160
U00841,U01572,2023-10-16,0.52,9
U00841,U01579,2025-08-24,0.46,38
U00841,U01358,2024-01-18,0.42,198
U00841,U00967,2025-01-31,0.5,54
U00326,U00842,2023-08-10,0.78,51
U00842,U02173,2024-07-16,0.92,41
U00694,U00842,2026-03-08,0.42,171
U00842,U00935,2023-08-02,0.37,150
U00843,U01142,2026-04-04,0.63,165
U00843,U01405,2024-01-09,0.37,142
U00482,U00843,2024-05-25,0.92,26
U00844,U01534,2023-07-02,0.22,111
U00844,U01571,2025-03-24,0.23,85
U00844,U01562,2024-04-25,0.59,94
U00844,U01590,2023-10-31,0.61,155
U00844,U01911,2025-12-27,0.59,152
U00844,U01545,2024-03-16,0.96,171
U00844,U01188,2024-06-22,0.96,169
U00769,U00844,2024-10-26,0.22,64
U00413,U00845,2025-10-14,0.78,160
U00160,U00845,2023-11-19,0.12,198
U00518,U00845,2025-09-11,0.3,142
U00845,U01552,2023-05-09,0.11,70
U00306,U00846,2023-12-04,0.49,179
U00846,U01071,2025-04-17,0.88,12
U00312,U00846,2024-07-22,0.26,11
U00846,U01792,2025-10-20,0.32,181
U00846,U02138,2025-08-09,0.85,26
U00817,U00846,2023-11-22,0.4,112
U00329,U00847,2024-11-19,0.41,41
U00847,U01629,2024-11-15,0.85,2
U00847,U01046,2024-11-30,0.27,153
U00446,U00847,2025-08-06,0.97,185
U00331,U00847,2024-06-15,0.6,43
U00516,U00847,2023-08-08,0.44,92
U00847,U01860,2024-07-23,0.94,188
U00848,U01760,2023-09-15,0.96,28
U00247,U00848,2023-09-03,0.16,143
U00848,U01367,2024-05-07,0.99,160
U00058,U00848,2024-05-25,1.0,43
U00849,U02045,2024-10-13,0.36,11
U00605,U00849,2024-04-27,0.35,123
U00849,U01137,2023-06-03,0.57,51
U00849,U02097,2024-09-02,0.79,119
U00849,U02108,2024-03-09,0.31,160
U00134,U00849,2025-08-21,0.78,64
U00264,U00850,2023-06-03,0.54,172
U00850,U01899,2025-11-13,0.41,88
U00482,U00851,2024-05-16,0.18,29
U00851,U01064,2026-02-21,0.92,48
U00851,U01768,2023-06-21,0.65,93
U00852,U00960,2025-07-17,0.79,167
U00852,U01330,2023-07-17,0.81,30
U00784,U00852,2025-02-12,1.0,153
U00852,U01129,2024-06-12,0.68,32
U00046,U00852,2024-06-24,0.84,126
U00025,U00852,2024-02-18,0.73,190
U00475,U00852,2025-10-12,0.79,194
U00402,U00853,2025-01-03,0.53,27
U00853,U01273,2023-11-17,0.87,147
U00609,U00853,2025-05-24,0.56,110
U00854,U01186,2024-03-02,0.16,74
U00854,U01937,2024-11-01,0.53,147
U00854,U01791,2025-11-14,0.28,149
U00792,U00854,2024-09-30,0.11,34
U00855,U01815,2026-02-28,0.12,124
U00314,U00855,2024-05-16,0.54,168
U00543,U00855,2024-03-22,0.33,62
U00855,U01590,2025-08-18,0.42,181
U00475,U00855,2024-10-08,0.21,10
U00829,U00856,2026-02-12,0.56,10
U00773,U00856,2026-03-13,0.16,4
U00495,U00856,2026-02-12,0.82,145
U00856,U01923,2023-05-08,0.61,67
U00857,U01713,2025-11-25,0.51,162
U00857,U01527,2025-07-26,0.93,133
U00857,U01181,2023-06-21,0.65,138
U00857,U01930,2024-04-17,0.37,172
U00796,U00857,2024-09-25,0.68,139
U00857,U01155,2025-06-01,0.88,80
U00659,U00858,2024-03-26,0.41,100
U00858,U01014,2026-05-02,0.26,143
U00858,U01852,2024-05-06,0.74,14
U00633,U00858,2023-08-15,0.66,82
U00859,U01418,2025-06-16,0.46,5
U00603,U00859,2023-09-13,0.83,111
U00606,U00859,2024-04-07,0.11,23
U00860,U01999,2026-02-24,0.52,102
U00860,U01599,2023-09-04,0.32,170
U00860,U00909,2024-09-08,0.87,63
U00283,U00860,2025-07-29,0.99,157
U00860,U01887,2026-02-11,0.64,98
U00860,U02063,2023-11-21,0.23,101
U00333,U00861,2023-06-05,0.22,106
U00817,U00861,2025-03-14,0.36,89
U00115,U00861,2024-01-08,0.36,171
U00861,U01597,2024-06-20,0.75,32
U00198,U00861,2025-04-09,0.9,147
U00861,U01907,2025-03-10,0.31,21
U00116,U00861,2025-12-09,0.19,81
U00862,U01094,2024-01-13,0.75,199
U00581,U00862,2023-08-23,0.14,197
U00862,U01237,2026-03-26,0.89,44
U00617,U00862,2025-08-06,0.58,173
U00146,U00863,2025-05-01,0.41,175
U00863,U01244,2026-01-05,0.36,151
U00863,U01308,2026-03-27,0.62,24
U00773,U00863,2025-11-30,0.78,115
U00863,U01186,2023-06-05,0.63,15
U00115,U00863,2026-01-22,0.36,159
U00863,U01864,2024-07-27,0.47,15
U00864,U00890,2025-10-04,0.39,152
U00864,U01642,2025-12-09,0.38,12
U00864,U02032,2023-06-09,0.87,42
U00459,U00864,2023-09-06,0.91,147
U00793,U00864,2023-10-10,0.17,41
U00864,U02086,2025-04-23,0.7,66
U00864,U01028,2025-07-12,0.99,48
U00333,U00865,2026-03-01,0.42,156
U00496,U00865,2025-12-16,0.79,162
U00865,U00877,2025-03-14,0.75,80
U00866,U01689,2025-01-11,0.81,52
U00239,U00866,2023-05-04,0.83,123
U00866,U00904,2024-10-11,0.11,140
U00268,U00866,2025-01-23,0.94,118
U00866,U01423,2026-03-24,0.36,131
U00866,U01656,2024-11-26,0.45,138
U00836,U00866,2024-04-03,0.52,101
U00116,U00867,2026-04-20,0.26,199
U00458,U00867,2025-09-04,0.67,94
U00868,U01028,2024-04-23,0.85,108
U00868,U01228,2024-10-31,0.72,183
U00868,U02142,2024-06-30,0.93,146
U00868,U01909,2024-11-27,0.92,92
U00409,U00868,2024-04-08,0.28,9
U00868,U02021,2024-07-08,0.86,114
U00868,U02177,2024-06-26,0.73,198
U00868,U02054,2024-11-20,0.18,71
U00869,U01792,2023-10-18,0.28,85
U00869,U01755,2023-09-03,0.94,143
U00869,U01736,2023-05-22,0.84,84
U00137,U00869,2023-05-27,0.19,14
U00869,U01474,2025-04-25,0.47,195
U00805,U00870,2025-06-02,0.95,173
U00870,U01402,2024-10-02,0.2,128
U00871,U01072,2026-02-25,0.69,153
U00871,U01160,2026-04-22,0.54,100
U00871,U00987,2023-10-06,0.39,60
U00871,U01488,2024-03-19,0.27,28
U00871,U00920,2025-09-07,0.42,185
U00872,U01000,2024-12-11,0.96,36
U00872,U01486,2023-08-13,0.64,1
U00290,U00873,2024-11-05,0.5,89
U00873,U01759,2025-11-23,0.2,55
U00420,U00873,2024-10-29,0.62,44
U00873,U01384,2026-03-01,0.22,65
U00873,U01541,2026-01-23,0.43,112
U00873,U01184,2023-10-21,0.58,10
U00659,U00873,2023-12-12,0.82,115
U00874,U01802,2025-07-06,0.84,2
U00605,U00874,2025-08-10,0.72,71
U00289,U00874,2024-04-20,0.9,122
U00874,U01920,2024-01-26,0.46,84
U00874,U01131,2026-02-28,0.82,69
U00709,U00874,2025-10-10,0.65,13
U00875,U01542,2024-12-31,0.84,87
U00075,U00875,2026-02-01,0.47,10
U00277,U00876,2025-03-20,0.77,184
U00876,U01058,2025-07-10,0.93,128
U00876,U01923,2023-07-12,0.6,79
U00876,U01619,2025-02-08,0.67,46
U00104,U00876,2025-12-21,1.0,73
U00876,U01597,2024-12-02,0.83,146
U00740,U00876,2025-02-25,0.2,28
U00877,U02063,2024-06-03,0.43,129
U00408,U00877,2024-11-23,0.63,16
U00877,U01871,2024-04-26,0.13,157
U00586,U00877,2024-08-03,0.76,135
U00877,U01748,2025-07-12,0.28,93
U00877,U01407,2024-09-12,0.3,138
U00877,U01066,2023-10-11,0.16,43
U00878,U01787,2024-11-03,0.46,11
U00399,U00878,2024-05-25,0.73,33
U00146,U00879,2024-05-09,0.79,142
U00879,U01952,2024-04-08,0.99,39
U00725,U00880,2026-03-27,0.99,88
U00880,U01193,2024-06-24,0.39,154
U00880,U01519,2025-10-29,0.52,112
U00880,U02114,2024-07-17,0.41,175
U00813,U00880,2023-07-02,0.9,166
U00296,U00880,2025-06-07,0.26,23
U00675,U00880,2024-01-25,0.45,189
U00880,U01698,2025-09-30,0.16,150
U00881,U01626,2026-02-18,0.21,28
U00881,U01430,2024-12-21,0.17,139
U00520,U00881,2023-12-03,0.85,164
U00881,U02047,2024-05-18,0.96,181
U00437,U00881,2023-05-26,0.98,128
U00647,U00882,2025-03-09,0.68,152
U00882,U01616,2025-07-30,0.57,101
U00442,U00882,2023-12-10,0.65,102
U00883,U01117,2024-11-18,0.59,92
U00025,U00883,2024-09-28,0.78,161
U00884,U02200,2023-12-23,0.84,192
U00884,U01157,2024-12-08,0.64,59
U00884,U01358,2024-10-26,0.14,19
U00885,U01126,2025-07-29,0.67,4
U00885,U01889,2024-02-11,0.5,59
U00011,U00885,2025-01-17,0.98,8
U00885,U01086,2024-12-30,0.66,3
U00022,U00886,2024-09-07,0.94,123
U00150,U00886,2023-07-15,0.16,27
U00886,U01708,2023-07-28,0.28,169
U00886,U01170,2023-09-29,0.33,105
U00886,U01128,2025-07-15,0.57,82
U00886,U01266,2024-05-08,0.58,164
U00758,U00886,2025-06-30,0.71,79
U00887,U01387,2024-11-01,0.68,60
U00887,U01533,2024-04-16,0.69,72
U00585,U00888,2024-07-08,0.64,188
U00293,U00888,2024-09-03,0.49,41
U00888,U01918,2023-06-23,0.35,31
U00888,U01644,2023-07-05,0.48,88
U00889,U01369,2023-08-30,0.21,138
U00889,U01694,2025-03-01,0.2,110
U00889,U02114,2024-05-08,0.66,65
U00110,U00889,2026-03-30,0.44,88
U00276,U00889,2025-08-24,0.62,13
U00889,U01844,2023-10-27,0.77,147
U00889,U01430,2026-03-31,0.49,101
U00342,U00889,2025-12-24,0.97,54
U00890,U01634,2025-12-08,0.62,74
U00357,U00890,2023-05-09,0.56,54
U00890,U02084,2025-09-19,0.49,132
U00890,U00921,2024-01-12,0.9,177
U00268,U00890,2023-09-11,0.74,60
U00503,U00891,2025-07-24,0.63,16
U00456,U00891,2025-05-15,0.96,174
U00891,U01317,2026-03-21,0.87,3
U00891,U00902,2023-06-04,0.92,4
U00891,U01502,2025-12-17,0.95,119
U00891,U01410,2025-02-26,0.9,149
U00135,U00891,2024-01-27,0.76,96
U00892,U01356,2023-12-28,0.87,152
U00892,U01877,2023-10-20,0.31,131
U00892,U01723,2024-12-25,0.73,46
U00077,U00892,2024-07-11,0.77,114
U00892,U01001,2025-01-18,0.43,106
U00892,U01404,2026-02-07,0.34,173
U00484,U00893,2025-08-23,0.35,89
U00893,U01254,2024-05-16,0.32,113
U00893,U01769,2025-06-30,0.95,200
U00893,U01796,2023-08-03,0.48,75
U00314,U00893,2024-04-04,0.15,164
U00798,U00894,2023-05-20,0.53,145
U00894,U01970,2024-12-03,0.52,71
U00894,U00975,2024-05-05,0.76,3
U00894,U01304,2026-04-27,0.43,58
U00894,U02046,2026-01-15,0.21,6
U00894,U02043,2024-06-06,0.65,129
U00895,U02072,2025-06-10,0.43,194
U00838,U00895,2023-07-03,0.16,186
U00895,U01861,2025-04-17,0.9,44
U00592,U00896,2024-05-29,0.75,119
U00565,U00896,2023-06-09,0.32,135
U00897,U01008,2024-12-25,0.67,112
U00897,U02182,2023-07-17,0.3,178
U00897,U01789,2025-02-25,0.35,131
U00897,U01753,2025-06-30,0.35,9
U00897,U01584,2025-02-18,0.96,127
U00897,U01986,2025-11-28,0.23,100
U00897,U02012,2026-01-25,0.11,153
U00255,U00897,2024-01-18,0.44,166
U00898,U01150,2024-12-18,0.41,140
U00898,U02148,2024-07-10,0.96,68
U00459,U00899,2026-02-16,0.97,190
U00899,U01306,2025-05-13,0.78,82
U00900,U01325,2024-06-02,0.92,135
U00900,U02033,2025-09-06,0.96,178
U00007,U00900,2024-02-17,0.85,121
U00900,U01785,2023-07-05,0.42,181
U00476,U00900,2025-10-04,0.38,127
U00759,U00901,2025-05-07,0.13,103
U00901,U01577,2025-09-27,1.0,67
U00901,U01299,2023-12-02,0.44,21
U00902,U01720,2025-07-30,0.76,2
U00576,U00902,2026-02-07,0.8,126
U00902,U01351,2024-10-03,0.14,175
U00902,U01600,2025-03-03,0.65,22
U00723,U00902,2026-02-01,0.85,21
U00903,U02081,2023-09-22,0.28,159
U00903,U01533,2024-02-04,0.74,173
U00484,U00903,2023-07-31,0.42,112
U00903,U02025,2024-09-29,0.11,111
U00481,U00903,2024-06-18,0.28,140
U00499,U00904,2024-04-16,0.77,127
U00904,U01107,2023-08-23,0.15,20
U00314,U00904,2023-07-11,0.15,152
U00904,U02096,2026-01-04,0.16,5
U00904,U01221,2025-07-03,0.77,77
U00904,U01483,2025-08-03,0.32,46
U00656,U00904,2026-04-14,0.42,12
U00904,U01601,2024-01-09,0.75,80
U00905,U01119,2026-01-30,0.9,35
U00438,U00905,2023-05-13,0.65,96
U00388,U00905,2023-10-15,0.71,34
U00280,U00905,2023-12-21,0.11,61
U00905,U01286,2024-02-01,0.67,101
U00905,U01115,2024-09-08,0.27,154
U00905,U00940,2024-12-13,0.55,183
U00906,U01794,2025-09-05,0.97,105
U00815,U00906,2024-07-22,0.48,175
U00907,U01083,2023-08-12,0.82,55
U00907,U01853,2024-04-02,0.63,42
U00908,U01068,2023-11-04,0.55,159
U00056,U00908,2025-03-06,0.4,175
U00772,U00908,2024-04-27,0.42,130
U00908,U01099,2023-07-31,0.93,101
U00485,U00908,2024-08-27,0.88,136
U00908,U01449,2025-06-04,0.55,164
U00645,U00908,2024-08-20,1.0,94
U00909,U02020,2025-03-09,0.86,9
U00488,U00909,2024-02-12,0.28,99
U00591,U00909,2025-12-08,0.91,46
U00909,U01591,2024-02-28,0.26,166
U00909,U01028,2023-07-02,0.31,49
U00581,U00909,2023-06-10,0.62,49
U00910,U01658,2023-11-08,0.4,24
U00273,U00910,2024-06-13,0.55,57
U00084,U00911,2024-02-03,0.1,192
U00911,U01246,2026-03-24,0.85,113
U00413,U00911,2024-05-27,0.21,32
U00570,U00912,2024-09-21,0.77,100
U00168,U00912,2023-12-03,0.27,143
U00912,U01328,2023-06-10,0.51,186
U00062,U00912,2025-10-14,0.85,199
U00912,U01484,2026-02-03,0.74,141
U00912,U01385,2023-05-08,0.62,93
U00912,U01776,2025-09-02,0.68,79
U00254,U00913,2025-01-10,0.76,37
U00913,U01704,2023-05-13,0.17,108
U00502,U00913,2023-09-22,0.41,104
U00144,U00913,2025-05-06,0.56,188
U00366,U00914,2023-11-06,0.79,113
U00648,U00914,2025-09-11,0.81,14
U00914,U01788,2024-04-14,0.86,140
U00914,U01187,2025-10-10,0.13,184
U00914,U01568,2025-05-14,0.54,181
U00489,U00914,2025-10-10,0.18,89
U00914,U00999,2023-11-19,0.22,173
U00721,U00914,2023-12-18,0.43,147
U00406,U00915,2024-06-02,0.18,186
U00915,U01473,2025-01-01,0.31,83
U00915,U01200,2026-01-29,0.23,96
U00070,U00915,2025-05-03,0.19,141
U00915,U01127,2024-03-20,0.86,141
U00915,U01261,2025-01-09,0.2,160
U00729,U00915,2025-05-18,0.64,184
U00916,U00931,2026-02-02,0.93,46
U00271,U00916,2025-07-10,0.4,66
U00916,U01231,2024-05-20,0.16,30
U00608,U00916,2024-04-19,0.16,98
U00499,U00917,2024-08-07,0.61,152
U00917,U01291,2023-12-18,0.67,43
U00917,U01832,2024-11-06,0.15,161
U00917,U01075,2024-04-05,0.69,116
U00340,U00917,2024-12-23,0.54,30
U00854,U00917,2023-11-17,0.97,19
U00917,U02162,2024-02-03,0.44,182
U00917,U01308,2023-08-26,0.93,112
U00647,U00918,2025-08-28,0.8,51
U00918,U01960,2025-07-04,0.73,127
U00918,U00959,2023-09-05,0.91,138
U00919,U01518,2026-04-28,0.56,150
U00524,U00919,2026-02-19,0.23,102
U00479,U00919,2025-05-09,0.34,112
U00443,U00919,2023-10-11,0.43,42
U00919,U02190,2024-05-20,0.79,137
U00449,U00919,2025-07-13,0.89,82
U00919,U01086,2024-12-28,0.29,86
U00599,U00919,2025-10-08,0.83,190
U00920,U01492,2024-05-08,0.51,116
U00676,U00920,2026-01-15,0.67,160
U00920,U01939,2023-08-22,0.33,188
U00920,U02094,2025-06-19,0.33,180
U00920,U01554,2024-08-30,0.34,61
U00920,U01944,2023-05-26,0.93,115
U00866,U00921,2024-06-25,0.75,33
U00683,U00921,2025-03-18,0.96,62
U00921,U01567,2023-08-26,0.14,6
U00139,U00921,2024-03-24,0.49,137
U00213,U00921,2025-03-27,0.32,84
U00865,U00921,2023-06-03,0.54,131
U00037,U00921,2025-07-01,0.55,186
U00921,U02159,2023-10-16,0.69,115
U00846,U00922,2025-12-19,0.81,98
U00922,U01046,2024-10-25,0.37,63
U00360,U00922,2025-07-18,0.77,72
U00922,U01335,2026-04-05,0.79,132
U00050,U00922,2023-07-08,0.14,29
U00923,U00972,2023-11-21,0.34,78
U00727,U00923,2024-11-30,0.53,135
U00923,U01134,2024-11-04,0.37,106
U00923,U02114,2026-01-29,0.43,111
U00663,U00924,2023-09-09,0.75,178
U00924,U01204,2025-11-12,0.1,35
U00924,U01109,2025-05-12,0.91,68
U00924,U01433,2026-01-19,0.87,88
U00924,U01413,2025-01-08,0.6,194
U00924,U01895,2025-11-22,0.33,95
U00714,U00925,2024-03-12,0.33,40
U00649,U00925,2025-05-26,0.28,83
U00925,U01181,2025-12-05,0.54,49
U00083,U00926,2025-01-29,0.27,20
U00139,U00926,2023-11-23,0.98,97
U00926,U01875,2024-03-10,0.55,150
U00926,U01687,2024-06-06,0.24,112
U00018,U00926,2025-03-03,0.16,100
U00159,U00926,2024-02-26,0.46,153
U00927,U00945,2026-01-31,0.75,103
U00927,U02149,2025-05-12,0.22,52
U00927,U01790,2024-08-08,0.4,155
U00927,U01975,2025-06-08,0.14,1
U00473,U00928,2024-05-16,0.82,162
U00318,U00928,2026-04-09,0.3,119
U00929,U01481,2023-12-06,0.72,24
U00929,U01995,2024-01-28,0.24,87
U00929,U01266,2025-11-12,0.78,99
U00563,U00930,2023-09-07,0.81,191
U00930,U02074,2024-01-01,0.65,133
U00930,U01333,2026-01-08,0.63,193
U00686,U00930,2024-12-28,0.76,52
U00272,U00930,2024-12-27,0.47,61
U00930,U01606,2025-11-05,0.27,127
U00930,U01758,2024-08-28,0.57,174
U00930,U01275,2024-07-18,0.86,115
U00931,U01652,2023-11-08,0.59,117
U00931,U01448,2025-12-21,0.68,96
U00507,U00931,2025-06-14,0.27,6
U00931,U01030,2025-05-11,0.3,114
U00160,U00931,2025-06-20,0.48,180
U00932,U01871,2025-06-20,0.69,198
U00932,U01776,2025-07-14,0.66,16
U00932,U01316,2024-07-08,0.32,124
U00005,U00932,2024-09-13,0.88,20
U00343,U00932,2025-01-17,0.17,185
U00932,U01285,2024-01-31,0.79,71
U00203,U00932,2026-04-24,0.7,167
U00933,U01011,2026-03-27,0.73,136
U00933,U01456,2025-02-17,0.69,98
U00933,U02005,2026-01-12,0.17,79
U00933,U02092,2025-05-25,0.61,69
U00933,U00994,2025-06-05,0.88,84
U00934,U01713,2025-10-06,0.3,180
U00165,U00934,2024-01-08,0.44,22
U00934,U01687,2025-12-20,0.4,114
U00934,U02174,2023-08-26,0.57,135
U00934,U01997,2024-08-31,0.92,145
U00934,U02149,2024-05-03,0.33,195
U00836,U00934,2025-06-26,0.33,45
U00183,U00934,2024-04-01,0.28,29
U00935,U01875,2024-03-29,0.31,71
U00935,U00969,2024-02-03,0.23,108
U00935,U01676,2023-12-29,0.93,121
U00936,U01733,2026-04-17,0.57,36
U00936,U01279,2026-04-04,0.71,130
U00936,U01800,2024-05-22,0.54,57
U00936,U01317,2025-01-17,0.6,95
U00937,U01077,2023-12-22,0.29,14
U00937,U01906,2026-04-01,0.47,194
U00133,U00937,2026-04-26,0.78,32
U00937,U01885,2024-04-23,1.0,191
U00937,U02110,2025-05-10,0.83,19
U00937,U02188,2025-10-05,0.95,166
U00863,U00937,2023-11-19,0.86,172
U00597,U00938,2024-07-10,0.28,110
U00751,U00938,2025-09-19,0.35,57
U00938,U01940,2023-08-04,0.29,22
U00938,U02138,2025-05-13,0.39,60
U00938,U01734,2023-12-13,0.54,194
U00537,U00938,2025-09-24,0.34,143
U00306,U00939,2025-07-21,0.36,99
U00939,U01895,2024-08-13,0.93,79
U00939,U01835,2025-03-07,0.48,56
U00939,U01840,2025-08-21,0.83,71
U00305,U00939,2023-05-17,0.7,167
U00212,U00939,2023-10-13,0.73,190
U00404,U00939,2026-01-21,0.45,1
U00939,U01767,2025-10-17,0.46,141
U00940,U01020,2025-11-06,0.28,27
U00940,U01177,2023-07-02,0.29,100
U00940,U01759,2024-03-29,0.78,125
U00940,U01357,2023-09-10,0.63,182
U00940,U02046,2026-03-15,0.92,59
U00941,U01154,2023-07-16,0.18,162
U00485,U00941,2025-01-29,0.43,11
U00941,U01236,2025-10-26,0.41,40
U00746,U00941,2023-07-31,0.35,11
U00942,U01689,2024-05-22,0.44,55
U00942,U01773,2025-12-19,0.12,76
U00943,U02139,2025-12-05,0.17,109
U00862,U00943,2023-07-03,0.12,3
U00943,U01687,2023-09-15,0.31,183
U00943,U01946,2023-10-27,0.18,91
U00081,U00944,2025-10-01,0.96,65
U00944,U01980,2025-10-29,0.33,27
U00499,U00944,2023-05-26,0.69,120
U00672,U00944,2025-07-26,0.49,176
U00944,U02020,2024-09-12,0.74,83
U00053,U00944,2023-11-12,0.73,190
U00944,U02196,2023-11-14,0.87,135
U00944,U01161,2025-12-20,0.7,96
U00854,U00945,2024-12-16,0.89,75
U00945,U01476,2024-06-05,0.92,42
U00946,U02004,2024-08-17,0.45,139
U00946,U01289,2026-04-19,0.24,46
U00946,U01324,2025-05-07,0.81,87
U00915,U00946,2023-09-23,0.88,29
U00946,U01076,2025-09-23,0.7,160
U00946,U01590,2025-11-09,0.3,126
U00946,U01246,2025-06-28,0.88,125
U00946,U01188,2024-11-10,0.96,186
U00947,U01128,2023-09-22,0.26,173
U00947,U01221,2025-11-08,0.8,39
U00520,U00947,2026-03-21,0.38,55
U00387,U00947,2024-10-12,0.9,24
U00948,U01858,2024-04-28,0.67,20
U00948,U02080,2024-11-24,0.36,40
U00948,U02061,2025-12-20,0.13,28
U00948,U01429,2025-05-08,0.58,173
U00949,U01664,2023-06-13,0.76,173
U00949,U02080,2025-05-30,0.47,71
U00524,U00949,2023-12-27,0.28,194
U00950,U01670,2025-03-03,0.59,163
U00525,U00950,2023-09-12,0.79,88
U00202,U00950,2024-01-21,0.16,67
U00950,U02052,2026-04-17,0.34,36
U00950,U01365,2026-04-30,0.55,161
U00950,U01235,2024-07-07,0.98,105
U00006,U00950,2024-05-29,0.95,168
U00951,U02101,2026-04-09,0.22,84
U00951,U02126,2023-06-18,0.24,77
U00951,U01483,2023-07-30,0.54,116
U00042,U00951,2024-11-25,0.81,158
U00951,U00994,2024-02-02,0.87,169
U00861,U00952,2025-11-12,0.39,123
U00952,U01006,2025-10-27,0.68,98
U00650,U00952,2026-04-29,0.32,180
U00890,U00952,2024-03-15,0.47,53
U00473,U00952,2025-01-21,0.26,35
U00466,U00953,2024-03-09,0.62,40
U00953,U01305,2023-10-28,0.46,73
U00953,U01101,2023-09-22,0.53,59
U00199,U00953,2024-05-02,0.27,110
U00529,U00953,2023-12-09,0.75,175
U00953,U01347,2023-10-05,0.72,152
U00953,U01760,2024-12-07,0.56,61
U00953,U02079,2026-03-02,0.56,71
U00041,U00954,2024-05-07,0.83,109
U00096,U00954,2023-08-06,0.85,86
U00869,U00954,2026-02-01,0.92,55
U00955,U01512,2023-05-31,0.14,32
U00955,U01543,2024-12-22,0.67,18
U00955,U01964,2023-08-28,0.84,188
U00955,U01055,2023-05-29,0.83,39
U00473,U00955,2024-07-12,0.13,50
U00434,U00955,2023-08-29,0.95,198
U00955,U01265,2023-06-14,0.37,41
U00544,U00956,2024-11-18,0.62,32
U00366,U00956,2025-05-02,0.79,92
U00523,U00956,2023-10-12,0.17,63
U00765,U00956,2023-10-04,0.69,145
U00107,U00956,2024-09-02,0.14,131
U00956,U01661,2024-05-04,0.28,95
U00957,U02008,2026-01-09,0.56,133
U00957,U01776,2023-11-09,0.41,121
U00958,U01302,2024-02-07,0.94,85
U00958,U01624,2024-06-10,0.78,178
U00959,U01426,2025-06-21,0.97,128
U00410,U00959,2023-06-29,0.72,47
U00959,U01146,2023-07-03,0.67,79
U00959,U01599,2024-08-14,0.17,123
U00391,U00960,2023-07-19,0.57,27
U00960,U01389,2023-10-05,0.26,145
U00960,U02116,2025-10-13,0.49,13
U00960,U01186,2023-12-08,0.55,173
U00712,U00960,2024-05-13,0.26,17
U00454,U00960,2025-08-05,0.93,103
U00961,U02120,2023-11-08,0.18,28
U00961,U02055,2025-11-12,0.65,57
U00962,U01163,2026-04-07,0.79,168
U00962,U01310,2025-10-18,0.63,172
U00134,U00963,2026-01-28,0.95,152
U00537,U00963,2024-01-21,0.85,95
U00963,U01131,2025-05-19,0.8,76
U00939,U00963,2025-11-22,0.31,121
U00861,U00963,2025-09-29,0.61,145
U00963,U01822,2025-02-19,0.33,157
U00963,U02076,2025-05-25,0.99,198
U00663,U00964,2025-07-19,0.6,14
U00158,U00964,2024-12-30,0.34,80
U00268,U00964,2024-08-06,0.31,91
U00964,U01141,2025-12-11,0.45,121
U00846,U00965,2024-04-24,0.94,93
U00965,U01217,2024-08-21,0.71,13
U00966,U01779,2024-09-01,0.96,160
U00966,U01267,2025-04-22,0.42,194
U00917,U00966,2026-02-04,0.72,30
U00264,U00966,2023-11-18,0.37,178
U00800,U00966,2023-08-31,0.57,107
U00966,U01036,2026-01-12,0.72,59
U00881,U00966,2024-10-28,0.21,33
U00967,U01587,2024-06-26,0.23,20
U00967,U01721,2024-06-19,0.31,197
U00589,U00967,2024-10-15,0.82,141
U00011,U00967,2025-09-20,0.81,183
U00968,U01066,2024-05-13,0.42,72
U00329,U00968,2025-12-04,0.95,80
U00968,U01757,2023-12-30,0.11,126
U00672,U00968,2023-08-15,0.85,180
U00562,U00968,2025-02-20,0.44,145
U00968,U01285,2025-06-19,0.12,178
U00969,U01720,2025-01-27,0.51,146
U00969,U01512,2023-11-04,0.79,75
U00969,U01978,2024-03-24,0.81,25
U00969,U01164,2025-01-12,0.74,185
U00970,U01617,2026-04-08,0.54,105
U00195,U00970,2024-01-02,0.24,59
U00850,U00970,2025-02-07,0.34,64
U00031,U00970,2024-03-24,0.58,157
U00970,U01155,2025-12-10,0.49,156
U00970,U01348,2025-01-31,0.79,36
U00970,U01064,2025-03-14,0.93,83
U00271,U00970,2025-07-19,0.85,57
U00971,U01384,2025-04-26,0.71,100
U00971,U01350,2025-07-12,0.35,22
U00971,U02160,2023-07-12,0.11,36
U00971,U01117,2025-04-02,0.68,170
U00515,U00972,2026-01-31,0.33,171
U00972,U01569,2024-10-06,0.12,94
U00972,U02009,2024-09-15,0.73,161
U00917,U00972,2023-07-07,0.4,91
U00283,U00973,2024-07-28,0.23,122
U00893,U00973,2025-11-10,0.5,79
U00699,U00973,2024-04-28,0.95,167
U00948,U00973,2024-04-20,0.56,108
U00973,U02106,2026-01-02,0.76,123
U00973,U01855,2024-09-25,0.96,55
U00973,U02017,2024-12-15,0.21,181
U00973,U02089,2024-10-12,0.21,118
U00686,U00974,2024-08-21,0.87,52
U00974,U02186,2025-11-08,0.79,120
U00114,U00974,2024-06-10,0.52,25
U00700,U00974,2023-09-11,0.28,191
U00356,U00974,2025-08-21,0.89,169
U00561,U00974,2025-03-13,0.21,200
U00535,U00975,2023-08-26,0.89,91
U00880,U00975,2023-09-25,0.58,178
U00975,U01315,2024-05-11,0.85,35
U00975,U02080,2023-09-08,0.95,73
U00549,U00975,2026-04-26,0.24,31
U00614,U00976,2026-05-01,0.96,104
U00155,U00976,2023-11-02,0.46,36
U00976,U01536,2024-05-20,0.29,109
U00976,U01131,2024-04-19,0.52,30
U00437,U00976,2025-04-27,0.97,118
U00413,U00976,2025-11-03,0.21,73
U00185,U00976,2025-07-03,0.9,47
U00976,U01346,2025-06-17,0.88,153
U00761,U00977,2025-01-29,0.67,92
U00863,U00977,2025-06-17,0.7,160
U00315,U00978,2024-02-21,0.8,182
U00978,U01053,2024-06-30,0.62,10
U00978,U01046,2025-03-27,0.49,149
U00262,U00978,2023-12-28,0.85,40
U00816,U00978,2023-08-29,0.51,132
U00061,U00978,2025-06-25,0.12,94
U00978,U01726,2023-07-03,0.11,134
U00837,U00979,2025-09-26,0.78,30
U00322,U00979,2025-06-15,0.8,136
U00437,U00979,2025-06-02,0.75,91
U00430,U00979,2025-11-03,0.85,47
U00979,U02029,2025-02-13,0.63,44
U00081,U00979,2024-03-22,0.38,129
U00022,U00979,2026-03-02,0.66,141
U00979,U01472,2025-09-26,0.64,164
U00543,U00980,2023-05-06,0.55,125
U00489,U00980,2024-08-20,0.42,148
U00618,U00980,2025-03-03,0.67,10
U00375,U00980,2023-10-23,0.74,13
U00980,U01379,2024-09-18,0.97,184
U00169,U00980,2025-01-11,0.8,172
U00980,U01392,2024-10-24,0.32,48
U00980,U01147,2026-04-05,0.75,40
U00723,U00981,2025-04-27,0.91,112
U00981,U01145,2026-02-14,0.35,67
U00981,U01168,2024-01-19,0.95,108
U00981,U01800,2026-04-01,0.38,35
U00213,U00981,2025-11-06,0.43,49
U00981,U02077,2023-06-15,0.62,88
U00686,U00981,2023-05-29,0.83,155
U00982,U01384,2025-11-26,0.21,65
U00982,U01198,2025-12-30,0.91,95
U00356,U00982,2025-04-27,0.34,177
U00687,U00983,2025-12-04,1.0,73
U00812,U00983,2023-12-15,0.94,152
U00984,U01287,2025-11-01,0.26,14
U00856,U00984,2025-01-28,0.29,155
U00045,U00984,2026-03-02,0.8,106
U00984,U01203,2023-11-01,0.66,105
U00984,U01755,2023-06-22,0.48,37
U00194,U00984,2025-12-09,0.2,87
U00984,U01921,2024-05-27,0.73,151
U00827,U00984,2025-01-13,0.69,193
U00081,U00985,2025-09-26,0.96,71
U00985,U01768,2024-04-30,0.35,18
U00986,U01656,2025-04-05,0.13,160
U00361,U00986,2024-08-22,0.8,150
U00360,U00987,2024-12-27,0.59,31
U00353,U00987,2025-02-22,0.61,134
U00988,U02141,2026-03-31,0.68,17
U00988,U01699,2024-07-26,0.99,46
U00988,U01011,2026-04-26,0.46,56
U00988,U01802,2026-02-06,0.96,12
U00988,U01431,2023-12-13,0.4,51
U00989,U01113,2025-01-22,0.9,174
U00989,U02047,2025-02-21,0.14,166
U00989,U01049,2023-11-05,0.22,56
U00591,U00989,2023-05-10,0.38,146
U00990,U02025,2026-04-22,0.75,10
U00990,U01245,2024-03-11,0.49,38
U00671,U00990,2023-11-06,0.97,186
U00990,U01535,2025-05-06,0.69,93
U00055,U00990,2025-08-26,0.92,63
U00990,U02023,2025-10-30,0.45,115
U00099,U00991,2024-12-01,0.71,180
U00991,U01835,2025-10-29,0.17,129
U00991,U01579,2023-12-23,0.11,35
U00202,U00991,2024-06-28,0.28,26
U00321,U00991,2023-06-01,0.94,60
U00792,U00991,2023-12-17,0.37,28
U00991,U01487,2024-01-13,0.93,174
U00991,U02187,2025-09-14,0.37,44
U00992,U01990,2023-10-24,0.87,80
U00992,U02016,2026-03-04,0.9,180
U00992,U01215,2023-11-13,0.81,60
U00207,U00992,2026-03-06,0.69,88
U00992,U02099,2024-12-10,0.33,46
U00992,U02154,2023-09-26,0.66,10
U00831,U00992,2026-02-12,0.28,164
U00992,U01189,2026-01-31,0.83,132
U00993,U01378,2024-11-09,0.28,10
U00993,U01119,2023-12-05,0.45,11
U00993,U01092,2024-06-15,0.7,150
U00993,U02163,2025-06-07,0.66,190
U00994,U02015,2024-08-25,0.42,158
U00745,U00994,2023-09-04,0.8,98
U00345,U00995,2024-12-06,0.17,190
U00505,U00995,2025-03-16,0.76,79
U00995,U01631,2023-05-25,0.3,58
U00813,U00995,2025-06-03,0.96,173
U00995,U01895,2025-08-29,0.15,127
U00995,U02193,2023-12-28,0.45,77
U00995,U01384,2024-11-27,0.53,126
U00995,U01642,2025-03-24,0.72,39
U00996,U02033,2025-04-08,0.62,7
U00996,U01610,2024-10-16,0.66,119
U00997,U01892,2026-03-02,0.84,163
U00813,U00997,2024-09-10,0.39,14
U00364,U00998,2025-01-19,0.53,14
U00998,U01078,2024-12-08,0.38,109
U00905,U00998,2025-01-31,0.93,2
U00999,U01016,2025-01-04,0.65,10
U00999,U02123,2025-01-10,0.34,170
U00999,U01019,2026-03-23,0.37,74
U00021,U01000,2024-10-02,0.51,13
U00758,U01000,2025-01-19,0.44,54
U00519,U01000,2025-05-09,0.38,4
U01000,U01520,2025-11-03,0.76,2
U01000,U01605,2025-01-18,0.62,72
U01000,U01335,2023-07-19,0.37,16
U01000,U02033,2024-09-06,0.81,75
U01001,U01787,2024-06-21,0.75,194
U00634,U01001,2023-12-12,0.41,121
U00389,U01001,2023-11-24,0.49,36
U01001,U01145,2025-01-11,0.36,157
U00611,U01001,2023-08-07,0.96,18
U01001,U01485,2023-11-22,0.28,152
U00812,U01001,2024-08-26,0.26,80
U00294,U01001,2024-06-26,0.49,194
U01002,U01976,2025-01-13,0.56,9
U00049,U01002,2025-08-16,0.83,170
U00354,U01002,2024-03-01,0.22,186
U01003,U01148,2025-06-07,0.98,167
U01003,U01252,2026-01-14,0.38,159
U00624,U01004,2025-09-18,0.85,105
U01004,U01897,2024-06-08,0.76,65
U01004,U01407,2023-08-30,0.21,178
U01004,U01107,2025-02-14,0.81,59
U00003,U01004,2025-10-03,0.7,168
U01004,U02149,2025-08-25,0.75,102
U01004,U01807,2023-08-24,0.27,177
U01005,U01778,2024-07-08,0.23,42
U00803,U01005,2024-02-19,0.96,10
U01005,U01337,2024-08-23,0.51,167
U00289,U01005,2025-06-20,0.37,68
U01006,U01387,2025-09-08,0.43,106
U00210,U01006,2024-10-18,0.96,89
U00721,U01006,2023-12-12,0.65,100
U01006,U02044,2025-12-28,0.6,117
U00402,U01006,2023-06-20,0.26,65
U01006,U01146,2025-12-07,0.51,106
U00486,U01006,2025-01-21,0.73,7
U00542,U01006,2024-06-10,0.48,39
U00438,U01007,2026-03-19,0.95,31
U01007,U01315,2024-05-14,0.1,185
U01007,U01687,2025-10-23,0.91,37
U01007,U01142,2023-07-31,0.92,41
U01007,U01099,2023-06-07,0.56,75
U00243,U01007,2023-08-31,0.85,50
U01008,U01704,2024-09-17,0.93,32
U01008,U01993,2024-12-05,0.22,4
U01008,U01405,2024-12-15,0.27,45
U00421,U01008,2026-03-07,0.82,90
U00645,U01008,2026-04-05,0.6,103
U01009,U01588,2024-01-25,0.54,98
U00214,U01009,2025-09-27,0.29,143
U01009,U01472,2024-04-11,0.12,128
U01009,U01705,2023-06-13,0.5,3
U01009,U01347,2023-07-20,0.83,61
U01009,U01873,2023-11-22,0.82,60
U00715,U01010,2025-07-06,0.58,135
U00199,U01010,2024-09-30,0.89,101
U01010,U01902,2025-09-10,0.9,112
U00759,U01011,2025-12-25,0.74,27
U01011,U01868,2025-05-07,0.28,131
U00467,U01011,2026-05-01,0.64,193
U01011,U01849,2024-02-03,0.23,22
U00248,U01011,2023-06-03,0.32,139
U01011,U01112,2023-07-22,0.54,51
U01012,U02005,2023-09-22,0.27,65
U00149,U01012,2025-11-19,0.45,1
U00280,U01012,2025-03-09,0.2,120
U01012,U01305,2026-02-16,0.88,83
U00583,U01012,2023-08-28,0.66,193
U00890,U01012,2023-10-12,0.72,2
U00887,U01012,2024-07-08,0.7,146
U00181,U01012,2024-07-14,0.8,117
U01013,U01685,2025-12-26,0.19,37
U00499,U01013,2024-04-19,0.65,15
U01014,U01385,2025-11-28,0.97,192
U01014,U01861,2025-09-18,0.14,115
U01014,U02165,2024-06-14,0.54,129
U01014,U01459,2026-01-09,0.31,156
U01014,U01830,2023-11-29,0.92,89
U01015,U01584,2023-06-08,0.2,54
U01015,U01834,2023-06-08,0.32,182
U01015,U01981,2024-07-10,0.55,143
U00362,U01015,2023-06-14,0.23,148
U01016,U01305,2023-08-02,0.97,1
U01016,U01872,2025-11-05,0.68,107
U00634,U01016,2025-04-26,0.19,154
U01016,U01061,2024-07-09,0.69,44
U01016,U02000,2023-10-12,0.59,125
U00059,U01016,2023-07-08,0.22,117
U00124,U01017,2024-02-28,0.66,144
U00319,U01017,2024-08-06,0.55,125
U01017,U01428,2024-06-17,0.92,108
U01017,U01095,2026-02-13,0.59,43
U01017,U01239,2023-10-05,0.64,139
U01017,U01051,2023-05-21,0.91,199
U01018,U01957,2024-08-31,0.62,160
U01003,U01018,2023-08-18,0.18,117
U00500,U01018,2025-06-19,0.63,189
U00332,U01018,2025-07-03,0.12,31
U00800,U01019,2024-11-29,0.65,160
U00661,U01019,2026-04-08,0.74,1
U00290,U01019,2023-10-16,0.51,86
U01020,U01139,2023-06-20,0.92,65
U01020,U01031,2026-03-05,0.3,106
U00968,U01020,2024-11-05,0.63,13
U01021,U01439,2024-12-05,0.67,161
U01021,U01849,2025-03-15,0.85,91
U01021,U02060,2024-05-14,0.84,27
U00616,U01021,2025-04-18,0.22,198
U01021,U02161,2026-03-10,0.51,138
U01021,U02122,2023-09-06,0.15,51
U01022,U01030,2025-10-09,0.94,148
U01022,U01777,2024-06-12,0.5,109
U00233,U01023,2025-03-16,0.25,117
U00949,U01023,2024-01-30,0.8,179
U01024,U01861,2024-07-11,1.0,167
U00374,U01024,2025-06-04,0.43,33
U00644,U01024,2025-06-08,0.39,191
U00703,U01025,2023-10-14,0.66,22
U01025,U01837,2023-10-12,0.93,44
U01026,U01455,2024-04-27,0.65,54
U01026,U02160,2024-02-13,0.44,129
U00589,U01026,2026-04-24,0.63,27
U00667,U01026,2024-04-16,0.14,14
U00721,U01026,2024-06-07,0.57,156
U00937,U01026,2024-02-26,0.42,23
U00045,U01026,2026-01-21,0.81,14
U00387,U01027,2025-10-25,0.13,189
U01027,U01521,2024-11-18,0.71,174
U00048,U01028,2025-10-03,0.41,113
U00580,U01028,2025-07-24,0.58,96
U00195,U01028,2025-11-15,0.7,128
U01028,U01218,2024-03-27,0.78,165
U00772,U01028,2023-05-07,0.38,123
U01028,U01476,2023-05-03,0.69,138
U00977,U01028,2023-07-22,0.23,33
U00734,U01028,2023-11-26,0.35,87
U01029,U01284,2025-07-19,0.49,4
U01029,U02116,2023-06-15,0.79,120
U01029,U02192,2026-04-30,0.47,43
U01029,U01326,2024-03-05,0.89,98
U00928,U01029,2024-05-23,0.15,91
U00845,U01029,2024-01-02,0.26,83
U00224,U01029,2024-10-02,0.11,114
U01030,U02124,2024-06-04,0.53,181
U00190,U01030,2023-08-22,0.88,43
U01031,U01943,2024-05-08,0.93,103
U01031,U02003,2025-10-15,0.2,59
U01031,U01667,2025-03-19,0.9,23
U00062,U01031,2023-07-18,0.55,36
U00375,U01032,2024-08-20,0.29,14
U01032,U01184,2023-12-05,0.82,60
U00044,U01033,2023-10-02,0.99,43
U00503,U01033,2024-09-08,0.54,162
U01034,U01636,2024-02-13,0.37,135
U01034,U01272,2024-04-16,0.44,50
U01034,U02072,2025-09-20,0.98,109
U00008,U01034,2025-01-15,0.73,73
U00637,U01034,2026-02-04,0.28,22
U01034,U01604,2023-11-21,0.97,61
U00727,U01034,2023-08-17,0.26,109
U00253,U01034,2025-11-01,0.3,159
U00674,U01035,2023-05-12,0.43,180
U01035,U02055,2024-12-05,0.72,177
U00960,U01035,2025-06-19,0.62,163
U00024,U01035,2024-01-03,0.41,16
U01035,U01834,2023-06-20,0.96,181
U01036,U02200,2024-02-02,0.26,120
U01036,U01631,2024-04-17,0.29,108
U01036,U01743,2024-08-13,0.75,98
U01037,U02091,2023-06-10,0.47,121
U01037,U01675,2023-11-09,0.38,8
U00323,U01037,2023-08-29,0.26,143
U01037,U01923,2024-03-19,0.7,135
U00379,U01037,2024-06-20,0.23,177
U00131,U01037,2023-08-17,0.15,95
U01037,U01742,2026-01-02,0.19,35
U01037,U01088,2025-12-19,0.13,196
U01038,U02153,2024-09-30,0.52,182
U01038,U02095,2024-03-28,0.96,169
U01039,U02050,2026-02-13,0.44,91
U01039,U02104,2023-06-28,0.87,150
U00068,U01039,2024-08-20,0.67,153
U01040,U01863,2025-10-05,0.5,34
U00811,U01040,2023-09-29,0.57,119
U01041,U01877,2026-01-17,0.6,32
U01041,U02103,2024-12-20,0.29,165
U01041,U01285,2023-07-26,0.3,101
U01010,U01041,2024-09-02,0.92,139
U01042,U01834,2024-08-07,0.79,97
U01042,U02046,2024-11-24,0.93,64
U01043,U01868,2026-04-28,0.5,1
U00554,U01043,2025-08-06,0.32,65
U00813,U01043,2024-05-16,0.73,147
U01043,U01756,2025-11-30,0.36,34
U00119,U01043,2026-01-01,0.91,97
U01043,U01843,2025-10-27,0.22,101
U00213,U01043,2025-01-12,0.56,64
U00778,U01044,2024-06-25,0.64,73
U00747,U01044,2025-07-22,0.84,126
U00554,U01044,2025-10-14,0.59,173
U01044,U01096,2024-09-27,0.71,175
U00619,U01045,2025-11-02,0.26,155
U00207,U01045,2025-11-22,0.32,61
U01045,U01524,2025-02-18,0.21,82
U01045,U01262,2025-07-15,0.64,190
U01045,U02017,2024-09-29,0.36,32
U01045,U01669,2024-11-20,0.79,185
U01046,U01292,2023-09-26,0.49,190
U00067,U01046,2023-12-30,0.49,180
U00728,U01046,2023-11-30,0.72,145
U00955,U01046,2023-08-26,0.76,111
U00547,U01047,2024-02-10,0.27,58
U00704,U01047,2025-07-25,0.92,22
U01047,U01567,2026-04-22,0.31,5
U00005,U01047,2023-10-16,0.7,100
U00383,U01047,2023-12-18,0.96,156
U00651,U01047,2025-10-13,0.73,2
U00263,U01048,2026-02-23,0.73,31
U01048,U01358,2026-03-07,0.54,67
U00952,U01048,2023-08-20,0.75,14
U00672,U01049,2025-03-30,0.41,58
U01049,U01209,2023-12-30,0.36,131
U01050,U01870,2025-12-09,0.64,64
U01050,U02042,2025-06-11,0.37,118
U01050,U01896,2026-04-17,0.22,58
U01050,U01452,2025-06-08,0.6,159
U01050,U01778,2023-05-20,0.11,71
U00997,U01051,2026-04-03,0.66,146
U01051,U01350,2025-12-27,0.37,59
U01051,U02051,2023-08-09,0.73,186
U00798,U01051,2024-08-22,0.93,109
U01052,U01352,2025-08-10,0.7,51
U01052,U01978,2026-02-01,0.51,9
U00906,U01052,2023-05-31,0.93,161
U00431,U01052,2025-10-24,0.15,160
U01052,U01386,2024-09-11,0.56,90
U00450,U01052,2024-07-06,0.19,32
U00908,U01052,2024-02-19,0.66,49
U00391,U01052,2025-08-04,0.32,122
U01053,U01130,2025-01-31,0.25,149
U01053,U02161,2026-04-20,0.62,26
U01053,U02061,2024-02-24,0.48,40
U01053,U01926,2025-12-25,0.25,124
U00352,U01053,2025-10-06,0.12,10
U01053,U01459,2025-03-29,0.87,72
U00596,U01053,2024-10-23,0.82,110
U00032,U01053,2023-09-27,0.31,83
U00791,U01054,2023-09-16,0.83,196
U01054,U01341,2025-01-22,0.93,132
U01054,U01420,2023-11-22,0.18,170
U01054,U01620,2024-08-25,0.82,97
U01054,U01637,2025-12-13,0.28,36
U00672,U01054,2025-07-31,0.39,177
U01054,U01147,2023-09-07,0.41,43
U01054,U01640,2025-03-07,0.61,24
U00593,U01055,2025-06-15,0.77,132
U01055,U02014,2023-05-25,0.19,95
U00159,U01055,2025-08-21,0.59,75
U01055,U02064,2026-04-01,0.66,7
U00423,U01055,2024-11-08,0.83,171
U01056,U01075,2025-10-27,0.65,59
U01056,U01421,2023-05-28,0.64,2
U01056,U01351,2023-09-10,0.38,7
U01056,U02082,2024-10-08,0.89,181
U00096,U01056,2024-08-10,0.94,30
U00953,U01056,2023-11-21,0.31,156
U01057,U01257,2024-11-06,0.44,131
U01057,U01956,2025-07-17,0.29,125
U00736,U01057,2025-11-14,0.51,144
U01057,U01938,2025-08-24,0.59,55
U00790,U01057,2024-06-03,0.81,112
U00730,U01057,2025-02-27,0.2,142
U01057,U02038,2024-12-17,0.24,131
U01054,U01058,2026-02-19,0.63,168
U00702,U01058,2024-02-25,0.58,44
U00602,U01058,2023-10-23,0.69,18
U01058,U01807,2024-12-14,0.62,31
U01042,U01058,2023-11-23,0.16,162
U01059,U02046,2023-07-26,0.38,146
U00500,U01059,2024-04-28,0.17,145
U01059,U01738,2026-01-13,0.62,94
U00741,U01059,2023-05-18,0.12,174
U00937,U01059,2025-07-26,0.19,71
U01060,U02031,2023-05-23,0.29,122
U01060,U01872,2025-07-27,0.26,175
U00214,U01060,2023-11-13,0.72,93
U01060,U01385,2026-02-05,0.8,30
U01060,U01477,2024-11-20,0.54,74
U01060,U01665,2025-05-16,0.86,13
U01061,U01096,2024-06-24,0.37,150
U01061,U01797,2026-03-14,0.17,33
U00777,U01061,2025-10-04,0.98,158
U00950,U01062,2026-01-24,0.97,183
U01062,U01441,2023-12-19,0.21,7
U01062,U01685,2025-05-03,0.93,97
U00647,U01062,2024-05-21,0.57,110
U01062,U01423,2023-07-13,0.34,156
U00003,U01062,2023-08-20,0.95,128
U01062,U01497,2026-03-27,0.82,92
U01063,U02171,2024-02-21,0.25,77
U01063,U01826,2026-01-31,0.53,17
U00960,U01063,2025-10-18,0.28,105
U01063,U01392,2025-01-19,0.51,82
U01063,U01256,2025-08-25,0.88,165
U00346,U01063,2023-08-02,0.44,23
U00769,U01064,2024-01-02,0.57,101
U01064,U02023,2023-07-06,0.26,57
U00454,U01064,2023-08-12,0.99,13
U01064,U01190,2024-01-09,0.12,50
U00490,U01065,2024-09-18,0.3,107
U00934,U01065,2023-05-03,0.87,68
U00833,U01065,2025-11-15,0.74,169
U00023,U01065,2024-08-16,0.56,95
U01066,U01960,2026-03-28,0.9,111
U01066,U01771,2025-10-22,0.33,7
U00967,U01066,2023-08-24,0.92,190
U01039,U01066,2023-08-29,0.83,56
U01066,U01844,2024-10-26,0.64,79
U01066,U02183,2023-11-30,0.43,167
U01066,U01284,2025-10-12,0.12,177
U00638,U01067,2024-08-27,1.0,78
U01067,U01955,2025-08-08,0.71,180
U00373,U01067,2026-01-29,0.84,5
U01067,U01271,2023-07-14,0.16,49
U01067,U01684,2024-07-30,0.22,66
U00517,U01067,2023-10-07,0.73,45
U00665,U01068,2026-03-29,0.8,51
U01068,U01548,2024-07-18,0.92,82
U00033,U01068,2025-05-04,0.49,140
U01068,U01923,2024-05-04,0.24,57
U00896,U01069,2023-05-18,0.89,132
U01069,U01302,2024-03-04,0.6,27
U01069,U01624,2024-02-16,0.78,15
U01069,U01933,2023-12-11,0.5,157
U00757,U01069,2025-07-14,0.78,119
U01069,U01949,2024-03-06,0.74,107
U01069,U01503,2024-04-21,0.23,8
U00057,U01070,2023-09-27,0.93,126
U01070,U01481,2024-12-07,0.9,194
U00533,U01070,2025-06-21,0.31,51
U01070,U01165,2024-03-19,0.6,33
U01070,U01940,2025-09-23,0.99,162
U01071,U01348,2023-12-04,0.39,13
U01071,U01690,2026-03-04,0.89,105
U01071,U01430,2024-09-18,0.56,126
U01015,U01071,2024-05-16,0.54,47
U00140,U01071,2025-12-13,0.88,104
U01071,U02185,2024-11-03,0.78,15
U00756,U01072,2024-02-10,0.21,198
U00402,U01072,2025-01-04,0.66,96
U00268,U01072,2025-02-23,0.36,56
U01072,U01838,2026-03-16,0.28,141
U01072,U02069,2023-06-21,0.43,111
U01072,U02111,2024-05-16,0.97,138
U00020,U01072,2025-08-30,0.8,187
U01011,U01072,2025-09-20,0.1,185
U00756,U01073,2025-09-09,0.78,31
U01073,U02118,2024-11-01,0.42,54
U00330,U01073,2025-08-21,0.41,164
U00443,U01073,2023-10-02,0.91,200
U00973,U01073,2025-09-18,0.65,116
U00369,U01073,2023-08-02,0.33,49
U01074,U02038,2026-04-08,0.38,68
U00167,U01074,2023-05-16,0.78,161
U01074,U01842,2023-07-31,0.62,196
U00949,U01074,2024-02-29,0.26,145
U00169,U01074,2026-01-13,0.95,28
U00129,U01074,2025-08-06,0.2,20
U01074,U01380,2024-03-03,0.22,81
U00418,U01074,2026-01-02,0.4,64
U01075,U01987,2025-06-09,0.38,65
U00900,U01075,2024-07-28,0.96,106
U00224,U01075,2024-05-27,0.73,5
U00253,U01075,2023-06-13,0.71,119
U01076,U01916,2024-10-17,0.25,141
U01076,U01619,2023-10-01,0.89,27
U00463,U01076,2025-09-27,0.72,11
U00407,U01076,2023-09-09,0.37,182
U01077,U01126,2024-01-22,0.65,99
U00214,U01077,2023-11-01,0.95,192
U01077,U01323,2024-07-18,0.41,96
U00598,U01077,2023-09-12,0.7,51
U01077,U01879,2026-01-25,0.42,194
U00906,U01077,2024-12-21,0.64,199
U01077,U02157,2024-10-24,0.66,164
U01077,U01598,2023-08-30,0.68,59
U00072,U01078,2025-01-14,0.18,167
U00439,U01078,2024-11-18,0.94,161
U01078,U01100,2024-09-19,0.55,122
U00477,U01078,2024-09-05,0.93,159
U01078,U01753,2024-12-15,0.97,42
U01078,U01661,2026-03-02,0.41,184
U00783,U01078,2024-05-14,0.68,49
U01079,U01699,2025-05-28,0.88,50
U00515,U01079,2024-08-07,0.77,94
U00974,U01080,2023-06-25,0.48,50
U01080,U01275,2025-06-24,0.52,58
U00221,U01080,2026-03-22,0.22,87
U01080,U01289,2025-01-09,0.68,80
U00839,U01080,2024-03-10,0.9,81
U01080,U01513,2023-06-12,0.5,74
U00508,U01080,2023-12-01,0.73,199
U00105,U01081,2025-11-14,0.69,127
U01048,U01081,2024-08-18,0.41,189
U01081,U01557,2023-06-07,0.84,80
U00517,U01081,2025-04-24,0.54,136
U01081,U01639,2023-07-08,0.63,83
U01081,U02085,2024-09-10,0.7,168
U00237,U01081,2023-12-29,0.79,49
U01081,U02194,2026-03-17,0.91,37
U00949,U01082,2024-12-28,0.48,75
U00568,U01082,2024-08-09,0.94,20
U01082,U01166,2023-10-30,0.4,38
U00158,U01082,2024-08-10,0.69,40
U01082,U01847,2024-01-26,0.92,133
U00271,U01082,2025-04-03,0.19,99
U00903,U01082,2024-03-17,0.96,124
U00306,U01082,2025-12-06,0.97,116
U01083,U01556,2023-12-24,0.66,79
U00851,U01083,2025-06-17,0.57,178
U00013,U01084,2023-11-12,0.63,41
U01084,U01409,2023-07-26,0.81,40
U01084,U01333,2025-02-01,0.58,152
U00877,U01084,2026-02-10,0.43,191
U01084,U01736,2023-08-04,0.44,114
U00053,U01084,2023-07-25,0.95,181
U00688,U01084,2026-02-22,0.46,101
U00120,U01085,2025-11-11,0.8,16
U01085,U01336,2025-06-04,0.4,193
U00090,U01085,2023-06-02,0.12,103
U01085,U01365,2024-04-29,0.36,38
U00264,U01085,2024-06-18,0.85,65
U01086,U01807,2024-05-09,0.17,79
U01086,U01291,2024-02-17,0.64,101
U01087,U01944,2025-10-01,0.59,198
U00677,U01087,2026-03-03,0.83,98
U00384,U01087,2024-10-26,0.53,36
U00363,U01087,2023-12-29,0.95,137
U01087,U01781,2024-03-03,0.73,156
U01087,U01242,2023-11-26,0.36,185
U01087,U01601,2023-07-16,0.57,72
U00930,U01088,2023-09-27,0.91,124
U00857,U01088,2025-05-06,0.86,127
U01088,U01332,2025-10-28,0.51,160
U01040,U01088,2024-12-04,0.71,111
U00575,U01088,2024-12-27,0.34,81
U01032,U01088,2024-10-10,0.63,198
U01088,U01891,2023-07-19,0.64,187
U00163,U01089,2024-08-26,0.53,124
U01089,U02032,2025-07-13,0.68,15
U01089,U01612,2024-04-08,0.8,72
U00074,U01089,2024-03-12,0.46,162
U01090,U02100,2023-07-21,0.16,72
U01090,U01499,2024-09-20,0.22,158
U01090,U01835,2025-10-11,0.71,68
U00966,U01090,2025-04-22,0.92,85
U01090,U01216,2025-09-16,0.88,100
U00085,U01090,2025-05-18,0.8,99
U01090,U01367,2025-09-17,0.97,133
U01091,U01964,2025-08-14,0.23,196
U00792,U01091,2025-04-14,0.42,173
U00159,U01092,2025-09-29,0.55,46
U01092,U01763,2025-05-15,0.92,64
U01092,U01287,2024-12-04,0.69,168
U01092,U01694,2024-12-29,0.94,68
U00198,U01092,2025-07-06,0.28,72
U01093,U01513,2024-04-12,0.61,167
U00697,U01093,2025-10-20,0.79,89
U01003,U01094,2024-08-22,0.63,58
U00754,U01094,2025-05-02,0.54,46
U01094,U02147,2024-02-02,0.52,69
U01094,U01807,2023-12-04,0.2,105
U01094,U01429,2024-07-19,0.78,61
U01095,U01735,2025-09-24,0.37,127
U00581,U01095,2024-06-19,0.58,178
U00209,U01095,2025-07-20,0.32,121
U00232,U01095,2024-03-20,0.23,197
U00419,U01096,2024-07-13,0.96,183
U01096,U01479,2024-03-21,0.3,60
U01096,U01590,2023-12-19,0.4,136
U01096,U01240,2023-09-19,0.63,51
U01096,U02038,2023-09-20,0.74,139
U01096,U01668,2023-07-15,0.38,186
U01096,U01883,2025-10-19,0.94,94
U01097,U01584,2026-04-07,0.65,47
U00083,U01097,2024-08-09,0.78,25
U01098,U01693,2024-01-31,0.9,72
U00112,U01098,2026-01-25,0.46,122
U00665,U01098,2025-06-01,0.79,138
U00978,U01098,2024-09-03,0.34,144
U01098,U01874,2023-12-20,0.36,99
U01098,U01496,2023-11-22,0.8,80
U01098,U01964,2025-03-29,0.79,40
U01099,U01206,2023-08-26,0.73,38
U00016,U01099,2024-04-11,0.67,118
U00135,U01100,2024-09-18,0.48,126
U00843,U01100,2025-12-15,0.68,21
U00158,U01100,2025-10-03,0.64,61
U01100,U01161,2026-03-18,0.19,69
U01049,U01101,2023-10-10,0.47,27
U00761,U01101,2024-07-04,0.63,173
U01102,U01696,2023-05-29,0.53,122
U00981,U01102,2025-05-19,0.65,196
U00853,U01103,2024-03-01,0.21,108
U01103,U01190,2023-09-16,0.56,25
U01103,U01499,2026-01-14,0.64,111
U01103,U01748,2025-11-06,0.29,6
U01103,U01925,2024-12-19,0.84,28
U01104,U01858,2026-03-27,0.11,110
U01056,U01104,2025-02-08,0.89,53
U01104,U01552,2025-01-20,0.55,159
U00769,U01104,2025-10-14,0.17,113
U01104,U01444,2024-04-02,0.37,134
U01105,U01738,2024-02-02,0.58,35
U00714,U01105,2026-01-17,0.13,99
U01092,U01105,2025-02-22,0.51,38
U01106,U02010,2025-08-31,0.96,168
U01079,U01106,2024-07-28,0.53,30
U00419,U01107,2024-07-19,0.54,13
U00629,U01107,2024-09-01,0.56,164
U00006,U01108,2023-12-31,0.18,61
U01108,U01867,2023-06-18,0.43,67
U00380,U01109,2024-06-10,0.63,152
U01109,U01517,2023-06-03,0.27,131
U01109,U01112,2023-09-25,0.48,114
U01109,U01889,2023-12-06,0.97,76
U00195,U01110,2024-02-04,0.85,19
U01110,U01664,2024-09-11,0.34,21
U01110,U01724,2023-06-30,0.45,116
U01110,U01766,2024-07-24,0.98,26
U01111,U01933,2023-10-02,0.47,80
U01111,U01946,2025-06-11,0.92,96
U01111,U02008,2023-06-11,0.9,139
U01111,U01663,2023-11-01,0.1,168
U01003,U01112,2023-08-23,0.25,69
U00879,U01112,2024-06-12,0.32,99
U01078,U01113,2023-08-16,0.65,13
U00919,U01113,2023-08-25,0.36,6
U00373,U01113,2023-08-22,0.83,32
U00948,U01113,2024-01-21,0.61,40
U00843,U01113,2025-09-03,0.17,14
U01113,U01678,2025-05-22,0.54,180
U01114,U01907,2025-01-20,0.4,42
U00248,U01114,2024-01-11,0.28,137
U00644,U01114,2023-05-13,0.81,43
U01114,U01594,2025-10-02,0.83,59
U00763,U01115,2023-10-11,0.27,108
U01079,U01115,2024-02-20,0.4,67
U00860,U01116,2023-07-29,0.18,160
U00173,U01116,2024-10-11,0.2,152
U00212,U01116,2024-07-15,0.27,4
U00577,U01116,2025-10-17,0.69,46
U01116,U02058,2025-05-24,0.8,104
U01117,U01868,2024-08-03,0.79,36
U01117,U01210,2023-08-01,0.9,9
U01117,U01341,2024-08-19,0.92,89
U00907,U01117,2023-08-17,0.73,186
U00155,U01117,2024-04-24,0.54,124
U01118,U02079,2024-09-02,0.55,137
U00833,U01118,2023-09-27,0.55,42
U00103,U01118,2025-01-28,0.44,170
U01118,U01261,2023-08-26,0.57,103
U01118,U01534,2023-11-17,0.81,156
U01118,U02072,2025-09-20,0.65,83
U01118,U01728,2024-02-09,0.6,144
U01119,U01561,2024-08-05,0.58,122
U00737,U01119,2024-12-19,0.95,173
U01120,U01543,2026-04-22,0.49,49
U00064,U01120,2024-12-02,0.25,198
U00596,U01120,2024-08-03,0.43,52
U01120,U01399,2025-07-11,0.77,75
U00968,U01120,2023-12-28,0.98,173
U01121,U01490,2025-01-18,0.39,69
U01121,U01594,2023-12-26,0.13,99
U00517,U01121,2024-07-08,0.85,13
U00007,U01121,2024-12-14,0.31,168
U00315,U01121,2025-05-21,0.14,156
U01086,U01121,2023-06-10,0.9,96
U00139,U01121,2024-10-26,0.62,23
U01121,U01296,2025-02-10,0.13,125
U01042,U01122,2025-07-05,0.46,179
U01122,U01725,2023-12-02,0.24,185
U01122,U02149,2026-01-04,0.99,38
U00049,U01122,2025-01-08,0.72,24
U01122,U01451,2025-09-21,0.34,170
U01123,U01688,2025-05-01,0.1,59
U00900,U01123,2023-09-10,0.36,7
U00764,U01123,2023-06-23,0.24,64
U01123,U01196,2023-07-12,0.39,192
U01123,U01884,2024-08-24,0.72,47
U00489,U01123,2026-04-07,0.71,113
U00149,U01123,2023-08-11,0.9,199
U00709,U01123,2025-11-25,0.75,188
U00630,U01124,2023-10-30,0.38,155
U00353,U01124,2026-04-28,0.15,149
U00197,U01124,2024-01-12,0.41,189
U01124,U01500,2024-11-18,0.6,167
U01124,U01856,2025-02-17,0.75,72
U01124,U01436,2024-07-19,0.63,163
U01124,U01641,2025-07-31,0.11,51
U01125,U02130,2024-10-29,0.19,190
U01125,U01869,2025-09-19,0.31,1
U00128,U01125,2023-10-10,0.55,180
U00819,U01125,2023-12-29,0.26,176
U01110,U01125,2025-03-13,0.59,36
U01125,U02049,2023-12-26,0.62,19
U01125,U02108,2024-10-21,0.31,56
U01125,U01271,2026-01-06,0.34,76
U01126,U02057,2025-12-25,0.25,163
U00828,U01126,2026-03-08,0.57,144
U01126,U01587,2025-07-23,0.57,55
U00560,U01126,2024-03-04,0.21,73
U01126,U01791,2024-03-17,0.56,14
U00925,U01126,2025-06-11,0.73,140
U01127,U01926,2023-12-30,0.49,191
U01127,U01413,2023-12-10,0.94,69
U01128,U01819,2026-01-02,0.45,16
U01128,U02076,2024-06-25,0.1,186
U01115,U01128,2024-04-26,0.56,136
U00331,U01128,2023-11-19,0.82,64
U00278,U01128,2025-01-15,0.41,121
U00606,U01128,2025-09-25,0.38,33
U01128,U01254,2024-07-07,0.39,22
U00348,U01129,2025-07-14,0.86,86
U01129,U01866,2023-06-24,0.11,194
U00462,U01130,2023-10-28,0.94,77
U00040,U01130,2025-12-26,0.82,30
U01131,U01142,2025-04-12,0.43,160
U00914,U01131,2025-06-01,0.81,183
U01132,U01959,2024-04-08,0.14,108
U01132,U01453,2024-01-02,0.91,36
U01132,U02020,2024-07-24,0.9,72
U00172,U01132,2025-03-05,0.58,158
U01132,U01552,2025-12-21,0.16,111
U00774,U01133,2023-08-11,0.2,121
U01133,U01879,2025-10-01,0.61,40
U00457,U01133,2023-12-11,0.95,22
U01133,U01375,2024-03-30,0.9,131
U01133,U01981,2024-04-11,0.38,143
U01133,U01322,2025-09-23,0.63,144
U00268,U01133,2023-07-16,0.94,160
U00227,U01134,2025-10-22,0.96,106
U00665,U01134,2023-05-16,0.43,60
U01134,U01967,2026-02-02,0.76,64
U01134,U01658,2025-10-08,0.3,44
U01134,U01806,2024-07-21,0.33,4
U01134,U01844,2024-03-21,0.31,142
U01134,U01275,2023-07-20,0.58,19
U00778,U01135,2023-06-05,0.2,115
U00406,U01135,2024-02-02,0.81,50
U01135,U01163,2026-04-08,0.36,3
U00751,U01135,2024-11-08,0.59,17
U01135,U01264,2024-01-18,0.55,113
U01112,U01135,2024-02-04,0.46,187
U01136,U01374,2025-01-29,0.47,139
U00084,U01136,2025-07-09,0.84,127
U01136,U02151,2024-06-05,0.4,181
U01136,U01276,2023-12-22,0.73,91
U00056,U01136,2023-09-24,0.89,21
U00185,U01136,2023-06-29,0.9,146
U01137,U01731,2024-06-05,0.35,123
U00318,U01137,2024-05-15,0.78,86
U00325,U01137,2023-11-08,0.89,106
U00958,U01137,2024-11-05,0.47,54
U00250,U01137,2023-12-31,0.85,25
U00868,U01137,2025-05-25,0.48,120
U00467,U01138,2024-06-01,0.2,59
U00235,U01138,2024-04-27,0.91,121
U00518,U01138,2024-03-23,0.81,167
U00844,U01138,2024-05-01,0.82,198
U01138,U01804,2025-12-31,0.38,107
U00837,U01138,2024-05-05,0.33,181
U01052,U01138,2026-03-12,0.17,125
U01139,U02033,2025-01-28,0.59,44
U00220,U01139,2024-09-05,0.46,27
U01139,U01858,2025-01-26,0.48,147
U00680,U01139,2024-08-18,0.56,150
U01139,U02119,2024-02-07,0.83,151
U01140,U01349,2025-07-08,0.67,111
U01140,U01504,2024-07-16,0.84,134
U00132,U01140,2024-02-06,0.25,40
U01140,U01790,2026-04-01,0.84,86
U00092,U01140,2023-05-12,0.64,158
U01140,U01190,2025-10-02,0.82,97
U01140,U02146,2025-09-04,0.68,4
U00061,U01140,2026-03-26,0.64,198
U01141,U01212,2024-03-04,0.41,110
U00845,U01141,2025-07-13,0.76,48
U00144,U01142,2023-07-05,0.66,139
U01142,U01792,2025-08-03,0.23,196
U01142,U01454,2023-07-24,0.77,59
U00789,U01142,2025-05-30,0.15,168
U01142,U01322,2025-12-27,0.73,17
U01143,U01875,2026-04-04,0.76,38
U00040,U01143,2023-07-09,0.29,88
U00252,U01143,2023-07-30,0.32,157
U00842,U01143,2026-03-12,0.31,159
U00373,U01143,2024-10-07,0.43,118
U00915,U01143,2025-06-17,0.72,112
U01143,U01419,2024-10-29,0.43,43
U01143,U01581,2024-03-30,0.18,15
U01144,U01940,2024-04-17,0.23,179
U01144,U01374,2023-10-27,0.77,6
U01056,U01144,2025-03-27,0.12,122
U00608,U01144,2025-12-06,0.3,120
U01144,U01220,2024-12-12,0.54,106
U01144,U01996,2025-11-14,0.3,129
U00573,U01144,2024-02-26,0.51,101
U00488,U01144,2024-11-29,0.78,18
U00867,U01145,2024-10-17,0.85,80
U00577,U01145,2024-01-16,0.51,124
U01146,U02157,2023-12-28,0.34,43
U01146,U01424,2024-04-12,0.41,45
U01146,U01968,2026-03-13,0.33,80
U01147,U01699,2026-04-24,0.51,187
U01147,U01488,2025-07-01,0.26,26
U00133,U01147,2025-10-11,0.2,84
U01147,U01536,2025-02-10,0.86,43
U00982,U01147,2026-01-13,0.21,115
U00752,U01148,2023-12-05,0.15,18
U01148,U01364,2024-04-05,0.37,161
U00055,U01148,2023-10-15,0.84,138
U00158,U01148,2024-01-10,0.95,142
U01149,U01917,2025-12-14,0.83,134
U00458,U01149,2026-04-18,0.98,113
U00311,U01149,2023-08-06,0.48,99
U00701,U01150,2025-07-16,0.21,138
U01150,U01614,2023-07-17,0.9,21
U00979,U01151,2025-04-30,0.23,180
U01151,U01344,2024-02-15,0.8,3
U01151,U01504,2024-12-09,0.63,130
U00516,U01151,2025-01-04,0.77,47
U01151,U01808,2025-08-12,0.99,178
U01151,U01346,2024-07-03,0.62,94
U00434,U01152,2024-10-23,0.38,188
U01152,U01437,2024-12-17,0.9,73
U01153,U01922,2025-05-21,0.24,133
U01153,U02104,2025-12-12,0.63,79
U00881,U01153,2024-06-12,0.32,8
U01154,U01927,2024-03-04,0.52,169
U01154,U01868,2025-01-07,0.56,146
U01053,U01154,2026-02-21,0.69,11
U01154,U01929,2023-10-23,0.67,185
U00751,U01154,2025-11-05,0.22,59
U00931,U01154,2023-05-21,0.15,156
U00214,U01155,2025-06-26,0.84,157
U01155,U01811,2024-11-28,0.66,51
U00884,U01155,2025-06-25,0.17,124
U01155,U01608,2025-05-03,0.99,88
U01155,U01380,2023-10-26,0.99,63
U00250,U01156,2025-01-02,0.68,36
U01156,U01621,2025-07-21,0.51,164
U00879,U01156,2025-09-18,0.9,62
U00557,U01157,2024-08-03,0.28,74
U00628,U01157,2023-11-17,0.85,109
U00100,U01158,2024-07-31,0.96,100
U01158,U01792,2023-10-16,0.15,171
U00175,U01158,2024-10-02,0.58,146
U00310,U01158,2025-12-27,0.53,9
U00656,U01158,2025-09-29,0.37,11
U00591,U01159,2025-07-16,0.86,32
U00574,U01159,2024-12-23,0.91,24
U00752,U01159,2026-04-24,0.96,143
U01137,U01159,2025-07-25,0.32,153
U00209,U01159,2025-10-07,0.17,153
U01159,U02008,2024-05-03,0.65,134
U00578,U01159,2026-02-15,0.23,132
U00959,U01159,2023-08-11,0.39,100
U01160,U01417,2024-07-25,0.11,131
U00767,U01160,2024-09-03,0.41,14
U00518,U01160,2025-05-05,0.3,61
U00800,U01161,2026-01-28,0.47,150
U01161,U01641,2026-03-14,0.13,187
U01161,U01330,2024-02-22,0.43,78
U00663,U01161,2026-01-30,0.61,98
U01161,U01859,2023-08-23,0.84,85
U00701,U01161,2023-08-12,0.1,137
U01161,U01634,2024-07-16,0.94,167
U00835,U01162,2025-01-28,0.55,128
U01053,U01162,2024-01-10,0.19,50
U00562,U01163,2023-11-18,0.61,141
U01163,U01176,2023-12-15,0.7,186
U01164,U01895,2025-06-10,0.44,113
U00628,U01164,2026-02-01,0.12,113
U01164,U01790,2025-08-30,0.88,172
U01085,U01165,2023-12-10,0.5,79
U01165,U01631,2025-06-05,0.13,190
U01165,U01935,2024-10-21,0.24,56
U01165,U01369,2024-08-11,0.9,1
U01165,U02093,2024-05-08,0.21,65
U01166,U01551,2023-08-17,0.71,84
U01166,U01929,2025-02-04,0.19,15
U00430,U01166,2023-09-28,0.92,17
U01166,U01358,2023-06-17,0.11,180
U00189,U01166,2025-07-11,0.55,120
U01166,U01337,2023-07-27,0.6,68
U00208,U01166,2024-09-05,0.15,6
U00744,U01167,2025-04-05,0.21,144
U00184,U01167,2025-01-24,0.68,61
U00541,U01167,2023-06-01,0.45,42
U00385,U01168,2023-11-13,0.49,199
U01168,U01456,2024-12-11,0.56,88
U01168,U01311,2024-12-08,0.17,113
U01168,U01193,2023-06-02,0.71,43
U01059,U01169,2024-06-27,0.33,127
U01160,U01169,2024-09-09,0.22,48
U00865,U01169,2024-10-09,0.58,186
U01169,U02108,2023-11-12,0.3,184
U01076,U01170,2023-11-23,0.58,173
U01170,U01827,2024-09-03,0.31,99
U01170,U02150,2024-05-09,0.37,190
U00352,U01170,2024-06-02,0.79,125
U01170,U01895,2025-03-20,0.86,124
U01170,U01588,2025-01-15,0.21,142
U00858,U01170,2023-12-27,0.78,20
U01170,U01443,2023-11-05,0.69,24
U00807,U01171,2024-10-28,0.29,2
U01148,U01171,2025-05-26,0.22,63
U01171,U01789,2025-03-16,0.54,184
U00273,U01172,2024-09-10,0.21,49
U01172,U01632,2023-07-26,0.45,130
U01172,U01836,2025-08-16,0.62,57
U00951,U01172,2023-05-09,0.12,47
U01172,U01635,2026-02-05,0.9,52
U01079,U01173,2023-10-11,0.3,118
U01173,U02047,2026-01-03,0.18,165
U01173,U01267,2026-04-28,0.87,65
U01173,U01400,2024-07-10,0.41,172
U00015,U01173,2023-11-25,0.82,20
U01173,U01338,2024-01-22,0.64,80
U01173,U01724,2025-12-25,0.14,158
U00826,U01173,2025-09-08,0.11,25
U00774,U01174,2025-07-08,0.89,194
U01174,U01413,2023-11-20,0.55,41
U01174,U02045,2024-11-15,0.22,118
U01174,U01284,2024-04-29,0.28,162
U00901,U01174,2025-10-22,0.73,22
U01174,U02013,2023-09-01,0.79,145
U01029,U01175,2023-08-21,0.57,151
U00728,U01175,2026-02-19,0.77,35
U00085,U01175,2023-09-06,0.29,159
U00690,U01176,2023-11-01,0.91,30
U01176,U01187,2024-01-12,0.63,12
U01176,U01827,2024-07-27,0.16,51
U01176,U01963,2024-07-03,0.29,48
U01176,U01623,2025-04-01,0.35,124
U00196,U01176,2026-02-06,0.92,1
U01177,U01757,2025-07-28,0.94,176
U01044,U01177,2023-12-29,0.18,89
U01177,U02177,2025-09-26,0.73,89
U00890,U01177,2023-12-25,0.96,90
U00565,U01177,2025-11-03,0.51,198
U01177,U01195,2025-12-26,0.65,155
U00954,U01177,2023-05-09,0.57,175
U00904,U01177,2023-06-16,0.41,45
U00215,U01178,2023-07-19,0.56,64
U01178,U02045,2025-12-23,0.18,128
U01178,U01259,2023-09-20,0.32,67
U01178,U01472,2023-10-13,0.81,128
U01177,U01178,2025-05-14,0.4,124
U00798,U01178,2025-10-14,0.35,48
U00747,U01178,2025-04-09,0.71,184
U01178,U02005,2025-02-18,0.64,147
U00681,U01179,2026-01-16,0.23,51
U00650,U01179,2024-08-05,0.48,28
U01096,U01179,2025-05-06,0.24,69
U00448,U01179,2026-04-28,0.45,66
U00032,U01180,2024-10-31,0.11,16
U01180,U02123,2025-08-01,0.76,53
U01145,U01180,2025-04-25,0.25,155
U00095,U01180,2025-01-18,0.36,137
U01180,U01291,2023-07-31,0.78,22
U01181,U01619,2024-03-15,0.12,37
U00127,U01181,2026-04-13,0.56,55
U00469,U01181,2023-10-30,0.62,96
U01101,U01181,2023-07-31,0.4,86
U01181,U01892,2024-07-04,0.16,147
U01182,U01533,2023-05-10,0.83,118
U00545,U01182,2024-10-06,0.8,136
U01182,U01909,2023-05-25,0.94,113
U01183,U01915,2023-10-31,0.22,170
U01183,U01675,2025-07-03,0.82,185
U01183,U02147,2025-04-08,0.15,122
U00511,U01183,2023-05-03,0.32,144
U01183,U01539,2024-08-09,0.88,87
U00240,U01183,2025-11-30,0.17,50
U01183,U01541,2024-01-03,0.32,88
U00581,U01183,2025-04-01,0.32,25
U01064,U01184,2026-03-12,0.27,120
U00795,U01184,2025-01-08,0.76,159
U00161,U01184,2025-07-12,0.59,39
U01184,U02143,2024-07-10,0.53,110
U01184,U02103,2024-08-30,0.46,147
U01121,U01185,2024-11-19,0.46,34
U01185,U01500,2024-02-16,0.33,190
U00033,U01185,2024-10-09,0.97,21
U01017,U01185,2026-03-08,0.73,43
U01076,U01185,2025-03-17,0.23,191
U00549,U01185,2025-03-15,0.29,124
U01185,U01842,2024-01-03,0.17,162
U00505,U01186,2026-05-02,0.65,171
U01186,U01503,2023-06-06,0.67,103
U00862,U01187,2023-07-01,0.2,111
U00376,U01187,2026-01-16,0.97,151
U01187,U01820,2023-08-30,0.17,58
U01005,U01187,2026-01-14,0.95,139
U01187,U01288,2024-09-09,0.67,150
U01187,U01521,2025-05-16,0.41,100
U00928,U01188,2024-04-01,0.98,191
U01188,U01372,2025-02-10,0.22,160
U00089,U01188,2024-03-15,0.92,108
U00316,U01188,2024-12-19,0.41,114
U01188,U02110,2025-01-30,0.28,22
U01189,U01830,2025-05-11,0.8,183
U00759,U01189,2026-02-20,0.12,174
U01189,U02170,2023-11-26,0.63,159
U01189,U01639,2024-12-29,0.58,58
U01189,U01902,2023-07-04,0.67,16
U01189,U02027,2023-09-01,0.71,51
U01070,U01190,2024-06-24,0.94,76
U00055,U01190,2025-06-24,0.98,178
U00641,U01190,2025-09-30,0.26,70
U01191,U02168,2024-10-26,0.79,131
U00754,U01191,2024-08-01,0.51,51
U01034,U01191,2025-11-07,0.36,118
U01191,U02157,2025-05-14,0.43,72
U00670,U01191,2024-02-15,0.16,36
U01191,U01357,2024-02-07,0.95,18
U00940,U01191,2023-05-17,0.62,58
U01191,U01534,2025-08-02,0.87,9
U00067,U01192,2023-07-21,0.97,124
U00638,U01192,2024-05-09,0.42,19
U00337,U01192,2024-03-20,0.19,52
U00991,U01192,2025-12-27,0.71,46
U00364,U01193,2024-01-30,0.96,17
U00018,U01193,2024-01-02,0.94,185
U01193,U01769,2026-01-13,0.55,123
U01193,U01487,2024-10-29,0.79,51
U01193,U01213,2024-03-27,0.78,133
U01194,U01370,2023-08-12,0.53,112
U00789,U01194,2024-01-07,0.96,94
U01194,U01849,2024-03-01,0.21,135
U01075,U01194,2023-07-27,0.97,155
U00996,U01194,2025-07-25,0.41,94
U01194,U01353,2025-09-23,0.71,104
U00082,U01194,2023-05-26,0.65,171
U01194,U01311,2025-10-28,0.56,79
U01195,U02003,2025-11-10,0.21,133
U01172,U01195,2026-01-26,0.72,36
U00367,U01195,2025-03-13,0.96,114
U01195,U01253,2025-07-15,0.3,69
U00453,U01195,2025-08-21,0.8,31
U00304,U01195,2023-08-30,0.91,48
U00534,U01195,2024-02-25,0.2,143
U01195,U02195,2023-06-27,0.3,56
U01196,U01316,2023-09-10,0.85,100
U01196,U01576,2025-02-18,0.66,50
U00123,U01196,2026-03-08,0.54,171
U00060,U01196,2023-05-20,0.22,134
U00977,U01197,2024-01-30,0.11,113
U01197,U01788,2023-09-15,0.68,48
U00126,U01197,2025-08-16,0.64,123
U01000,U01197,2023-11-04,0.96,177
U00638,U01197,2023-10-02,0.68,174
U01019,U01197,2025-07-22,0.53,166
U00012,U01197,2024-04-05,0.71,178
U00505,U01198,2025-10-28,0.21,25
U01198,U01209,2024-12-03,0.73,160
U01198,U01811,2023-06-22,0.43,26
U01198,U01890,2025-08-25,0.93,94
U01199,U01389,2023-08-01,0.81,60
U01199,U01515,2026-04-09,0.69,62
U00432,U01199,2025-02-17,0.52,20
U00780,U01199,2023-08-10,0.68,4
U01199,U01882,2024-10-16,0.19,49
U01200,U01866,2024-05-13,0.48,14
U01200,U01926,2024-05-14,0.37,66
U01200,U02094,2024-05-24,0.61,20
U00542,U01201,2024-07-20,0.24,155
U00997,U01201,2025-11-20,0.79,178
U00801,U01201,2024-01-21,0.71,78
U00075,U01201,2025-09-16,0.56,167
U01201,U01890,2025-08-08,0.39,93
U01038,U01201,2025-05-20,0.93,160
U01201,U01917,2025-04-08,0.79,112
U00660,U01201,2026-02-13,0.78,100
U01202,U01990,2025-11-22,0.49,116
U01202,U02082,2023-08-17,0.67,31
U01026,U01202,2023-12-23,0.15,54
U01184,U01202,2026-04-09,0.17,168
U00225,U01202,2025-04-13,0.81,75
U00643,U01203,2023-12-27,0.72,43
U00915,U01203,2023-05-20,0.35,32
U00566,U01203,2024-06-05,0.45,142
U01203,U02179,2024-04-12,0.73,143
U01203,U01489,2024-11-21,0.9,13
U01203,U01542,2025-05-27,0.11,108
U01204,U01322,2025-01-20,0.7,6
U01204,U02109,2023-05-22,0.13,196
U00096,U01204,2025-10-13,0.35,111
U01204,U02076,2026-03-30,0.3,127
U01030,U01205,2024-01-31,0.73,132
U01205,U01676,2023-08-13,0.28,97
U01205,U01968,2025-03-04,0.47,189
U01206,U01402,2023-06-12,0.4,185
U00486,U01206,2024-10-12,0.61,145
U00932,U01206,2023-07-22,0.58,29
U01024,U01206,2026-04-15,0.35,9
U01206,U01932,2023-07-16,0.21,192
U01206,U01646,2026-04-11,0.37,170
U01206,U01307,2023-12-17,0.19,102
U00531,U01207,2023-08-24,0.32,39
U00443,U01207,2024-09-11,0.16,4
U00134,U01207,2023-07-11,0.86,50
U00771,U01207,2026-02-02,0.28,64
U01207,U01380,2024-12-09,0.68,186
U01207,U02089,2025-06-03,0.1,31
U00815,U01207,2025-09-15,0.91,175
U00270,U01208,2025-02-04,0.66,79
U00694,U01208,2026-01-31,0.38,118
U01208,U01545,2025-04-19,0.54,183
U00226,U01209,2025-10-02,0.78,145
U00084,U01209,2026-01-19,0.35,187
U01209,U02024,2026-03-13,0.6,74
U01209,U01492,2025-05-30,0.67,151
U00057,U01209,2024-01-02,0.38,153
U00454,U01210,2025-12-31,0.82,98
U01210,U01963,2025-10-15,0.62,75
U00763,U01210,2024-09-18,0.99,74
U01210,U01936,2024-12-21,0.48,54
U00621,U01211,2024-01-24,0.54,17
U00327,U01211,2024-01-23,0.65,96
U00270,U01211,2024-01-07,0.18,157
U01187,U01211,2024-01-29,0.78,43
U00538,U01211,2024-02-23,0.34,20
U00119,U01211,2025-11-18,0.17,187
U00430,U01212,2023-07-25,0.6,24
U01212,U01713,2025-06-08,0.89,8
U01212,U01876,2024-05-26,0.88,76
U01212,U01770,2023-07-18,0.86,149
U01212,U01290,2025-11-13,0.39,144
U00792,U01212,2024-09-03,0.87,163
U01212,U02083,2024-12-16,0.36,182
U00439,U01213,2025-07-17,0.9,102
U01213,U01376,2026-02-28,0.31,139
U00664,U01213,2025-11-06,0.49,140
U01213,U01438,2024-11-02,0.4,102
U01213,U01567,2025-08-20,0.14,151
U01213,U01384,2025-12-24,0.3,62
U01214,U01410,2024-12-17,0.52,123
U00377,U01214,2024-12-25,0.34,166
U00049,U01214,2023-11-21,1.0,83
U01214,U01515,2025-09-17,0.32,1
U01214,U02118,2025-05-29,0.84,37
U00825,U01214,2024-12-14,0.57,64
U00536,U01214,2024-01-11,0.78,15
U00417,U01215,2024-07-05,0.71,198
U00422,U01215,2023-11-12,0.47,85
U01215,U01794,2023-08-01,0.34,195
U01193,U01216,2026-04-16,0.97,193
U01216,U01703,2024-10-26,0.15,118
U00475,U01216,2024-12-13,0.38,184
U00877,U01216,2025-09-07,0.18,88
U00583,U01216,2025-04-28,0.37,194
U01217,U01559,2024-10-08,0.47,33
U01217,U01274,2023-07-04,0.8,38
U01217,U01300,2024-06-02,0.23,176
U00613,U01217,2023-06-03,0.51,147
U01217,U02085,2025-08-18,0.95,29
U01217,U01455,2025-06-08,0.63,32
U01048,U01217,2025-07-24,0.12,40
U01217,U01242,2025-01-11,0.3,169
U01218,U02051,2024-09-16,0.41,44
U00367,U01218,2023-08-29,0.86,188
U01218,U01287,2024-10-08,0.92,11
U00570,U01218,2023-06-08,0.92,179
U00111,U01219,2023-09-20,0.77,24
U01113,U01219,2023-06-06,0.41,166
U01184,U01219,2025-12-28,0.89,137
U01219,U02056,2024-03-23,0.75,79
U01214,U01219,2026-04-04,0.31,177
U00436,U01219,2025-08-15,0.19,115
U01220,U01985,2024-11-24,0.75,15
U01220,U01271,2024-11-30,0.96,57
U01220,U01339,2026-01-03,0.76,91
U01220,U01870,2025-06-19,0.19,33
U01220,U01289,2023-06-14,0.66,189
U00956,U01220,2024-07-25,0.53,116
U01221,U02175,2025-04-01,0.98,86
U00223,U01221,2023-05-15,0.7,154
U00608,U01221,2025-03-16,0.71,96
U01221,U01784,2025-09-22,0.58,114
U00207,U01221,2025-03-12,0.59,44
U01221,U02035,2026-04-23,0.39,2
U01221,U01368,2025-10-08,0.14,68
U00077,U01222,2025-12-26,0.36,67
U00889,U01222,2024-08-22,0.71,13
U00179,U01222,2026-03-15,0.36,106
U01216,U01222,2025-09-27,0.93,37
U00523,U01222,2025-01-20,0.29,107
U01222,U01404,2025-08-10,0.67,158
U01223,U01231,2024-06-09,0.86,115
U00167,U01223,2024-04-15,0.34,167
U00164,U01223,2026-03-05,0.79,132
U00629,U01223,2024-09-09,0.84,155
U00114,U01223,2025-01-12,0.37,175
U01224,U01721,2023-05-17,0.64,153
U00479,U01224,2025-03-28,0.47,52
U00231,U01225,2026-01-15,0.37,93
U00725,U01225,2024-10-12,0.98,22
U00569,U01225,2025-06-19,0.35,134
U00975,U01225,2025-05-27,0.68,61
U00276,U01225,2023-07-24,0.85,171
U00442,U01225,2024-09-14,0.73,39
U00610,U01225,2023-06-24,0.9,22
U01226,U02122,2024-04-15,0.1,88
U01226,U01493,2026-03-04,0.24,147
U01226,U02026,2025-07-25,0.45,196
U01226,U01689,2026-02-12,0.5,173
U01227,U01778,2026-01-21,0.18,199
U00598,U01227,2025-10-18,0.48,73
U01186,U01227,2023-12-05,0.54,176
U01227,U01325,2026-04-23,0.9,56
U01227,U01479,2025-04-05,0.27,13
U01228,U01542,2024-01-29,0.9,162
U00468,U01228,2024-08-30,0.36,11
U01229,U01960,2025-08-28,0.94,169
U01229,U01659,2023-10-30,0.81,153
U00124,U01229,2025-07-01,0.59,39
U00803,U01230,2025-08-28,0.39,112
U01230,U02110,2025-03-04,0.78,40
U00923,U01230,2025-07-23,0.91,10
U01230,U02014,2025-02-25,0.92,125
U00937,U01231,2026-04-02,0.68,192
U00192,U01231,2025-11-20,0.37,115
U00531,U01231,2023-12-12,0.32,11
U01231,U02159,2023-05-15,0.46,72
U01231,U02014,2025-05-20,0.16,90
U01231,U01725,2024-02-13,0.5,135
U01231,U01867,2023-06-19,0.69,175
U00889,U01231,2023-08-04,0.72,122
U01232,U02166,2023-07-22,0.37,65
U01165,U01232,2023-12-10,0.33,16
U01232,U01303,2024-02-04,0.33,73
U01232,U01879,2023-05-07,0.76,80
U01232,U02043,2025-07-26,0.55,126
U00239,U01232,2025-01-19,0.56,157
U01233,U02000,2024-04-27,0.6,137
U01233,U01609,2025-10-29,0.52,186
U01233,U01663,2025-05-16,0.88,113
U00637,U01234,2024-05-20,0.44,146
U01234,U01669,2023-10-29,0.7,79
U00578,U01234,2024-05-19,0.71,125
U00819,U01234,2024-05-13,0.91,129
U00088,U01235,2024-05-28,0.23,19
U00158,U01235,2026-03-07,0.75,113
U00842,U01235,2025-05-12,0.15,32
U00515,U01235,2024-05-22,0.66,120
U01235,U01928,2024-06-14,0.24,161
U00830,U01235,2025-11-08,0.2,6
U01235,U01306,2023-08-15,0.18,56
U01187,U01236,2025-12-21,0.13,21
U01236,U01719,2023-12-20,0.94,135
U01236,U01396,2024-08-09,0.97,64
U01237,U02105,2026-04-25,0.44,46
U01237,U02112,2023-10-04,0.98,52
U00091,U01237,2024-07-04,0.9,39
U01237,U01412,2024-04-13,0.66,40
U01238,U01977,2025-10-16,0.75,57
U01238,U01510,2023-12-08,0.31,15
U00013,U01238,2023-12-09,0.95,115
U01238,U01716,2023-07-09,0.63,62
U01238,U01857,2023-08-02,0.3,130
U01238,U01856,2024-07-11,0.63,60
U01238,U02035,2025-07-08,0.13,110
U00679,U01238,2025-03-08,0.34,108
U01239,U01278,2025-07-14,0.52,153
U00444,U01239,2024-11-17,0.46,124
U01239,U01869,2025-06-11,0.94,87
U00704,U01239,2025-02-25,0.37,163
U01239,U02165,2023-11-13,0.5,123
U01240,U01995,2023-05-11,0.52,3
U00312,U01240,2024-11-05,0.71,81
U01017,U01240,2025-10-26,0.53,39
U00843,U01240,2024-04-18,0.28,22
U01240,U01777,2024-04-21,0.42,10
U00602,U01241,2023-06-13,0.89,86
U01241,U01670,2025-10-24,0.83,122
U00564,U01242,2023-09-11,0.33,6
U01242,U02116,2024-07-14,0.64,52
U01242,U01940,2024-03-20,0.44,135
U00606,U01242,2026-03-06,0.76,63
U00343,U01243,2025-01-04,0.27,91
U01243,U02105,2025-11-15,0.19,107
U00621,U01243,2024-05-16,0.14,82
U00776,U01244,2023-12-29,0.66,45
U01244,U02096,2025-02-20,0.75,36
U01244,U02175,2025-03-05,0.25,26
U01244,U01699,2024-06-10,0.73,192
U00685,U01244,2024-02-20,0.96,152
U01244,U01913,2024-05-12,0.84,44
U01245,U01451,2024-04-26,0.34,59
U01127,U01245,2026-03-24,0.69,1
U01245,U01776,2025-01-19,0.31,173
U01245,U01874,2023-09-11,0.87,97
U00945,U01245,2025-03-02,0.46,11
U01246,U01906,2026-04-15,0.96,83
U00542,U01246,2026-02-16,0.49,193
U01246,U01532,2026-03-29,0.63,164
U00346,U01246,2025-01-27,0.58,95
U01019,U01246,2025-09-22,0.85,79
U00298,U01246,2025-10-02,0.3,125
U00186,U01246,2023-12-23,0.37,145
U00413,U01247,2026-01-12,0.87,159
U01247,U01337,2026-01-05,0.48,44
U00393,U01247,2023-12-13,0.81,151
U01247,U01467,2023-12-19,0.3,38
U01247,U01989,2025-07-05,0.48,30
U01065,U01248,2025-10-28,0.92,182
U00589,U01248,2025-01-01,0.65,178
U01248,U01767,2025-04-07,0.35,26
U01085,U01248,2025-10-14,0.61,16
U01249,U01352,2025-03-17,0.11,102
U00583,U01249,2024-06-07,0.87,31
U01249,U01563,2025-11-11,0.39,164
U01045,U01249,2024-06-21,0.64,174
U01249,U01524,2023-08-26,0.57,59
U01249,U02137,2024-03-14,0.35,190
U00012,U01249,2025-01-16,0.77,48
U00844,U01250,2024-05-19,0.48,62
U00096,U01250,2025-01-29,0.62,84
U00181,U01250,2024-10-10,0.59,79
U01203,U01251,2024-08-07,0.36,61
U00597,U01251,2025-05-25,0.1,67
U00382,U01251,2025-02-03,0.37,191
U00698,U01251,2024-10-10,0.55,170
U00189,U01252,2026-03-21,0.69,143
U00551,U01252,2025-02-03,0.84,48
U01252,U01715,2024-12-16,0.97,185
U00865,U01252,2025-04-09,1.0,200
U00768,U01252,2026-02-19,0.74,196
U01252,U02082,2025-05-27,0.94,81
U01252,U02155,2024-08-19,0.97,31
U01191,U01252,2025-05-01,0.54,148
U01118,U01253,2024-03-12,0.52,195
U01253,U01913,2023-07-07,0.36,111
U01253,U02010,2025-02-03,0.18,126
U01253,U01881,2025-12-26,0.83,7
U01253,U01489,2024-02-22,0.43,42
U00910,U01254,2025-10-25,0.16,5
U01254,U01966,2023-11-09,0.17,11
U01254,U01590,2026-04-30,0.78,41
U01254,U01799,2023-09-15,0.68,168
U00196,U01254,2024-10-20,0.48,123
U01254,U02172,2024-08-31,0.71,48
U00699,U01254,2025-11-10,0.29,190
U01049,U01255,2025-07-16,0.77,19
U01255,U01693,2025-04-24,0.54,90
U01255,U02086,2024-09-08,0.66,145
U01255,U01282,2024-09-20,0.97,79
U00951,U01255,2025-03-15,0.28,100
U00066,U01255,2023-11-15,0.24,26
U00089,U01255,2024-12-05,0.61,18
U00173,U01256,2023-09-25,0.38,38
U00431,U01256,2025-10-07,0.71,114
U01257,U01324,2023-11-10,0.25,136
U00548,U01257,2023-09-02,0.45,77
U01257,U01869,2025-08-03,0.18,82
U00110,U01257,2025-09-17,0.67,72
U01257,U01876,2024-04-20,0.19,193
U00375,U01257,2025-03-05,0.36,161
U00207,U01257,2025-03-30,0.32,89
U00611,U01258,2025-10-30,0.38,100
U01064,U01258,2024-07-17,0.23,62
U01258,U01767,2023-09-04,0.61,26
U01259,U02183,2026-03-25,0.6,80
U01259,U01816,2025-03-01,0.57,92
U00053,U01259,2025-05-06,0.5,112
U00579,U01260,2025-05-22,0.26,33
U00231,U01260,2026-04-01,0.4,104
U01260,U01755,2025-12-04,0.72,5
U00382,U01260,2023-07-23,0.53,134
U01260,U02025,2023-09-05,0.7,90
U00043,U01260,2023-05-09,0.24,145
U00611,U01261,2025-08-16,0.2,102
U01261,U01449,2024-11-10,1.0,27
U01261,U01639,2023-06-07,0.65,50
U01109,U01261,2025-12-12,0.43,13
U00544,U01261,2026-03-02,0.32,67
U00247,U01261,2024-06-16,0.92,104
U00647,U01262,2023-09-20,0.5,152
U01262,U02200,2024-06-02,0.23,134
U00205,U01262,2026-02-23,0.81,94
U01155,U01262,2024-04-25,0.39,19
U01083,U01262,2025-10-31,0.44,29
U01262,U01833,2026-03-15,0.98,198
U01262,U01521,2023-05-30,0.85,9
U01003,U01263,2023-06-04,0.57,200
U00628,U01263,2024-12-05,0.17,59
U01263,U01934,2025-05-23,0.31,118
U00821,U01263,2025-10-26,0.55,151
U01263,U02144,2024-04-06,0.52,91
U01264,U02194,2025-05-19,0.56,168
U01026,U01264,2024-04-26,0.73,91
U01264,U01915,2025-01-08,0.71,153
U01264,U01637,2026-01-01,0.77,56
U00177,U01264,2025-12-09,0.53,89
U01265,U01785,2023-07-19,0.6,128
U01265,U02023,2025-02-20,0.85,33
U01265,U01378,2025-04-30,0.75,176
U01025,U01266,2025-07-03,0.17,46
U00014,U01266,2026-01-22,0.68,22
U00119,U01266,2024-07-25,0.92,78
U00078,U01266,2026-02-09,0.44,103
U00679,U01266,2025-03-20,0.82,30
U01266,U01853,2024-06-17,0.77,153
U00797,U01267,2024-11-24,0.84,97
U01267,U01421,2025-05-10,0.35,105
U01267,U02144,2024-11-26,0.95,3
U00050,U01267,2025-04-15,0.58,100
U01267,U01774,2024-03-27,0.96,22
U00081,U01267,2025-10-19,0.77,198
U01212,U01267,2024-02-28,0.9,57
U00485,U01267,2024-08-05,0.54,135
U01268,U01543,2024-07-27,0.47,54
U01268,U01373,2025-07-13,0.19,132
U01268,U01538,2023-08-22,0.51,145
U00712,U01268,2026-01-10,0.17,9
U00514,U01268,2023-09-23,0.55,5
U00688,U01268,2023-12-04,0.44,180
U00630,U01268,2024-10-12,0.53,59
U00475,U01269,2023-06-16,0.57,197
U01188,U01269,2025-12-25,0.59,9
U01270,U01663,2023-07-19,0.69,44
U00226,U01270,2023-10-13,0.19,111
U01270,U01448,2023-09-15,0.66,157
U00979,U01271,2024-03-01,0.91,95
U00416,U01271,2023-12-07,0.61,115
U00286,U01272,2023-06-01,0.46,128
U01272,U01576,2023-11-01,0.47,51
U01272,U01568,2023-07-13,0.84,165
U00960,U01272,2025-12-21,0.12,183
U01272,U01814,2025-03-29,0.75,158
U00592,U01272,2024-09-25,0.67,160
U00236,U01273,2024-02-29,0.77,160
U01051,U01273,2023-05-16,0.78,189
U01273,U01808,2026-03-30,0.11,83
U01273,U02096,2025-10-08,0.54,31
U01273,U01853,2025-06-30,0.61,175
U00390,U01273,2023-08-14,0.73,174
U01274,U01339,2025-10-05,0.52,78
U01274,U01685,2023-09-19,0.88,30
U01274,U01344,2025-05-10,0.55,16
U01042,U01274,2026-02-22,0.32,29
U01259,U01274,2024-03-22,0.38,159
U01274,U01335,2025-04-15,0.27,149
U00976,U01274,2024-01-05,0.59,96
U00297,U01274,2025-03-13,0.19,156
U00520,U01275,2025-08-15,0.75,70
U01131,U01275,2025-05-23,0.54,23
U01275,U02109,2025-05-18,0.48,158
U00146,U01275,2023-12-13,0.55,182
U00778,U01275,2024-01-26,0.65,134
U01275,U01486,2024-01-25,0.16,36
U01276,U01967,2025-07-14,0.93,81
U00998,U01276,2025-06-29,0.19,119
U01151,U01276,2023-08-24,0.51,68
U00347,U01276,2023-11-19,0.33,176
U00915,U01276,2025-07-04,0.59,98
U01276,U02059,2024-12-08,0.89,111
U01202,U01276,2024-10-17,0.58,57
U01276,U01354,2023-11-18,0.62,96
U01277,U01451,2024-04-06,0.93,70
U01277,U01798,2025-04-22,0.83,185
U00660,U01277,2025-06-23,0.78,146
U01277,U02197,2025-07-06,0.12,23
U01277,U01283,2025-07-16,0.65,46
U01278,U01527,2024-10-03,0.51,25
U00419,U01278,2024-04-05,0.16,157
U01278,U02013,2024-11-24,0.45,91
U01278,U01689,2023-09-15,0.48,64
U01226,U01278,2024-07-13,0.45,172
U01278,U01829,2026-03-29,0.16,74
U01278,U02190,2024-08-05,0.29,190
U01278,U02010,2025-09-28,0.92,49
U00966,U01279,2023-05-21,0.45,197
U01279,U01901,2026-03-10,0.82,54
U01279,U01367,2025-10-03,0.96,50
U01279,U02145,2025-10-19,0.84,94
U00260,U01279,2024-08-11,0.26,153
U01279,U01443,2024-04-07,0.85,43
U01120,U01279,2023-07-06,0.43,38
U01280,U01539,2023-07-17,0.97,119
U01280,U01499,2026-03-17,0.13,179
U01218,U01280,2024-12-22,0.86,170
U00257,U01280,2025-02-06,0.16,78
U00732,U01280,2025-06-27,0.31,51
U00778,U01281,2025-07-31,0.42,29
U01281,U01387,2023-09-02,0.95,88
U01281,U02156,2024-04-28,0.78,117
U01244,U01281,2025-04-21,0.9,175
U00562,U01281,2023-10-31,0.36,79
U00327,U01281,2024-02-29,0.93,37
U00926,U01282,2025-04-24,0.13,141
U01079,U01282,2025-06-13,0.55,55
U01114,U01283,2023-11-12,0.71,194
U00517,U01283,2023-07-12,0.93,168
U01283,U01493,2025-02-11,0.35,53
U01213,U01283,2025-03-13,0.47,89
U01283,U01347,2026-02-08,0.63,191
U00391,U01283,2024-03-31,0.99,36
U01283,U01376,2024-01-29,0.77,156
U01283,U01641,2023-05-14,0.55,178
U00074,U01284,2025-02-10,0.64,22
U00233,U01284,2023-09-12,0.56,31
U00073,U01284,2025-01-13,0.99,72
U00963,U01285,2026-03-21,0.46,85
U01233,U01285,2026-02-06,0.11,58
U00533,U01285,2023-06-28,0.77,62
U01285,U01460,2025-07-30,0.96,80
U01285,U01854,2025-04-27,0.14,154
U00496,U01285,2023-08-24,0.96,29
U01143,U01286,2026-01-19,0.48,123
U01102,U01286,2024-08-29,0.89,7
U01131,U01286,2026-04-16,0.24,197
U00772,U01286,2025-11-07,0.84,42
U00017,U01287,2024-07-18,0.67,81
U00912,U01287,2024-08-08,0.12,29
U00899,U01287,2025-03-27,0.24,37
U00821,U01287,2023-06-14,0.94,129
U01287,U01643,2024-12-26,0.24,9
U01032,U01287,2024-12-09,0.69,105
U01287,U01910,2024-04-26,0.3,151
U00711,U01288,2026-04-26,0.79,7
U00081,U01288,2024-01-03,0.33,143
U01288,U01743,2026-03-27,0.39,182
U00002,U01288,2024-09-19,0.21,143
U00605,U01288,2024-09-09,0.86,144
U01288,U02019,2025-01-26,0.66,18
U01288,U01802,2025-08-29,0.99,147
U01009,U01289,2024-02-18,0.75,15
U01289,U02043,2026-02-18,0.87,9
U01137,U01290,2024-07-08,0.16,194
U00702,U01290,2025-09-12,0.67,148
U01290,U01357,2026-03-03,0.8,18
U00025,U01290,2024-04-15,0.39,70
U00611,U01290,2026-01-02,0.26,146
U00934,U01290,2025-10-29,0.31,59
U00137,U01290,2026-04-15,0.32,97
U00790,U01291,2024-07-14,0.84,3
U00505,U01291,2023-07-06,0.93,143
U00840,U01291,2024-04-15,0.23,172
U00237,U01291,2026-03-30,0.36,64
U01291,U01351,2023-11-21,0.26,184
U00238,U01291,2023-10-28,0.87,188
U01292,U01902,2024-12-29,0.73,148
U00630,U01292,2024-04-18,0.57,177
U01292,U01453,2023-07-02,0.84,176
U01292,U01963,2023-10-13,0.14,12
U01292,U02076,2025-04-08,0.45,80
U01292,U01927,2024-05-05,0.47,184
U00127,U01292,2023-08-03,0.69,185
U01292,U01315,2023-06-03,0.92,192
U01293,U01879,2023-08-21,0.71,1
U01293,U02134,2023-09-08,0.18,193
U00677,U01293,2026-01-21,0.75,118
U01293,U01363,2025-01-03,0.78,174
U01293,U02178,2025-04-19,0.51,67
U01122,U01293,2023-10-14,0.87,166
U01293,U02108,2024-09-19,0.95,20
U00287,U01294,2023-11-18,0.93,166
U01294,U01678,2025-09-03,0.98,6
U00768,U01294,2024-03-04,0.4,86
U01007,U01294,2025-07-18,0.41,190
U01294,U01933,2025-03-14,0.35,153
U01294,U02093,2023-05-08,0.44,137
U00210,U01294,2026-01-19,0.72,198
U00279,U01294,2025-04-21,0.28,141
U00039,U01295,2024-01-28,0.51,38
U01295,U01514,2026-03-31,0.53,196
U01295,U01897,2026-01-24,0.69,94
U00221,U01295,2023-05-27,0.69,77
U00223,U01295,2024-02-28,0.78,155
U00922,U01295,2023-10-10,0.41,98
U01295,U02096,2025-03-09,0.91,56
U01016,U01295,2026-01-11,0.93,132
U00315,U01296,2023-08-02,0.99,65
U00762,U01296,2023-06-02,0.8,27
U00062,U01296,2023-06-08,0.32,116
U01296,U02103,2024-05-10,0.36,91
U01183,U01296,2025-05-22,0.55,127
U01296,U02031,2024-03-04,0.68,61
U01297,U01383,2024-02-04,0.2,112
U00412,U01297,2025-03-18,0.13,193
U01298,U01489,2024-12-12,0.39,117
U01298,U01396,2026-03-10,0.85,164
U01298,U01518,2026-03-09,0.34,109
U01298,U01610,2023-07-21,0.75,63
U01118,U01298,2026-03-19,0.96,70
U00005,U01298,2025-01-02,0.35,87
U00459,U01298,2026-02-15,0.52,120
U00899,U01299,2024-01-02,0.11,162
U01299,U02074,2024-11-04,0.49,163
U01299,U01389,2024-03-02,0.33,73
U00257,U01299,2023-11-29,0.94,151
U00378,U01299,2024-07-27,0.35,125
U00046,U01299,2025-07-13,0.95,6
U00054,U01299,2024-01-18,0.21,133
U00069,U01299,2026-02-21,0.26,61
U01300,U01604,2024-11-14,0.49,143
U01085,U01300,2024-08-23,0.47,98
U01300,U01497,2025-05-24,0.73,18
U01296,U01300,2024-06-09,0.34,138
U01301,U01950,2025-02-19,0.45,122
U01159,U01301,2026-03-27,0.87,12
U00347,U01301,2025-05-04,0.18,38
U00446,U01301,2025-10-03,0.8,86
U00768,U01301,2023-08-12,0.49,103
U00087,U01302,2025-02-27,0.35,4
U00268,U01302,2025-07-28,0.88,18
U01302,U01652,2024-12-15,0.14,3
U00090,U01302,2025-01-27,0.98,133
U01302,U01464,2024-11-02,0.41,51
U00577,U01303,2025-11-14,0.46,195
U01168,U01303,2023-10-10,0.78,195
U00990,U01303,2024-05-11,0.3,194
U00563,U01303,2025-04-28,0.99,149
U00555,U01303,2024-11-18,0.67,193
U01303,U01362,2024-04-24,0.81,130
U00374,U01303,2025-09-25,0.3,38
U00162,U01304,2023-08-29,0.1,119
U00564,U01304,2025-01-28,0.1,43
U00250,U01304,2024-07-27,0.51,23
U00411,U01304,2023-10-15,0.66,143
U00084,U01304,2025-08-11,0.33,55
U01304,U01953,2026-03-28,0.47,12
U01304,U02023,2025-03-19,0.42,54
U00761,U01304,2026-03-13,0.28,135
U00018,U01305,2024-09-28,0.97,190
U01305,U02152,2024-12-16,0.13,42
U01195,U01306,2025-05-17,0.76,5
U01217,U01306,2023-10-23,0.21,45
U00664,U01306,2024-03-09,0.5,36
U01306,U01830,2024-07-02,0.22,124
U00996,U01306,2024-09-08,0.21,67
U01306,U02077,2024-10-13,0.26,137
U01306,U01501,2025-02-24,0.61,5
U01307,U01899,2024-07-25,0.88,180
U01307,U01467,2023-09-15,0.89,133
U01139,U01308,2026-02-16,0.36,135
U00653,U01308,2023-10-21,0.96,75
U01069,U01308,2023-10-16,0.49,100
U01285,U01308,2024-10-20,0.5,112
U00267,U01308,2025-12-30,0.16,3
U00092,U01309,2025-07-24,0.57,21
U01309,U01479,2024-09-12,0.41,47
U00282,U01309,2025-11-28,0.21,15
U00442,U01309,2023-10-06,0.79,1
U00115,U01309,2024-11-23,0.88,31
U01309,U01753,2024-05-17,0.46,10
U01309,U02054,2024-02-29,0.34,138
U01309,U01900,2026-02-06,0.36,198
U00248,U01310,2023-11-18,0.9,163
U01310,U01636,2023-09-06,0.51,175
U00303,U01310,2023-06-17,0.55,56
U00753,U01311,2024-07-24,0.29,120
U00738,U01311,2024-05-20,0.52,23
U01311,U01693,2023-08-22,0.5,181
U00954,U01311,2025-02-17,0.45,127
U01312,U01358,2025-03-04,0.43,10
U01094,U01312,2023-09-18,0.64,163
U00028,U01312,2026-01-13,0.13,139
U00490,U01312,2023-08-11,0.35,178
U00409,U01312,2023-10-09,0.86,120
U01312,U01337,2025-01-25,0.2,2
U00748,U01313,2025-05-16,0.64,160
U01313,U01503,2023-11-18,0.44,74
U00736,U01313,2026-04-22,0.82,95
U00578,U01313,2026-01-23,0.41,103
U01313,U01981,2024-12-13,0.39,36
U00951,U01313,2023-08-12,0.3,29
U01249,U01314,2023-05-21,0.2,172
U01314,U01555,2025-11-09,0.79,21
U00903,U01314,2025-11-29,0.64,62
U00385,U01314,2024-07-24,0.27,44
U00962,U01314,2025-05-21,0.34,106
U00898,U01314,2025-08-05,0.39,18
U00569,U01314,2025-05-26,0.56,28
U01315,U01467,2025-10-01,0.64,178
U01315,U01826,2023-11-10,0.54,1
U01316,U01379,2025-06-15,0.23,175
U00765,U01316,2023-10-04,0.16,31
U01316,U01670,2024-11-01,0.89,38
U00782,U01316,2024-01-22,0.41,58
U00681,U01316,2026-02-14,0.22,164
U01316,U01354,2025-12-11,0.61,184
U01316,U02143,2023-11-22,0.21,58
U00071,U01316,2025-06-06,0.18,111
U00900,U01317,2024-09-23,0.61,143
U00109,U01317,2023-06-24,0.13,131
U01317,U02117,2023-10-08,0.93,110
U01318,U01632,2025-10-04,0.54,94
U01114,U01318,2023-05-17,0.9,88
U01318,U01579,2026-03-05,0.33,188
U00599,U01318,2023-09-07,0.58,48
U01318,U01742,2024-05-30,0.65,47
U00919,U01318,2025-01-19,0.61,58
U00796,U01319,2023-07-10,0.75,63
U01111,U01319,2025-10-28,0.49,179
U01319,U01351,2024-09-06,0.81,4
U01319,U02022,2024-08-10,0.46,105
U00358,U01319,2024-07-23,0.22,130
U00245,U01319,2025-12-07,0.94,158
U00823,U01320,2024-08-18,0.57,117
U01256,U01320,2025-01-02,0.67,124
U01320,U01560,2025-05-10,0.84,15
U01320,U01680,2024-02-03,0.86,141
U00783,U01320,2023-08-01,0.95,184
U01032,U01320,2026-01-23,0.71,98
U00838,U01320,2024-01-04,0.87,167
U01321,U02057,2026-03-26,0.26,102
U00257,U01321,2023-10-15,0.33,126
U01321,U01534,2025-09-17,0.42,3
U01321,U02106,2025-03-23,0.67,172
U00773,U01321,2026-01-01,0.38,162
U00772,U01321,2024-02-18,0.49,11
U01321,U02000,2026-02-19,0.84,180
U00557,U01321,2025-05-14,0.64,141
U00790,U01322,2024-10-30,0.85,119
U01298,U01322,2023-11-21,0.38,181
U01322,U02057,2025-10-15,0.62,194
U00964,U01322,2024-12-05,0.99,10
U00207,U01322,2026-02-04,0.31,49
U00252,U01322,2023-10-11,0.51,31
U00622,U01322,2024-06-02,0.98,141
U01323,U01876,2023-05-25,0.42,129
U00411,U01323,2025-06-11,0.54,5
U00951,U01323,2025-01-08,0.69,32
U01324,U02132,2024-09-03,0.31,69
U01187,U01324,2023-11-03,0.19,10
U01315,U01324,2024-07-26,0.33,84
U00849,U01324,2025-07-15,0.62,122
U01324,U01399,2024-08-01,0.23,184
U00260,U01324,2026-04-20,0.16,49
U01324,U01695,2023-12-29,0.92,127
U01324,U01730,2026-03-28,0.57,82
U01325,U01879,2025-10-15,0.51,8
U00873,U01325,2024-09-23,0.99,16
U00987,U01325,2023-07-18,0.44,20
U01325,U01740,2024-02-12,0.42,126
U00935,U01325,2026-02-24,0.19,19
U01325,U01913,2025-07-22,0.21,107
U00738,U01326,2025-04-09,0.61,141
U01326,U02070,2024-04-18,0.71,193
U00462,U01326,2024-12-16,0.38,63
U01326,U01364,2024-05-13,0.43,143
U01327,U01997,2025-06-16,0.42,98
U01327,U01797,2025-07-27,1.0,158
U00990,U01328,2024-11-26,0.47,137
U00093,U01328,2025-04-01,0.6,117
U00870,U01328,2026-04-27,0.99,197
U01328,U02040,2025-04-22,0.63,159
U01079,U01328,2023-11-03,0.4,10
U01328,U01565,2025-12-11,0.57,187
U01190,U01328,2025-04-24,0.53,152
U01328,U01380,2024-10-08,0.2,103
U00373,U01329,2024-09-17,0.21,10
U01329,U02122,2023-08-22,0.14,167
U00253,U01329,2024-06-22,0.88,17
U01026,U01329,2024-05-07,0.23,121
U01329,U01734,2023-12-27,0.2,182
U00504,U01330,2026-04-01,0.82,137
U01330,U01970,2023-07-31,0.52,154
U01330,U01848,2024-11-20,0.14,82
U01330,U01382,2023-11-02,0.43,75
U01330,U02007,2026-02-23,0.48,74
U01149,U01330,2024-10-30,0.65,177
U00156,U01330,2024-10-18,0.5,155
U00816,U01330,2024-04-25,0.85,95
U01130,U01331,2024-05-07,0.25,156
U00257,U01331,2025-08-20,0.87,129
U01331,U01674,2025-01-02,0.8,38
U01104,U01331,2026-03-12,0.68,98
U01252,U01331,2023-12-14,0.96,79
U00785,U01332,2026-04-16,0.67,183
U00938,U01332,2025-05-07,0.66,191
U01153,U01332,2024-11-26,0.54,190
U01111,U01332,2025-01-05,0.32,192
U00594,U01332,2023-12-16,0.21,146
U01332,U02169,2024-03-26,0.79,111
U00138,U01332,2026-01-05,0.43,50
U01332,U01583,2025-10-26,0.18,10
U00031,U01333,2024-04-20,0.94,128
U00156,U01333,2024-12-03,0.54,160
U01333,U01980,2025-09-17,0.32,181
U01333,U01371,2024-12-16,0.38,123
U00653,U01334,2026-03-29,0.7,84
U00364,U01334,2025-04-10,0.26,61
U01044,U01334,2024-08-10,0.21,65
U01122,U01334,2025-06-28,0.11,84
U01055,U01334,2025-08-29,0.24,146
U01334,U01480,2023-06-03,0.24,97
U01334,U01503,2025-11-19,0.33,4
U01335,U01569,2023-12-01,0.28,67
U01335,U01731,2024-10-12,0.26,148
U01335,U02094,2023-09-24,0.9,26
U00182,U01335,2026-04-21,0.99,177
U01335,U02159,2024-06-12,0.31,44
U00389,U01335,2024-01-15,0.67,180
U00213,U01336,2023-12-14,0.19,33
U00429,U01336,2025-10-17,0.67,34
U01010,U01336,2026-02-15,0.78,44
U00197,U01337,2025-10-18,0.87,156
U00056,U01337,2025-03-16,0.84,115
U01337,U01365,2023-06-22,0.22,152
U00769,U01337,2025-08-26,0.58,92
U01337,U01700,2024-08-28,0.27,153
U00923,U01337,2025-05-17,0.59,44
U01337,U01555,2023-10-28,0.95,16
U00101,U01337,2024-07-14,0.89,8
U00031,U01338,2024-07-11,0.85,150
U01338,U01825,2023-09-05,0.73,94
U01338,U01655,2024-05-11,0.59,26
U01128,U01338,2024-07-06,0.21,144
U00536,U01338,2024-03-12,0.56,19
U01338,U01967,2025-03-02,0.23,162
U01339,U01354,2023-10-15,0.57,138
U00762,U01339,2025-08-15,0.5,87
U01339,U01423,2026-02-15,0.22,64
U00862,U01340,2026-01-09,0.12,41
U01340,U02153,2023-08-05,0.71,15
U01340,U02149,2024-01-27,0.59,91
U00164,U01340,2025-08-08,0.64,50
U01341,U02189,2024-07-26,0.48,52
U01341,U01714,2023-09-13,0.61,11
U01199,U01341,2025-09-17,0.18,5
U01342,U02135,2025-07-05,0.99,65
U01054,U01342,2024-08-30,0.69,9
U00407,U01343,2025-03-13,0.46,52
U00424,U01343,2025-08-21,0.42,50
U01343,U01473,2025-08-18,0.76,133
U00800,U01343,2025-07-31,0.38,77
U01344,U01890,2024-12-06,0.53,16
U01234,U01344,2023-05-23,0.66,188
U00157,U01344,2025-08-01,0.87,10
U01215,U01344,2026-03-20,0.56,192
U01143,U01344,2024-10-31,0.87,81
U00456,U01345,2025-03-14,0.27,168
U01345,U01524,2023-08-12,0.61,115
U00383,U01345,2024-11-17,0.9,109
U00889,U01345,2023-11-17,0.41,136
U00764,U01345,2026-05-01,0.27,135
U00884,U01345,2023-10-22,0.1,27
U00895,U01345,2026-03-28,0.59,101
U00116,U01346,2023-07-22,0.71,56
U01346,U01738,2023-10-23,0.14,189
U01346,U01578,2025-11-03,0.89,173
U01346,U01647,2023-07-11,0.67,57
U00942,U01346,2024-06-29,0.8,104
U00975,U01346,2024-05-03,0.42,199
U00959,U01346,2023-07-02,0.11,142
U00934,U01347,2023-07-16,0.96,66
U01347,U01897,2024-10-30,0.62,15
U00149,U01347,2025-10-26,0.21,131
U00041,U01347,2023-08-28,0.4,117
U00920,U01347,2024-08-07,0.49,25
U00458,U01347,2026-04-06,0.24,20
U01347,U01747,2026-04-23,0.54,92
U00435,U01347,2025-07-31,0.44,161
U01348,U01392,2024-03-06,0.87,168
U01348,U02037,2024-05-07,0.35,194
U00842,U01348,2025-01-18,0.53,100
U01139,U01349,2025-05-14,0.48,134
U01112,U01349,2024-01-20,0.93,50
U01087,U01349,2024-03-16,0.15,139
U01349,U01932,2026-01-17,0.85,118
U01349,U01749,2023-10-13,0.92,5
U00509,U01349,2026-04-01,0.24,62
U00256,U01350,2025-10-23,0.35,1
U01350,U02037,2023-12-15,0.71,77
U01350,U01962,2023-08-09,0.49,14
U01237,U01350,2024-08-06,0.74,13
U01039,U01350,2024-01-16,0.21,192
U01351,U01767,2025-01-28,0.7,173
U01351,U01710,2023-11-03,0.17,70
U00895,U01352,2023-09-21,0.85,163
U00100,U01352,2025-02-25,0.16,52
U01352,U01862,2025-06-30,0.63,145
U00993,U01353,2025-11-28,0.59,65
U01353,U01670,2025-04-03,0.9,158
U00829,U01353,2023-10-27,0.58,62
U00765,U01353,2024-03-27,0.77,6
U00237,U01353,2025-03-27,0.66,40
U00879,U01353,2026-04-02,0.47,87
U01072,U01354,2024-07-20,0.44,143
U00732,U01354,2023-12-23,0.46,36
U01354,U01866,2025-01-05,0.7,38
U01355,U02142,2025-02-27,0.11,156
U00573,U01355,2024-02-25,0.94,55
U01355,U01732,2024-06-01,0.15,195
U01355,U01411,2024-10-27,0.97,170
U01356,U01677,2026-01-15,0.47,57
U01356,U01875,2023-12-29,0.15,121
U01356,U01730,2025-08-15,0.53,60
U01356,U01377,2026-01-03,0.46,67
U00190,U01356,2026-03-12,0.93,27
U01046,U01356,2024-10-09,0.64,20
U00568,U01356,2024-12-06,0.62,96
U01356,U02074,2025-02-11,0.34,105
U00604,U01357,2025-08-23,0.93,115
U01357,U01972,2025-07-24,0.79,31
U01004,U01358,2024-04-19,0.42,63
U00821,U01358,2024-05-21,0.36,23
U00237,U01358,2024-09-04,0.61,162
U00224,U01358,2026-02-23,0.81,164
U01105,U01358,2024-03-08,0.57,95
U00433,U01358,2025-01-17,0.46,34
U00225,U01358,2025-01-27,0.83,30
U01066,U01358,2026-02-11,0.75,184
U00667,U01359,2024-07-07,0.2,159
U01359,U01546,2023-07-17,0.23,27
U01125,U01359,2026-04-08,0.2,85
U00074,U01359,2023-07-12,0.16,15
U01360,U01763,2024-04-17,0.94,79
U01039,U01360,2024-04-20,0.83,1
U01082,U01360,2025-09-14,0.5,37
U00115,U01360,2023-06-07,0.14,98
U01169,U01360,2024-12-27,0.17,79
U01079,U01360,2023-05-29,0.17,52
U01361,U01586,2025-04-18,0.54,139
U01357,U01361,2025-07-18,0.57,90
U01361,U02163,2023-06-03,0.31,177
U00328,U01361,2025-02-04,0.57,15
U00495,U01361,2023-05-17,0.54,47
U00668,U01361,2023-07-29,0.63,63
U01362,U01538,2024-08-12,0.11,172
U00483,U01362,2024-12-30,0.31,160
U00648,U01362,2024-05-21,0.98,150
U01363,U02047,2024-11-16,0.82,189
U01363,U01530,2023-05-31,0.23,60
U00948,U01363,2024-08-24,0.75,46
U00234,U01364,2025-11-21,0.35,146
U00546,U01364,2026-02-17,0.81,196
U01108,U01365,2023-12-08,0.65,90
U00222,U01365,2025-02-18,0.55,25
U01365,U02119,2025-05-29,0.86,62
U00597,U01365,2023-09-22,0.65,149
U01365,U01375,2023-08-09,0.29,84
U01294,U01365,2023-05-20,0.32,116
U00771,U01365,2024-12-19,0.93,192
U01365,U01572,2024-12-11,0.33,184
U01366,U01517,2025-03-07,0.6,26
U01179,U01366,2023-06-09,0.37,31
U01366,U01860,2024-09-09,0.74,163
U00289,U01366,2025-07-18,0.94,193
U01023,U01366,2025-10-19,0.34,180
U01366,U02147,2023-07-11,0.34,162
U01209,U01367,2024-07-17,0.26,19
U01367,U01622,2024-03-28,0.68,164
U01005,U01367,2026-03-28,0.44,41
U01263,U01367,2026-03-13,0.87,73
U00507,U01367,2024-08-14,0.35,35
U00434,U01367,2024-11-24,0.28,37
U00210,U01368,2025-01-18,0.44,157
U01079,U01368,2025-10-19,0.43,175
U01368,U02177,2026-03-25,0.32,62
U01368,U01452,2026-02-22,0.84,9
U01368,U01432,2025-12-16,0.59,83
U00791,U01368,2026-01-04,0.99,32
U01368,U01540,2023-12-04,0.31,57
U01368,U01450,2026-02-18,0.36,44
U00131,U01369,2024-07-08,0.81,124
U01369,U01979,2024-05-31,0.79,133
U00061,U01369,2024-05-12,0.23,141
U01369,U01563,2024-06-24,0.56,121
U01369,U01697,2023-12-06,0.28,190
U01110,U01369,2025-08-26,0.28,9
U00975,U01369,2024-02-29,0.62,145
U00810,U01370,2026-02-18,0.48,124
U00142,U01370,2023-10-27,0.52,154
U01370,U01636,2024-06-07,0.99,135
U00837,U01370,2025-01-12,0.94,100
U00053,U01370,2024-06-20,0.42,149
U01180,U01370,2025-03-20,0.99,101
U01243,U01371,2024-06-03,0.3,189
U01371,U01678,2026-04-07,0.87,82
U00149,U01371,2025-11-04,0.42,137
U01194,U01372,2024-11-14,0.25,77
U01372,U01847,2024-02-03,0.79,52
U00278,U01372,2025-01-28,0.99,145
U01372,U02083,2023-12-09,0.99,94
U01372,U01920,2025-02-06,0.94,145
U01372,U01926,2025-03-10,0.59,194
U01345,U01372,2023-05-03,0.83,119
U00452,U01373,2023-05-28,0.54,193
U00418,U01373,2024-09-07,0.71,20
U01051,U01373,2025-06-07,0.71,60
U00569,U01373,2024-02-19,0.89,174
U01344,U01373,2025-08-17,0.78,106
U01196,U01373,2026-02-27,0.4,97
U01126,U01374,2024-12-28,0.98,144
U01044,U01374,2025-07-07,0.75,189
U01374,U01804,2024-03-17,0.3,197
U01374,U01895,2025-04-06,0.54,149
U01374,U01405,2025-01-19,0.66,42
U01332,U01374,2023-06-02,0.68,101
U01374,U01705,2025-10-12,0.11,16
U00723,U01374,2025-03-02,0.27,129
U00927,U01375,2025-10-19,0.57,78
U00954,U01375,2025-02-08,0.15,51
U00461,U01375,2023-08-10,0.73,170
U01375,U02146,2023-08-28,0.61,108
U00526,U01376,2026-01-19,0.2,38
U00275,U01376,2023-12-27,0.58,148
U01377,U02193,2024-10-07,0.94,127
U01377,U02144,2024-05-06,0.39,86
U00619,U01377,2024-08-18,0.35,186
U00358,U01377,2024-05-13,0.97,17
U00257,U01377,2025-08-12,0.93,199
U00682,U01378,2025-06-14,0.76,147
U01378,U01964,2025-09-02,0.99,85
U00915,U01378,2024-01-29,0.31,128
U00999,U01378,2025-09-09,0.81,143
U00985,U01378,2023-07-05,0.4,169
U01378,U01466,2025-10-31,0.38,189
U01011,U01378,2024-09-15,0.18,146
U01378,U02118,2026-04-17,0.3,48
U01022,U01379,2025-06-07,0.7,117
U01379,U01608,2024-03-06,0.25,90
U01379,U01855,2026-03-30,0.9,150
U00969,U01380,2026-02-02,0.72,101
U01035,U01380,2025-06-06,0.12,88
U01380,U02160,2026-03-13,0.33,121
U01380,U01483,2026-03-11,0.48,198
U00946,U01380,2025-08-15,0.51,171
U01380,U01602,2023-07-06,0.72,52
U01355,U01380,2025-03-14,0.26,117
U00329,U01381,2025-10-29,0.62,182
U01381,U01770,2025-05-26,0.74,7
U01169,U01381,2023-10-22,0.3,125
U01290,U01382,2024-03-03,0.38,39
U01382,U02101,2023-09-06,0.35,51
U00507,U01382,2023-08-13,0.68,90
U00144,U01382,2024-09-21,0.22,182
U01382,U01758,2023-05-06,0.22,32
U01222,U01382,2023-07-23,0.74,112
U01383,U01437,2023-09-11,0.54,117
U01383,U01723,2024-12-23,0.14,125
U00650,U01383,2026-02-22,0.89,72
U00658,U01383,2024-03-06,0.87,140
U00655,U01383,2023-06-11,0.74,4
U01383,U01641,2023-06-15,0.36,115
U00768,U01383,2026-04-28,0.71,101
U01384,U02004,2023-08-08,0.93,94
U00548,U01384,2026-01-29,0.76,121
U01384,U02160,2025-04-16,0.38,104
U00948,U01384,2025-02-15,0.79,182
U00372,U01384,2023-05-09,0.91,129
U00140,U01384,2023-07-05,0.38,128
U00598,U01384,2024-09-26,0.48,128
U00361,U01384,2024-01-20,0.47,89
U01032,U01385,2026-01-30,0.45,188
U00714,U01385,2023-08-16,0.26,15
U00180,U01386,2024-06-07,0.4,25
U00404,U01386,2025-07-17,0.72,132
U00676,U01386,2024-08-06,0.73,56
U00389,U01386,2026-03-08,0.42,146
U00711,U01386,2023-06-05,0.53,73
U00870,U01386,2026-04-20,0.53,81
U01387,U01592,2025-09-22,0.12,157
U01387,U01646,2025-07-24,0.24,129
U01387,U01568,2025-11-25,0.37,11
U01387,U02163,2025-01-11,0.63,117
U01387,U01477,2023-07-14,0.33,48
U01388,U01487,2024-11-02,0.96,89
U00927,U01388,2024-07-23,0.21,80
U00919,U01388,2023-11-03,0.13,22
U00144,U01389,2026-03-07,0.71,22
U00207,U01389,2024-12-06,0.87,85
U01222,U01389,2023-07-15,0.13,184
U01389,U01997,2024-08-02,0.45,43
U00636,U01389,2025-03-04,0.33,40
U01390,U01792,2025-03-04,0.41,96
U00950,U01390,2025-06-07,0.1,197
U00691,U01390,2023-11-23,0.31,171
U00553,U01390,2026-01-13,0.35,31
U00115,U01391,2024-05-19,0.84,198
U01391,U01947,2025-12-12,0.77,200
U01391,U01899,2023-10-17,0.82,138
U01391,U01646,2023-06-30,0.67,185
U01392,U01606,2024-04-04,0.34,143
U01392,U01740,2023-09-19,0.55,70
U01268,U01393,2025-07-25,0.44,111
U00724,U01393,2025-12-29,0.95,66
U00789,U01393,2025-01-28,0.14,3
U00378,U01393,2026-02-15,0.25,152
U00616,U01393,2024-06-10,0.67,99
U01393,U01656,2025-09-17,0.73,44
U01393,U01483,2024-10-18,0.87,46
U01160,U01393,2024-03-05,0.68,12
U00959,U01394,2025-12-31,0.96,36
U00252,U01394,2023-07-15,0.91,68
U01276,U01394,2024-03-24,0.22,152
U01394,U01727,2025-12-16,0.9,2
U00223,U01394,2026-01-05,0.57,170
U00990,U01394,2025-05-15,0.21,16
U00952,U01394,2024-11-25,0.48,122
U01394,U02166,2024-04-21,0.59,187
U01395,U01749,2024-07-03,0.34,113
U00985,U01395,2023-07-19,0.51,80
U00487,U01395,2025-09-07,0.49,64
U01395,U01477,2026-02-13,0.82,108
U00431,U01395,2024-06-27,0.82,148
U01395,U02126,2024-06-30,0.45,117
U00097,U01395,2024-06-04,0.8,91
U00474,U01395,2024-07-11,0.42,188
U00993,U01396,2025-04-14,0.64,42
U01396,U01756,2025-09-06,0.74,136
U01035,U01397,2024-06-20,0.26,95
U00941,U01397,2025-10-13,0.31,42
U00535,U01398,2023-05-08,0.72,188
U00414,U01398,2025-07-19,0.62,48
U00474,U01398,2023-11-30,0.64,80
U00586,U01399,2024-09-04,0.98,171
U00106,U01399,2024-10-28,0.14,194
U01400,U01957,2024-07-14,0.37,128
U01400,U01943,2024-01-17,0.77,140
U01093,U01400,2024-03-14,0.88,18
U01144,U01400,2023-10-10,0.22,61
U00800,U01400,2023-06-23,0.21,60
U01400,U01681,2024-08-08,0.39,199
U01401,U01498,2025-12-08,0.26,123
U01401,U02089,2024-12-06,0.12,80
U01401,U01649,2025-07-17,0.49,177
U00201,U01401,2026-03-20,0.71,38
U00224,U01401,2024-10-01,0.87,165
U00659,U01402,2023-06-09,0.27,68
U01402,U01626,2023-12-27,0.59,54
U00752,U01402,2023-06-10,0.82,96
U00385,U01402,2024-04-07,0.95,46
U00999,U01402,2025-02-20,0.71,168
U00510,U01402,2025-12-19,0.96,152
U01248,U01402,2024-05-03,0.12,173
U00264,U01402,2023-08-17,0.53,17
U01201,U01403,2024-11-16,0.93,161
U00722,U01403,2023-12-19,0.46,177
U00447,U01403,2024-01-10,0.51,9
U00469,U01403,2024-11-11,0.15,18
U01244,U01404,2024-11-01,0.64,162
U01404,U01853,2024-01-04,0.18,162
U01405,U02092,2025-02-26,0.7,174
U01116,U01405,2024-11-04,0.88,163
U01405,U01528,2025-12-10,0.3,174
U00763,U01405,2023-07-16,0.55,98
U00714,U01405,2026-04-18,0.33,173
U01235,U01405,2025-06-15,0.45,16
U00070,U01405,2023-05-08,0.27,6
U00966,U01405,2024-09-18,0.2,177
U01406,U01420,2023-10-06,0.16,167
U00914,U01406,2026-01-16,0.5,64
U00861,U01406,2023-10-18,0.23,37
U00290,U01406,2023-09-19,0.92,66
U01407,U01757,2024-10-07,0.61,11
U00395,U01407,2024-02-28,0.49,154
U00342,U01407,2026-03-03,0.93,6
U00151,U01407,2025-09-24,0.97,31
U01407,U02156,2024-05-08,0.65,155
U01407,U02021,2023-06-25,0.48,50
U00290,U01407,2023-06-20,0.7,186
U01407,U01754,2025-03-30,0.3,188
U01408,U02101,2026-02-04,0.41,2
U01408,U01661,2025-06-24,0.46,134
U01408,U02057,2024-12-12,0.78,36
U00332,U01408,2025-01-09,0.5,143
U01408,U01880,2025-08-03,0.6,112
U01046,U01408,2025-04-01,0.86,133
U01409,U01533,2023-12-21,1.0,168
U00699,U01409,2024-08-31,0.9,105
U01409,U01743,2023-09-22,0.87,1
U01029,U01410,2026-02-20,0.11,198
U01332,U01410,2023-07-26,0.34,1
U01410,U01945,2025-12-08,0.17,155
U01376,U01410,2024-02-27,0.15,30
U01410,U02154,2025-07-08,0.82,61
U01147,U01411,2025-08-03,0.85,167
U01155,U01411,2025-12-22,0.39,181
U00823,U01411,2025-05-22,0.68,115
U01411,U01760,2024-09-25,0.26,197
U01411,U02119,2026-01-27,0.66,26
U01412,U01493,2025-08-19,0.66,187
U01412,U01749,2025-08-06,0.33,44
U00707,U01412,2024-11-07,0.99,128
U01412,U01479,2025-10-24,0.63,160
U00329,U01412,2026-02-23,0.4,56
U00257,U01412,2024-12-27,0.9,196
U00233,U01412,2025-11-02,0.88,52
U01413,U01938,2025-07-01,0.98,22
U01413,U01831,2024-08-11,0.32,92
U01413,U02103,2025-04-02,0.12,129
U01278,U01413,2023-06-11,0.31,194
U00356,U01413,2023-12-10,0.53,190
U01413,U02091,2026-02-21,0.49,37
U01413,U01624,2023-05-14,0.88,15
U01414,U01558,2024-07-31,0.77,77
U01414,U01567,2023-07-03,0.16,3
U00680,U01414,2024-08-22,0.65,176
U01414,U01974,2026-02-21,0.24,140
U00349,U01414,2025-05-25,0.95,132
U00404,U01414,2025-02-05,0.74,144
U01228,U01414,2024-04-22,0.97,136
U01376,U01414,2026-01-26,0.9,61
U01415,U01930,2025-03-07,0.72,101
U00698,U01415,2025-12-03,0.8,72
U01415,U02068,2024-04-13,0.25,194
U01185,U01415,2024-10-22,0.98,186
U00377,U01415,2024-08-17,0.14,119
U01066,U01415,2024-09-30,0.39,1
U01415,U01806,2024-01-06,0.49,166
U01219,U01416,2025-11-28,0.22,121
U01416,U01710,2025-12-16,0.77,175
U00566,U01416,2024-04-14,0.82,36
U01417,U01997,2026-03-30,0.16,125
U01417,U01495,2025-09-09,0.93,168
U01417,U01748,2025-11-30,0.67,188
U01417,U01672,2025-01-10,0.63,178
U00575,U01417,2025-05-12,0.97,139
U00729,U01418,2025-03-14,0.91,32
U01418,U02055,2025-01-30,0.42,34
U01418,U02019,2023-10-07,0.11,148
U00466,U01418,2025-12-11,0.66,136
U00707,U01418,2026-03-19,0.36,192
U01418,U02102,2025-02-09,0.84,200
U01419,U02107,2023-05-06,0.92,44
U01211,U01419,2024-08-19,0.42,44
U01038,U01419,2024-07-12,0.29,156
U01324,U01419,2025-04-30,0.64,133
U01419,U02162,2025-03-24,0.94,183
U00488,U01419,2026-03-20,0.84,78
U00845,U01419,2023-08-22,0.18,155
U00722,U01420,2025-05-21,0.7,170
U01035,U01420,2025-05-02,0.25,191
U01420,U01463,2025-01-12,0.9,151
U00769,U01421,2025-09-16,0.25,87
U01421,U01743,2025-02-10,0.97,191
U00365,U01421,2025-07-12,0.6,191
U01422,U01840,2024-11-08,0.9,109
U01422,U02126,2023-08-29,0.62,53
U01093,U01422,2024-01-31,0.34,28
U01035,U01422,2025-01-14,0.34,5
U00812,U01423,2026-02-28,0.36,88
U01423,U01813,2024-12-27,0.64,58
U01078,U01423,2026-01-20,0.67,161
U01177,U01423,2025-04-21,0.83,38
U01029,U01423,2023-10-08,0.1,115
U00989,U01423,2024-02-09,0.2,172
U00476,U01424,2024-12-03,0.85,43
U00774,U01424,2025-06-18,0.7,156
U00986,U01424,2024-01-30,0.94,51
U00490,U01424,2026-03-25,0.65,189
U00750,U01424,2024-06-16,0.41,93
U00918,U01425,2024-09-17,0.13,139
U00529,U01425,2024-07-19,0.59,71
U00702,U01425,2025-01-02,0.53,197
U01425,U01846,2023-12-23,0.19,92
U01055,U01425,2023-08-25,0.69,49
U01353,U01426,2023-06-07,0.78,176
U00150,U01426,2024-09-25,0.84,193
U01426,U01555,2024-05-29,0.84,196
U00912,U01426,2026-01-30,0.72,135
U01276,U01427,2023-06-01,0.15,158
U01298,U01427,2025-03-04,0.41,71
U00289,U01427,2025-01-07,0.11,21
U01223,U01427,2024-02-08,0.36,115
U00682,U01428,2024-12-07,0.66,61
U01428,U02178,2023-07-13,1.0,95
U00457,U01429,2024-10-24,0.92,24
U01429,U01926,2024-04-02,0.66,115
U01430,U01629,2025-03-23,0.7,103
U01430,U01603,2024-12-29,0.25,159
U01344,U01430,2025-01-24,0.15,176
U01171,U01430,2024-11-04,0.25,169
U01430,U01645,2024-07-31,0.45,191
U01430,U01916,2025-02-01,0.64,153
U00074,U01431,2026-02-15,0.5,27
U00645,U01431,2025-06-10,0.23,79
U00948,U01431,2025-06-27,0.25,62
U01431,U01624,2024-02-25,0.48,101
U00189,U01432,2026-02-09,0.9,151
U00813,U01432,2024-03-12,0.18,68
U00361,U01432,2023-10-26,0.94,104
U01433,U02132,2026-01-06,0.1,173
U01433,U01614,2024-06-09,0.5,37
U00913,U01433,2025-03-10,0.1,176
U00275,U01433,2024-09-26,0.31,162
U01040,U01433,2025-06-15,0.22,69
U01018,U01433,2024-10-05,0.75,4
U01434,U01855,2023-08-19,0.78,59
U01434,U01860,2024-05-11,0.26,192
U01435,U01675,2023-12-18,0.38,172
U00325,U01435,2023-09-14,0.27,114
U01435,U02134,2024-08-25,0.79,38
U00093,U01435,2024-11-04,0.32,27
U01436,U01905,2025-12-26,0.71,156
U00003,U01436,2023-12-07,0.99,39
U01436,U01692,2023-06-27,0.59,22
U01436,U01937,2024-08-17,0.86,111
U01355,U01436,2025-04-24,0.61,197
U00314,U01436,2025-07-30,0.52,28
U00154,U01437,2025-10-28,0.24,90
U00834,U01437,2026-02-27,0.53,130
U00261,U01437,2023-06-26,0.28,26
U01394,U01437,2025-01-31,0.82,18
U01438,U01895,2024-09-02,0.49,52
U01438,U02063,2023-07-12,0.22,162
U00564,U01438,2024-07-04,0.36,146
U00122,U01438,2024-07-30,0.43,200
U01438,U01845,2024-03-15,0.83,76
U01439,U01865,2023-12-21,0.12,19
U01246,U01439,2025-09-15,0.99,162
U01072,U01439,2024-02-16,0.42,104
U00429,U01439,2025-10-04,0.11,67
U00918,U01439,2024-11-03,0.18,22
U00856,U01439,2025-10-27,0.58,130
U01002,U01439,2023-05-24,0.21,142
U00168,U01439,2023-07-06,0.95,45
U00506,U01440,2025-05-07,0.43,33
U01290,U01440,2024-03-21,0.3,4
U01440,U01468,2024-05-20,0.71,14
U01440,U01784,2024-01-12,0.28,103
U00965,U01440,2023-11-09,0.79,127
U01440,U01523,2026-03-10,0.47,69
U01441,U01544,2024-01-28,0.42,9
U01441,U01607,2023-09-23,0.3,195
U00526,U01442,2024-02-21,0.65,101
U01442,U01972,2025-02-06,0.92,181
U01442,U02147,2025-08-09,0.9,96
U00670,U01442,2026-03-19,0.33,26
U01338,U01442,2025-07-26,0.99,116
U00754,U01442,2023-12-09,0.55,95
U01442,U01502,2024-02-22,0.9,195
U00844,U01443,2026-02-02,0.41,66
U01182,U01443,2025-02-23,0.63,158
U01318,U01443,2023-09-15,0.37,198
U01443,U01721,2023-12-18,0.44,120
U01443,U01989,2026-01-14,0.91,93
U01443,U01734,2023-07-10,0.54,115
U00562,U01444,2024-12-22,0.38,92
U00494,U01444,2025-03-23,0.8,28
U00720,U01444,2026-02-10,0.95,69
U00634,U01444,2024-05-21,0.86,6
U01445,U02116,2026-03-17,0.86,134
U01306,U01445,2024-05-10,0.38,29
U01446,U02170,2024-02-09,0.84,75
U00386,U01446,2025-12-26,0.59,136
U00855,U01446,2025-05-19,0.87,158
U00907,U01446,2025-02-20,0.75,181
U00557,U01446,2025-05-31,0.65,177
U01438,U01446,2025-06-15,0.2,100
U01421,U01446,2023-09-11,0.71,114
U01447,U01705,2023-08-23,0.93,32
U00761,U01447,2023-12-04,0.65,145
U00795,U01447,2026-01-06,0.78,56
U00548,U01447,2024-12-10,0.47,170
U01447,U02135,2024-11-19,0.79,136
U01447,U01655,2025-07-05,0.18,165
U01169,U01448,2025-11-15,0.85,103
U01448,U01796,2026-02-05,0.76,113
U00998,U01448,2025-01-06,0.68,169
U01448,U01743,2025-06-21,0.62,17
U00347,U01448,2025-06-04,0.69,6
U00995,U01448,2024-06-29,0.8,48
U00840,U01448,2024-12-20,0.38,176
U01152,U01449,2025-08-08,0.23,17
U01449,U01582,2026-01-01,0.34,173
U01449,U01570,2025-11-30,0.51,165
U01449,U01534,2025-02-12,0.69,63
U00075,U01449,2024-01-11,1.0,71
U00916,U01449,2023-11-23,0.39,100
U00305,U01449,2025-05-15,0.28,170
U00426,U01449,2025-01-08,0.36,180
U00710,U01450,2024-07-17,0.79,168
U01450,U01713,2024-04-10,0.74,108
U01450,U02019,2023-06-07,0.56,82
U01344,U01451,2025-07-02,0.73,104
U00561,U01451,2025-08-31,0.26,101
U01278,U01451,2025-04-05,0.46,62
U01452,U01846,2023-11-01,0.34,176
U01452,U01879,2023-06-15,0.78,95
U00280,U01452,2024-02-15,0.79,150
U00688,U01452,2025-06-13,0.46,89
U00876,U01452,2025-08-01,0.17,198
U00078,U01452,2024-11-29,0.33,152
U00789,U01453,2025-02-08,0.44,168
U00475,U01453,2024-07-27,0.95,111
U00415,U01453,2023-06-08,0.59,75
U01453,U01982,2025-12-26,0.55,31
U00756,U01454,2023-11-26,0.17,122
U01205,U01454,2024-08-06,0.99,146
U00061,U01454,2025-05-19,0.46,88
U01372,U01454,2026-04-08,0.99,55
U01199,U01454,2025-08-17,0.21,153
U00820,U01454,2026-04-16,0.63,194
U00312,U01455,2026-01-16,0.24,58
U00995,U01455,2024-11-23,0.83,41
U01022,U01455,2025-04-30,0.56,45
U01287,U01455,2026-03-20,0.5,141
U01455,U01703,2023-05-28,0.52,8
U00412,U01455,2025-12-15,0.72,33
U01455,U01833,2024-02-20,0.18,85
U01456,U02100,2026-02-28,0.67,96
U00131,U01456,2024-05-30,0.39,64
U01456,U01569,2024-07-15,0.61,107
U01456,U01708,2024-12-04,0.51,165
U00129,U01457,2024-08-16,0.47,3
U00123,U01457,2024-10-01,0.56,19
U01353,U01457,2025-12-09,0.91,105
U01082,U01457,2025-03-03,0.55,7
U00380,U01457,2025-02-12,0.19,140
U01458,U02098,2023-05-28,0.79,56
U00218,U01458,2026-03-07,0.74,25
U01442,U01458,2025-06-19,0.59,85
U01113,U01458,2023-07-31,0.45,83
U01425,U01458,2024-05-21,0.6,188
U01458,U01948,2024-09-12,0.99,82
U01196,U01458,2026-04-30,0.2,18
U01458,U01743,2024-06-23,0.84,22
U00349,U01459,2024-05-21,0.33,138
U01335,U01459,2024-07-04,0.42,130
U00816,U01459,2023-09-25,0.35,94
U01459,U01800,2025-10-25,0.47,25
U01460,U01842,2025-04-08,0.78,116
U00922,U01460,2024-12-27,0.94,186
U01460,U01520,2023-06-11,0.32,165
U00615,U01460,2026-02-06,0.93,127
U00918,U01460,2025-04-30,0.6,186
U01460,U01540,2025-04-25,0.45,52
U01110,U01460,2024-09-09,0.2,60
U00769,U01460,2024-11-08,0.52,45
U01461,U02199,2025-05-22,0.76,113
U01461,U01714,2025-03-22,0.3,122
U01461,U02015,2026-02-20,0.43,22
U00376,U01461,2024-12-25,0.39,14
U00694,U01461,2025-02-04,0.84,30
U00860,U01462,2024-12-06,0.38,60
U00622,U01462,2024-06-01,0.63,36
U01146,U01462,2025-03-13,0.2,128
U00916,U01462,2024-06-08,0.25,176
U00584,U01462,2024-04-01,0.59,29
U01150,U01462,2025-11-23,0.31,138
U01463,U02024,2026-02-15,0.92,17
U00245,U01463,2025-10-05,0.84,137
U00132,U01463,2025-01-08,0.66,182
U00282,U01463,2023-09-23,0.36,124
U01463,U01742,2024-09-01,0.8,190
U01464,U01621,2025-07-31,0.72,194
U00575,U01464,2024-12-04,0.33,33
U01288,U01464,2023-08-06,0.21,158
U00434,U01464,2025-12-07,0.39,51
U00078,U01464,2023-07-23,0.91,181
U00860,U01464,2025-04-15,0.36,50
U01465,U01760,2024-07-18,0.97,74
U00629,U01465,2024-09-16,0.79,119
U01465,U01884,2023-10-11,0.93,41
U01465,U02033,2024-12-06,0.8,151
U01394,U01465,2024-04-18,0.68,119
U01465,U01555,2023-07-22,0.35,116
U01466,U01899,2024-07-23,0.4,35
U00413,U01466,2025-04-13,0.51,121
U01466,U01638,2024-04-13,0.89,51
U01004,U01467,2025-01-21,0.82,56
U00502,U01467,2024-09-08,0.25,29
U01361,U01468,2026-04-25,0.35,132
U00075,U01468,2025-05-31,0.2,125
U00320,U01468,2023-06-03,0.17,175
U01468,U02051,2026-02-20,0.98,104
U01111,U01468,2024-04-25,0.13,78
U00523,U01469,2025-12-27,0.4,117
U01469,U02091,2025-04-03,0.71,87
U00448,U01469,2024-01-02,0.42,174
U01457,U01469,2025-10-02,0.15,131
U00241,U01469,2023-05-17,0.74,159
U01175,U01469,2025-01-22,0.82,27
U01268,U01469,2023-06-26,0.47,89
U01470,U02079,2024-12-22,0.95,59
U01401,U01470,2023-08-13,0.84,83
U00591,U01470,2024-08-17,0.3,86
U00642,U01471,2025-05-25,0.87,25
U01471,U01736,2023-12-28,0.59,118
U00990,U01471,2023-05-26,0.95,44
U00295,U01471,2026-04-23,0.88,150
U01258,U01471,2024-09-16,0.3,59
U01471,U01756,2024-08-08,0.99,172
U00361,U01471,2024-04-26,0.99,84
U01472,U01813,2024-07-27,0.67,46
U01164,U01472,2024-01-08,0.5,84
U01415,U01472,2025-06-13,0.4,138
U01299,U01472,2023-08-25,0.67,25
U00710,U01472,2024-06-10,0.43,104
U00538,U01472,2023-07-25,0.21,46
U00995,U01472,2025-12-27,0.34,97
U01424,U01472,2024-01-21,0.94,23
U01473,U01910,2025-05-20,0.11,171
U01119,U01473,2023-10-19,0.92,200
U01473,U01762,2023-09-29,0.93,33
U01240,U01473,2024-08-23,0.38,43
U00200,U01473,2025-11-27,0.23,167
U01195,U01473,2023-05-08,0.56,133
U00552,U01473,2024-05-17,0.18,104
U01473,U01983,2023-08-19,0.93,2
U01474,U01884,2023-10-01,0.39,54
U01167,U01474,2024-12-16,0.94,196
U00638,U01474,2023-08-23,0.62,137
U00308,U01474,2024-01-06,0.94,191
U00660,U01474,2026-03-28,0.47,17
U01475,U01527,2025-02-02,0.79,115
U00517,U01475,2024-11-20,0.96,137
U01475,U01936,2025-06-22,0.84,119
U00604,U01475,2025-02-01,0.82,158
U00783,U01476,2026-01-23,0.86,63
U01476,U01741,2025-05-08,0.43,128
U01367,U01477,2026-05-01,0.29,71
U01086,U01477,2025-01-11,0.36,53
U01477,U02067,2025-10-23,0.15,34
U00330,U01478,2025-04-22,0.23,166
U01389,U01478,2024-03-25,0.94,80
U00398,U01478,2025-11-25,0.11,104
U01478,U01517,2024-03-30,0.46,174
U00219,U01478,2025-11-25,0.31,106
U01479,U01585,2026-03-01,0.31,43
U01479,U01664,2025-07-16,0.25,99
U01479,U01764,2024-04-11,0.35,107
U00359,U01479,2025-10-13,0.48,50
U00540,U01479,2026-01-29,0.96,31
U01374,U01479,2024-02-07,0.91,200
U00680,U01479,2025-01-27,0.78,147
U00654,U01479,2024-02-21,0.93,179
U00624,U01480,2026-04-10,0.46,96
U00842,U01480,2024-12-23,0.88,7
U00013,U01480,2025-10-06,0.47,40
U00891,U01480,2023-10-07,0.63,158
U01481,U01804,2024-01-11,0.19,138
U00543,U01481,2025-10-24,0.89,18
U00857,U01481,2024-08-21,0.61,26
U01340,U01481,2025-01-19,0.54,23
U01481,U01557,2025-05-02,0.17,150
U01473,U01481,2025-10-02,0.84,60
U00333,U01481,2024-09-13,0.6,149
U01079,U01481,2024-08-10,0.13,77
U00997,U01482,2025-01-11,0.18,27
U01482,U01569,2024-04-15,0.14,57
U01483,U01645,2025-05-10,0.84,153
U01076,U01483,2025-11-27,0.68,178
U01484,U01779,2025-07-16,0.69,142
U00900,U01484,2023-09-03,0.37,35
U00746,U01484,2024-10-05,0.35,83
U01484,U01991,2023-12-14,0.47,32
U00485,U01484,2025-05-16,0.77,176
U01429,U01484,2024-11-22,0.23,36
U00951,U01484,2025-06-02,0.82,161
U01485,U02126,2023-09-12,0.36,59
U01485,U01829,2025-08-02,0.74,88
U00253,U01485,2026-02-01,0.44,109
U01485,U01543,2026-01-23,0.77,172
U01378,U01485,2023-11-27,0.59,51
U00875,U01485,2024-01-24,0.38,199
U00540,U01485,2025-08-06,0.85,73
U01139,U01486,2025-02-18,0.62,158
U01486,U01814,2023-09-01,0.41,113
U01486,U01804,2024-01-22,1.0,53
U01487,U01837,2024-01-15,0.12,24
U00322,U01487,2026-02-02,0.69,163
U00309,U01487,2024-01-06,0.31,3
U01487,U01659,2025-11-05,0.38,110
U00734,U01487,2025-05-21,0.44,137
U00282,U01487,2024-09-21,0.54,118
U00315,U01487,2024-08-31,0.88,106
U01289,U01487,2024-12-07,0.84,43
U00486,U01488,2025-09-15,0.26,14
U01488,U01575,2025-12-02,0.52,172
U01488,U01608,2024-11-29,0.76,145
U00070,U01488,2024-06-27,0.21,124
U01488,U01526,2024-04-07,0.7,169
U01488,U01572,2026-01-03,0.67,64
U00696,U01489,2023-12-14,0.95,79
U00310,U01489,2025-04-28,0.6,9
U01489,U02084,2023-05-29,0.13,171
U01291,U01490,2025-07-18,0.55,40
U01018,U01490,2023-08-24,0.13,110
U01415,U01490,2023-11-28,0.23,193
U01490,U02176,2025-09-05,0.55,3
U00925,U01490,2026-01-13,0.64,121
U00897,U01490,2025-10-22,0.32,76
U01375,U01490,2023-12-13,0.98,124
U00761,U01491,2024-10-23,0.66,72
U00084,U01491,2024-07-25,0.9,11
U01009,U01491,2023-11-02,0.75,126
U01492,U01678,2026-04-09,0.53,86
U01267,U01492,2025-03-29,0.22,96
U01019,U01492,2023-12-18,0.76,161
U00510,U01493,2024-06-12,0.67,32
U00679,U01493,2025-11-10,0.58,29
U01222,U01493,2024-06-09,0.93,167
U01318,U01493,2024-08-11,0.23,50
U01079,U01493,2025-03-17,0.54,174
U01494,U02177,2024-04-01,0.23,14
U01472,U01494,2023-12-23,0.83,156
U00217,U01494,2025-05-08,0.47,144
U00475,U01494,2025-10-10,0.18,77
U00674,U01494,2025-06-27,0.52,23
U00125,U01494,2025-12-21,0.82,49
U01494,U01553,2024-01-31,0.67,19
U00758,U01495,2024-05-17,0.98,29
U01350,U01495,2024-03-23,0.5,45
U00637,U01495,2024-06-04,0.44,34
U00987,U01495,2025-04-18,0.3,165
U00155,U01495,2024-03-12,0.97,49
U00149,U01495,2024-10-01,0.36,50
U00890,U01495,2025-11-02,0.71,109
U01495,U01919,2024-02-10,0.15,89
U01496,U01739,2025-11-30,0.12,133
U00665,U01496,2025-01-25,0.69,11
U00281,U01496,2026-01-07,0.13,5
U01496,U02060,2025-09-20,0.56,64
U01496,U02085,2024-07-21,0.33,151
U01497,U02182,2025-06-15,0.28,59
U01489,U01497,2023-08-02,0.1,90
U00724,U01497,2025-04-17,0.9,110
U01149,U01497,2025-08-10,0.52,38
U00507,U01497,2025-08-11,0.68,30
U00266,U01497,2024-07-06,0.79,156
U00537,U01497,2025-02-27,0.37,61
U01008,U01497,2025-05-21,0.81,14
U01242,U01498,2023-10-26,0.88,53
U01237,U01498,2024-06-12,0.24,36
U00338,U01498,2024-10-26,0.72,102
U01498,U01608,2023-09-08,0.35,73
U00386,U01498,2025-12-03,0.94,55
U00963,U01498,2023-08-31,0.56,112
U01498,U01634,2025-06-25,0.15,182
U00376,U01498,2026-04-01,0.2,58
U01499,U02196,2024-03-07,0.14,162
U01499,U01871,2024-05-25,0.17,57
U00418,U01499,2023-12-20,0.66,125
U00291,U01499,2023-11-29,0.42,17
U01297,U01500,2024-12-24,0.29,27
U01500,U01866,2023-09-17,0.64,161
U01500,U01765,2024-08-24,0.63,72
U01114,U01500,2024-06-27,0.65,72
U00889,U01501,2025-12-31,0.63,128
U01169,U01501,2024-11-20,0.26,135
U01128,U01502,2024-09-30,0.93,57
U00073,U01502,2024-12-01,0.31,15
U01502,U01976,2024-03-13,0.28,156
U01502,U01607,2025-10-12,0.89,79
U01422,U01503,2023-11-17,0.53,38
U01503,U01851,2023-10-27,0.78,196
U01504,U02139,2025-11-20,0.63,52
U01336,U01504,2023-08-26,0.67,152
U00547,U01504,2025-10-12,0.85,4
U01504,U01592,2023-08-12,0.26,142
U01504,U01862,2025-01-12,0.95,132
U01070,U01504,2025-02-07,0.85,191
U00770,U01504,2026-01-12,0.63,184
U00189,U01504,2025-09-30,0.63,60
U01505,U01875,2025-12-06,0.24,130
U00893,U01505,2026-03-09,0.32,127
U00342,U01505,2025-01-09,0.51,22
U00084,U01505,2024-06-10,0.32,9
U00452,U01505,2025-01-08,0.79,173
U01274,U01506,2023-09-27,0.18,177
U00676,U01506,2025-07-05,0.28,119
U01051,U01506,2025-10-05,0.19,39
U00834,U01506,2023-12-31,0.72,81
U01506,U01597,2024-07-11,0.71,53
U00167,U01506,2025-12-03,0.39,75
U00199,U01506,2025-06-04,0.55,29
U01506,U01565,2023-12-31,0.95,130
U01174,U01507,2024-10-08,0.58,69
U00994,U01507,2025-08-31,0.8,148
U01013,U01507,2025-11-16,0.51,35
U00345,U01507,2025-07-02,0.93,199
U00261,U01507,2024-11-30,0.94,145
U00793,U01508,2025-06-03,0.62,188
U00531,U01508,2024-09-13,0.18,28
U00985,U01509,2025-11-23,0.47,78
U00537,U01509,2024-09-09,0.12,39
U01425,U01509,2023-11-14,0.92,24
U00075,U01509,2023-05-08,0.11,145
U00286,U01510,2026-04-03,0.83,91
U01510,U01792,2025-05-19,0.2,9
U01443,U01510,2023-10-18,0.78,157
U00989,U01510,2025-06-30,0.9,190
U00489,U01511,2025-07-07,0.57,32
U01309,U01511,2025-02-13,0.2,137
U00592,U01511,2023-06-21,0.58,198
U01511,U01587,2025-09-11,0.57,30
U01001,U01511,2024-12-18,0.43,66
U00131,U01511,2024-11-24,0.79,96
U01512,U01814,2025-04-17,0.13,21
U00702,U01512,2024-05-16,0.28,42
U00299,U01512,2026-04-22,0.74,90
U00465,U01513,2026-03-13,0.5,10
U00840,U01513,2026-04-26,0.68,145
U00350,U01513,2025-12-25,0.68,73
U00278,U01513,2025-01-08,0.56,174
U01513,U02047,2023-12-05,0.92,67
U00832,U01514,2023-10-27,0.2,70
U00266,U01514,2024-05-09,0.64,89
U01514,U02109,2025-11-18,0.27,176
U00087,U01514,2025-08-19,0.12,133
U01102,U01514,2025-05-17,0.22,44
U00314,U01514,2025-03-23,0.61,22
U01277,U01515,2026-03-16,0.66,5
U01101,U01515,2025-04-09,0.93,137
U01394,U01515,2023-11-03,0.32,16
U01100,U01515,2024-10-11,0.67,53
U00844,U01515,2024-03-21,0.55,72
U01298,U01516,2024-11-05,0.21,23
U00937,U01516,2026-04-23,0.48,56
U00670,U01516,2024-03-11,0.55,195
U00674,U01516,2025-05-13,0.85,147
U01516,U01944,2024-05-14,0.9,184
U00378,U01516,2024-04-15,0.33,148
U00284,U01516,2025-01-31,0.42,165
U00173,U01516,2026-04-08,0.93,46
U00232,U01517,2025-10-28,0.4,2
U00283,U01517,2024-12-11,0.62,17
U01475,U01517,2024-08-17,0.82,176
U01110,U01517,2026-05-01,0.28,89
U00817,U01517,2024-11-19,0.14,94
U01517,U01784,2024-12-24,0.52,138
U01517,U01701,2023-12-26,0.63,16
U01518,U02057,2024-08-14,0.23,44
U01364,U01518,2024-07-15,0.78,191
U01197,U01518,2025-11-06,0.7,14
U01518,U01626,2024-12-11,0.38,115
U00952,U01518,2025-04-27,0.61,134
U01518,U01870,2023-05-03,0.58,198
U00846,U01518,2025-01-12,0.9,118
U00023,U01518,2024-02-26,0.15,138
U01127,U01519,2024-12-20,0.55,174
U01519,U02157,2024-07-11,0.93,150
U00229,U01519,2024-11-14,0.73,69
U01519,U01668,2025-05-09,0.63,105
U01519,U01540,2024-01-28,0.35,121
U00593,U01519,2024-08-19,0.12,147
U00484,U01519,2023-07-31,0.21,191
U00972,U01520,2024-12-02,0.33,31
U00705,U01520,2024-06-24,0.75,76
U01520,U01941,2025-04-12,0.85,14
U01520,U02193,2024-02-03,0.65,7
U01521,U02047,2025-01-25,0.66,73
U00028,U01521,2025-05-25,0.65,115
U00476,U01521,2026-02-16,0.76,169
U00194,U01521,2025-03-22,0.7,161
U00869,U01521,2023-11-25,0.36,48
U01521,U02142,2024-05-24,0.96,151
U01522,U01592,2025-01-07,0.36,146
U00093,U01522,2026-01-31,0.82,34
U01089,U01522,2024-01-10,0.13,66
U00111,U01522,2023-09-13,0.82,158
U00380,U01522,2025-04-20,0.14,111
U01185,U01522,2024-07-07,0.11,114
U01522,U01588,2025-01-30,0.52,56
U01522,U01581,2025-11-07,0.6,194
U01523,U02042,2026-02-10,0.11,195
U00576,U01523,2025-12-12,0.99,117
U00029,U01523,2023-08-12,0.76,187
U00940,U01523,2026-01-27,0.39,168
U00116,U01523,2025-06-06,0.3,63
U01434,U01523,2024-06-25,0.75,148
U01408,U01524,2025-01-11,0.76,43
U00726,U01524,2024-09-23,0.85,64
U00882,U01524,2024-11-07,0.84,7
U00003,U01524,2023-07-27,0.78,190
U01524,U01869,2024-12-10,0.18,7
U00639,U01524,2025-06-24,0.78,21
U00524,U01524,2025-04-25,0.85,112
U00525,U01524,2023-10-15,0.48,180
U01525,U01619,2025-07-08,0.21,199
U01525,U01777,2024-06-18,0.5,46
U01525,U01819,2025-10-27,0.79,65
U01379,U01525,2025-05-28,0.23,35
U01526,U01598,2025-05-19,0.6,4
U00748,U01526,2023-10-13,0.49,179
U00634,U01526,2024-10-25,0.49,156
U01526,U01927,2026-03-19,0.28,132
U00256,U01526,2026-04-15,0.22,126
U00136,U01526,2023-08-22,0.24,172
U01526,U01944,2023-10-06,0.83,133
U01527,U02066,2024-06-04,0.36,17
U00635,U01527,2026-03-04,0.46,145
U01400,U01527,2024-03-20,0.82,174
U00644,U01527,2025-08-14,0.46,66
U01079,U01527,2023-09-22,0.77,45
U01527,U01940,2023-12-16,0.69,148
U00881,U01527,2023-05-19,0.67,177
U01528,U01837,2026-03-15,0.75,40
U00626,U01528,2024-04-20,0.37,101
U01203,U01528,2023-06-01,0.12,180
U01528,U01775,2024-06-05,0.79,81
U00220,U01528,2023-08-04,0.77,31
U00030,U01528,2024-07-01,0.43,67
U01529,U02153,2024-05-28,0.9,42
U01147,U01529,2024-01-01,0.96,98
U01529,U02120,2024-07-29,0.9,19
U01529,U01745,2024-01-15,0.61,197
U00983,U01530,2024-11-01,0.74,94
U01530,U01804,2024-04-15,0.84,36
U01530,U02129,2026-04-29,0.7,196
U00929,U01531,2024-08-27,0.91,195
U00431,U01531,2024-10-22,0.38,104
U00037,U01532,2026-03-12,0.33,137
U00263,U01532,2025-11-21,0.1,196
U00921,U01532,2024-01-08,0.29,155
U00671,U01532,2023-09-27,0.92,79
U01532,U01852,2025-10-21,0.91,160
U01532,U01779,2025-05-02,0.1,52
U01448,U01533,2023-05-31,0.62,180
U01533,U01649,2023-07-06,0.89,77
U01096,U01533,2025-01-25,0.24,166
U00984,U01533,2023-05-24,0.21,132
U01195,U01533,2026-04-28,0.45,44
U01126,U01533,2024-09-03,0.89,61
U01120,U01533,2025-11-14,0.29,164
U00419,U01533,2025-04-30,0.86,84
U00899,U01534,2025-10-30,0.19,144
U00968,U01534,2025-08-06,0.49,178
U01084,U01534,2025-02-19,0.56,182
U01534,U01971,2023-08-07,0.88,134
U01374,U01535,2023-12-05,0.41,77
U01535,U01890,2025-06-03,0.68,40
U00644,U01535,2023-06-12,0.44,26
U00438,U01535,2024-03-19,0.15,116
U00083,U01535,2023-11-25,0.2,52
U00625,U01535,2026-03-24,0.92,117
U01535,U02059,2024-05-08,0.5,109
U00120,U01536,2025-01-07,0.34,194
U01536,U01540,2025-06-19,0.12,23
U01537,U01791,2025-10-20,0.93,190
U00363,U01537,2023-12-03,0.88,165
U00986,U01537,2026-03-13,0.42,134
U00180,U01537,2024-11-17,0.8,114
U00167,U01538,2023-05-04,0.19,139
U01196,U01538,2023-08-26,0.19,123
U01538,U02019,2024-11-21,0.62,102
U00813,U01538,2023-07-08,0.94,160
U01538,U02011,2025-05-18,0.36,108
U01538,U02160,2023-12-21,0.89,65
U00829,U01538,2023-05-14,0.63,53
U00361,U01538,2025-02-27,0.51,34
U00999,U01539,2026-04-09,0.61,128
U00351,U01539,2025-08-25,0.59,120
U00273,U01540,2023-10-07,0.7,145
U00305,U01540,2024-11-01,0.94,149
U00958,U01540,2024-06-25,0.51,114
U00651,U01540,2025-02-13,0.89,114
U00805,U01541,2023-10-01,0.98,36
U01126,U01541,2025-05-30,0.8,166
U00235,U01541,2026-03-29,0.64,69
U01021,U01541,2024-05-07,0.33,16
U01542,U02103,2026-04-22,0.36,8
U01542,U02171,2025-07-04,0.81,182
U01543,U01998,2025-06-06,0.88,48
U01543,U01852,2024-12-05,0.42,18
U01088,U01544,2024-01-21,0.36,112
U01443,U01544,2023-05-12,0.93,81
U01505,U01544,2026-02-11,0.77,129
U01544,U01646,2024-04-23,0.42,146
U00294,U01544,2023-07-23,0.66,146
U00547,U01544,2024-03-15,0.18,153
U00130,U01544,2025-11-04,0.41,143
U01544,U01676,2023-06-12,0.9,140
U01237,U01545,2025-12-02,0.71,115
U00607,U01545,2024-06-18,0.73,169
U01233,U01545,2025-09-29,0.3,145
U00087,U01545,2023-11-02,0.23,111
U00010,U01546,2023-10-02,0.83,131
U01546,U02098,2025-11-20,0.19,142
U01378,U01546,2025-08-05,0.26,108
U01108,U01547,2024-04-29,0.79,48
U01198,U01547,2023-08-06,0.92,104
U00171,U01547,2025-08-14,0.21,49
U01547,U01728,2025-09-10,0.22,157
U01279,U01547,2023-10-12,0.7,13
U01547,U01672,2024-06-09,0.78,166
U00947,U01547,2026-02-21,0.29,177
U00305,U01547,2025-11-04,0.25,5
U00854,U01548,2026-04-16,0.77,113
U01502,U01548,2024-07-25,0.2,69
U00037,U01548,2024-02-16,0.9,180
U00024,U01548,2025-04-01,0.15,151
U01548,U02163,2025-11-13,0.65,44
U01548,U01883,2024-07-17,0.98,172
U01548,U01634,2024-10-15,0.9,44
U00368,U01548,2025-11-21,0.58,172
U01387,U01549,2024-12-15,0.7,91
U01474,U01549,2025-02-15,0.32,60
U01236,U01549,2023-11-17,0.79,182
U01254,U01549,2023-08-22,0.23,118
U01289,U01549,2023-09-19,0.16,103
U01549,U02164,2025-06-22,0.58,153
U01550,U01751,2024-01-01,0.78,110
U01471,U01550,2023-06-04,0.89,112
U01529,U01550,2026-04-11,0.28,148
U00406,U01550,2026-02-23,0.26,131
U01550,U02158,2024-10-15,0.87,19
U01550,U02083,2025-05-03,0.57,95
U00365,U01550,2025-05-03,0.43,104
U01135,U01550,2023-07-27,0.37,75
U00917,U01551,2025-05-14,0.46,82
U01551,U01681,2024-07-16,0.13,61
U01551,U01759,2026-01-03,0.91,34
U01551,U02196,2023-09-14,0.67,165
U01458,U01551,2024-12-17,0.96,174
U00005,U01551,2024-04-17,0.57,53
U00073,U01551,2023-11-29,0.91,174
U01551,U01712,2025-09-05,0.16,12
U00401,U01552,2025-08-19,0.93,160
U00939,U01552,2023-08-01,0.71,149
U01552,U02106,2025-06-02,0.39,118
U01220,U01552,2024-11-20,0.16,41
U01377,U01552,2025-04-05,0.57,178
U01552,U01673,2026-04-18,0.6,42
U00166,U01552,2024-05-15,0.88,80
U00287,U01553,2024-09-05,0.31,37
U00579,U01553,2025-05-13,0.98,31
U01553,U01624,2023-11-07,0.99,165
U00705,U01553,2026-04-25,0.99,108
U01553,U01577,2024-11-15,0.47,196
U00122,U01553,2023-11-04,0.83,93
U00107,U01553,2023-12-08,0.41,61
U01554,U01586,2023-07-13,0.63,106
U00988,U01554,2024-04-07,0.66,170
U01555,U01810,2023-05-12,0.58,156
U00910,U01555,2024-11-05,0.26,131
U00477,U01555,2025-02-23,0.5,140
U00208,U01555,2023-11-27,0.36,155
U01555,U02060,2023-10-29,0.45,8
U01379,U01555,2024-09-03,0.73,75
U00115,U01555,2024-12-30,0.43,108
U00184,U01556,2024-11-04,0.27,189
U01258,U01556,2025-11-16,0.77,100
U00562,U01557,2025-06-10,0.75,155
U01557,U01692,2024-09-22,0.51,188
U01557,U02040,2024-03-17,0.77,107
U00783,U01557,2023-12-21,0.48,12
U00686,U01557,2023-12-31,0.15,43
U00545,U01558,2026-04-22,0.36,43
U00525,U01558,2024-01-25,0.97,199
U01559,U01941,2025-05-22,0.19,38
U01241,U01559,2024-07-04,0.17,170
U01103,U01559,2023-11-19,0.71,169
U01559,U02164,2025-01-16,1.0,191
U01559,U01874,2025-10-25,0.89,16
U00012,U01559,2023-12-17,0.93,13
U01453,U01559,2025-01-31,0.99,76
U00865,U01560,2024-12-30,0.19,86
U01372,U01560,2025-03-18,0.41,14
U01560,U02169,2025-12-20,0.55,77
U00726,U01560,2025-04-26,0.81,44
U00096,U01560,2026-01-06,0.48,46
U00168,U01560,2026-02-07,0.71,59
U00075,U01561,2024-06-29,0.98,164
U01248,U01561,2023-07-07,0.44,114
U00319,U01562,2025-09-06,0.43,124
U00589,U01562,2025-06-17,0.72,181
U00737,U01562,2024-08-21,0.89,170
U00898,U01562,2025-12-12,0.22,71
U00352,U01562,2024-04-18,0.92,41
U01112,U01562,2025-05-05,0.88,150
U00187,U01562,2026-01-21,0.37,131
U00840,U01562,2025-01-31,0.44,95
U00039,U01563,2024-05-30,0.29,174
U01563,U01950,2023-10-18,0.7,124
U00386,U01563,2025-08-31,0.85,62
U00694,U01563,2024-09-24,0.48,92
U01563,U02148,2023-11-18,0.99,179
U01088,U01564,2023-12-04,0.42,154
U01205,U01564,2026-03-26,0.36,42
U01557,U01565,2025-08-08,0.91,4
U01565,U02016,2025-11-04,0.1,198
U00661,U01566,2025-02-16,0.88,48
U01178,U01566,2024-07-04,0.33,93
U01566,U02142,2025-04-07,0.14,103
U01566,U02168,2024-03-22,0.91,72
U00458,U01566,2024-07-09,0.69,36
U00417,U01566,2024-11-06,0.49,97
U01361,U01566,2026-01-03,0.96,106
U01320,U01567,2024-10-23,0.61,121
U01567,U02005,2024-05-08,0.26,120
U00214,U01567,2023-08-08,0.54,45
U01224,U01567,2025-12-25,0.55,147
U01568,U02039,2024-06-01,0.47,171
U01313,U01568,2024-02-29,0.89,177
U01568,U01627,2024-02-10,0.77,157
U01569,U01675,2023-08-21,0.89,87
U00616,U01569,2025-12-05,0.71,137
U00039,U01569,2023-10-15,0.64,1
U00959,U01569,2024-07-11,0.74,162
U01569,U01704,2023-11-24,0.62,122
U01569,U01787,2023-12-11,0.58,77
U01570,U02090,2026-02-21,0.92,139
U01570,U02124,2025-09-11,0.76,102
U01251,U01570,2024-10-07,0.95,11
U01571,U01674,2025-06-19,0.22,103
U00129,U01571,2023-05-17,0.11,47
U01572,U01829,2025-04-22,0.13,127
U01517,U01572,2025-06-02,0.91,26
U01572,U01798,2025-05-22,0.71,3
U00217,U01572,2025-09-21,0.15,114
U00168,U01573,2023-11-06,0.79,15
U01438,U01573,2026-03-03,0.14,84
U00667,U01573,2025-10-20,0.78,100
U00878,U01573,2024-11-21,0.27,32
U01247,U01573,2023-10-04,0.27,177
U01573,U01736,2025-10-13,0.44,47
U01573,U01848,2025-08-07,0.41,8
U01573,U01630,2025-10-16,0.54,185
U00619,U01574,2024-12-07,0.9,5
U00314,U01574,2024-06-29,0.69,2
U01574,U01803,2023-11-01,0.87,199
U00715,U01574,2024-11-16,0.68,189
U00476,U01574,2024-09-16,0.34,95
U00452,U01575,2024-01-20,0.29,198
U01018,U01575,2025-02-15,0.33,133
U01575,U01654,2023-12-28,0.24,9
U01575,U02049,2023-09-30,0.37,184
U01575,U01655,2023-10-06,0.15,26
U01576,U01830,2025-09-16,0.18,16
U00960,U01576,2025-02-08,0.5,84
U00244,U01576,2024-05-19,0.5,160
U01574,U01576,2023-05-27,0.49,116
U00311,U01576,2023-08-22,0.43,189
U00532,U01576,2025-06-18,0.95,74
U01076,U01576,2024-06-12,0.96,86
U01209,U01577,2024-12-06,0.98,86
U00247,U01577,2026-02-04,0.22,99
U01445,U01577,2023-09-23,0.33,71
U01577,U01791,2024-01-07,0.69,155
U01432,U01577,2025-04-12,0.9,178
U01270,U01578,2025-07-12,0.56,183
U01255,U01578,2023-08-03,0.18,57
U01578,U01711,2026-04-27,0.71,19
U00002,U01578,2026-01-17,0.42,89
U00260,U01578,2023-12-23,0.62,23
U01578,U02155,2024-03-30,0.86,41
U00020,U01579,2024-09-24,0.49,66
U00733,U01579,2024-06-06,0.46,25
U01579,U02034,2023-11-19,0.91,181
U01415,U01579,2024-08-04,0.36,43
U00332,U01579,2025-03-24,0.19,177
U01462,U01579,2024-07-22,0.55,177
U01580,U01630,2023-08-26,0.47,25
U01131,U01580,2025-10-13,0.37,122
U01339,U01580,2025-09-17,0.62,70
U01580,U01978,2024-02-17,0.33,90
U01304,U01580,2024-12-19,0.65,181
U01526,U01580,2025-04-18,0.51,195
U01581,U01641,2025-02-11,0.92,102
U00676,U01581,2025-12-30,0.95,49
U00559,U01581,2024-12-05,0.78,163
U01581,U01840,2025-12-19,0.44,129
U01268,U01582,2024-02-05,0.9,49
U01582,U01636,2025-04-01,0.27,68
U00116,U01582,2024-01-05,0.84,119
U01378,U01582,2023-09-27,0.79,78
U00060,U01582,2024-08-04,0.37,187
U01154,U01582,2026-01-10,0.51,37
U01582,U01886,2024-12-15,0.18,138
U00559,U01583,2024-05-19,0.86,157
U00328,U01583,2024-03-16,0.95,193
U01583,U02180,2024-08-06,0.13,151
U00215,U01583,2025-07-16,0.36,21
U01583,U01898,2023-05-16,0.98,162
U01583,U01750,2026-01-05,0.21,111
U00816,U01583,2023-09-18,0.75,61
U00113,U01584,2024-07-24,0.67,141
U00931,U01584,2024-08-02,0.49,144
U01108,U01584,2023-11-12,0.54,82
U00865,U01585,2024-02-16,0.43,122
U01585,U01773,2024-05-12,0.89,176
U01585,U01750,2026-02-04,0.68,128
U00607,U01585,2025-11-15,0.8,154
U00830,U01585,2024-11-28,0.7,192
U01585,U01831,2025-08-29,0.63,87
U00868,U01585,2025-05-10,0.7,41
U01219,U01586,2024-11-24,0.31,29
U00762,U01586,2023-07-14,0.97,133
U00793,U01586,2024-08-03,0.11,89
U01586,U02188,2023-11-16,0.96,83
U01587,U01868,2024-06-16,0.85,26
U00749,U01587,2023-08-13,0.16,25
U01271,U01587,2024-01-23,0.85,73
U01587,U01938,2024-12-29,0.84,133
U01344,U01588,2023-07-03,0.72,173
U00515,U01588,2025-11-23,0.16,182
U00473,U01588,2024-12-08,1.0,145
U00884,U01588,2026-04-22,0.77,179
U01588,U01733,2026-04-16,0.62,47
U01161,U01588,2023-08-11,0.68,191
U01589,U01824,2025-06-22,0.79,180
U01379,U01589,2023-10-30,0.18,58
U01589,U02084,2025-10-29,0.73,145
U01204,U01589,2026-02-19,0.42,190
U00593,U01590,2024-04-12,0.8,136
U00868,U01590,2024-10-10,0.11,27
U00481,U01590,2025-03-13,0.9,55
U00856,U01590,2024-03-24,0.29,110
U00974,U01591,2024-09-28,0.5,52
U01218,U01591,2024-03-29,0.37,20
U01023,U01591,2024-09-13,0.32,176
U01591,U01822,2023-12-05,0.59,188
U01151,U01591,2024-05-28,0.67,146
U00594,U01592,2025-10-23,0.67,169
U00470,U01592,2024-01-23,0.29,180
U01593,U02198,2023-10-09,0.68,155
U01219,U01593,2026-02-09,0.83,91
U01363,U01593,2023-12-14,0.2,89
U00401,U01593,2025-05-18,0.26,71
U01459,U01593,2024-03-01,0.48,160
U00309,U01593,2025-10-22,0.1,110
U00489,U01593,2023-06-02,0.52,182
U00600,U01594,2025-07-16,0.11,81
U00265,U01594,2024-06-18,0.6,102
U01294,U01594,2025-08-24,0.67,62
U00563,U01594,2023-05-20,0.55,100
U00887,U01594,2025-06-01,0.2,69
U01594,U01829,2024-10-02,0.24,38
U01594,U01876,2025-03-10,0.18,93
U00366,U01594,2026-04-06,0.7,64
U01011,U01595,2025-08-03,0.4,147
U01443,U01595,2025-12-21,0.35,184
U01595,U01949,2024-07-25,0.57,63
U01595,U01805,2025-01-04,0.34,162
U01596,U02048,2025-04-11,0.9,109
U01596,U01695,2024-04-05,0.42,151
U01596,U01704,2026-04-04,0.86,58
U01096,U01596,2024-12-17,0.78,177
U01041,U01596,2023-07-29,0.67,94
U00948,U01596,2023-09-13,0.79,59
U01243,U01597,2026-02-21,0.25,51
U01597,U01631,2025-12-11,0.78,177
U00608,U01597,2024-12-03,0.79,44
U00849,U01597,2024-08-20,0.98,5
U00765,U01598,2024-11-01,0.23,10
U01598,U01985,2024-12-09,0.79,41
U01598,U01979,2024-10-08,0.29,135
U00535,U01598,2025-10-22,0.29,173
U01069,U01598,2023-10-25,0.61,180
U00982,U01598,2026-02-19,0.37,80
U00933,U01598,2024-08-05,0.5,196
U00289,U01598,2023-10-17,0.98,90
U00654,U01599,2025-02-08,0.86,108
U01599,U02045,2026-02-23,0.81,163
U00641,U01599,2023-10-04,1.0,129
U01530,U01599,2023-06-09,0.15,188
U00044,U01599,2023-06-08,0.15,82
U00945,U01600,2025-01-31,0.12,173
U00973,U01600,2023-10-03,0.99,181
U00572,U01600,2025-04-26,0.49,118
U01235,U01600,2024-02-26,0.45,62
U01600,U01855,2026-01-19,0.59,176
U00339,U01600,2023-05-28,0.85,21
U01600,U02051,2025-01-07,0.49,81
U00525,U01601,2023-06-28,0.99,192
U00448,U01601,2024-10-21,0.36,42
U00045,U01601,2023-08-04,0.15,187
U01601,U01834,2026-03-24,0.49,151
U01395,U01602,2024-12-08,0.96,29
U01035,U01602,2023-05-11,0.22,29
U00560,U01602,2024-09-12,0.39,87
U00599,U01602,2025-01-02,0.49,158
U00548,U01603,2024-03-05,0.47,11
U01539,U01603,2024-09-10,0.91,127
U00882,U01603,2025-11-16,0.24,15
U00032,U01604,2024-03-17,0.4,125
U01604,U02078,2024-10-26,0.6,43
U00952,U01605,2026-02-07,0.73,67
U01173,U01605,2023-08-17,0.51,40
U01605,U01693,2024-08-09,0.71,181
U00468,U01605,2024-06-26,0.74,80
U01605,U01927,2024-07-04,0.67,48
U00611,U01605,2024-06-27,0.56,63
U01229,U01605,2025-06-06,0.26,154
U00750,U01606,2023-11-22,0.71,2
U01177,U01606,2023-08-29,0.87,17
U01606,U02102,2023-07-03,0.64,113
U01219,U01606,2023-12-13,0.36,61
U01567,U01606,2023-06-11,0.6,66
U00341,U01606,2024-05-25,0.88,81
U01607,U01958,2024-01-12,0.43,136
U00169,U01607,2023-08-31,0.26,29
U01608,U02134,2024-09-27,0.11,124
U00302,U01608,2024-10-21,0.27,196
U00496,U01609,2025-10-08,0.16,196
U00182,U01609,2025-02-27,0.98,63
U00544,U01609,2024-07-04,0.82,64
U01609,U01704,2024-01-24,0.16,111
U01116,U01610,2024-01-29,0.24,146
U01610,U01765,2024-11-24,0.56,140
U01610,U01708,2024-07-07,0.86,164
U01610,U01664,2025-02-02,0.56,118
U00565,U01610,2023-12-23,0.88,120
U01611,U01856,2024-05-02,0.86,172
U01204,U01611,2024-11-15,0.73,60
U01611,U01700,2024-07-27,0.64,145
U01517,U01611,2025-12-08,0.8,17
U01316,U01611,2026-03-21,0.41,170
U00434,U01612,2025-09-12,0.59,67
U01612,U02059,2024-02-26,0.25,11
U01608,U01612,2024-07-09,0.86,155
U01397,U01612,2023-07-08,0.41,38
U01612,U01647,2026-04-19,0.71,91
U00638,U01612,2024-01-05,0.66,139
U01198,U01612,2023-06-05,0.26,73
U01613,U01825,2023-10-25,0.7,109
U01613,U01746,2025-02-25,0.2,91
U01202,U01613,2025-10-29,0.3,141
U01201,U01613,2026-02-26,0.18,120
U00029,U01613,2023-05-04,0.96,23
U00851,U01614,2026-01-19,0.84,163
U01153,U01614,2024-11-29,0.59,147
U01468,U01614,2025-12-18,0.92,12
U01614,U01959,2023-10-06,0.72,166
U00275,U01615,2025-03-07,0.39,29
U01481,U01615,2025-04-24,0.31,7
U01616,U01686,2025-11-22,0.77,167
U00347,U01616,2024-01-31,0.45,184
U01616,U01823,2024-05-12,0.79,153
U01617,U02179,2025-01-04,0.24,20
U00542,U01617,2025-09-30,0.66,196
U00131,U01617,2023-11-01,0.1,113
U00447,U01617,2026-03-30,0.78,74
U01162,U01618,2023-11-30,0.75,172
U01474,U01618,2023-06-26,0.82,118
U01389,U01618,2023-12-30,0.71,113
U01095,U01618,2024-05-01,0.62,62
U01619,U01813,2024-05-13,0.14,4
U01139,U01619,2024-11-12,0.93,68
U01619,U02154,2025-12-10,0.17,178
U01200,U01619,2024-08-13,0.83,93
U01619,U02100,2025-07-21,0.86,19
U01318,U01619,2026-02-27,0.2,49
U00211,U01620,2025-02-18,0.45,101
U01620,U02094,2025-01-28,0.56,110
U01620,U01922,2023-11-16,0.14,108
U00467,U01621,2024-10-17,0.72,148
U01044,U01621,2024-09-16,0.78,29
U01179,U01621,2025-10-05,0.4,143
U01303,U01621,2024-02-22,0.61,79
U01274,U01621,2024-09-02,0.34,198
U01621,U01694,2025-02-14,0.78,191
U01621,U01708,2023-06-28,0.51,11
U00762,U01622,2023-12-06,0.95,162
U01572,U01622,2024-01-14,0.75,78
U00734,U01622,2025-06-04,0.31,180
U00708,U01622,2024-03-02,0.55,15
U01623,U01730,2024-01-16,0.81,197
U00001,U01623,2023-05-25,0.34,169
U01623,U02046,2023-08-14,0.25,154
U00399,U01623,2026-02-06,0.55,9
U01501,U01624,2023-09-26,0.32,199
U01624,U01722,2023-07-30,0.68,123
U01023,U01624,2023-07-28,0.72,160
U01624,U01867,2025-10-27,0.7,56
U01624,U01776,2024-10-08,0.42,172
U01624,U01972,2023-05-25,0.34,154
U01624,U01796,2025-12-20,1.0,84
U00632,U01624,2025-07-04,0.44,122
U01331,U01625,2024-11-04,0.99,164
U01421,U01625,2024-11-26,0.12,96
U01270,U01625,2025-01-26,0.84,56
U01272,U01625,2025-07-07,0.37,56
U00426,U01625,2026-01-07,0.33,15
U00910,U01625,2023-07-10,0.47,11
U01332,U01626,2024-06-02,0.7,42
U00491,U01626,2024-04-01,0.38,164
U01250,U01626,2023-05-24,0.16,107
U01626,U02135,2024-07-01,0.61,145
U01626,U02006,2023-12-24,0.81,38
U00869,U01626,2024-03-05,0.59,81
U00800,U01627,2024-12-26,0.23,146
U01627,U02075,2025-03-30,1.0,111
U01618,U01627,2023-06-30,0.76,115
U01627,U01943,2025-08-05,0.79,93
U01356,U01627,2024-06-25,0.63,103
U00411,U01627,2024-07-18,0.6,199
U01627,U01875,2025-03-02,0.71,105
U01627,U02032,2025-10-07,0.39,74
U00497,U01628,2024-07-21,0.11,192
U01628,U02172,2023-11-21,0.75,75
U01628,U02069,2024-03-31,0.36,6
U01628,U01948,2024-02-01,0.9,195
U01229,U01628,2023-06-15,0.8,128
U01276,U01629,2024-02-16,0.67,144
U01591,U01629,2025-12-15,0.68,19
U01154,U01629,2023-10-13,0.67,19
U01624,U01630,2023-12-07,0.92,149
U01630,U01810,2025-04-01,0.23,25
U00162,U01630,2025-06-30,0.58,156
U00253,U01630,2025-02-24,0.89,48
U00677,U01630,2025-06-08,0.19,75
U01184,U01630,2023-12-16,0.56,133
U00382,U01630,2024-11-27,0.3,34
U00644,U01630,2024-06-10,0.61,63
U00331,U01631,2026-02-10,0.26,49
U01631,U01814,2025-09-11,0.14,114
U00825,U01631,2023-08-02,0.24,112
U01193,U01632,2026-02-25,0.32,148
U01632,U02054,2023-07-26,0.79,54
U00388,U01632,2024-07-17,0.51,84
U01083,U01632,2024-11-28,0.42,110
U01163,U01632,2024-05-05,0.85,109
U01633,U01849,2023-12-05,0.17,131
U00692,U01633,2025-09-13,0.15,179
U00246,U01633,2023-09-27,0.41,56
U01633,U01937,2024-10-02,0.27,102
U00122,U01633,2025-10-24,0.58,78
U01348,U01633,2023-09-21,0.7,160
U01633,U01643,2023-05-20,0.81,32
U01634,U01980,2023-12-14,0.92,111
U01359,U01634,2025-06-07,0.23,86
U01634,U01864,2024-07-04,0.6,11
U01224,U01634,2025-11-25,0.82,76
U00382,U01634,2025-11-20,0.6,51
U00866,U01635,2025-04-22,0.59,59
U00851,U01635,2025-07-10,0.9,73
U00930,U01636,2025-01-02,0.33,186
U01246,U01636,2025-06-25,0.3,77
U01636,U01906,2024-07-08,0.84,46
U00967,U01636,2025-11-24,0.89,157
U01636,U02177,2026-03-06,0.22,74
U00678,U01636,2025-10-09,0.18,119
U01636,U01815,2025-01-06,1.0,85
U01123,U01637,2023-08-03,0.51,198
U01637,U01748,2024-10-21,0.31,106
U01637,U02101,2026-01-01,0.66,53
U00427,U01638,2023-08-27,0.97,131
U00345,U01638,2025-11-29,0.86,30
U01301,U01638,2024-04-05,0.52,44
U01638,U02035,2026-04-01,0.36,81
U00325,U01638,2024-03-08,0.59,143
U01638,U01680,2025-04-08,0.4,38
U00971,U01639,2025-11-30,0.96,135
U00205,U01639,2025-01-21,0.63,32
U01639,U02124,2025-08-29,0.76,45
U01342,U01640,2026-03-04,0.49,81
U00272,U01640,2023-08-07,0.84,117
U01099,U01640,2025-08-26,0.85,10
U01151,U01640,2024-04-16,0.11,136
U01640,U02181,2024-06-04,0.97,51
U01603,U01640,2025-04-11,0.16,61
U00818,U01641,2024-12-31,0.45,100
U01281,U01641,2024-02-14,0.56,159
U01036,U01641,2024-12-09,0.69,119
U01641,U02016,2023-09-21,0.25,38
U01170,U01642,2025-08-11,0.52,112
U00480,U01642,2023-10-15,0.12,63
U00738,U01642,2024-10-10,0.8,11
U01356,U01642,2024-09-07,0.18,190
U00212,U01643,2025-04-01,0.11,33
U01643,U01985,2024-01-21,0.71,116
U01250,U01643,2025-12-17,0.9,37
U01064,U01644,2025-12-08,0.81,151
U01247,U01644,2025-08-23,0.42,2
U01645,U02119,2024-05-25,0.2,9
U01645,U01761,2024-12-19,0.78,161
U01646,U01857,2025-04-06,0.2,107
U00379,U01646,2023-11-15,0.91,160
U00582,U01646,2023-05-23,0.42,16
U01132,U01646,2023-10-26,0.11,42
U00224,U01647,2026-04-06,0.63,192
U01291,U01647,2025-08-09,0.42,8
U00031,U01647,2024-04-18,0.61,195
U00009,U01647,2024-11-27,0.99,184
U00345,U01647,2025-08-28,0.68,26
U00768,U01648,2024-08-19,0.59,26
U01223,U01648,2023-06-14,0.22,80
U01060,U01648,2023-09-15,0.88,19
U01343,U01649,2025-08-19,0.53,148
U01649,U02049,2025-02-14,0.38,81
U01290,U01649,2025-12-21,0.86,18
U00825,U01649,2025-10-10,0.86,153
U01557,U01649,2024-06-25,0.88,176
U00645,U01649,2025-06-11,0.76,102
U00650,U01649,2025-12-02,0.27,8
U01307,U01649,2025-11-29,0.78,127
U01356,U01650,2024-08-08,0.44,194
U00575,U01650,2026-03-24,0.76,61
U00242,U01650,2023-06-29,0.45,64
U01650,U01657,2024-04-17,0.17,120
U01650,U01820,2025-08-01,0.92,41
U00172,U01650,2024-04-08,0.11,194
U00178,U01651,2023-11-23,0.7,167
U01306,U01651,2024-08-20,0.98,60
U00926,U01651,2025-08-28,0.57,46
U01651,U01711,2023-05-19,0.74,151
U01651,U01989,2025-01-20,0.52,58
U01652,U01931,2025-08-26,0.37,148
U01077,U01652,2025-06-22,0.75,78
U01359,U01652,2024-07-05,0.33,171
U01183,U01652,2026-04-21,0.7,65
U00465,U01652,2024-07-20,0.92,144
U00970,U01652,2024-04-05,0.71,64
U01652,U01824,2023-08-03,0.58,4
U01627,U01653,2025-05-10,0.61,75
U00850,U01653,2024-10-30,0.34,184
U00654,U01653,2023-10-28,0.84,144
U01653,U02127,2025-01-03,0.4,108
U01107,U01653,2024-07-12,0.71,18
U00004,U01653,2026-04-01,0.76,37
U01253,U01653,2025-08-30,0.38,119
U01654,U02067,2025-06-10,0.6,49
U00905,U01654,2024-01-14,0.13,4
U00528,U01655,2025-03-18,0.27,45
U01655,U02156,2026-03-30,0.79,46
U01655,U01971,2025-01-09,0.9,131
U00683,U01656,2023-06-01,0.38,85
U01656,U01744,2025-01-12,0.85,103
U01656,U01843,2025-07-15,0.84,1
U01585,U01656,2025-08-14,0.96,92
U01133,U01657,2023-08-16,0.78,114
U01111,U01657,2024-08-29,0.84,99
U00917,U01657,2023-06-27,0.91,55
U01260,U01657,2024-06-05,0.18,103
U00834,U01657,2026-01-01,0.1,137
U01592,U01657,2025-05-27,0.41,155
U00788,U01657,2026-04-26,0.87,93
U01658,U02163,2023-05-25,0.7,40
U00262,U01658,2026-02-25,0.95,47
U01132,U01659,2025-01-09,0.45,6
U01326,U01659,2024-02-29,0.15,117
U01659,U02097,2025-03-28,0.75,68
U01515,U01659,2023-12-31,0.45,137
U00635,U01659,2025-05-11,0.2,50
U00639,U01659,2026-01-03,0.16,152
U00781,U01659,2024-07-18,0.92,117
U01660,U01725,2025-01-20,0.4,61
U01077,U01660,2025-10-19,0.95,57
U01410,U01660,2024-12-16,0.95,148
U00779,U01660,2025-07-26,0.86,19
U01370,U01661,2026-01-09,0.16,86
U00584,U01661,2025-06-04,0.11,42
U00606,U01661,2025-03-12,0.49,11
U01478,U01661,2024-02-06,0.51,194
U01414,U01662,2025-04-06,0.68,189
U00834,U01662,2023-10-12,0.3,64
U01042,U01662,2023-06-21,0.17,113
U01445,U01662,2024-05-11,0.97,153
U01662,U01910,2024-01-15,0.87,9
U00772,U01662,2024-12-18,0.53,112
U00458,U01663,2026-04-12,0.22,74
U00024,U01663,2023-09-12,0.4,189
U01664,U02119,2025-08-23,0.48,137
U00282,U01664,2024-11-15,0.52,100
U01664,U02175,2025-05-10,0.63,200
U01664,U01675,2024-04-28,0.7,197
U00306,U01665,2026-03-13,0.71,106
U01035,U01665,2024-11-19,0.91,93
U01483,U01665,2025-05-11,0.83,97
U00253,U01666,2024-10-14,0.57,145
U00602,U01666,2025-12-12,0.51,38
U01628,U01666,2025-10-05,0.25,195
U00492,U01666,2024-04-21,0.86,55
U01243,U01666,2023-06-19,0.17,170
U00848,U01666,2025-03-28,0.57,165
U00502,U01666,2024-01-09,0.49,160
U01666,U02072,2025-08-02,0.59,40
U00164,U01667,2025-09-06,0.52,192
U01667,U01807,2024-05-01,0.5,42
U01667,U02037,2023-05-03,0.92,197
U00330,U01667,2025-04-10,0.9,80
U01668,U02095,2025-04-27,0.15,110
U00448,U01668,2023-10-30,0.56,58
U01242,U01668,2026-03-01,0.23,190
U01668,U01769,2026-04-12,0.73,187
U00092,U01669,2025-12-03,0.23,144
U01586,U01669,2026-01-15,0.92,17
U00393,U01669,2024-02-25,0.58,53
U00158,U01669,2025-10-17,0.28,179
U00407,U01669,2023-12-26,0.63,24
U01391,U01669,2024-10-19,0.13,200
U01329,U01670,2023-06-23,0.25,104
U01035,U01670,2025-07-27,0.31,200
U00102,U01670,2026-03-14,0.55,66
U01670,U01864,2024-12-22,0.63,127
U00252,U01670,2023-12-06,0.76,67
U01670,U01906,2025-06-02,0.55,104
U01670,U01735,2025-10-31,0.12,186
U01013,U01670,2024-05-20,0.7,136
U01671,U01733,2024-03-21,0.37,166
U01251,U01671,2024-10-16,0.77,173
U00676,U01672,2024-08-30,0.61,1
U00281,U01672,2025-08-02,0.9,104
U01672,U01778,2025-01-13,0.34,185
U00305,U01672,2024-06-25,0.11,143
U00880,U01672,2025-08-31,0.61,26
U01398,U01673,2023-12-27,0.42,179
U01314,U01673,2023-08-20,0.65,173
U01673,U01718,2025-12-06,0.88,20
U01646,U01673,2025-08-14,0.96,15
U00607,U01673,2024-09-06,0.79,46
U00356,U01673,2023-09-25,0.58,175
U01647,U01674,2023-05-23,0.4,135
U00463,U01674,2024-11-06,0.74,128
U00927,U01674,2025-05-18,0.55,121
U01135,U01674,2025-12-18,0.98,100
U00078,U01674,2023-08-21,0.74,47
U00599,U01675,2024-07-10,0.93,82
U01377,U01675,2024-02-09,0.64,96
U00059,U01675,2024-11-22,0.75,188
U01279,U01675,2025-04-25,0.41,198
U01675,U01910,2025-06-11,0.89,33
U01425,U01675,2025-12-29,0.75,59
U00428,U01675,2026-04-02,0.75,67
U00936,U01675,2024-10-16,0.85,192
U00496,U01676,2023-06-05,0.86,102
U01501,U01676,2024-10-29,0.11,181
U01142,U01676,2025-02-07,0.54,148
U01403,U01677,2025-03-14,0.97,89
U01185,U01677,2024-12-02,0.45,88
U00102,U01677,2024-07-05,0.81,58
U01677,U02145,2024-04-23,0.35,185
U01291,U01677,2023-12-31,0.49,77
U00497,U01677,2026-01-27,0.68,193
U00458,U01678,2023-08-10,0.97,30
U01318,U01678,2023-10-30,0.7,109
U01678,U01991,2026-01-20,0.42,89
U00936,U01678,2023-09-10,0.87,20
U01168,U01678,2025-06-02,0.81,151
U00949,U01679,2025-08-07,0.62,116
U01636,U01679,2024-03-03,0.26,15
U01383,U01680,2025-07-14,0.76,119
U01384,U01680,2024-11-30,0.64,136
U00871,U01680,2023-08-02,0.62,200
U00398,U01680,2024-07-14,0.35,157
U00805,U01680,2023-11-18,0.48,174
U01168,U01680,2026-01-28,0.65,134
U01681,U01712,2023-05-12,0.31,196
U01681,U02162,2024-05-09,0.6,120
U00542,U01681,2023-06-03,0.28,149
U01433,U01681,2024-12-17,0.12,187
U00422,U01681,2026-02-22,0.29,142
U00125,U01682,2023-09-04,0.16,60
U01584,U01682,2023-12-06,0.65,184
U01539,U01682,2024-12-07,0.77,22
U00771,U01682,2023-08-24,0.74,32
U01264,U01682,2025-06-18,0.94,43
U00177,U01682,2024-04-13,0.76,72
U01682,U02078,2024-11-16,0.16,184
U01635,U01682,2025-06-26,0.54,96
U01591,U01683,2026-04-22,0.23,81
U00079,U01683,2024-08-10,0.25,104
U01683,U01852,2026-01-05,0.88,110
U01327,U01683,2026-04-08,0.86,126
U01683,U02161,2024-02-17,0.16,162
U01683,U02003,2024-07-31,0.33,47
U01491,U01684,2026-02-15,0.71,64
U01582,U01684,2024-05-18,0.11,147
U00811,U01684,2024-10-31,0.78,121
U01684,U01795,2024-11-21,0.41,26
U00271,U01684,2025-05-11,0.92,57
U01279,U01685,2024-01-23,0.13,7
U01276,U01685,2023-12-07,0.79,76
U01081,U01685,2024-01-02,0.39,101
U00289,U01685,2025-10-23,0.66,193
U00967,U01686,2024-03-25,0.7,33
U00742,U01686,2023-07-28,0.32,125
U00294,U01686,2023-11-19,0.4,157
U01096,U01686,2024-01-01,0.82,78
U01325,U01686,2024-09-12,0.53,39
U00554,U01687,2023-05-29,0.7,75
U00176,U01687,2023-09-12,0.4,178
U01687,U02090,2025-05-11,0.82,117
U01323,U01687,2025-08-25,0.7,142
U01167,U01687,2026-02-14,0.86,130
U01157,U01687,2025-08-01,0.42,174
U00929,U01687,2024-09-27,0.34,52
U01687,U02150,2025-05-05,0.26,155
U01688,U02176,2023-11-19,0.39,125
U01688,U02028,2026-03-01,0.28,152
U01688,U01757,2025-01-20,0.31,67
U00973,U01689,2026-04-02,0.21,180
U00334,U01689,2025-03-10,0.12,67
U01256,U01689,2025-01-10,0.77,75
U01689,U02156,2025-10-11,0.94,22
U00548,U01689,2025-01-21,0.42,73
U01690,U01764,2024-08-09,0.93,148
U00204,U01690,2026-03-06,0.92,43
U01074,U01690,2025-12-10,0.42,41
U01690,U02188,2024-09-20,0.51,2
U01320,U01690,2024-01-12,0.65,21
U00118,U01690,2025-11-01,0.75,1
U01425,U01691,2024-09-26,0.79,133
U01654,U01691,2024-12-09,0.75,146
U00252,U01691,2025-05-24,0.41,39
U00519,U01691,2024-06-02,0.14,81
U00023,U01691,2025-08-22,0.91,37
U01544,U01691,2024-03-04,0.2,95
U00089,U01691,2024-08-06,0.37,183
U01472,U01692,2024-01-28,0.84,187
U01692,U02038,2023-10-18,0.43,61
U01263,U01692,2024-04-20,0.84,14
U01692,U01771,2024-10-15,0.73,166
U00028,U01692,2023-08-06,0.47,17
U01386,U01692,2024-09-19,0.31,102
U00105,U01692,2024-03-04,0.24,113
U01674,U01693,2026-01-24,0.86,83
U00266,U01693,2024-10-16,0.15,179
U00607,U01694,2025-10-04,0.66,117
U01524,U01694,2025-07-01,0.12,97
U00713,U01694,2024-02-23,0.27,167
U01694,U01711,2023-05-29,0.76,45
U01412,U01695,2024-06-15,0.14,64
U01695,U02141,2023-08-25,0.35,150
U00305,U01695,2024-11-17,0.5,4
U00720,U01696,2025-10-25,0.78,97
U01059,U01696,2024-05-25,0.61,56
U01696,U01726,2024-01-06,0.45,87
U00569,U01696,2024-03-21,0.31,177
U01147,U01697,2024-09-30,0.52,40
U00985,U01697,2024-01-13,0.19,102
U01697,U01893,2025-04-17,0.84,185
U00126,U01697,2025-03-15,0.17,97
U01212,U01697,2023-07-19,0.52,179
U00304,U01697,2025-08-25,0.85,78
U00828,U01697,2024-08-19,0.62,22
U00131,U01697,2023-10-06,0.82,69
U01351,U01698,2023-07-15,0.16,157
U01682,U01698,2023-07-05,0.46,173
U01698,U01982,2025-09-10,0.31,177
U00967,U01698,2023-06-24,0.96,65
U01676,U01698,2024-09-10,0.15,2
U01587,U01698,2024-09-16,0.46,6
U01294,U01698,2025-06-21,0.96,121
U01543,U01699,2024-06-23,0.5,148
U00374,U01699,2025-07-22,0.57,170
U01490,U01699,2023-09-30,0.91,196
U00391,U01699,2026-03-19,0.94,152
U00704,U01699,2025-05-29,0.66,193
U01213,U01699,2023-06-08,0.28,133
U00153,U01700,2026-02-03,0.48,108
U01105,U01700,2024-08-24,0.2,93
U01700,U01922,2024-10-17,0.57,130
U01109,U01700,2026-04-17,0.69,85
U01701,U01732,2023-08-09,0.86,16
U01701,U01874,2026-04-20,0.33,199
U00910,U01701,2025-09-26,0.3,1
U00598,U01701,2025-04-20,0.6,55
U01325,U01701,2023-12-20,0.2,112
U00786,U01702,2025-03-26,0.67,74
U01702,U01826,2023-11-27,0.65,99
U01042,U01702,2023-11-13,0.27,7
U01702,U02042,2023-08-25,0.9,198
U01115,U01702,2024-01-17,0.4,104
U01120,U01702,2025-05-02,0.27,9
U00254,U01702,2023-07-17,0.36,148
U00742,U01702,2024-04-09,0.78,61
U00351,U01703,2025-07-08,0.53,182
U00904,U01703,2023-11-09,0.58,90
U01263,U01703,2025-04-28,0.43,182
U00694,U01703,2024-06-24,0.57,44
U01192,U01703,2024-03-19,0.66,109
U00461,U01704,2025-03-10,0.84,22
U01704,U01838,2025-10-04,0.65,200
U00941,U01704,2026-01-03,0.86,189
U00560,U01704,2025-01-13,0.29,199
U00491,U01704,2024-09-09,0.33,119
U01705,U02082,2026-01-19,0.8,27
U01620,U01705,2023-09-17,0.74,77
U00538,U01705,2025-10-27,0.34,140
U01281,U01705,2023-12-19,0.97,91
U01706,U01946,2024-12-27,0.79,16
U00164,U01706,2023-05-05,0.5,94
U01707,U02172,2023-09-18,0.5,160
U01229,U01707,2025-11-21,0.33,47
U01664,U01707,2025-02-20,0.38,8
U01466,U01707,2025-07-18,0.33,186
U00317,U01707,2023-07-16,0.32,83
U01021,U01707,2024-12-21,0.33,67
U01708,U02193,2024-05-18,0.24,30
U00697,U01708,2025-07-15,0.53,194
U00695,U01708,2025-06-07,0.69,91
U01708,U02060,2024-08-09,0.3,70
U00756,U01708,2025-01-17,0.27,140
U01271,U01708,2025-02-26,0.62,90
U01708,U02010,2023-06-18,0.7,143
U00003,U01708,2025-10-04,0.63,92
U00412,U01709,2024-08-24,0.88,10
U00036,U01709,2025-05-21,0.75,78
U01709,U01935,2024-05-01,0.37,129
U00363,U01709,2024-02-08,0.89,104
U00188,U01709,2024-01-11,0.11,134
U01709,U01934,2023-08-24,0.53,114
U00406,U01710,2024-12-12,0.63,53
U00651,U01710,2024-03-26,0.69,176
U00990,U01711,2024-12-17,0.85,169
U00015,U01711,2025-01-16,0.6,163
U01576,U01712,2023-08-14,0.75,131
U00247,U01712,2025-04-29,0.31,125
U01712,U02111,2025-11-05,0.64,169
U00710,U01712,2023-11-12,0.6,140
U01712,U01743,2023-11-21,0.96,165
U00190,U01713,2023-07-29,0.13,180
U00818,U01713,2023-07-20,0.37,185
U00505,U01713,2025-07-31,0.82,167
U01455,U01713,2024-11-14,0.96,184
U00301,U01713,2025-09-12,0.36,57
U00472,U01713,2025-06-14,0.18,118
U01549,U01713,2025-10-10,0.93,93
U01028,U01714,2024-10-11,0.39,3
U00811,U01714,2025-04-07,0.86,33
U01702,U01715,2023-12-28,0.56,102
U01715,U01970,2026-04-25,0.67,76
U01135,U01715,2025-08-28,0.12,183
U00562,U01715,2025-06-22,0.93,200
U01624,U01715,2023-08-31,0.91,91
U01715,U01718,2024-04-07,0.94,89
U00314,U01715,2025-01-19,0.3,21
U01013,U01716,2023-08-03,0.68,73
U00534,U01716,2023-10-07,0.24,134
U00810,U01716,2025-12-20,0.47,188
U00626,U01716,2025-06-07,0.19,22
U01262,U01716,2023-05-15,0.37,34
U01473,U01716,2025-10-04,0.65,140
U01424,U01717,2024-09-19,0.18,2
U01093,U01717,2025-09-19,0.25,27
U00944,U01718,2025-01-08,0.76,186
U00879,U01718,2026-03-01,0.96,78
U00622,U01718,2024-10-22,0.72,166
U01183,U01719,2025-08-29,0.74,45
U00323,U01719,2023-05-12,0.6,159
U01602,U01719,2025-07-18,0.98,163
U01719,U02136,2023-10-28,0.58,17
U01190,U01719,2024-07-17,0.67,170
U01446,U01719,2024-07-05,0.5,38
U00352,U01719,2023-07-10,0.22,166
U00199,U01720,2025-03-26,0.68,118
U00970,U01720,2023-09-09,0.22,37
U01177,U01720,2024-02-26,0.2,89
U00178,U01721,2025-10-08,0.33,58
U00295,U01721,2024-06-20,0.27,67
U01468,U01721,2025-05-28,0.88,126
U01063,U01722,2025-11-28,0.39,117
U01178,U01722,2024-10-04,0.31,13
U00517,U01722,2024-01-23,0.53,27
U01722,U01723,2025-04-27,0.39,190
U01287,U01723,2025-03-22,0.29,2
U01410,U01723,2025-07-19,0.45,12
U01724,U01920,2024-05-22,0.52,27
U01129,U01724,2025-09-03,0.94,33
U01458,U01724,2025-06-16,0.25,104
U01473,U01724,2025-07-16,0.62,182
U01052,U01724,2024-11-13,0.25,173
U00832,U01725,2026-04-26,0.36,30
U01725,U02058,2024-02-13,0.88,132
U00069,U01725,2025-10-04,0.54,31
U00728,U01725,2025-06-19,0.24,196
U00212,U01725,2024-08-27,0.53,161
U01443,U01726,2024-07-26,0.61,147
U01188,U01726,2025-11-19,0.64,29
U01727,U01814,2024-11-25,0.18,142
U01453,U01727,2024-04-04,0.13,44
U00824,U01727,2024-10-10,0.57,184
U01446,U01727,2024-11-24,0.41,107
U01181,U01727,2026-04-15,0.11,49
U01727,U01853,2024-09-24,0.51,98
U01596,U01727,2026-04-29,0.71,158
U00108,U01728,2024-10-22,0.43,99
U01072,U01728,2025-05-09,0.94,99
U01027,U01728,2026-03-24,0.82,93
U00834,U01728,2024-01-08,0.51,52
U01642,U01728,2024-07-15,0.62,162
U01728,U02004,2024-07-03,0.27,153
U01728,U01751,2025-01-26,0.67,118
U00262,U01729,2025-01-29,0.44,166
U01237,U01729,2023-09-29,0.98,149
U01310,U01729,2025-10-27,0.73,134
U01730,U01965,2026-04-17,0.46,56
U01730,U02097,2024-01-02,0.71,38
U01158,U01730,2024-02-23,0.37,71
U01177,U01730,2024-07-11,0.71,183
U01730,U02121,2025-06-06,0.98,100
U01730,U01873,2024-02-11,0.23,93
U01730,U02089,2025-06-22,0.59,74
U01468,U01731,2025-02-22,0.73,199
U01122,U01731,2025-10-13,0.12,63
U01685,U01732,2025-04-09,0.71,29
U00914,U01732,2025-10-17,0.12,25
U01655,U01732,2024-05-13,0.11,130
U00510,U01733,2025-01-14,0.86,110
U00502,U01733,2023-06-19,0.55,114
U01468,U01734,2023-07-15,0.5,126
U01734,U02142,2024-01-30,0.55,126
U01054,U01734,2024-02-28,0.96,26
U00282,U01735,2024-06-04,0.26,110
U01735,U02089,2023-08-18,0.86,96
U01678,U01735,2025-10-25,0.26,130
U01682,U01735,2026-02-13,0.54,112
U00023,U01735,2023-08-19,0.44,122
U01735,U01794,2024-03-25,0.81,56
U00026,U01736,2025-01-25,0.79,67
U00923,U01736,2025-05-19,0.64,188
U01007,U01736,2025-12-22,0.44,132
U00849,U01736,2026-02-23,0.13,112
U00592,U01737,2024-12-18,0.84,150
U00279,U01737,2025-09-29,0.57,140
U01737,U02139,2025-09-19,0.12,6
U00598,U01737,2024-01-25,0.97,69
U01738,U02178,2023-10-17,0.37,146
U00728,U01738,2023-05-16,0.12,143
U00233,U01738,2024-08-18,0.73,39
U00275,U01738,2024-01-03,0.64,82
U00004,U01738,2026-03-22,0.66,65
U00054,U01738,2023-12-31,0.29,1
U00839,U01739,2023-07-07,0.46,102
U01739,U01894,2023-07-02,0.5,19
U00680,U01739,2023-09-04,0.98,182
U01739,U01802,2024-11-23,0.15,155
U00470,U01740,2026-01-12,0.51,173
U00342,U01740,2025-08-28,0.2,166
U00018,U01740,2024-04-01,0.6,161
U01293,U01740,2023-12-24,0.23,39
U01215,U01740,2026-01-03,0.8,84
U00361,U01741,2025-02-15,0.29,45
U00220,U01741,2025-11-24,0.72,116
U00686,U01741,2026-01-16,0.87,133
U01308,U01741,2023-06-08,0.83,38
U01287,U01742,2026-04-05,0.71,84
U00916,U01742,2023-12-05,0.23,185
U01481,U01742,2025-04-23,0.82,107
U01292,U01742,2023-07-24,0.76,125
U01743,U01921,2025-02-19,0.91,175
U01743,U02083,2025-11-29,0.46,168
U01743,U02179,2026-05-02,0.13,22
U00624,U01743,2025-01-08,0.68,165
U01743,U02126,2024-08-02,0.3,56
U01499,U01743,2026-01-06,0.67,43
U01285,U01744,2025-11-07,1.0,172
U00046,U01744,2024-11-04,0.3,21
U00019,U01744,2025-05-26,0.17,184
U00766,U01744,2025-06-20,0.97,82
U00579,U01744,2024-02-08,0.59,154
U01744,U01876,2025-09-07,0.77,22
U01028,U01745,2026-02-12,0.18,63
U00218,U01745,2026-02-17,0.9,194
U00106,U01745,2023-06-10,0.31,48
U01746,U01764,2026-04-14,0.18,162
U01166,U01746,2025-11-18,0.43,118
U01746,U01932,2024-02-01,0.69,113
U00621,U01746,2025-12-13,0.15,79
U00105,U01746,2025-02-20,0.93,76
U00974,U01746,2024-08-11,0.71,3
U01323,U01747,2025-07-03,0.84,47
U01747,U02096,2025-04-11,0.94,106
U00084,U01747,2025-10-07,0.47,84
U00214,U01747,2024-12-21,0.66,91
U00238,U01747,2025-07-07,0.99,94
U00771,U01747,2025-03-09,0.82,38
U01747,U02010,2025-12-11,0.53,4
U00038,U01748,2023-10-06,0.53,47
U01748,U01950,2024-02-28,0.57,114
U01583,U01748,2024-04-01,0.13,13
U01306,U01748,2025-08-02,0.27,165
U01326,U01749,2023-12-09,0.58,94
U01513,U01749,2024-07-29,0.85,73
U00776,U01749,2023-12-06,0.7,118
U00088,U01749,2026-01-10,0.21,96
U00337,U01749,2025-09-14,0.72,90
U00424,U01749,2025-09-24,0.22,106
U01712,U01750,2025-05-15,0.2,69
U00126,U01750,2023-05-17,0.54,99
U00913,U01750,2023-05-30,0.36,112
U00827,U01750,2024-08-28,0.57,30
U00558,U01751,2025-06-22,0.88,133
U01581,U01751,2025-07-04,0.58,195
U01189,U01752,2023-12-07,0.78,50
U01319,U01752,2025-08-13,0.25,59
U00502,U01752,2024-07-13,0.64,42
U00313,U01752,2024-02-17,0.99,79
U01015,U01752,2024-05-10,0.4,157
U01753,U02066,2024-07-26,0.73,134
U00523,U01753,2023-10-31,0.22,131
U01753,U02015,2025-02-12,0.15,164
U01112,U01753,2025-12-31,0.65,75
U00593,U01753,2024-03-02,0.27,53
U01056,U01753,2025-05-12,0.92,53
U01709,U01753,2025-10-18,0.56,200
U00051,U01753,2026-03-12,0.78,193
U00673,U01754,2025-03-18,0.54,59
U00290,U01754,2026-04-25,0.83,128
U00654,U01754,2025-09-09,0.11,95
U01754,U01956,2024-08-11,0.26,50
U00281,U01755,2023-11-02,0.15,154
U01216,U01755,2024-09-17,0.3,110
U00140,U01755,2023-05-31,0.51,139
U01755,U01770,2024-06-20,0.57,150
U00409,U01755,2025-09-01,0.69,101
U01338,U01755,2024-09-08,0.6,9
U01507,U01756,2025-09-15,0.1,60
U00068,U01756,2024-11-22,0.66,27
U00210,U01756,2026-03-01,0.35,98
U01363,U01757,2024-12-28,0.69,68
U00129,U01757,2024-12-31,0.91,95
U01757,U01826,2024-08-05,0.1,153
U00063,U01757,2025-10-04,0.57,44
U00557,U01757,2026-01-04,0.18,154
U01544,U01757,2023-05-13,0.95,49
U00117,U01758,2025-07-29,0.61,123
U01758,U01940,2025-02-18,0.6,69
U00200,U01758,2023-06-29,0.54,162
U01554,U01758,2024-01-29,0.12,196
U01654,U01758,2023-12-02,0.88,148
U00945,U01758,2024-08-02,0.41,56
U01238,U01758,2023-12-26,0.58,183
U01682,U01758,2025-09-18,0.69,156
U01690,U01759,2023-10-22,0.97,63
U00835,U01759,2026-01-14,0.6,18
U01285,U01759,2025-06-07,0.99,107
U01307,U01759,2025-12-30,0.36,22
U00904,U01759,2026-05-02,0.33,133
U00617,U01759,2024-12-25,0.97,161
U01177,U01760,2025-07-08,0.84,54
U01074,U01760,2024-03-27,0.71,73
U00516,U01760,2026-02-27,0.55,92
U01760,U01924,2025-03-18,0.8,125
U00756,U01760,2025-07-27,0.75,78
U01017,U01760,2023-08-14,0.86,48
U01610,U01760,2025-11-26,0.6,147
U01129,U01761,2024-05-09,0.14,81
U00925,U01761,2025-03-08,0.59,130
U00204,U01761,2023-11-08,0.7,59
U01762,U01839,2025-08-19,0.27,190
U01762,U01850,2026-02-15,0.31,198
U01762,U01995,2025-12-17,0.42,23
U01455,U01762,2025-12-06,0.92,95
U00922,U01763,2024-03-04,0.59,39
U00723,U01763,2025-05-10,0.33,100
U00655,U01763,2023-12-17,0.66,67
U00996,U01763,2024-09-04,0.81,117
U01093,U01763,2025-01-21,0.58,35
U00290,U01763,2026-03-02,0.14,172
U01764,U02058,2024-06-10,0.23,68
U01182,U01764,2023-08-08,0.31,54
U00424,U01764,2024-12-28,0.14,123
U01509,U01764,2025-08-25,0.8,130
U01034,U01764,2026-02-21,0.77,84
U01610,U01764,2025-07-30,0.73,170
U00488,U01765,2024-10-08,0.3,140
U00544,U01765,2025-03-26,0.8,12
U00025,U01765,2024-05-21,0.59,162
U00873,U01765,2024-08-27,0.69,69
U01115,U01765,2025-05-25,0.8,68
U00346,U01765,2026-04-15,0.68,97
U01693,U01765,2025-05-28,0.98,99
U01766,U02136,2025-01-25,0.76,1
U00374,U01766,2026-04-28,0.34,130
U01532,U01766,2024-02-18,0.73,123
U01164,U01766,2026-04-06,0.19,128
U01019,U01767,2024-01-18,0.62,45
U00101,U01767,2024-11-03,0.21,27
U01325,U01767,2025-06-20,0.68,5
U00135,U01767,2026-04-01,0.66,87
U01380,U01767,2024-02-21,0.14,200
U00368,U01767,2026-03-23,0.46,183
U01576,U01768,2025-08-23,0.9,113
U01622,U01768,2024-01-01,0.6,137
U01768,U01818,2024-04-30,0.88,179
U00634,U01768,2024-12-26,0.78,35
U01768,U02177,2023-07-31,0.84,168
U00485,U01768,2025-07-26,0.61,178
U01769,U02129,2025-05-08,0.82,199
U01769,U02151,2024-06-14,0.69,69
U01282,U01769,2023-09-17,0.4,17
U00304,U01769,2026-04-16,0.83,148
U01769,U01928,2024-09-27,0.4,165
U01770,U01796,2024-08-05,0.71,123
U00044,U01770,2025-10-21,0.13,52
U01155,U01770,2026-04-18,0.61,185
U01247,U01770,2024-07-14,0.63,88
U00874,U01770,2025-02-10,0.41,30
U01770,U01861,2023-08-20,0.39,61
U01771,U01829,2026-01-11,0.92,56
U01525,U01771,2024-08-27,0.19,73
U01499,U01771,2025-08-01,0.43,60
U01609,U01771,2025-09-12,0.12,89
U01072,U01771,2026-03-25,0.37,155
U01210,U01771,2023-10-11,0.24,181
U00185,U01771,2024-06-30,0.31,12
U01771,U01900,2025-05-13,0.66,43
U01772,U02100,2025-12-03,0.17,186
U00569,U01772,2025-01-24,0.36,58
U01772,U01861,2025-07-16,0.12,154
U01235,U01772,2025-10-10,0.68,38
U01772,U02162,2025-03-12,0.67,102
U00825,U01773,2024-05-04,0.94,39
U01236,U01773,2026-01-21,0.83,43
U00394,U01773,2024-02-13,0.61,146
U01113,U01773,2024-11-12,0.69,18
U00214,U01773,2025-03-07,0.12,137
U00611,U01773,2025-04-11,0.87,174
U00855,U01774,2023-06-10,0.17,38
U01409,U01774,2025-11-02,0.38,148
U00716,U01774,2025-03-07,0.13,24
U01518,U01774,2023-06-22,0.26,19
U01102,U01775,2024-02-26,0.85,159
U01754,U01775,2025-01-13,0.33,139
U01670,U01775,2025-03-06,0.86,100
U00513,U01775,2023-11-11,0.36,25
U01775,U02164,2025-02-13,0.77,107
U00871,U01775,2024-06-23,0.73,197
U01208,U01775,2025-04-27,0.95,55
U00634,U01776,2023-08-15,0.89,103
U01776,U02186,2023-11-16,0.27,121
U01776,U02050,2025-06-05,0.96,113
U00319,U01776,2024-11-21,0.35,180
U01776,U02160,2024-05-30,0.43,90
U00257,U01776,2024-12-05,0.62,175
U00298,U01776,2024-08-19,0.21,86
U00744,U01776,2025-04-25,0.84,26
U00773,U01777,2023-06-19,0.48,120
U01387,U01777,2023-05-25,0.24,147
U00637,U01777,2024-10-11,0.62,176
U01777,U01778,2023-09-08,0.78,168
U01725,U01777,2024-06-10,0.48,84
U01420,U01777,2025-05-14,0.57,42
U00221,U01778,2024-05-12,0.34,29
U01778,U01822,2025-07-05,0.16,152
U01778,U01823,2024-06-11,0.4,165
U01447,U01778,2023-12-10,0.26,56
U00322,U01779,2025-07-09,0.47,24
U01779,U02083,2025-02-07,0.97,23
U01779,U02185,2024-07-21,0.72,27
U00717,U01779,2024-06-02,0.55,78
U01118,U01779,2024-09-15,0.78,40
U01085,U01779,2023-12-31,0.77,188
U01204,U01779,2023-07-24,0.77,72
U01616,U01779,2026-02-11,0.47,29
U01207,U01780,2025-03-08,0.92,182
U00849,U01780,2025-03-31,0.49,47
U01645,U01780,2024-04-15,0.79,90
U00426,U01780,2024-08-31,0.31,32
U01483,U01780,2023-05-03,0.73,180
U01132,U01781,2023-11-26,0.11,6
U01364,U01781,2025-08-14,0.1,16
U00871,U01781,2025-08-22,0.93,107
U01222,U01782,2024-11-08,0.47,134
U01782,U01910,2025-03-07,0.34,149
U01306,U01782,2024-10-10,0.49,21
U00263,U01782,2024-11-17,0.8,169
U00045,U01782,2025-09-09,0.94,200
U00344,U01783,2025-05-09,0.47,42
U01610,U01783,2024-01-03,0.64,6
U00435,U01783,2024-03-10,0.5,89
U01784,U02193,2023-10-24,0.47,111
U01784,U02056,2025-07-29,0.39,179
U01609,U01784,2025-08-29,0.31,82
U00116,U01784,2026-02-10,0.97,114
U01784,U01917,2025-01-30,0.79,131
U00430,U01784,2023-10-19,0.59,104
U01784,U01825,2026-01-11,0.2,46
U01784,U01987,2024-01-26,0.77,72
U01078,U01785,2024-06-12,0.97,190
U00476,U01785,2023-05-15,0.95,52
U00876,U01785,2024-07-19,0.49,78
U00620,U01785,2023-07-20,0.69,13
U01523,U01785,2024-07-16,0.9,29
U01785,U02039,2023-11-09,0.26,93
U00323,U01785,2025-08-30,0.65,37
U00122,U01785,2026-03-11,0.5,54
U00010,U01786,2025-10-12,0.9,182
U00319,U01786,2024-05-10,0.56,27
U00442,U01786,2026-03-24,0.75,68
U01548,U01786,2024-12-21,0.33,126
U00370,U01786,2024-12-22,0.98,148
U01620,U01786,2024-05-10,0.44,23
U01786,U02060,2024-09-30,0.51,23
U00518,U01786,2023-08-15,0.22,97
U01723,U01787,2025-09-06,0.29,59
U00393,U01787,2026-04-17,0.78,192
U01228,U01788,2025-12-12,0.59,72
U01788,U01884,2024-10-05,0.17,107
U00094,U01789,2023-11-03,0.38,61
U01194,U01789,2025-05-26,0.54,5
U00795,U01789,2023-12-10,0.1,75
U01789,U01821,2026-02-28,0.76,18
U00644,U01789,2023-05-27,0.97,72
U01339,U01790,2025-09-29,0.41,147
U01152,U01790,2023-07-21,0.76,148
U01366,U01790,2025-08-27,0.81,24
U01790,U02043,2024-01-06,0.78,123
U01399,U01790,2023-12-27,0.68,77
U00662,U01790,2023-05-24,0.33,71
U00281,U01790,2025-04-24,0.6,198
U00481,U01791,2025-01-09,0.9,17
U00851,U01791,2023-12-17,0.17,37
U00367,U01791,2025-12-10,0.73,20
U01775,U01792,2023-11-09,0.19,166
U01600,U01792,2024-11-23,0.57,149
U01342,U01793,2024-05-26,0.42,51
U01735,U01793,2024-05-19,0.78,195
U00455,U01794,2025-10-31,0.93,189
U01525,U01794,2024-06-11,0.69,155
U00600,U01795,2024-11-29,0.37,73
U00734,U01795,2023-11-26,0.87,130
U00918,U01796,2026-04-28,0.53,155
U00967,U01796,2024-07-07,0.48,113
U01796,U01913,2025-01-15,0.58,136
U01574,U01796,2023-09-10,0.38,28
U00802,U01796,2026-03-28,0.88,104
U00920,U01796,2025-04-22,0.91,120
U00651,U01796,2025-02-03,0.46,58
U01796,U02183,2023-06-27,0.13,39
U00629,U01797,2025-06-05,0.44,23
U00657,U01797,2025-04-16,0.62,161
U00918,U01797,2025-05-25,0.86,187
U00015,U01798,2023-10-20,0.82,28
U00276,U01798,2023-08-11,0.73,7
U00684,U01798,2025-06-13,0.7,119
U00142,U01798,2025-11-21,0.2,43
U01323,U01798,2024-01-09,0.43,158
U00765,U01799,2025-03-08,0.68,91
U01799,U02128,2024-05-23,0.57,177
U00497,U01799,2025-12-16,0.71,169
U00559,U01799,2023-05-05,0.86,88
U01532,U01799,2023-11-02,0.89,47
U01534,U01799,2023-08-18,0.11,135
U00108,U01800,2023-08-14,0.19,42
U01661,U01800,2026-04-06,0.97,65
U00596,U01800,2025-10-14,0.23,153
U00493,U01800,2023-10-06,0.66,13
U00225,U01800,2023-12-16,0.77,131
U00658,U01800,2026-02-03,0.2,120
U01800,U01860,2024-05-02,0.29,145
U01397,U01801,2024-12-13,0.6,76
U01698,U01801,2024-12-15,0.15,118
U01532,U01802,2025-08-07,0.8,129
U01045,U01802,2023-09-09,0.37,47
U01729,U01803,2024-04-08,0.91,144
U00111,U01803,2025-06-14,0.26,181
U00257,U01803,2023-11-13,0.25,71
U01738,U01803,2025-10-12,0.41,176
U00161,U01803,2024-09-29,0.84,62
U00129,U01803,2025-10-16,0.8,27
U01803,U02083,2024-06-02,0.17,62
U01231,U01803,2024-12-26,0.44,75
U01092,U01804,2023-09-21,0.18,189
U00494,U01804,2024-01-05,0.63,39
U00617,U01804,2026-02-04,0.53,154
U01804,U02111,2024-04-29,0.15,66
U01804,U02197,2025-03-18,0.55,70
U00997,U01804,2024-03-29,0.56,91
U00745,U01804,2024-04-16,0.49,178
U00144,U01804,2024-08-23,0.76,109
U00569,U01805,2023-10-13,0.99,17
U01238,U01805,2023-10-08,0.65,3
U00025,U01805,2024-01-24,0.94,188
U00849,U01805,2024-01-21,0.44,72
U01112,U01806,2023-09-28,0.88,3
U01485,U01806,2024-05-04,0.11,92
U01405,U01806,2024-05-21,0.35,91
U01806,U01884,2025-02-16,0.88,109
U00005,U01806,2025-11-15,0.14,108
U01436,U01806,2025-02-14,0.54,198
U00083,U01806,2025-01-12,0.41,36
U01455,U01807,2026-02-17,0.44,76
U01807,U02058,2023-06-17,0.88,173
U00025,U01808,2024-07-01,0.5,159
U00652,U01808,2024-08-18,0.68,40
U00421,U01808,2025-12-29,0.11,128
U01298,U01808,2024-11-10,0.79,15
U01612,U01808,2025-09-24,0.49,191
U01138,U01808,2023-12-15,0.33,92
U01260,U01809,2025-07-31,0.17,95
U00615,U01809,2025-11-19,0.89,58
U00631,U01809,2025-07-21,0.89,151
U01258,U01809,2024-09-16,0.66,55
U00883,U01809,2024-01-21,0.46,80
U00942,U01810,2024-02-18,0.87,108
U00419,U01810,2025-09-29,0.71,119
U01810,U02106,2023-06-07,0.92,188
U00841,U01811,2024-12-28,0.13,46
U01627,U01811,2024-02-26,0.66,47
U00795,U01811,2023-06-22,0.17,28
U01095,U01811,2025-09-20,0.27,160
U00087,U01811,2025-10-26,0.23,192
U01811,U01971,2026-01-19,0.94,46
U01781,U01811,2023-09-03,0.14,163
U00099,U01811,2025-04-26,0.58,56
U01039,U01812,2025-01-21,0.94,73
U01594,U01812,2025-05-16,0.83,98
U01812,U02056,2026-01-21,0.69,131
U00365,U01812,2024-05-15,0.32,196
U00394,U01812,2024-11-29,0.72,131
U01351,U01812,2025-12-26,0.75,99
U01601,U01812,2024-03-05,0.57,146
U00644,U01813,2023-11-12,0.22,60
U01117,U01813,2024-09-01,0.41,125
U00991,U01813,2026-03-01,0.78,33
U01813,U02185,2026-02-16,0.44,116
U01796,U01813,2025-03-25,0.8,15
U00448,U01813,2023-08-04,0.23,63
U00531,U01813,2025-03-13,0.3,155
U00037,U01814,2026-03-21,0.26,176
U01426,U01814,2025-05-28,0.17,145
U01814,U02169,2026-03-15,0.88,182
U01453,U01814,2024-08-18,0.93,20
U01814,U02114,2026-01-01,0.84,91
U01814,U01916,2023-09-18,0.91,128
U01207,U01814,2025-12-07,0.43,72
U00678,U01814,2024-02-25,0.98,105
U00280,U01815,2025-05-03,0.89,185
U00255,U01815,2025-09-24,0.8,53
U00692,U01815,2025-10-28,0.58,87
U01399,U01815,2023-10-16,0.73,108
U01331,U01816,2024-12-12,0.38,126
U01316,U01816,2024-07-18,0.55,160
U00356,U01816,2025-06-05,0.12,86
U00648,U01816,2024-08-03,0.58,188
U00026,U01816,2025-11-11,0.23,33
U01124,U01816,2024-05-21,0.15,125
U01817,U01931,2023-09-17,0.83,64
U01817,U01988,2024-09-25,0.29,155
U01773,U01818,2025-10-17,0.38,46
U00378,U01818,2025-04-29,0.4,23
U01818,U01921,2023-08-22,0.7,66
U00294,U01818,2025-11-13,0.42,83
U00591,U01818,2025-10-09,0.75,27
U00419,U01818,2025-03-06,0.47,45
U01441,U01819,2025-09-09,0.44,5
U01669,U01819,2024-01-30,0.66,199
U01629,U01819,2026-01-19,0.95,77
U01310,U01819,2023-12-09,0.75,66
U01820,U02072,2023-05-27,0.29,34
U01491,U01820,2025-05-26,0.93,81
U00461,U01820,2023-06-30,0.14,5
U00898,U01820,2023-08-27,0.12,67
U01820,U02114,2024-10-14,0.79,71
U01820,U01968,2024-07-22,0.8,7
U00075,U01821,2025-03-08,0.26,117
U00807,U01821,2023-05-22,0.53,130
U01801,U01821,2024-04-06,0.97,60
U01550,U01821,2025-11-20,0.16,114
U01821,U01965,2025-02-14,0.74,77
U01395,U01822,2024-09-16,0.83,90
U01519,U01822,2024-08-05,0.68,12
U00688,U01822,2026-04-08,0.56,133
U00397,U01822,2023-09-27,0.33,141
U01103,U01822,2024-07-02,0.34,164
U00118,U01822,2023-06-13,0.68,102
U01685,U01822,2025-02-16,0.76,45
U00290,U01823,2026-03-06,0.61,68
U01823,U02037,2024-03-26,0.89,4
U01823,U02036,2024-05-06,0.78,178
U00004,U01823,2025-04-29,0.29,32
U01233,U01824,2025-04-27,0.35,171
U01535,U01824,2025-04-18,0.25,123
U01630,U01824,2026-03-01,0.14,53
U00892,U01825,2024-03-03,0.32,63
U00807,U01825,2026-03-04,0.96,111
U00838,U01825,2024-08-03,0.15,160
U01124,U01825,2024-04-11,0.41,22
U01284,U01826,2025-02-23,0.48,62
U00834,U01826,2025-04-30,0.65,189
U01554,U01826,2024-01-01,0.84,42
U01826,U02146,2024-08-18,0.49,9
U01826,U01840,2025-02-07,0.19,57
U01456,U01826,2024-06-30,0.86,184
U01111,U01826,2023-10-17,0.77,192
U00420,U01826,2025-11-17,0.17,138
U01827,U02147,2023-07-07,0.52,140
U00116,U01827,2025-10-28,0.26,92
U01337,U01828,2023-08-02,0.66,91
U01828,U02035,2025-10-24,0.44,87
U01828,U01898,2024-04-14,0.97,188
U01252,U01828,2026-01-08,0.44,177
U01469,U01828,2025-01-20,0.99,161
U00439,U01829,2025-04-13,0.69,108
U00106,U01829,2026-01-21,0.12,182
U01696,U01829,2024-08-19,0.82,16
U00353,U01829,2025-08-01,0.3,156
U01046,U01830,2025-10-26,0.76,172
U01830,U01882,2025-11-04,0.68,175
U01785,U01830,2023-09-25,0.45,44
U01830,U01988,2025-03-31,0.59,71
U01245,U01830,2024-02-28,0.81,163
U00946,U01830,2024-07-25,0.33,99
U01103,U01830,2024-05-28,0.38,68
U01390,U01831,2025-11-03,0.82,143
U00497,U01831,2024-07-24,0.75,170
U00363,U01831,2024-09-24,0.49,54
U01647,U01831,2025-05-22,0.81,66
U00860,U01832,2025-01-22,0.65,154
U01349,U01832,2024-01-24,0.79,173
U01264,U01832,2026-02-19,0.47,89
U00360,U01832,2023-06-14,0.13,148
U01131,U01833,2024-10-14,0.97,116
U01749,U01833,2023-08-24,0.49,8
U00885,U01834,2024-07-29,0.2,26
U00582,U01834,2025-04-27,0.27,2
U01274,U01834,2024-05-05,0.35,6
U00666,U01834,2023-09-13,0.37,103
U01606,U01834,2023-06-10,0.52,68
U00595,U01834,2025-01-25,0.75,88
U00953,U01835,2024-04-06,0.7,55
U01835,U02024,2025-04-11,0.68,39
U01836,U02104,2025-04-06,0.43,12
U00630,U01836,2025-08-17,0.87,39
U01196,U01836,2024-02-25,0.16,116
U01792,U01836,2023-10-02,0.51,163
U01836,U02034,2025-02-27,0.91,39
U01152,U01836,2025-04-11,0.2,102
U00292,U01836,2025-07-21,0.39,57
U00582,U01837,2023-11-12,0.87,159
U01837,U02099,2025-10-14,0.97,85
U00629,U01837,2024-11-13,0.7,141
U00307,U01838,2025-07-13,0.35,70
U01387,U01838,2025-11-16,0.91,177
U01817,U01838,2025-12-13,1.0,136
U01190,U01838,2025-08-25,0.36,48
U01532,U01839,2025-12-19,0.7,94
U01645,U01839,2023-07-19,0.97,117
U01437,U01839,2024-04-25,0.27,172
U01413,U01839,2023-07-11,0.58,76
U00347,U01839,2023-05-10,0.48,130
U01685,U01839,2025-04-01,0.44,134
U01840,U02039,2024-06-02,0.71,194
U00373,U01840,2024-10-23,0.67,70
U01814,U01840,2023-09-13,0.52,170
U01376,U01840,2025-11-12,0.27,164
U00513,U01840,2023-08-24,0.64,25
U01840,U02184,2023-06-27,0.26,109
U00278,U01840,2023-07-05,0.21,163
U00636,U01840,2025-11-22,0.86,19
U00520,U01841,2024-09-18,0.37,159
U00313,U01841,2026-03-25,0.8,51
U00877,U01841,2024-05-09,0.18,200
U00713,U01841,2025-09-10,0.31,57
U01610,U01842,2023-06-22,0.6,28
U00216,U01842,2025-04-19,0.92,111
U01633,U01842,2023-12-11,0.32,182
U01790,U01842,2023-08-18,0.37,191
U01183,U01842,2025-11-29,0.39,2
U01376,U01842,2026-03-30,0.71,90
U00112,U01843,2024-12-26,0.24,145
U01579,U01843,2024-01-07,0.77,16
U00126,U01843,2023-06-24,0.45,86
U01844,U01933,2024-08-06,0.4,39
U01201,U01844,2025-03-09,0.63,162
U00033,U01844,2025-03-10,0.79,105
U01792,U01845,2025-10-04,0.77,133
U01463,U01845,2025-04-03,0.65,165
U01653,U01845,2024-04-18,0.79,179
U01845,U01999,2025-09-06,0.85,108
U00938,U01845,2024-03-11,0.9,198
U00756,U01845,2025-02-28,0.36,159
U00598,U01845,2024-10-27,0.86,60
U01303,U01846,2025-06-15,0.2,88
U01846,U02169,2024-03-19,0.67,20
U00622,U01846,2024-06-09,0.39,68
U01355,U01846,2025-11-17,0.93,71
U00363,U01846,2024-09-24,0.52,143
U00871,U01846,2025-11-07,0.84,121
U00480,U01846,2026-04-19,0.66,197
U01847,U02095,2025-03-10,0.13,41
U01375,U01847,2023-12-30,0.43,104
U01847,U01898,2024-05-07,0.99,91
U00699,U01847,2025-09-21,0.66,73
U01847,U02173,2025-08-14,0.89,74
U01848,U02099,2025-01-06,0.56,157
U00443,U01848,2025-08-07,0.31,32
U01848,U01934,2024-02-07,0.56,40
U01849,U02076,2025-12-31,0.28,156
U00537,U01849,2024-07-30,0.97,192
U01711,U01849,2023-09-13,0.34,83
U00569,U01850,2024-01-20,0.11,86
U01755,U01850,2024-06-27,0.39,39
U00679,U01850,2025-10-24,0.89,2
U01187,U01851,2023-08-19,0.89,92
U00796,U01851,2025-11-10,0.5,199
U00692,U01851,2025-12-15,0.2,49
U00396,U01851,2023-09-01,0.44,148
U00089,U01851,2023-12-23,0.93,46
U01698,U01852,2023-08-20,0.74,16
U01303,U01852,2023-07-04,0.83,73
U01523,U01852,2023-10-01,0.49,48
U01852,U02115,2023-06-28,0.57,175
U01852,U02098,2024-06-30,0.99,143
U01260,U01853,2025-03-22,0.74,157
U00559,U01853,2024-10-04,0.24,158
U01489,U01853,2024-10-06,0.57,96
U01748,U01853,2026-04-30,0.55,17
U00323,U01853,2025-07-06,0.91,2
U01432,U01853,2024-12-11,0.34,46
U00826,U01853,2026-04-19,0.99,175
U01635,U01854,2026-01-11,0.54,34
U00332,U01854,2025-04-19,0.12,15
U01520,U01854,2024-06-02,0.97,57
U00975,U01854,2025-05-24,0.23,155
U01234,U01854,2025-05-18,0.27,188
U01021,U01855,2023-12-25,0.34,121
U01855,U02048,2026-03-01,0.37,36
U01277,U01855,2025-06-25,0.91,157
U01855,U01867,2023-07-01,0.84,166
U00664,U01855,2024-02-11,0.52,84
U00133,U01855,2025-12-05,0.79,69
U01566,U01856,2024-12-30,0.18,144
U01588,U01856,2025-07-07,0.27,2
U00701,U01856,2024-04-08,0.71,26
U01856,U01945,2025-11-18,0.61,35
U01427,U01857,2025-08-23,0.88,148
U00293,U01857,2024-03-28,0.91,148
U01530,U01857,2025-06-06,0.49,175
U01706,U01857,2024-12-19,0.13,195
U01435,U01858,2025-02-12,0.32,189
U00161,U01858,2023-12-25,0.15,72
U01384,U01858,2023-12-11,0.24,116
U00973,U01858,2023-12-03,0.37,106
U00207,U01858,2024-11-04,0.96,142
U01513,U01858,2025-07-13,0.74,153
U01858,U02090,2026-01-14,0.75,108
U01386,U01858,2024-04-08,0.49,157
U00078,U01859,2025-01-23,0.52,110
U00467,U01859,2024-12-19,0.83,110
U01860,U02154,2024-12-13,0.34,58
U01621,U01860,2024-02-22,0.7,15
U01448,U01860,2023-07-17,0.34,68
U01776,U01860,2025-11-03,0.5,163
U01861,U02066,2023-12-29,0.95,198
U01861,U02065,2024-06-25,0.71,185
U00878,U01862,2024-08-08,0.33,30
U01622,U01862,2024-07-27,0.39,141
U00823,U01862,2023-12-26,0.73,83
U01570,U01862,2025-03-09,0.36,152
U00426,U01863,2025-05-24,0.41,18
U01559,U01863,2024-01-28,0.63,113
U00523,U01863,2024-11-05,0.44,181
U00849,U01863,2025-08-09,0.92,165
U01468,U01863,2023-06-20,0.43,178
U01863,U02008,2024-11-01,0.47,67
U00882,U01863,2024-12-20,0.9,64
U01474,U01864,2025-07-22,0.68,197
U01648,U01864,2024-11-14,0.2,147
U01192,U01864,2025-08-08,0.93,21
U01252,U01864,2024-03-11,0.91,138
U01114,U01864,2025-04-19,0.53,29
U00324,U01864,2024-09-09,0.67,22
U01075,U01865,2024-06-18,0.3,66
U01085,U01865,2025-07-05,0.23,11
U00627,U01865,2025-12-04,0.87,6
U00005,U01865,2026-01-08,0.84,84
U01865,U01937,2023-10-13,0.33,185
U00618,U01865,2025-06-03,0.62,24
U00474,U01865,2024-07-24,0.63,85
U01209,U01866,2023-09-25,0.91,24
U01866,U02028,2025-01-09,0.71,70
U00362,U01867,2023-11-22,0.46,115
U01867,U02188,2025-09-18,0.73,36
U00775,U01868,2025-07-27,0.31,190
U00536,U01868,2025-12-16,0.29,146
U01760,U01868,2025-09-11,0.41,161
U00423,U01868,2024-08-10,0.94,132
U00859,U01868,2023-09-19,0.25,152
U01869,U02009,2026-04-29,0.35,77
U00524,U01869,2024-12-10,0.41,119
U00141,U01869,2025-02-16,0.7,162
U01491,U01869,2024-09-01,0.77,186
U01452,U01869,2024-05-08,0.66,43
U01791,U01869,2024-02-26,0.5,159
U00812,U01869,2024-03-09,0.14,164
U00160,U01869,2023-05-10,0.87,103
U00920,U01870,2025-01-30,0.37,142
U00708,U01870,2023-07-27,0.44,34
U01496,U01870,2026-04-16,0.61,121
U01489,U01871,2025-10-17,0.71,76
U00557,U01871,2026-04-26,0.18,36
U00163,U01872,2024-02-14,0.72,160
U01294,U01872,2025-03-22,0.56,174
U01872,U01873,2025-05-06,0.44,123
U01084,U01872,2023-09-10,0.16,181
U01872,U02159,2025-08-18,0.96,199
U01124,U01872,2023-08-23,0.47,166
U01506,U01872,2025-09-16,0.27,6
U01171,U01872,2024-04-11,0.26,158
U00077,U01873,2025-04-03,0.56,100
U00265,U01873,2025-03-13,0.98,68
U00692,U01873,2026-01-06,0.56,63
U00195,U01873,2025-05-13,0.95,136
U01873,U01992,2024-10-06,0.98,133
U01755,U01873,2024-06-15,0.28,32
U01744,U01874,2025-07-27,0.44,35
U01187,U01874,2025-01-17,0.96,56
U00639,U01874,2025-10-06,0.57,70
U01224,U01874,2023-12-02,0.88,20
U00964,U01875,2023-07-14,0.45,101
U00919,U01875,2024-02-29,0.79,99
U01875,U02038,2024-09-15,0.11,151
U00261,U01875,2023-05-06,0.88,182
U01875,U01918,2025-01-15,0.99,12
U00541,U01875,2024-09-03,0.37,4
U00375,U01875,2024-02-13,0.79,103
U01211,U01876,2025-06-29,0.66,63
U01390,U01876,2023-11-25,0.85,43
U01609,U01876,2024-06-30,0.63,157
U01118,U01876,2024-01-24,0.19,136
U01749,U01877,2025-07-04,0.49,57
U01245,U01877,2023-08-16,0.56,6
U01541,U01877,2024-01-18,0.14,107
U00152,U01877,2025-05-03,0.67,58
U01861,U01878,2023-06-29,0.4,151
U01228,U01878,2026-02-25,0.75,135
U00588,U01878,2023-11-21,0.71,162
U00169,U01878,2025-12-19,0.54,110
U01878,U02131,2023-10-24,0.12,55
U00965,U01878,2025-08-30,0.18,77
U00175,U01878,2023-10-19,0.28,76
U01879,U01992,2023-09-03,0.94,140
U00945,U01879,2024-11-09,0.44,31
U01879,U02058,2026-03-01,0.72,149
U00550,U01879,2023-11-11,0.11,186
U01761,U01880,2025-01-24,0.47,67
U00006,U01880,2025-09-21,0.7,110
U01197,U01880,2025-12-13,0.39,17
U01262,U01880,2026-02-17,0.58,132
U00318,U01881,2023-05-05,0.78,176
U00541,U01881,2024-12-29,0.91,80
U00926,U01881,2025-05-15,0.69,160
U01466,U01881,2024-08-09,0.32,142
U01178,U01881,2025-02-07,0.66,83
U00219,U01882,2024-04-29,0.41,103
U01370,U01882,2024-05-20,0.69,157
U01882,U01905,2023-07-05,0.16,193
U01242,U01883,2024-11-26,0.12,141
U00150,U01883,2024-07-18,0.41,114
U00106,U01883,2024-01-04,0.78,121
U00192,U01883,2023-06-19,0.23,32
U01110,U01883,2025-09-06,0.24,81
U01732,U01884,2025-02-11,0.16,33
U01475,U01884,2026-02-06,0.86,198
U00811,U01884,2024-01-19,0.17,131
U00791,U01884,2024-10-07,0.28,182
U00641,U01884,2025-09-22,0.36,136
U01885,U02146,2024-03-10,0.87,197
U01432,U01885,2025-05-29,0.64,188
U01069,U01886,2024-08-17,0.84,151
U00995,U01886,2025-08-29,0.13,190
U00741,U01886,2025-02-09,0.33,176
U01247,U01886,2024-11-07,0.83,171
U01465,U01887,2025-10-14,0.74,188
U00651,U01887,2025-04-15,0.29,95
U00591,U01887,2023-12-22,0.69,45
U01272,U01887,2023-08-24,0.79,91
U00994,U01887,2025-06-04,0.63,140
U01669,U01887,2023-07-27,0.15,153
U01550,U01888,2024-01-16,0.4,70
U00829,U01888,2025-06-11,0.27,13
U01494,U01888,2023-06-07,0.32,161
U01750,U01888,2024-09-19,0.99,42
U01192,U01888,2024-01-16,0.61,157
U01888,U01984,2026-01-10,0.44,146
U01701,U01889,2026-01-28,0.97,110
U00196,U01889,2023-07-25,0.76,189
U00117,U01889,2024-11-28,0.87,2
U01778,U01889,2025-06-09,0.91,200
U01780,U01889,2026-02-12,0.67,188
U00952,U01889,2025-04-12,0.23,67
U01003,U01889,2026-03-20,0.29,83
U00850,U01890,2023-07-27,0.72,151
U00193,U01890,2025-07-30,0.27,186
U01070,U01890,2025-07-13,0.45,84
U01395,U01890,2024-08-10,0.72,199
U01890,U02099,2023-08-21,0.12,161
U01871,U01890,2023-08-01,0.35,62
U00075,U01890,2026-01-09,0.97,188
U01149,U01891,2026-04-05,0.61,104
U01891,U02025,2025-08-21,0.49,192
U00076,U01892,2025-04-05,0.7,176
U01892,U01995,2024-11-09,0.26,196
U01210,U01892,2024-12-04,0.66,189
U01042,U01893,2025-02-03,0.39,60
U00645,U01893,2025-11-01,0.75,194
U00482,U01893,2023-06-26,0.38,157
U01894,U02167,2023-12-26,0.78,16
U01284,U01894,2024-02-14,0.34,109
U01122,U01894,2025-11-09,0.41,45
U00127,U01895,2023-07-23,0.87,90
U00564,U01895,2023-09-09,0.88,54
U00072,U01895,2024-03-20,0.34,114
U00130,U01895,2023-11-27,0.85,102
U01361,U01895,2025-05-02,0.24,185
U01664,U01895,2023-06-13,0.65,138
U01715,U01895,2025-11-29,0.28,80
U00727,U01895,2024-01-14,0.95,143
U01805,U01896,2023-09-24,0.45,131
U00064,U01896,2023-12-22,0.84,27
U01087,U01896,2024-09-25,0.19,19
U00584,U01896,2023-05-20,0.95,96
U00702,U01896,2025-10-29,0.24,148
U00416,U01897,2023-11-02,0.12,110
U00659,U01897,2025-07-18,0.98,13
U01897,U02124,2023-10-27,0.94,167
U00205,U01897,2025-05-10,0.37,194
U00439,U01897,2025-10-09,0.56,95
U00557,U01897,2024-02-07,0.8,188
U01488,U01897,2026-02-24,0.8,144
U00271,U01898,2024-12-06,0.49,96
U01472,U01898,2024-03-12,0.9,159
U01898,U01914,2023-05-14,0.26,90
U01830,U01899,2026-01-01,0.99,28
U01617,U01899,2025-02-06,0.34,90
U00782,U01899,2024-12-30,0.61,2
U01899,U02147,2025-09-07,0.26,120
U01747,U01899,2026-04-17,0.28,131
U01735,U01899,2025-02-13,0.18,178
U00615,U01900,2023-06-22,0.4,65
U01531,U01900,2025-10-17,0.61,186
U00978,U01900,2026-04-25,0.16,54
U01900,U01994,2025-01-20,0.96,18
U00605,U01900,2023-07-11,0.92,198
U01115,U01900,2024-12-12,0.95,40
U00029,U01901,2024-01-03,0.19,15
U01328,U01901,2025-11-28,0.26,172
U01028,U01901,2024-07-13,0.28,7
U01193,U01901,2024-06-04,0.31,66
U00883,U01901,2025-05-19,0.26,192
U01043,U01901,2025-02-09,0.42,27
U00923,U01902,2024-10-05,0.74,12
U01902,U01990,2024-02-12,0.19,75
U00302,U01902,2025-05-19,0.97,89
U01230,U01902,2026-02-26,0.42,178
U01873,U01902,2025-09-03,0.74,110
U01665,U01902,2025-06-01,0.75,50
U01009,U01902,2026-04-07,0.85,136
U00371,U01903,2024-09-09,0.44,190
U01903,U02031,2025-11-24,0.5,67
U00663,U01903,2025-10-11,0.59,151
U01666,U01903,2024-12-25,0.48,176
U01627,U01904,2026-01-11,0.47,36
U00533,U01904,2026-04-21,0.18,196
U01070,U01904,2023-10-14,0.6,95
U01520,U01904,2023-08-14,0.99,22
U01884,U01904,2023-07-01,0.7,164
U01562,U01904,2024-10-07,0.15,86
U01511,U01904,2024-05-29,0.99,121
U01537,U01905,2025-05-30,0.93,77
U01812,U01905,2024-05-30,0.55,10
U01007,U01905,2026-04-19,0.25,166
U01374,U01905,2024-01-15,0.4,188
U00112,U01905,2025-08-27,0.81,183
U00936,U01905,2024-11-11,0.5,92
U00372,U01906,2024-06-20,0.46,52
U01906,U01973,2024-01-28,0.32,85
U01765,U01906,2025-04-08,0.69,113
U00199,U01906,2024-10-07,0.35,185
U00566,U01906,2026-03-22,0.62,196
U01363,U01907,2023-12-02,0.85,188
U00009,U01907,2025-12-14,0.5,9
U00924,U01907,2025-02-28,0.48,2
U01907,U02094,2023-12-01,0.64,88
U01566,U01907,2024-10-12,0.12,169
U01907,U01929,2026-03-05,0.6,38
U00956,U01907,2025-03-08,0.91,123
U00666,U01908,2023-10-31,0.24,78
U01908,U02003,2023-10-02,0.41,101
U00787,U01908,2025-11-10,0.78,7
U01263,U01908,2024-11-07,0.8,41
U01327,U01909,2023-12-22,0.93,37
U00010,U01909,2023-12-01,0.98,133
U00547,U01910,2025-08-09,0.39,174
U01227,U01910,2025-07-27,0.35,145
U01204,U01910,2023-10-01,0.91,49
U00779,U01910,2023-07-20,0.13,61
U01153,U01910,2023-09-16,0.8,132
U00080,U01910,2024-09-18,0.44,55
U00768,U01910,2023-05-30,0.47,32
U01910,U02008,2024-06-24,0.41,89
U01590,U01911,2023-07-14,0.94,57
U01146,U01911,2024-09-07,0.36,84
U01483,U01911,2025-12-20,0.73,191
U00330,U01911,2023-09-14,0.84,190
U00315,U01911,2025-04-15,0.8,181
U01557,U01911,2025-05-23,0.23,40
U00410,U01911,2025-11-25,0.18,56
U01912,U02060,2023-12-13,0.95,143
U01912,U02149,2025-01-18,0.89,50
U00499,U01912,2024-06-12,0.44,187
U01660,U01912,2023-06-10,0.67,16
U00343,U01912,2024-12-06,0.91,151
U01481,U01913,2025-05-21,0.97,77
U00591,U01913,2023-08-28,0.51,10
U01079,U01913,2024-07-27,0.8,44
U01054,U01913,2023-10-26,0.54,86
U01913,U02073,2025-02-06,0.24,199
U01191,U01913,2024-09-20,0.73,175
U01520,U01913,2024-07-12,0.26,112
U01746,U01913,2023-11-13,0.24,188
U01151,U01914,2024-12-22,0.66,73
U00084,U01914,2023-08-25,0.19,187
U00060,U01914,2025-10-03,0.29,59
U00351,U01914,2025-02-05,0.26,63
U01914,U02102,2025-08-26,0.76,49
U01914,U02139,2023-10-25,0.15,93
U00249,U01914,2025-03-08,0.28,86
U01915,U02007,2025-07-06,0.78,148
U01443,U01915,2023-06-07,0.89,132
U00151,U01915,2025-05-24,0.46,114
U00835,U01915,2024-06-01,0.67,4
U00972,U01915,2023-05-17,0.37,112
U01112,U01915,2024-07-09,0.13,123
U01456,U01915,2024-04-27,0.84,70
U00179,U01916,2024-08-26,0.73,179
U01141,U01916,2024-04-10,0.86,108
U01739,U01916,2026-03-17,0.19,101
U01134,U01916,2025-04-22,0.24,48
U01916,U02121,2026-04-29,0.92,184
U01274,U01916,2024-02-13,0.78,57
U00118,U01917,2023-10-24,0.44,36
U00784,U01917,2023-10-01,0.23,8
U00829,U01917,2025-04-20,0.17,186
U00477,U01917,2024-05-07,0.81,75
U01153,U01917,2025-01-25,0.37,64
U01918,U02045,2025-09-04,0.13,15
U00023,U01918,2024-06-29,0.58,139
U00134,U01918,2025-04-19,0.12,71
U00909,U01919,2026-01-25,0.35,109
U01919,U02002,2023-10-28,0.83,28
U00579,U01919,2023-10-29,0.69,169
U00227,U01919,2023-10-20,0.98,97
U01919,U01923,2025-03-23,0.12,9
U01780,U01919,2024-05-09,0.76,194
U00807,U01920,2024-05-20,0.89,199
U01040,U01920,2026-03-03,0.19,186
U01736,U01920,2025-07-19,0.5,81
U01147,U01920,2024-06-09,0.78,72
U00029,U01920,2025-08-03,0.33,40
U00829,U01920,2023-05-11,0.18,19
U01291,U01920,2023-09-02,0.16,80
U01853,U01921,2025-03-30,0.96,178
U00218,U01921,2023-12-03,0.5,33
U01470,U01921,2024-03-10,0.22,115
U00361,U01921,2025-04-01,0.85,121
U00893,U01921,2026-04-03,0.93,4
U01921,U02136,2025-02-06,0.83,94
U00378,U01921,2023-10-28,0.61,17
U01465,U01921,2025-09-17,0.44,22
U00665,U01922,2024-08-15,0.65,118
U01922,U02070,2023-05-06,0.69,174
U01361,U01922,2025-10-18,0.43,121
U01738,U01922,2023-10-20,0.86,16
U00499,U01922,2026-04-13,0.13,145
U01078,U01922,2023-07-04,0.42,32
U01770,U01923,2023-12-03,0.72,44
U00689,U01923,2025-10-12,0.43,178
U00116,U01923,2023-11-17,0.95,54
U00212,U01923,2026-05-01,0.73,72
U00894,U01923,2024-12-29,0.17,2
U01924,U02047,2025-09-20,0.66,13
U01924,U02004,2025-04-03,0.9,49
U01847,U01924,2023-07-28,0.15,51
U00001,U01924,2024-10-22,0.78,91
U01924,U02185,2025-02-18,0.99,114
U00070,U01924,2024-02-12,0.88,78
U01491,U01925,2023-05-21,0.54,103
U00244,U01925,2025-10-14,0.84,62
U01849,U01925,2025-07-19,0.94,192
U00608,U01925,2025-08-16,0.76,89
U00376,U01925,2024-02-28,0.91,193
U01511,U01925,2025-03-08,0.63,123
U00099,U01925,2024-06-18,0.3,135
U01854,U01925,2024-09-15,0.73,99
U01004,U01926,2026-03-22,0.72,59
U01892,U01926,2026-04-21,0.19,88
U01926,U01929,2023-06-01,0.11,75
U00882,U01926,2023-09-10,0.58,9
U01567,U01926,2025-02-09,0.57,25
U01283,U01926,2025-05-06,0.83,179
U00766,U01926,2025-01-01,0.85,121
U01097,U01927,2025-10-20,0.55,66
U00806,U01927,2025-01-01,0.88,12
U00484,U01927,2024-06-15,0.27,92
U00324,U01927,2025-05-13,0.75,124
U01928,U01944,2025-08-15,0.88,141
U01928,U01936,2023-09-20,0.59,73
U00501,U01928,2025-06-10,0.74,128
U01929,U01931,2024-07-11,0.13,126
U00326,U01929,2023-10-20,0.66,143
U00433,U01929,2023-05-11,0.8,69
U01684,U01929,2024-08-21,0.9,41
U01121,U01929,2025-10-28,0.4,178
U00641,U01930,2023-10-30,0.59,108
U01916,U01930,2026-01-30,0.43,121
U00132,U01930,2024-12-21,0.7,89
U00897,U01930,2024-07-01,0.79,27
U01468,U01930,2024-07-23,0.73,157
U00122,U01930,2023-11-20,0.94,101
U00477,U01930,2024-01-04,0.95,169
U01930,U01955,2024-07-15,0.64,76
U01075,U01931,2023-05-15,0.27,1
U00117,U01931,2023-08-22,0.86,115
U01380,U01932,2024-06-12,0.43,137
U00301,U01932,2023-05-17,0.32,179
U00482,U01932,2025-12-11,0.63,47
U01895,U01933,2025-02-09,0.7,97
U00512,U01933,2023-07-25,0.99,134
U01523,U01933,2025-06-18,0.73,103
U00498,U01933,2025-07-12,0.56,73
U01450,U01933,2025-12-30,0.34,37
U01933,U02172,2024-04-05,0.85,130
U01420,U01934,2023-07-19,0.4,183
U01332,U01934,2025-12-26,0.2,94
U00723,U01934,2025-03-01,0.56,2
U00126,U01934,2026-01-21,0.88,88
U01030,U01934,2025-02-16,0.59,68
U00224,U01934,2024-02-21,0.67,21
U01862,U01934,2024-08-05,0.5,76
U01225,U01934,2025-11-12,0.62,66
U00981,U01935,2026-04-17,0.46,15
U01311,U01935,2023-10-15,0.58,188
U00022,U01935,2024-09-25,0.44,154
U01078,U01936,2026-02-03,0.1,188
U00263,U01936,2024-08-22,0.63,72
U00098,U01936,2024-07-04,0.31,59
U00174,U01936,2024-06-15,0.42,132
U00138,U01937,2025-05-05,0.83,55
U01460,U01937,2025-01-05,0.78,195
U00148,U01937,2023-11-18,0.39,32
U01198,U01937,2024-06-16,0.17,138
U01280,U01937,2025-12-19,0.92,102
U00004,U01937,2025-07-23,0.55,165
U01938,U01998,2023-09-29,0.69,27
U01938,U02038,2023-05-22,0.46,179
U01831,U01938,2024-07-25,0.85,146
U01367,U01938,2025-05-24,0.57,116
U00361,U01939,2025-07-26,0.45,65
U01939,U02046,2026-02-05,0.14,148
U01764,U01939,2024-06-27,0.96,68
U01277,U01939,2025-07-01,0.47,177
U00744,U01940,2025-03-22,0.17,69
U00059,U01940,2025-11-14,0.74,20
U01038,U01941,2024-12-26,0.97,7
U00096,U01941,2024-10-24,0.37,152
U01941,U02102,2025-05-19,0.26,15
U00625,U01941,2025-09-19,0.28,180
U01653,U01942,2025-05-16,0.16,179
U00426,U01942,2024-11-12,0.46,174
U01485,U01942,2023-11-21,0.59,40
U00797,U01942,2025-03-11,0.26,20
U00997,U01942,2025-08-01,0.57,121
U00238,U01942,2025-09-01,0.23,26
U01672,U01942,2025-01-21,0.22,82
U01366,U01943,2026-03-29,0.4,74
U00967,U01943,2024-10-25,0.24,134
U01798,U01943,2025-02-23,0.5,102
U00870,U01943,2024-03-15,0.74,122
U01088,U01943,2024-01-27,0.5,192
U01651,U01944,2025-10-25,0.68,15
U00233,U01944,2026-03-28,0.97,166
U01272,U01944,2024-06-25,0.57,77
U01540,U01944,2023-11-22,0.97,40
U00559,U01945,2025-06-21,0.33,148
U01318,U01945,2025-11-13,0.87,49
U01037,U01945,2025-10-30,0.28,162
U00739,U01945,2024-03-18,0.97,134
U01242,U01945,2024-04-21,0.34,135
U01946,U02091,2023-10-22,0.9,115
U00790,U01946,2023-11-22,0.48,142
U00257,U01946,2023-06-24,0.97,118
U00886,U01946,2025-08-30,0.51,8
U00373,U01947,2024-08-19,0.96,46
U01523,U01947,2026-04-29,0.85,190
U01251,U01947,2026-01-05,0.74,78
U01468,U01948,2025-02-14,0.23,41
U00458,U01948,2023-10-25,0.84,47
U01606,U01948,2026-04-19,0.94,79
U01198,U01948,2025-07-25,0.53,113
U01803,U01949,2025-03-11,0.11,8
U01666,U01949,2023-08-12,0.63,136
U01743,U01949,2024-08-03,0.99,173
U00364,U01949,2024-10-14,0.72,158
U01499,U01949,2025-10-16,0.23,166
U01272,U01950,2024-08-28,0.29,68
U00166,U01950,2024-01-28,0.81,71
U01759,U01950,2025-06-04,0.51,120
U01886,U01951,2024-09-03,0.92,136
U00920,U01951,2025-11-22,0.65,53
U00893,U01951,2025-05-28,0.58,126
U00846,U01952,2024-02-19,0.52,144
U00388,U01952,2023-10-23,0.2,144
U01316,U01953,2024-01-07,0.84,155
U00612,U01953,2024-05-21,0.96,75
U01563,U01953,2023-08-12,0.35,150
U01044,U01953,2025-07-01,0.11,127
U00924,U01954,2024-11-08,0.61,134
U00855,U01954,2024-12-07,0.48,42
U00589,U01954,2024-05-15,0.57,92
U01954,U01986,2024-09-20,0.44,73
U01791,U01954,2025-01-24,0.39,162
U01238,U01954,2025-09-12,0.61,51
U00716,U01954,2025-12-04,0.64,25
U01528,U01955,2025-07-27,0.39,185
U00397,U01955,2025-10-02,0.54,181
U01465,U01955,2024-11-13,0.67,168
U01956,U02177,2024-07-14,0.47,150
U01056,U01956,2025-01-03,0.93,114
U00169,U01956,2023-09-11,0.42,49
U01956,U02076,2024-02-25,0.66,110
U00069,U01957,2023-12-13,0.21,111
U00938,U01957,2024-11-09,0.11,44
U01908,U01957,2023-08-17,0.75,197
U00892,U01957,2024-04-30,0.83,123
U01243,U01957,2024-02-10,0.28,160
U01776,U01957,2024-10-23,0.12,200
U01397,U01957,2024-09-02,0.61,64
U00073,U01958,2024-11-28,0.96,59
U01392,U01958,2025-11-26,0.8,157
U01366,U01959,2025-08-30,0.56,186
U00206,U01959,2025-04-07,0.2,68
U00310,U01959,2025-04-23,0.8,199
U00835,U01959,2024-02-02,0.16,171
U01359,U01959,2026-05-02,0.15,73
U01569,U01959,2023-05-14,0.39,86
U00849,U01960,2024-09-21,0.26,51
U00298,U01960,2026-03-05,0.46,37
U01432,U01960,2024-04-19,0.6,11
U01548,U01960,2026-01-02,0.6,85
U00732,U01960,2023-12-10,0.41,156
U01961,U02030,2025-04-23,0.23,171
U00575,U01961,2025-09-19,0.58,191
U00965,U01961,2025-11-01,0.75,134
U01448,U01961,2025-05-22,0.53,102
U00338,U01961,2024-08-30,0.41,44
U01906,U01961,2025-05-14,0.26,71
U01962,U02010,2023-05-18,0.15,192
U01533,U01962,2025-09-22,0.81,69
U01586,U01962,2024-06-02,0.25,143
U01163,U01963,2024-12-14,0.11,195
U01557,U01963,2024-12-21,0.68,31
U01161,U01963,2025-06-10,0.74,66
U01963,U02025,2025-07-27,0.85,50
U01964,U01979,2023-12-14,0.55,192
U01964,U02196,2025-10-04,0.67,131
U00174,U01964,2025-12-14,0.81,109
U00852,U01964,2024-07-18,0.62,159
U00111,U01964,2024-03-13,0.87,79
U01965,U02174,2024-05-21,0.39,22
U01965,U01991,2024-08-28,0.33,100
U01895,U01965,2025-10-18,1.0,83
U01920,U01965,2025-09-23,0.91,27
U01762,U01965,2024-02-01,0.82,1
U01966,U02003,2025-05-28,0.71,44
U01966,U02147,2025-07-31,0.37,40
U01727,U01967,2024-07-12,0.44,67
U00856,U01967,2024-12-19,0.12,104
U00212,U01967,2024-11-13,0.37,160
U00833,U01967,2024-10-05,0.27,24
U00505,U01968,2024-12-11,0.84,39
U01422,U01968,2025-03-16,0.84,16
U00209,U01968,2023-11-20,0.45,59
U00047,U01968,2024-12-21,0.33,16
U00673,U01968,2025-04-06,0.71,189
U00437,U01968,2023-12-13,0.19,160
U00134,U01969,2026-02-27,0.32,68
U01113,U01969,2023-11-06,0.86,64
U00391,U01969,2024-10-12,0.47,93
U01969,U01971,2024-01-29,0.65,87
U00523,U01969,2024-09-16,0.45,153
U01066,U01969,2025-02-12,0.66,142
U00567,U01969,2025-10-25,0.42,139
U00797,U01970,2024-04-01,0.24,102
U00566,U01970,2025-08-07,0.11,118
U01486,U01970,2025-01-25,0.6,19
U01653,U01970,2026-02-21,0.75,86
U00235,U01970,2025-10-26,0.18,179
U01843,U01970,2025-12-12,0.45,17
U01950,U01970,2025-07-05,0.15,153
U01971,U02179,2023-05-06,0.76,57
U00054,U01971,2025-12-29,0.82,135
U00632,U01971,2025-09-09,0.4,170
U01644,U01971,2025-02-01,0.82,141
U00014,U01972,2024-04-10,0.92,177
U01790,U01972,2026-03-11,0.9,129
U01554,U01973,2024-04-13,0.25,107
U00442,U01973,2026-02-04,0.32,51
U01824,U01973,2023-05-29,0.66,167
U01951,U01973,2024-03-26,0.25,19
U00904,U01973,2025-09-22,0.39,185
U01691,U01973,2024-07-21,0.47,177
U00494,U01973,2025-07-16,0.8,67
U01144,U01973,2025-04-28,0.56,137
U01105,U01974,2024-03-30,0.57,186
U00879,U01974,2024-10-21,0.91,118
U00069,U01974,2023-06-12,0.93,101
U00930,U01974,2024-01-12,0.5,10
U00012,U01975,2025-05-13,0.59,114
U01975,U02193,2024-03-27,0.43,70
U01632,U01975,2025-08-06,0.67,39
U01030,U01975,2026-04-26,0.22,61
U01218,U01975,2024-06-03,0.39,46
U01830,U01975,2025-03-31,0.89,119
U00650,U01975,2025-04-26,0.93,192
U01311,U01975,2024-02-05,0.51,181
U01976,U02136,2023-06-03,0.76,157
U01976,U01986,2023-05-16,0.67,23
U00926,U01976,2024-09-22,0.39,36
U00265,U01977,2025-07-17,0.95,16
U00814,U01977,2024-11-07,0.74,142
U01043,U01978,2026-03-12,0.15,74
U01978,U02156,2023-10-26,0.25,58
U00517,U01978,2024-10-18,0.29,20
U00330,U01978,2024-02-21,0.96,90
U01180,U01979,2025-03-23,0.57,161
U00257,U01979,2023-12-11,0.76,162
U00869,U01979,2023-11-26,0.19,24
U01924,U01979,2024-02-25,0.27,197
U00057,U01979,2025-04-22,0.18,42
U00224,U01979,2024-11-28,0.67,13
U01769,U01979,2023-05-08,0.43,144
U01979,U01989,2024-11-19,0.81,166
U01587,U01980,2025-03-16,0.6,35
U01287,U01980,2023-07-01,0.5,76
U00284,U01981,2024-10-07,0.64,146
U01207,U01981,2026-02-03,0.21,144
U01949,U01981,2025-12-13,0.59,116
U01443,U01981,2025-06-16,0.16,104
U01064,U01982,2024-06-17,0.15,183
U00843,U01982,2025-08-24,0.56,39
U00215,U01982,2023-07-20,0.79,82
U00562,U01982,2023-07-30,0.81,45
U01041,U01982,2025-01-14,0.11,106
U01149,U01983,2025-03-26,0.35,42
U01983,U02136,2025-11-02,0.49,146
U01983,U02035,2025-09-13,0.47,78
U01983,U02106,2025-06-08,0.77,27
U00150,U01983,2023-08-25,0.21,1
U01393,U01983,2025-07-29,0.9,102
U00497,U01984,2024-05-06,0.97,176
U00833,U01984,2024-07-12,0.84,41
U01234,U01984,2025-10-01,0.19,4
U01984,U02126,2023-05-11,0.16,183
U00475,U01984,2023-11-21,0.95,26
U01096,U01984,2024-11-20,0.76,104
U01674,U01985,2023-11-13,0.88,122
U01259,U01985,2023-10-09,0.44,128
U01985,U02070,2025-08-05,0.62,12
U00242,U01985,2026-01-16,0.31,42
U00567,U01985,2024-07-02,0.38,68
U00528,U01986,2025-08-11,0.21,81
U00854,U01986,2025-04-06,0.93,1
U01228,U01986,2025-04-19,0.27,177
U00977,U01987,2023-05-21,0.77,196
U01210,U01987,2024-02-09,0.67,125
U01773,U01987,2025-10-27,0.37,2
U01917,U01987,2025-04-24,0.83,157
U01962,U01987,2024-02-14,0.17,154
U01554,U01988,2023-11-21,0.78,166
U01505,U01988,2026-03-20,0.96,24
U01884,U01988,2025-10-15,0.48,108
U00368,U01988,2024-01-14,0.11,19
U00985,U01989,2023-07-19,0.5,36
U01751,U01989,2025-11-29,0.25,172
U00632,U01989,2024-12-07,0.54,5
U01874,U01989,2023-11-23,0.14,122
U01328,U01989,2025-04-24,0.22,32
U01436,U01989,2025-08-20,0.81,99
U01542,U01989,2024-07-20,0.14,124
U01990,U01992,2024-12-27,0.87,93
U00953,U01990,2024-11-08,0.36,122
U00139,U01991,2026-02-09,0.19,140
U01728,U01991,2025-06-20,0.56,160
U00101,U01991,2024-05-21,0.22,179
U00898,U01991,2024-03-13,0.52,151
U00645,U01991,2024-04-29,0.93,68
U01757,U01991,2025-04-09,0.8,24
U00192,U01991,2024-01-08,0.69,46
U00563,U01992,2024-07-26,0.89,197
U01922,U01992,2024-04-25,0.58,148
U01165,U01993,2025-09-27,0.38,145
U01758,U01993,2024-10-16,0.21,154
U00328,U01993,2023-05-16,0.66,128
U00561,U01993,2024-03-20,0.88,8
U01133,U01993,2023-06-12,0.39,144
U00804,U01993,2024-02-11,0.69,168
U01542,U01994,2023-11-04,0.45,153
U00789,U01994,2025-11-30,0.6,151
U00924,U01994,2023-11-19,0.21,188
U00366,U01994,2024-07-26,0.53,45
U01343,U01995,2023-05-23,0.3,80
U01800,U01995,2023-10-31,0.16,163
U01995,U02083,2025-09-18,0.87,143
U00845,U01996,2024-02-06,0.8,139
U01844,U01996,2025-09-24,0.72,127
U00855,U01996,2025-02-12,0.7,161
U00211,U01996,2023-12-03,0.19,110
U01703,U01997,2023-11-29,0.73,151
U01607,U01997,2023-11-23,0.62,15
U00310,U01998,2024-11-25,0.87,126
U01541,U01998,2025-06-03,0.22,157
U00481,U01998,2025-03-02,0.28,11
U01998,U02097,2023-07-05,0.81,152
U01895,U01998,2024-12-25,0.39,54
U01596,U01998,2023-07-04,0.88,166
U00474,U01998,2024-02-13,0.44,135
U00895,U01999,2023-08-11,0.72,195
U01868,U01999,2025-09-03,0.75,84
U01468,U01999,2025-01-14,0.25,181
U00125,U01999,2024-10-24,0.68,160
U01044,U01999,2025-07-21,0.22,2
U01510,U01999,2025-03-16,0.77,165
U01999,U02178,2024-02-10,0.77,102
U00018,U02000,2023-06-01,0.31,123
U00783,U02000,2024-03-25,0.18,9
U02000,U02140,2025-10-11,0.56,86
U00623,U02000,2024-11-30,0.77,184
U00848,U02000,2024-05-23,0.39,7
U01073,U02000,2025-09-16,0.96,105
U00213,U02000,2023-11-09,0.57,52
U01930,U02001,2025-09-19,0.4,77
U02001,U02150,2024-02-18,0.15,94
U00094,U02001,2023-05-17,0.6,76
U00644,U02001,2023-05-29,0.66,134
U01437,U02001,2024-05-28,0.59,132
U00153,U02001,2025-03-09,0.16,49
U01486,U02002,2024-09-27,0.2,153
U01355,U02002,2023-09-12,0.34,10
U00845,U02002,2025-05-11,0.1,157
U01374,U02002,2023-08-13,0.8,55
U00371,U02003,2024-02-07,0.58,137
U00005,U02003,2024-09-29,0.46,133
U01207,U02004,2024-08-04,0.21,158
U00557,U02004,2024-11-30,0.37,138
U00436,U02005,2025-01-30,0.56,147
U01560,U02005,2024-04-27,0.76,48
U01614,U02005,2023-08-15,0.92,85
U01948,U02005,2024-02-03,0.83,4
U02005,U02102,2025-10-29,0.89,92
U00545,U02005,2024-09-24,0.59,49
U00456,U02005,2026-01-01,0.69,47
U00100,U02005,2026-03-04,0.87,85
U01753,U02006,2025-11-27,0.57,71
U00401,U02006,2024-07-11,0.78,87
U02006,U02111,2025-01-17,0.85,25
U01747,U02006,2024-05-05,0.34,81
U00818,U02006,2024-06-13,0.13,114
U02007,U02149,2023-05-13,0.25,10
U00166,U02007,2025-03-30,0.99,96
U01841,U02007,2025-11-21,0.51,28
U00523,U02007,2025-12-11,0.33,27
U01773,U02007,2025-01-21,0.4,189
U00266,U02008,2025-02-01,0.97,171
U00716,U02008,2026-03-18,0.75,57
U00242,U02008,2025-09-17,0.74,10
U01492,U02008,2025-06-24,0.65,101
U00480,U02008,2024-06-27,0.55,199
U01095,U02009,2024-04-02,0.6,91
U00680,U02009,2025-08-08,0.19,178
U01712,U02009,2025-05-20,0.88,197
U00254,U02009,2026-02-16,0.93,131
U00774,U02010,2023-09-07,0.26,67
U02002,U02010,2026-01-01,0.31,3
U02011,U02118,2024-07-24,0.49,116
U01304,U02011,2025-03-28,0.43,40
U01985,U02011,2026-03-11,0.84,86
U00940,U02011,2024-07-28,0.46,82
U01389,U02012,2024-07-07,0.99,182
U01174,U02012,2023-12-13,0.5,80
U01655,U02012,2023-06-11,0.65,146
U01768,U02012,2024-08-30,0.84,29
U00013,U02013,2023-05-14,0.98,66
U01410,U02013,2025-09-21,0.62,149
U00432,U02014,2026-01-01,0.33,105
U00156,U02014,2026-02-03,0.59,199
U01779,U02015,2025-03-25,0.81,30
U01662,U02015,2026-01-10,0.69,51
U00775,U02015,2026-01-19,0.4,71
U00272,U02015,2023-09-21,0.89,55
U01085,U02016,2023-08-05,0.65,66
U01254,U02016,2023-06-14,0.5,154
U01315,U02016,2026-04-19,0.52,91
U00665,U02016,2023-07-27,0.3,126
U01400,U02016,2024-12-16,0.16,5
U01860,U02016,2025-01-05,0.31,49
U01834,U02017,2024-11-20,0.66,155
U00739,U02017,2025-09-14,0.92,26
U01770,U02017,2024-11-04,0.95,117
U02017,U02108,2023-05-21,0.85,3
U01755,U02017,2023-10-14,0.24,28
U00591,U02017,2025-06-10,0.17,22
U00321,U02018,2024-05-09,0.57,186
U01016,U02018,2025-07-22,0.76,97
U00849,U02018,2023-06-01,0.27,103
U00324,U02019,2023-06-27,0.82,73
U00367,U02019,2024-03-21,0.5,173
U00642,U02019,2023-10-12,0.24,99
U01332,U02019,2023-11-05,0.64,20
U00600,U02019,2025-01-26,0.96,195
U00272,U02019,2023-05-11,0.51,152
U01465,U02019,2025-05-09,1.0,136
U00352,U02020,2024-07-20,0.42,48
U00643,U02020,2024-05-25,0.17,147
U00087,U02020,2024-08-20,0.53,132
U00556,U02020,2024-09-05,0.44,106
U00981,U02020,2024-11-28,0.67,15
U02020,U02189,2024-11-13,0.59,51
U00692,U02020,2023-06-28,0.68,76
U00467,U02020,2026-01-09,0.83,191
U01205,U02021,2025-09-20,0.76,31
U01670,U02021,2025-04-07,0.92,68
U00442,U02021,2025-07-24,0.77,22
U01004,U02021,2023-11-03,0.58,119
U02021,U02097,2025-10-17,0.18,54
U01600,U02021,2026-01-06,0.41,123
U01704,U02021,2025-06-06,0.4,154
U00021,U02022,2025-12-31,0.73,79
U01944,U02022,2025-06-12,0.61,14
U00159,U02022,2024-09-04,0.55,86
U01709,U02022,2025-06-14,0.4,5
U01670,U02022,2024-06-23,0.76,42
U01288,U02022,2023-10-27,0.83,22
U00808,U02022,2023-10-26,0.33,3
U01916,U02022,2023-07-31,0.4,174
U00079,U02023,2023-08-27,0.36,25
U00927,U02023,2025-12-21,0.3,69
U00592,U02023,2025-03-02,0.4,185
U00083,U02023,2023-11-14,0.53,34
U01250,U02023,2023-08-11,0.31,83
U00277,U02023,2025-08-03,0.7,119
U00735,U02024,2023-05-26,0.74,99
U00870,U02024,2024-09-24,0.63,107
U01188,U02024,2024-04-12,0.65,182
U00824,U02024,2023-06-04,0.92,116
U01496,U02025,2026-04-14,0.16,127
U01844,U02025,2024-12-09,0.78,24
U01673,U02025,2023-05-29,0.32,137
U01031,U02025,2025-09-15,0.55,141
U01114,U02025,2026-02-06,0.43,96
U01879,U02025,2024-09-10,0.66,8
U01743,U02025,2023-06-23,0.37,29
U00964,U02025,2025-12-30,0.37,66
U01375,U02026,2023-07-03,0.64,33
U00869,U02026,2024-01-29,0.52,3
U01857,U02026,2025-07-09,0.34,83
U02026,U02057,2025-10-17,0.75,34
U00729,U02026,2024-05-29,0.22,101
U01346,U02026,2024-02-13,0.2,99
U00215,U02026,2025-08-23,0.39,34
U02027,U02082,2023-07-28,0.49,55
U02027,U02119,2024-08-18,0.79,198
U00196,U02027,2026-04-18,0.31,174
U01980,U02027,2024-04-01,0.24,64
U01056,U02027,2023-07-10,0.53,16
U01936,U02027,2025-11-16,0.21,142
U00481,U02027,2024-06-27,0.37,45
U00319,U02027,2026-01-10,0.96,123
U00091,U02028,2024-12-23,0.74,86
U00561,U02028,2026-01-20,0.78,10
U00898,U02028,2023-11-22,0.12,6
U00282,U02028,2025-01-27,0.81,92
U01963,U02028,2023-05-10,0.95,172
U02028,U02095,2026-01-13,0.25,59
U00119,U02028,2026-02-23,0.39,153
U01177,U02028,2025-07-10,0.57,115
U00435,U02029,2023-06-24,0.93,39
U02029,U02148,2024-06-02,0.93,22
U00977,U02029,2023-05-23,0.69,163
U00280,U02029,2023-12-21,0.77,83
U01537,U02029,2025-09-23,0.35,7
U00935,U02029,2026-02-03,0.82,141
U00241,U02029,2025-08-13,0.38,20
U00581,U02030,2024-03-14,0.93,94
U00595,U02030,2025-01-02,0.25,55
U01115,U02031,2023-12-03,0.35,150
U00766,U02031,2024-09-01,0.23,182
U01382,U02031,2026-03-03,0.77,105
U01064,U02031,2025-01-10,0.66,70
U01197,U02031,2024-12-17,0.64,34
U00464,U02031,2023-07-19,0.94,176
U00700,U02031,2025-05-13,0.87,186
U01905,U02031,2024-02-09,0.13,21
U00541,U02032,2024-08-07,0.94,71
U00598,U02032,2025-09-17,0.19,33
U01144,U02032,2024-03-18,0.87,183
U01742,U02032,2025-06-24,0.83,159
U00540,U02032,2024-06-24,0.94,15
U00246,U02032,2024-07-15,0.53,176
U01164,U02033,2024-03-06,0.89,38
U01332,U02033,2026-03-28,0.67,89
U01348,U02033,2025-03-15,0.14,6
U01586,U02033,2024-09-20,0.55,39
U01874,U02034,2026-03-18,0.52,164
U02034,U02170,2024-03-10,0.27,45
U00967,U02034,2024-05-28,0.77,95
U00852,U02034,2024-08-16,0.76,182
U01536,U02034,2024-03-30,0.85,130
U01090,U02034,2025-04-27,0.15,34
U01108,U02034,2023-09-05,0.73,33
U00589,U02035,2024-09-24,0.36,178
U00541,U02035,2025-01-06,0.67,25
U01214,U02035,2023-11-27,0.67,147
U00576,U02035,2026-01-03,0.77,200
U00844,U02036,2023-06-18,0.31,53
U01117,U02036,2024-10-28,0.29,64
U00605,U02036,2025-03-12,0.61,42
U01918,U02036,2025-07-18,0.78,16
U00985,U02036,2025-01-31,0.32,162
U00331,U02037,2026-02-01,0.49,31
U02037,U02175,2024-11-07,0.58,127
U01897,U02037,2025-11-21,0.84,169
U02037,U02190,2024-07-28,0.64,32
U01375,U02037,2025-04-17,0.46,55
U01491,U02037,2024-10-08,0.18,125
U02037,U02147,2023-05-13,0.23,134
U00243,U02038,2024-07-08,0.18,130
U00909,U02038,2025-10-05,0.26,62
U01833,U02038,2025-04-16,0.74,151
U01935,U02038,2025-05-16,0.61,153
U00470,U02039,2024-02-17,0.14,150
U01767,U02039,2023-05-16,0.6,160
U00594,U02039,2025-04-14,0.57,168
U00062,U02039,2023-05-28,0.95,94
U01589,U02039,2025-02-05,0.83,1
U01455,U02039,2023-06-04,0.94,41
U01692,U02039,2023-09-05,0.32,150
U01290,U02039,2025-05-11,0.81,77
U01726,U02040,2026-02-12,0.59,187
U00001,U02040,2023-10-31,0.34,147
U01525,U02040,2026-02-07,0.36,191
U00078,U02040,2025-10-06,0.76,124
U01171,U02040,2023-10-26,0.19,117
U01971,U02040,2023-12-29,0.93,186
U00724,U02040,2025-01-29,0.54,192
U02041,U02051,2023-10-10,0.42,6
U01823,U02041,2023-09-14,0.59,107
U00853,U02041,2024-02-21,0.82,14
U01983,U02041,2023-11-12,0.86,183
U00982,U02041,2025-08-09,0.41,140
U01057,U02041,2024-07-03,0.34,27
U01240,U02041,2024-08-15,0.11,86
U01894,U02042,2026-04-23,0.78,69
U02042,U02196,2025-05-04,0.96,96
U01697,U02042,2026-02-22,0.72,54
U01973,U02042,2025-12-15,0.33,54
U01383,U02043,2026-02-23,0.93,93
U02043,U02120,2024-11-17,0.13,72
U00421,U02044,2026-03-18,0.66,31
U00492,U02044,2023-08-31,0.39,125
U00939,U02044,2024-10-14,0.53,193
U01563,U02045,2023-05-19,0.64,190
U00369,U02045,2023-07-16,0.95,152
U01903,U02045,2025-10-13,0.44,2
U00290,U02045,2024-11-11,0.54,118
U01165,U02045,2025-02-27,0.56,97
U01528,U02045,2024-03-20,0.84,133
U01058,U02045,2025-10-08,0.58,131
U01752,U02045,2023-07-05,0.79,48
U00770,U02046,2023-08-21,0.5,58
U00747,U02046,2023-07-28,0.15,110
U00572,U02046,2025-09-22,0.77,181
U01595,U02046,2025-11-20,0.95,34
U01560,U02047,2024-11-26,0.43,29
U01331,U02047,2025-12-04,0.94,154
U01522,U02047,2024-10-20,0.23,187
U01285,U02047,2023-08-08,0.92,62
U02047,U02070,2025-10-27,0.35,43
U01538,U02047,2025-08-21,0.48,90
U00244,U02048,2023-10-24,0.19,91
U00236,U02048,2025-02-13,0.84,97
U00627,U02048,2024-12-02,0.21,96
U01773,U02049,2024-05-13,0.95,160
U00007,U02049,2025-10-18,0.16,60
U01213,U02049,2025-01-25,0.4,118
U01637,U02049,2024-02-15,0.75,93
U02047,U02050,2023-06-24,0.74,175
U01332,U02050,2024-10-12,0.34,166
U01732,U02050,2025-04-21,0.35,61
U01098,U02050,2023-12-20,0.81,80
U01074,U02050,2025-10-13,0.97,34
U00538,U02050,2025-10-25,0.79,173
U01779,U02050,2024-06-07,0.13,75
U00072,U02050,2023-08-12,0.94,126
U01469,U02051,2023-12-14,0.58,37
U00148,U02051,2023-11-04,0.14,174
U01830,U02051,2026-03-12,0.17,98
U01833,U02051,2026-04-29,0.1,87
U01286,U02051,2026-03-04,0.45,89
U01338,U02051,2024-07-01,0.24,149
U00894,U02051,2023-11-12,0.45,124
U00781,U02051,2025-04-29,0.57,85
U01117,U02052,2025-10-08,0.47,13
U01881,U02052,2025-09-20,0.79,1
U00122,U02052,2024-07-26,0.51,197
U01205,U02052,2024-10-11,0.38,35
U01297,U02052,2025-07-18,0.83,101
U01183,U02052,2023-07-27,0.39,128
U01315,U02053,2023-06-10,0.14,197
U00689,U02053,2025-03-02,0.59,81
U01716,U02053,2024-06-13,0.57,112
U01392,U02053,2024-12-02,0.11,169
U00762,U02054,2024-01-23,0.3,11
U02054,U02108,2025-08-26,0.2,151
U01609,U02054,2023-12-28,0.75,163
U00044,U02054,2023-09-06,0.77,26
U00949,U02054,2024-05-24,0.6,16
U01070,U02054,2023-05-13,0.39,155
U00788,U02054,2025-03-24,0.35,192
U01292,U02054,2026-01-22,0.63,46
U01574,U02055,2026-02-22,0.23,44
U00515,U02055,2024-11-30,0.63,44
U01318,U02055,2024-06-06,0.21,49
U01204,U02055,2025-12-30,0.21,62
U00672,U02055,2025-10-15,0.92,144
U01340,U02055,2025-06-18,0.78,131
U01661,U02055,2023-05-21,0.82,175
U01613,U02055,2026-04-08,0.38,70
U01371,U02056,2023-05-16,0.82,51
U00802,U02056,2024-11-22,0.43,42
U00943,U02056,2026-01-10,0.38,96
U01851,U02056,2026-02-24,0.23,17
U01993,U02056,2023-05-20,0.22,105
U00841,U02056,2023-08-02,0.1,53
U02057,U02068,2024-06-14,0.69,1
U02057,U02166,2024-01-19,0.26,143
U00580,U02057,2024-01-11,0.15,184
U00711,U02057,2025-10-13,0.39,175
U01012,U02057,2025-03-15,0.16,32
U00750,U02057,2025-04-14,0.77,98
U01460,U02058,2025-09-18,0.66,82
U00300,U02058,2025-02-04,0.13,143
U01930,U02059,2025-02-27,0.81,32
U01895,U02059,2026-03-18,0.38,146
U00775,U02059,2025-04-08,0.56,184
U01325,U02060,2024-06-05,0.25,183
U00989,U02060,2023-07-02,0.64,184
U00457,U02061,2025-06-06,0.72,95
U00994,U02061,2023-09-07,0.2,99
U00680,U02061,2023-08-26,0.73,98
U02061,U02074,2023-09-27,0.18,20
U01794,U02061,2024-09-17,0.77,103
U01535,U02061,2023-07-28,0.93,175
U02003,U02061,2024-03-03,0.48,144
U00359,U02062,2024-11-29,0.51,122
U00998,U02062,2023-11-27,0.84,168
U01967,U02062,2026-04-08,0.47,92
U01656,U02062,2025-02-14,0.91,182
U01277,U02063,2024-02-17,0.82,41
U02063,U02100,2025-07-06,0.8,70
U00658,U02063,2023-08-22,0.51,78
U01566,U02064,2026-01-01,0.49,170
U00172,U02064,2024-05-05,0.69,116
U01965,U02065,2026-02-25,0.62,17
U00467,U02065,2024-09-15,0.16,16
U01354,U02065,2023-09-26,0.56,10
U01053,U02066,2024-08-07,0.75,152
U00892,U02066,2026-03-11,0.13,74
U00493,U02066,2023-07-17,0.79,19
U00301,U02066,2025-04-07,0.32,151
U02008,U02066,2024-06-22,0.88,19
U00154,U02067,2025-05-14,0.2,60
U01444,U02067,2025-10-19,0.66,185
U00925,U02067,2025-06-11,0.94,49
U00588,U02067,2023-07-19,0.91,55
U00990,U02067,2025-05-24,0.76,92
U00829,U02068,2025-02-07,0.79,10
U00661,U02068,2024-08-22,0.95,186
U00783,U02068,2023-09-05,0.7,189
U00415,U02068,2025-05-03,0.89,64
U00648,U02068,2025-05-02,0.89,103
U00912,U02068,2025-09-06,0.16,83
U00640,U02069,2026-02-10,0.47,198
U00559,U02069,2023-08-14,0.51,130
U01948,U02070,2025-05-12,0.15,88
U02070,U02102,2025-01-17,0.15,85
U02070,U02117,2024-01-05,0.82,163
U00760,U02070,2025-08-15,0.74,39
U01359,U02070,2025-02-05,0.83,64
U00828,U02070,2026-03-23,0.2,140
U01184,U02071,2025-08-29,0.87,92
U01793,U02071,2025-12-20,0.68,137
U02036,U02072,2025-05-23,0.69,126
U01532,U02072,2023-06-29,0.52,55
U00634,U02072,2024-12-26,0.87,69
U00098,U02073,2023-06-18,0.58,123
U01262,U02073,2026-02-26,0.7,29
U01630,U02073,2025-05-11,0.73,6
U00556,U02073,2025-02-24,0.74,181
U00815,U02073,2023-07-15,0.63,14
U01925,U02073,2025-01-14,0.2,149
U00505,U02073,2025-05-18,0.24,195
U01064,U02073,2024-06-30,0.49,30
U01481,U02074,2025-01-06,0.28,151
U00621,U02074,2023-06-16,0.25,32
U01621,U02074,2023-09-20,0.6,56
U01780,U02074,2023-09-27,0.41,108
U01429,U02074,2023-08-26,0.39,52
U00551,U02075,2026-04-27,0.79,151
U01091,U02075,2026-03-01,0.57,99
U01707,U02075,2026-04-21,0.76,106
U01883,U02075,2023-06-06,0.46,89
U00717,U02075,2024-08-08,0.7,188
U01057,U02076,2023-08-02,0.86,75
U00702,U02076,2023-10-03,0.41,79
U00706,U02076,2023-07-04,0.67,97
U01999,U02076,2026-02-20,0.29,144
U00322,U02076,2025-09-11,0.77,143
U00937,U02076,2024-01-04,0.9,150
U00111,U02076,2025-03-12,0.73,129
U01743,U02077,2023-06-26,0.37,58
U00924,U02077,2025-04-01,0.58,45
U01856,U02077,2024-03-14,0.24,190
U01929,U02077,2023-05-05,0.95,139
U01801,U02078,2024-01-08,0.28,23
U00928,U02078,2024-04-12,0.25,200
U02002,U02078,2024-05-09,0.29,40
U00480,U02078,2024-03-26,0.91,29
U01806,U02078,2024-02-07,0.13,155
U01277,U02079,2023-12-04,0.84,75
U00469,U02079,2026-04-19,0.86,5
U00853,U02079,2024-05-10,0.55,140
U00133,U02080,2025-01-07,0.89,87
U01200,U02080,2025-03-13,0.19,44
U01416,U02081,2025-11-17,0.88,160
U00037,U02081,2024-09-30,0.21,73
U02020,U02081,2024-03-07,0.19,117
U00318,U02081,2026-03-07,0.76,147
U00788,U02081,2025-07-06,0.24,103
U00113,U02082,2025-10-15,0.31,129
U01176,U02082,2026-02-05,0.99,71
U01298,U02082,2025-07-05,0.87,9
U00041,U02083,2024-06-15,0.86,1
U01793,U02083,2025-02-12,0.69,194
U00615,U02083,2024-08-29,0.41,115
U00512,U02084,2026-04-10,0.77,142
U01309,U02084,2023-12-01,0.66,108
U00854,U02084,2024-08-03,0.76,153
U01376,U02084,2024-09-18,0.84,98
U01366,U02084,2023-10-21,0.9,5
U00584,U02085,2024-01-01,0.77,55
U00067,U02085,2026-03-13,0.32,169
U02086,U02121,2024-12-14,0.9,157
U01619,U02086,2025-05-19,0.45,159
U01134,U02086,2024-09-29,0.7,124
U02086,U02141,2025-11-22,0.13,74
U02086,U02142,2023-12-10,0.35,177
U01743,U02087,2023-05-19,0.27,195
U00439,U02087,2025-05-04,0.33,160
U00316,U02087,2024-07-26,0.17,131
U01999,U02087,2026-01-17,0.83,129
U00816,U02087,2025-02-04,0.79,87
U00502,U02087,2026-03-13,0.75,10
U00959,U02087,2025-01-01,0.65,100
U01035,U02087,2025-05-04,0.19,163
U01641,U02088,2025-05-10,0.77,132
U01442,U02088,2025-08-12,0.12,21
U00148,U02088,2026-02-13,0.45,183
U01033,U02088,2025-01-24,0.16,142
U00906,U02088,2024-12-08,0.69,96
U01178,U02088,2025-10-12,0.31,184
U01362,U02088,2025-01-24,0.64,10
U02089,U02146,2025-10-05,0.86,199
U00334,U02089,2024-11-17,0.74,149
U00030,U02089,2025-09-09,0.5,128
U01637,U02089,2026-04-01,0.83,21
U01676,U02089,2025-12-21,0.81,97
U00958,U02089,2025-07-14,0.3,111
U00279,U02089,2024-03-29,0.99,56
U00341,U02090,2024-03-05,0.81,105
U00504,U02090,2025-06-25,0.76,106
U02090,U02197,2025-02-19,0.1,163
U01516,U02090,2024-11-26,0.61,39
U00940,U02090,2025-02-18,0.66,40
U01245,U02090,2025-05-19,0.85,54
U01790,U02090,2024-04-11,0.65,129
U00137,U02091,2025-01-31,0.82,16
U01012,U02091,2023-07-26,0.77,161
U01569,U02091,2025-06-20,0.99,191
U02081,U02092,2026-03-28,0.81,92
U01437,U02092,2025-01-02,0.65,37
U00929,U02092,2025-04-20,0.29,145
U01816,U02092,2025-08-23,0.61,84
U00360,U02092,2024-06-13,0.43,18
U00798,U02093,2025-09-11,0.2,12
U01613,U02093,2025-11-08,0.63,137
U00472,U02093,2025-02-26,0.87,193
U00242,U02093,2025-06-16,0.54,199
U01889,U02093,2023-12-30,0.73,113
U01298,U02093,2026-03-12,0.83,128
U01074,U02093,2025-03-10,0.95,78
U00302,U02093,2025-12-21,0.45,123
U01644,U02094,2023-11-14,0.34,42
U01458,U02094,2023-09-27,0.26,89
U00866,U02095,2023-10-09,0.92,34
U00994,U02095,2023-08-02,0.88,112
U01896,U02095,2023-08-05,0.76,141
U00306,U02095,2026-02-19,0.38,47
U01657,U02095,2024-08-09,0.63,163
U00933,U02095,2024-04-27,0.46,67
U02095,U02111,2025-07-12,0.59,107
U01493,U02096,2024-04-29,0.18,140
U00544,U02096,2025-06-08,0.74,70
U00032,U02096,2026-02-18,0.14,41
U01521,U02096,2024-04-30,0.77,147
U01650,U02096,2025-10-31,0.29,86
U01691,U02097,2025-12-16,0.39,41
U00111,U02097,2023-12-02,0.87,60
U02097,U02194,2024-02-03,0.26,37
U00081,U02098,2025-10-23,0.27,149
U01396,U02098,2025-03-28,0.27,113
U00269,U02098,2024-06-25,0.41,13
U00787,U02098,2024-06-30,0.78,51
U01913,U02098,2023-08-05,0.77,85
U01330,U02099,2024-06-22,0.71,62
U01747,U02099,2023-08-26,0.13,147
U00097,U02099,2024-06-24,0.28,74
U00793,U02099,2026-03-13,0.43,84
U02066,U02099,2024-03-13,0.56,63
U01071,U02099,2025-05-15,0.97,98
U01098,U02100,2025-10-11,0.35,76
U00381,U02100,2026-02-23,0.38,119
U01185,U02100,2024-05-09,0.99,30
U01452,U02100,2023-08-20,0.77,2
U01110,U02100,2024-06-07,0.33,96
U01236,U02100,2025-05-06,0.94,135
U00433,U02100,2026-02-09,1.0,134
U00847,U02100,2023-11-15,0.95,64
U01183,U02101,2025-06-06,0.52,22
U00555,U02101,2025-06-15,0.94,200
U00304,U02101,2024-12-07,0.32,61
U00807,U02101,2023-12-07,0.27,14
U00530,U02101,2025-09-07,0.71,5
U02101,U02127,2024-09-10,0.43,175
U00135,U02101,2025-05-22,0.83,43
U01873,U02101,2025-03-03,0.47,104
U01132,U02102,2024-04-02,0.94,159
U00352,U02102,2026-04-04,0.94,164
U00584,U02102,2023-07-26,0.66,122
U01874,U02102,2025-10-15,0.97,30
U01680,U02102,2024-09-23,0.72,196
U01093,U02103,2024-12-28,0.43,72
U00114,U02103,2026-03-29,0.62,138
U01895,U02103,2024-06-13,0.26,19
U00206,U02103,2024-09-02,0.51,190
U01782,U02103,2025-08-05,0.68,151
U00968,U02104,2025-09-17,0.57,132
U00268,U02104,2025-03-19,0.64,71
U01213,U02104,2024-10-16,0.48,58
U01494,U02104,2026-03-07,0.43,102
U00774,U02104,2026-03-06,0.57,171
U01885,U02104,2025-12-20,0.18,76
U02018,U02104,2024-05-29,0.66,158
U00339,U02104,2023-06-05,0.34,159
U00493,U02105,2025-01-22,0.42,135
U01280,U02105,2025-12-13,0.33,47
U01879,U02106,2024-07-21,0.91,20
U01427,U02106,2025-07-24,0.27,99
U01783,U02106,2024-12-18,0.48,184
U01238,U02106,2024-02-18,0.36,49
U02106,U02178,2025-10-23,0.37,199
U01546,U02106,2024-05-21,0.98,93
U02106,U02156,2024-08-01,0.23,51
U00991,U02106,2023-05-08,0.17,131
U01629,U02107,2023-05-15,0.76,80
U01123,U02107,2025-10-06,0.99,133
U02107,U02182,2024-08-01,0.12,43
U02001,U02107,2023-09-07,0.24,84
U00044,U02108,2023-09-15,0.82,101
U00149,U02108,2023-08-28,0.95,26
U00450,U02108,2025-12-12,0.24,37
U00967,U02109,2025-11-23,0.74,121
U01674,U02109,2024-12-08,0.92,6
U01006,U02109,2025-12-29,0.2,96
U01014,U02109,2023-12-10,0.83,193
U00076,U02109,2025-09-10,0.78,181
U00214,U02109,2025-03-24,0.58,89
U00737,U02109,2023-12-06,0.44,134
U01687,U02109,2024-03-23,0.93,23
U01935,U02110,2023-06-27,0.24,29
U01839,U02110,2023-10-23,0.25,135
U00076,U02110,2024-01-05,0.43,63
U01773,U02110,2025-05-02,0.55,45
U01728,U02110,2024-12-01,0.33,24
U00769,U02110,2024-12-28,0.44,166
U00640,U02110,2026-02-13,0.37,131
U00820,U02111,2026-01-08,0.23,108
U01880,U02111,2024-04-13,0.49,112
U00286,U02111,2023-05-12,0.19,115
U00215,U02111,2026-04-28,0.57,26
U01696,U02111,2024-05-27,0.65,114
U00796,U02111,2025-10-30,0.94,167
U01485,U02111,2025-10-03,0.19,61
U01973,U02112,2024-09-13,0.79,172
U01155,U02112,2025-10-12,0.37,90
U02112,U02177,2025-12-21,0.7,194
U00248,U02112,2024-11-02,0.91,96
U01681,U02112,2023-08-28,0.83,66
U00076,U02112,2024-04-08,0.34,125
U01613,U02112,2024-04-01,0.39,140
U01238,U02113,2024-05-03,0.95,173
U00749,U02113,2025-03-09,0.97,67
U01074,U02113,2023-07-19,0.98,158
U01821,U02113,2024-12-31,0.39,92
U01256,U02113,2025-08-25,0.8,60
U01103,U02113,2025-10-20,0.54,43
U01572,U02114,2025-08-03,0.24,80
U01225,U02114,2025-04-01,0.5,154
U01717,U02114,2025-03-28,0.74,152
U01348,U02114,2024-03-12,0.43,110
U00180,U02114,2025-06-02,0.73,85
U00204,U02115,2024-09-08,0.88,47
U01914,U02115,2024-05-09,0.48,114
U00710,U02115,2024-12-11,0.3,47
U00695,U02115,2024-07-03,0.37,164
U01222,U02115,2025-04-29,0.78,25
U00889,U02115,2024-04-06,0.44,61
U00939,U02115,2025-01-04,0.17,129
U00301,U02116,2024-05-21,0.72,150
U01629,U02116,2025-12-05,0.8,11
U01537,U02116,2023-06-24,0.24,10
U00762,U02116,2025-08-24,0.37,36
U01499,U02116,2024-01-21,0.37,60
U02116,U02185,2023-11-04,0.9,149
U01065,U02116,2023-12-18,0.28,80
U00739,U02117,2025-05-15,0.83,76
U01283,U02117,2024-09-13,0.66,113
U02029,U02117,2023-08-26,0.93,65
U01584,U02117,2026-01-17,0.92,171
U01308,U02118,2023-12-04,0.7,88
U00008,U02118,2024-12-22,0.42,113
U01464,U02118,2024-10-30,0.77,184
U01455,U02118,2023-06-01,0.2,55
U01355,U02118,2023-08-09,0.99,179
U01189,U02118,2025-01-06,0.86,123
U02118,U02193,2025-08-15,0.81,95
U00043,U02119,2025-09-13,0.45,9
U02004,U02119,2025-08-10,0.61,49
U01199,U02119,2025-07-13,0.27,104
U00358,U02119,2024-02-17,0.13,99
U01829,U02119,2026-03-27,0.57,110
U00746,U02119,2025-05-01,0.47,115
U00446,U02119,2025-07-19,0.16,173
U00535,U02120,2024-10-04,0.7,172
U01097,U02120,2025-05-13,0.83,22
U01288,U02120,2025-02-15,0.28,182
U01846,U02120,2025-10-14,0.7,104
U01443,U02120,2024-01-22,0.82,62
U00586,U02120,2025-05-04,0.71,99
U00281,U02120,2025-11-14,0.22,133
U01584,U02121,2025-03-22,0.85,24
U00984,U02121,2024-10-08,0.62,125
U00543,U02121,2023-10-29,0.71,159
U01175,U02121,2024-02-03,0.23,117
U00673,U02121,2024-11-18,0.98,74
U00958,U02121,2025-02-04,0.93,179
U01002,U02122,2023-11-23,0.59,54
U00637,U02122,2025-09-17,0.79,200
U00400,U02122,2023-08-22,0.56,110
U00316,U02122,2023-06-02,0.11,82
U00817,U02122,2026-04-08,0.97,74
U01924,U02122,2024-10-09,0.38,191
U00600,U02123,2024-10-16,0.31,104
U01538,U02123,2023-07-12,0.91,71
U01422,U02123,2023-09-08,0.7,29
U00735,U02123,2024-04-27,0.25,104
U00026,U02124,2025-08-07,0.74,89
U00062,U02124,2024-11-10,0.88,104
U01386,U02125,2024-08-21,0.13,30
U00506,U02125,2023-08-19,0.79,11
U01663,U02125,2024-10-10,0.33,189
U01246,U02125,2024-04-10,0.5,55
U01947,U02126,2025-10-14,0.9,123
U01729,U02126,2023-09-16,0.44,97
U01254,U02126,2024-12-27,0.19,183
U00212,U02126,2025-06-23,0.72,183
U01420,U02126,2025-06-22,0.47,55
U00833,U02126,2025-11-11,0.21,53
U00469,U02127,2026-04-07,0.5,186
U01835,U02127,2025-09-05,0.39,27
U01671,U02127,2026-03-10,0.56,164
U00589,U02127,2025-06-27,0.86,103
U00324,U02127,2026-03-15,0.62,68
U00111,U02127,2023-05-12,0.42,200
U01986,U02127,2024-04-30,0.71,97
U00333,U02127,2025-06-25,0.11,180
U01205,U02128,2023-05-15,0.47,123
U00906,U02128,2024-11-06,0.9,87
U01131,U02128,2023-06-13,0.79,169
U01419,U02128,2024-03-24,0.51,14
U00538,U02128,2023-10-11,0.46,199
U00712,U02129,2025-04-28,0.73,131
U00074,U02129,2024-03-16,0.4,189
U01627,U02129,2024-12-17,0.83,173
U01524,U02129,2025-12-29,0.68,157
U01670,U02129,2025-06-06,0.76,125
U00368,U02130,2024-06-10,0.91,135
U01503,U02130,2024-09-15,0.2,33
U01537,U02130,2023-09-20,0.45,54
U00180,U02130,2025-02-14,0.36,73
U00766,U02130,2023-08-19,0.24,108
U00857,U02130,2026-01-22,0.72,99
U00703,U02130,2023-10-30,0.46,127
U00971,U02130,2023-08-12,0.18,75
U01854,U02131,2025-03-30,0.81,13
U02131,U02139,2024-04-27,0.96,165
U01614,U02131,2024-11-16,0.97,131
U00778,U02131,2024-12-31,0.94,156
U01259,U02131,2025-07-15,0.58,199
U00045,U02131,2025-05-16,0.74,113
U00523,U02131,2026-04-02,0.71,153
U02002,U02132,2025-11-24,0.64,123
U00760,U02132,2024-06-06,0.46,187
U02132,U02187,2025-04-07,0.43,84
U01208,U02132,2025-12-21,0.18,114
U00946,U02132,2025-02-03,0.9,43
U01619,U02132,2026-03-31,0.46,71
U00152,U02133,2025-08-04,0.35,178
U00290,U02133,2026-01-14,0.72,129
U00179,U02133,2025-05-31,0.42,79
U00807,U02134,2024-07-21,0.79,178
U00218,U02134,2025-06-25,0.4,94
U00345,U02134,2025-04-27,0.36,137
U02077,U02134,2024-02-29,0.7,112
U00908,U02134,2024-09-29,0.83,100
U02023,U02134,2025-12-21,0.13,153
U00459,U02134,2025-10-03,0.45,83
U00880,U02134,2025-03-10,0.45,42
U02091,U02135,2026-04-30,0.33,30
U00822,U02135,2023-06-30,0.7,94
U02054,U02136,2023-09-12,0.91,135
U01118,U02136,2024-09-26,0.94,163
U01119,U02136,2024-12-11,0.49,13
U00641,U02136,2024-08-22,0.58,48
U01377,U02136,2023-08-21,0.55,89
U02132,U02136,2024-08-03,0.28,109
U00012,U02137,2025-08-28,0.6,47
U01806,U02137,2026-02-22,0.84,127
U01384,U02138,2024-02-25,0.18,96
U00647,U02138,2026-02-25,0.5,184
U00701,U02138,2023-09-26,0.63,150
U00697,U02138,2025-01-11,0.45,176
U01619,U02138,2024-11-06,0.57,193
U00789,U02138,2024-11-21,0.38,189
U01042,U02139,2026-02-24,0.26,76
U01667,U02139,2024-01-19,0.63,57
U01790,U02139,2023-12-28,0.24,136
U01476,U02139,2023-08-03,0.85,58
U00455,U02139,2026-01-08,0.51,65
U01552,U02139,2024-04-11,0.19,82
U00127,U02139,2025-06-27,0.5,118
U01751,U02140,2025-03-15,0.17,101
U00851,U02140,2024-07-19,0.14,11
U01868,U02140,2024-06-19,0.86,174
U00018,U02140,2026-03-10,0.59,73
U00302,U02140,2025-03-04,0.92,183
U02140,U02174,2025-08-03,0.6,43
U01311,U02140,2024-11-13,0.33,118
U01300,U02141,2024-06-03,0.2,158
U00389,U02141,2023-11-16,0.3,89
U01586,U02141,2025-03-28,0.39,132
U00077,U02141,2023-05-22,0.36,188
U00579,U02141,2024-12-10,0.96,12
U00862,U02141,2025-01-28,0.53,63
U00513,U02141,2024-06-25,0.24,15
U00922,U02141,2023-05-26,0.7,145
U00802,U02142,2026-02-04,0.47,6
U00116,U02142,2024-11-03,0.89,14
U01028,U02142,2025-03-31,0.41,122
U01886,U02143,2023-08-09,0.42,44
U01142,U02143,2023-07-05,0.85,57
U00748,U02143,2023-10-10,0.66,94
U02057,U02143,2026-01-23,0.81,68
U01919,U02143,2025-09-04,0.87,163
U01622,U02143,2024-01-11,0.45,20
U00360,U02144,2026-04-01,0.51,6
U00358,U02144,2024-06-26,0.69,30
U01192,U02145,2025-07-20,0.49,37
U01700,U02145,2025-11-06,0.89,177
U00848,U02145,2024-03-31,0.28,90
U01814,U02145,2025-08-08,0.33,100
U00607,U02145,2024-05-09,0.73,157
U01302,U02145,2023-12-21,0.5,172
U00620,U02145,2024-03-06,0.85,32
U01516,U02146,2025-11-03,0.61,38
U00184,U02146,2023-08-10,0.62,110
U00329,U02147,2023-09-16,0.61,118
U00330,U02147,2026-04-25,0.9,187
U00397,U02147,2024-07-02,0.68,119
U01604,U02147,2025-03-24,0.84,5
U01556,U02147,2024-08-12,0.53,185
U00834,U02148,2025-05-15,0.66,170
U01348,U02148,2024-07-03,0.42,160
U01208,U02148,2023-08-06,0.28,32
U01676,U02148,2025-07-15,0.42,28
U00351,U02149,2025-06-04,0.85,171
U00222,U02149,2025-02-05,0.33,11
U01858,U02149,2025-11-20,0.12,93
U01287,U02150,2025-11-05,0.92,35
U01666,U02150,2024-08-18,0.98,139
U00186,U02150,2025-03-18,0.54,124
U01997,U02150,2024-10-04,0.52,112
U00259,U02150,2025-09-15,0.24,104
U01428,U02150,2025-10-15,0.15,64
U00895,U02150,2023-10-03,0.44,197
U00348,U02150,2024-09-12,0.99,145
U01033,U02151,2023-07-19,0.67,166
U01497,U02151,2025-06-04,0.13,51
U00638,U02151,2025-09-09,0.39,160
U01087,U02151,2025-12-16,0.9,33
U01962,U02152,2024-05-20,0.85,42
U01273,U02152,2025-08-10,0.21,10
U01858,U02152,2024-02-03,0.27,55
U01069,U02153,2024-10-03,0.45,166
U00404,U02153,2025-08-31,0.58,192
U00645,U02153,2025-10-18,0.3,136
U02153,U02182,2024-02-16,0.4,6
U01701,U02153,2026-02-02,0.83,91
U01932,U02153,2023-08-07,0.97,114
U01363,U02153,2024-01-04,0.41,130
U01630,U02154,2024-02-03,0.98,4
U02002,U02154,2026-04-24,0.25,179
U01890,U02154,2024-11-22,0.17,196
U00497,U02154,2024-04-26,0.4,167
U02006,U02154,2023-07-07,0.79,105
U01090,U02154,2025-01-17,0.43,156
U01850,U02154,2023-09-17,0.19,57
U00124,U02155,2025-04-06,0.77,51
U00031,U02155,2023-12-08,0.94,7
U00460,U02155,2024-09-14,0.64,141
U01876,U02156,2024-04-30,0.56,56
U00792,U02156,2024-12-10,0.32,121
U00854,U02156,2026-03-21,0.3,146
U00976,U02156,2025-03-21,0.8,124
U00594,U02157,2023-07-08,0.4,116
U01239,U02157,2025-04-02,0.16,156
U00034,U02157,2023-10-22,0.88,165
U00769,U02157,2026-03-31,0.23,6
U00537,U02157,2025-03-14,0.18,129
U01306,U02157,2025-04-28,0.28,66
U02094,U02157,2025-02-21,0.2,20
U00242,U02157,2026-02-05,0.46,74
U01857,U02158,2024-12-29,0.73,65
U00180,U02158,2026-02-27,0.4,5
U02158,U02189,2023-05-08,0.65,182
U00932,U02158,2025-04-27,0.96,58
U01432,U02158,2026-02-10,0.67,25
U00098,U02158,2023-07-17,0.41,66
U01786,U02159,2024-08-26,0.68,60
U00929,U02159,2025-05-18,0.85,37
U01953,U02159,2023-08-29,0.21,2
U01274,U02159,2024-03-16,0.39,127
U00627,U02159,2024-06-17,0.59,145
U00546,U02160,2026-03-13,0.57,155
U01763,U02160,2024-08-25,0.35,27
U02091,U02160,2023-06-14,0.39,37
U01750,U02160,2023-10-05,0.11,71
U00195,U02160,2024-05-11,0.48,125
U01087,U02161,2023-09-18,0.45,92
U00242,U02161,2023-05-25,0.63,25
U01791,U02161,2025-09-16,0.96,58
U00822,U02162,2025-03-26,0.56,85
U00557,U02162,2026-01-12,0.26,149
U01842,U02162,2025-12-03,0.45,143
U00863,U02162,2025-01-07,0.4,63
U00158,U02162,2024-08-21,0.18,95
U00324,U02162,2024-08-24,0.78,28
U00928,U02162,2024-05-17,0.38,76
U00347,U02163,2024-11-20,0.64,106
U01499,U02163,2023-06-13,0.81,124
U00729,U02163,2024-05-01,0.68,167
U01864,U02163,2025-03-17,0.59,63
U02161,U02163,2025-11-08,0.85,158
U00096,U02163,2025-06-20,0.56,183
U01299,U02163,2024-06-22,0.65,84
U00231,U02163,2024-07-20,0.69,200
U01497,U02164,2023-05-16,0.19,68
U00998,U02164,2024-05-10,0.29,81
U00127,U02164,2025-06-23,0.95,6
U00344,U02164,2023-12-18,0.26,190
U00090,U02164,2025-05-21,0.75,95
U01532,U02165,2023-06-16,0.55,30
U00607,U02165,2025-05-21,0.2,119
U01852,U02165,2025-05-27,0.61,106
U00240,U02166,2026-03-31,0.13,170
U01972,U02166,2025-08-19,0.98,68
U02025,U02166,2024-03-28,0.15,110
U00260,U02166,2025-06-20,0.67,141
U00510,U02167,2025-04-25,0.71,170
U00663,U02167,2024-06-12,0.75,16
U00561,U02167,2025-05-27,0.93,176
U00800,U02167,2024-07-10,0.77,110
U02097,U02167,2025-01-16,0.61,19
U00813,U02167,2023-11-24,0.86,117
U01857,U02168,2023-05-28,0.82,101
U00822,U02168,2023-10-14,0.32,64
U01455,U02169,2023-05-18,0.68,125
U01385,U02169,2024-11-23,0.57,139
U00885,U02169,2024-12-14,0.22,124
U00484,U02169,2024-07-20,0.5,87
U00947,U02170,2023-06-13,0.4,158
U00482,U02170,2024-06-14,0.65,155
U00152,U02170,2025-02-23,0.13,80
U02013,U02170,2026-02-16,0.23,124
U00772,U02170,2025-11-21,0.26,24
U02170,U02196,2025-03-28,0.38,40
U00640,U02170,2025-11-01,0.53,10
U02010,U02171,2025-11-17,0.38,158
U01285,U02171,2025-02-12,0.48,68
U00025,U02171,2024-11-03,0.7,86
U01074,U02172,2023-09-06,0.9,48
U02112,U02172,2025-05-27,0.2,119
U02172,U02174,2025-07-23,0.77,144
U01563,U02172,2024-12-04,0.86,76
U01917,U02172,2026-04-13,0.31,153
U02045,U02173,2026-03-14,0.8,67
U01453,U02173,2025-10-24,0.7,12
U01840,U02173,2024-02-24,0.55,2
U00324,U02173,2026-02-04,0.67,168
U02116,U02173,2025-10-31,0.43,153
U01071,U02173,2023-12-28,0.43,43
U00162,U02174,2023-06-26,0.18,112
U00412,U02174,2025-06-06,0.21,115
U01667,U02174,2023-10-05,0.34,58
U00710,U02174,2024-02-29,0.59,103
U01793,U02174,2024-04-24,0.48,110
U02016,U02174,2024-05-23,0.88,81
U00548,U02174,2023-07-26,0.4,189
U00910,U02174,2023-10-08,0.72,25
U00279,U02175,2025-02-06,0.75,92
U00469,U02175,2023-09-22,0.24,30
U01998,U02175,2025-12-22,0.29,99
U01873,U02175,2024-07-21,0.32,79
U01336,U02175,2024-01-14,0.46,78
U00659,U02175,2025-01-15,0.48,161
U00271,U02175,2024-11-13,0.66,72
U00418,U02176,2026-01-09,0.92,95
U00549,U02176,2025-10-11,0.86,150
U01754,U02176,2026-01-18,0.91,9
U00241,U02176,2025-05-14,0.87,198
U00720,U02176,2026-03-04,0.63,86
U02018,U02176,2024-03-14,0.34,184
U01590,U02176,2023-09-04,0.8,200
U00303,U02177,2025-11-23,0.65,161
U01417,U02177,2025-06-07,0.77,44
U00697,U02177,2024-09-07,0.73,157
U00979,U02177,2026-04-20,0.43,98
U00905,U02177,2024-03-07,0.91,31
U02165,U02177,2025-03-20,0.39,19
U01459,U02177,2026-04-24,0.91,182
U01317,U02178,2025-03-09,0.81,59
U00153,U02178,2025-06-06,0.21,171
U01300,U02179,2023-11-10,0.11,12
U01956,U02179,2024-04-30,0.2,60
U01652,U02180,2025-04-23,0.89,120
U00063,U02180,2024-03-27,0.24,35
U00628,U02180,2025-02-07,0.77,89
U02064,U02180,2025-02-04,0.4,136
U00714,U02180,2026-03-01,0.48,4
U00029,U02180,2024-06-10,0.16,161
U00537,U02181,2024-09-15,0.22,167
U01236,U02181,2026-02-01,0.59,49
U00478,U02181,2025-10-17,0.6,167
U01550,U02181,2026-04-06,0.3,71
U00632,U02181,2023-09-13,0.73,41
U00008,U02182,2024-08-25,0.72,131
U00773,U02182,2024-05-16,0.79,80
U00120,U02182,2024-05-26,0.93,95
U01189,U02182,2024-06-11,0.42,47
U00841,U02182,2026-01-28,0.55,109
U00648,U02183,2024-10-17,0.95,19
U01959,U02183,2023-12-09,0.44,68
U01520,U02183,2023-12-10,0.29,182
U00638,U02183,2025-03-12,0.64,123
U00018,U02183,2025-09-28,0.43,98
U00773,U02183,2026-04-18,0.57,144
U00184,U02183,2024-06-28,0.29,160
U00240,U02183,2024-02-25,0.5,79
U00360,U02184,2026-01-06,0.9,46
U00261,U02184,2025-01-27,0.29,195
U01869,U02185,2023-11-09,0.25,159
U01931,U02185,2024-07-15,0.46,10
U01903,U02185,2025-12-05,0.23,51
U00545,U02185,2026-04-10,0.31,27
U01389,U02185,2025-04-12,0.32,48
U00689,U02186,2026-02-27,0.33,110
U00090,U02186,2024-12-25,0.13,28
U00110,U02186,2025-10-28,0.36,11
U01097,U02186,2023-06-21,0.27,98
U00419,U02186,2024-02-27,0.63,158
U00153,U02186,2023-06-16,0.67,62
U01025,U02187,2023-11-08,0.88,70
U01314,U02187,2024-06-09,0.55,140
U00430,U02187,2025-11-16,0.15,23
U00944,U02187,2025-11-24,0.12,6
U00712,U02188,2024-02-09,0.83,135
U01918,U02188,2024-04-23,0.28,94
U00058,U02188,2023-07-19,0.77,156
U01911,U02188,2023-05-03,0.86,159
U02171,U02188,2024-10-24,0.45,77
U01513,U02188,2025-09-27,0.6,1
U02144,U02188,2025-08-06,0.73,171
U00134,U02189,2025-08-18,0.26,157
U02021,U02189,2024-11-03,0.22,84
U01756,U02189,2025-08-28,0.99,30
U01979,U02189,2025-10-23,0.93,90
U00213,U02190,2024-09-03,0.82,31
U00067,U02190,2025-05-27,0.39,190
U01829,U02190,2024-02-04,0.29,11
U02063,U02190,2023-08-03,0.14,84
U00582,U02191,2026-01-29,0.35,44
U00946,U02191,2025-11-29,0.11,60
U00280,U02191,2024-01-22,0.24,112
U00148,U02191,2025-04-28,0.38,199
U01153,U02191,2024-12-04,0.7,137
U00253,U02192,2023-07-23,0.66,66
U00444,U02192,2025-11-21,0.6,91
U00894,U02192,2025-08-08,0.37,129
U01208,U02193,2025-06-08,0.73,20
U02180,U02193,2023-10-06,0.82,195
U02137,U02193,2024-03-12,0.93,65
U00115,U02193,2024-09-23,0.43,82
U00412,U02193,2025-03-05,0.2,32
U01622,U02193,2023-12-28,0.87,49
U01087,U02193,2024-05-19,0.33,68
U00462,U02193,2025-03-27,0.9,187
U00853,U02194,2024-03-16,0.6,83
U01478,U02194,2025-12-24,0.77,109
U02179,U02194,2023-12-19,0.12,68
U01713,U02194,2024-11-24,0.95,128
U02047,U02194,2026-03-24,0.92,88
U00124,U02194,2026-02-18,0.22,113
U00598,U02194,2023-11-13,0.27,37
U00415,U02195,2025-08-11,0.18,114
U01953,U02195,2023-06-21,0.67,92
U00255,U02195,2024-12-02,0.73,189
U01601,U02195,2025-04-06,0.33,23
U00239,U02196,2024-12-23,0.62,51
U01159,U02196,2024-06-21,0.31,35
U01352,U02196,2024-07-17,0.39,81
U01384,U02196,2025-10-19,0.54,103
U01303,U02197,2025-08-03,0.22,90
U00185,U02197,2024-09-25,0.19,50
U02117,U02197,2023-08-01,0.59,196
U02025,U02197,2024-03-29,0.81,155
U00783,U02198,2023-09-14,0.75,118
U02159,U02198,2024-03-08,0.59,150
U02075,U02198,2024-05-03,0.88,34
U01425,U02198,2026-01-10,0.55,136
U02081,U02198,2023-09-16,0.49,174
U01327,U02198,2023-12-25,0.33,182
U00460,U02198,2025-10-27,0.59,181
U01478,U02199,2023-12-29,0.42,80
U01536,U02199,2023-11-19,0.41,11
U00099,U02199,2023-06-14,0.26,82
U01195,U02199,2024-06-11,0.56,19
U00265,U02199,2024-12-09,0.3,31
U02089,U02199,2023-06-05,0.49,154
U00534,U02199,2024-11-07,0.13,118
U01008,U02200,2026-03-05,0.45,39
U00923,U02200,2024-09-16,0.42,135
U01995,U02200,2024-07-18,0.41,118
